transaction_id,date,store_id,product_id,quantity_sold,discount_amount
d5c01d90-af01-4cf7-8042-7c189763e33d,2023-10-01,S-033,P-007,1,0
753da34c-890e-4d61-ac71-43bca4a41037,2023-10-01,S-007,P-006,1,0
19cf124f-0ec8-4111-886c-97559609428a,2023-10-01,S-011,P-005,1,0
3bd0ee2f-9836-420f-991a-9eb400535543,2023-10-01,S-018,P-001,3,0
26875af3-2f57-47ae-a305-2dc753120492,2023-10-01,S-002,P-006,3,2400
4313e7ce-6a6e-4e40-93d9-8c6d1d496952,2023-10-01,S-006,P-002,1,950
dac55c95-b6f2-4a2b-9544-06547bfb912e,2023-10-01,S-020,P-002,5,0
cc8a22d5-a67a-488c-85c5-d745aee2c258,2023-10-01,S-047,P-004,2,0
c166ded6-44bc-49a5-8334-4ba682a9b66f,2023-10-01,S-041,P-002,1,0
4ed441a9-8664-4d4d-8c6f-e686478c2c51,2023-10-01,S-018,P-002,2,0
4f4a4c6f-55a4-4c73-a280-285c483f8888,2023-10-01,S-014,P-007,3,0
fb5d929c-189f-4dd2-9aa8-024a86b5495c,2023-10-01,S-040,P-002,3,0
a8579650-5fc6-4871-b006-77e07c5e3929,2023-10-01,S-015,P-001,4,0
98bb6313-cd43-4840-9d01-e4c7c180632c,2023-10-01,S-022,P-003,5,11000
09da1056-3471-4146-8362-cb3639a510a4,2023-10-01,S-042,P-003,2,0
ac4bb218-e161-4a80-a3c1-5bf3f75eae49,2023-10-01,S-006,P-001,2,0
995e70ad-2970-4a85-b389-6b2a7adb190a,2023-10-01,S-032,P-002,4,0
02398f95-302e-4b15-ac7e-4dede030e4bd,2023-10-01,S-031,P-003,1,0
1e4fa6c4-0a1c-4e89-8cc4-cdad5f63e3bf,2023-10-01,S-034,P-002,5,0
a18b76b9-a76d-46b8-9086-1daf5c2bba75,2023-10-01,S-039,P-004,4,0
be5bc097-adb5-45c6-90d1-3c8bae103f9c,2023-10-01,S-006,P-003,1,0
f2be5f88-31ad-4e5e-99a3-0af6b92adafb,2023-10-01,S-033,P-004,1,0
75daea7a-86a6-4cd1-b9a9-acfa75d4d89f,2023-10-01,S-036,P-002,1,0
77238e79-04f2-48dd-b3dc-a98191f56d70,2023-10-01,S-009,P-007,4,0
91201e9b-2751-404f-bc03-849859e23041,2023-10-01,S-029,P-004,1,0
95f31fcf-6480-4ac9-8c16-38a7aa92357e,2023-10-01,S-001,P-006,1,0
22fe611e-3239-4f4f-b4d1-933a31b83974,2023-10-01,S-050,P-004,1,0
b4f402d9-1593-4993-9dce-773705c3bd65,2023-10-01,S-045,P-001,2,1400
17e000d9-aeb6-4518-9904-28a37961ff30,2023-10-01,S-027,P-001,4,0
c0d3d5f8-f983-4611-9fce-f5d2f83d93ef,2023-10-01,S-001,P-006,5,0
806bd456-f6f3-4e63-a196-64d823d85bee,2023-10-01,S-036,P-002,1,0
0a2bd5e4-4d9e-4d38-8299-d0e29820b7a9,2023-10-01,S-035,P-007,1,0
572f5643-fea7-4147-8eb5-75ec20576b48,2023-10-01,S-034,P-006,2,0
c171773d-0af2-4e08-9f0c-fea9a7cf35f4,2023-10-01,S-009,P-004,4,0
091da1d1-09bc-4ff2-a600-314b8b6e0d8a,2023-10-01,S-042,P-007,1,0
94a5fd3d-fdb2-4a2b-88bd-5da62bd3df66,2023-10-01,S-044,P-003,1,0
257d2d67-3507-4e30-a54c-c238419297a0,2023-10-01,S-021,P-007,1,0
894bfe01-71fc-42b9-94d4-761c32f429a8,2023-10-01,S-005,P-003,1,2200
6166cbbe-d8ce-47d8-9033-68c31f33f71e,2023-10-01,S-012,P-006,3,0
f529e26d-4970-4768-bac0-5656de8cdd98,2023-10-01,S-027,P-002,24,0
bc8e74d2-0ffd-439a-bd24-ff04554db6a6,2023-10-01,S-011,P-003,4,0
09eccd68-9816-4980-85f1-30e7182db0b4,2023-10-01,S-025,P-001,4,0
e8284bb2-47b7-44ab-a1e6-f67449bc0872,2023-10-01,S-041,P-005,3,0
f367ea64-1db7-4c09-9b66-ceee55707f21,2023-10-01,S-010,P-006,1,0
4762599e-51fc-428a-893f-7f528d67e7c3,2023-10-01,S-010,P-002,1,950
60fe9639-7211-40a1-9cf2-5a83239fc927,2023-10-01,S-010,P-007,5,4500
7f0a0109-271e-42d6-aca1-64e49aada75e,2023-10-01,S-041,P-007,2,0
c51fcd0c-f51e-4751-bdec-efb1df3771a9,2023-10-01,S-002,P-004,2,0
948cd8ed-3683-4512-b769-f002f0d06b58,2023-10-01,S-048,P-004,5,5250
5ca1913f-4f95-4128-aeac-78382840e4ac,2023-10-01,S-002,P-004,3,0
36b4db24-444f-48ab-a3b2-a12f42e848e3,2023-10-01,S-050,P-006,2,0
a7d15a25-9991-459f-9505-400f7a4fa4d7,2023-10-01,S-007,P-002,1,0
6825030f-cb91-4fd0-a465-589829c6c706,2023-10-01,S-002,P-001,1,0
9511ac2f-38dc-459b-8959-c22dc676aec4,2023-10-01,S-020,P-005,10,0
ee4c7e98-2512-4d4c-8230-3e91037d2589,2023-10-01,S-025,P-002,5,0
f4babda8-da90-4b42-8dbd-a89735399283,2023-10-01,S-011,P-002,1,0
f2030323-8e4f-4814-b30b-db3c58d9d0e7,2023-10-01,S-009,P-002,1,0
b2527843-18a3-45dc-b783-ae19c417f63e,2023-10-01,S-031,P-001,1,0
e7aadee0-614b-47d9-9c0a-518a42c55958,2023-10-01,S-031,P-004,10,0
89c9f4b6-1263-42c8-85bc-6929cf3d3f38,2023-10-01,S-013,P-006,1,0
e2fb0177-248e-4f5d-aa71-cc6937fa5743,2023-10-01,S-045,P-007,2,0
297ef146-d8a6-47cb-b9bf-96e5c153fa44,2023-10-01,S-036,P-005,2,2100
dd82fff8-371c-4025-afe0-f550ebd8ea08,2023-10-01,S-050,P-002,1,0
0d83f3bc-949b-4208-9169-4b8adc95614f,2023-10-01,S-002,P-005,3,0
dc2acafb-a287-403d-ba26-c0451c6eb0c9,2023-10-01,S-002,P-001,1,0
56f15400-d562-40d4-a78d-fd63694a60b4,2023-10-01,S-031,P-003,1,0
72d2c12f-8d07-4ae2-9c67-a9bb168e8001,2023-10-01,S-025,P-004,1,0
a30f0f2b-356e-4014-91a8-d287d3b1dfe9,2023-10-01,S-017,P-001,4,0
e8bacaa5-4e87-4b68-8585-e81d48730593,2023-10-01,S-037,P-003,2,0
cf973e30-2b46-4089-90aa-5d058892e8f0,2023-10-01,S-036,P-007,2,1800
87a5305b-304a-4067-ae38-0163c9619bfc,2023-10-01,S-031,P-001,2,0
cc315d2d-a74f-4069-b2e4-54e5e36cff86,2023-10-01,S-004,P-001,2,0
0b117410-437b-4865-87cf-88aedc6393dd,2023-10-01,S-018,P-001,1,700
3693cb94-9991-4027-8c6a-243ce491a5b7,2023-10-01,S-029,P-007,5,0
ab4d6137-588f-47ab-8a77-166dd7c7912d,2023-10-01,S-022,P-001,1,0
9bf1b308-d23e-4631-9c92-47a0761f1477,2023-10-01,S-027,P-005,1,0
b12d422e-9680-4361-98f4-071747fbb84f,2023-10-01,S-044,P-007,1,0
2e107654-cf2f-410e-9cdc-db41585d9c61,2023-10-01,S-021,P-005,1,0
333059fb-b62f-448c-b82d-64aa05677365,2023-10-01,S-031,P-004,2,2100
292e6887-29ac-4eb5-b8cd-d16518be378a,2023-10-01,S-013,P-002,2,0
f76adbfe-c4aa-43ce-a4e7-1ba32bd5581c,2023-10-01,S-016,P-004,3,0
566ef479-d076-4366-b850-c9c98d376d66,2023-10-01,S-001,P-004,4,0
f3a78413-47f3-4347-b60c-3fbdaafb57d8,2023-10-01,S-002,P-003,1,0
37c8e8be-149c-46b4-8783-35ba2be038bb,2023-10-01,S-030,P-006,3,0
4c92ddd6-839d-474d-b6e5-b57e4eea3b41,2023-10-01,S-045,P-002,2,0
7092d77e-c1f2-416e-b671-af03fa12f10c,2023-10-01,S-047,P-005,3,0
fad551d5-ea1c-450a-8cb9-6084950fb8b9,2023-10-01,S-044,P-002,1,0
1bf81197-c25a-4c03-af10-52b3f9023487,2023-10-01,S-026,P-002,2,0
305adf62-5101-468f-b724-04ee833d64c1,2023-10-01,S-018,P-002,2,1900
f37a35ca-2f6e-44a6-bca1-60e50fa33bca,2023-10-01,S-021,P-002,24,0
2b6092cd-c87f-46a2-9c00-fc76ff625b45,2023-10-01,S-033,P-005,4,0
b9de13d4-0ab6-44b5-8c6b-77675527f26c,2023-10-01,S-033,P-002,1,0
d75a44d6-4fed-43d2-8908-0edf99128a65,2023-10-01,S-003,P-001,2,0
305a35f5-9ae5-42b8-a585-3f89a69654f8,2023-10-01,S-033,P-006,2,0
8de7328f-151f-4055-ba67-38eadcc59e64,2023-10-01,S-040,P-007,4,3600
ec16c9c6-a17f-450b-abc1-858c6f5bb7f9,2023-10-01,S-030,P-004,2,0
d047ae6e-6aaa-40a3-abf3-13aaf8bc5589,2023-10-01,S-008,P-003,5,0
d18b4e29-9df4-4099-958a-506609408984,2023-10-01,S-033,P-003,2,0
9bec0e07-18d0-4add-a8fe-a2eea2636865,2023-10-01,S-034,P-001,1,0
556ef6a2-176e-4428-99c0-ee15c1c3ac6d,2023-10-01,S-044,P-004,4,0
cefc5917-b5e2-4c74-aae1-bef219fe62bd,2023-10-01,S-008,P-004,1,0
cc235c11-5b3b-475c-a45a-4e6edd7bab87,2023-10-01,S-021,P-001,5,0
cb925a1c-df2b-42f4-ab4b-d849a0ff2c29,2023-10-01,S-016,P-003,1,0
7eb1bf92-e72b-474b-b5b9-6c9722037c6a,2023-10-01,S-018,P-007,5,0
d8f34303-f6ec-4eee-b9db-1cb9f87b71d9,2023-10-01,S-047,P-007,3,0
63181b07-d1b6-4ba8-8ed3-852f159ba0a5,2023-10-01,S-031,P-002,1,950
ebcf5cc3-af43-45b8-aa79-d2bc410ee97a,2023-10-01,S-016,P-006,2,1600
4e8f17ab-9676-410a-b71a-7eadcd2c3dce,2023-10-01,S-048,P-001,1,700
f2ae1024-54f6-4627-a1d9-9f7c6945aef4,2023-10-01,S-016,P-006,1,800
db87fd90-bc87-4f50-9acb-ffbc6245bc96,2023-10-01,S-036,P-005,1,0
93c66247-44dd-4523-86c2-0ec1f2de3a7e,2023-10-01,S-004,P-002,4,0
2eebd19f-2b54-4a9e-aa5a-142cfa7d071c,2023-10-01,S-045,P-007,5,0
631329ac-5387-4201-bce6-0c3e55a9ccf4,2023-10-01,S-025,P-007,1,0
89cbf74b-53ef-4ec1-b641-3012121a7e47,2023-10-01,S-012,P-006,1,0
0d667c3b-530d-4b23-9c46-1a8bf76a476d,2023-10-01,S-038,P-001,3,0
ae664d81-1131-4bb7-b3ee-ec9888a4d1ed,2023-10-01,S-031,P-001,3,2100
11eee285-d015-419a-9753-35add4e75750,2023-10-01,S-033,P-004,2,0
40a60a52-86b4-46e5-973c-e65210e1fd6d,2023-10-01,S-009,P-006,1,0
fefdc1f6-7bf6-46b8-a075-170030422f17,2023-10-01,S-008,P-005,3,0
db9583d2-f105-481e-87d6-1822d85169bf,2023-10-01,S-017,P-003,1,2200
d2646fd2-777e-4bc1-a828-b2d592effce8,2023-10-01,S-021,P-002,1,0
777e9a99-fb4c-4360-995e-62042edb4605,2023-10-01,S-001,P-002,1,0
f5cf8d13-391c-44db-9532-ee4fbf0f597c,2023-10-01,S-001,P-004,1,0
397357aa-7881-4f5f-8a4c-09953b89d2a1,2023-10-01,S-031,P-005,2,2100
8ebe2ff7-8801-4d93-9db4-766912e387c9,2023-10-01,S-018,P-001,1,0
d91bd55d-c166-4f48-b9fe-4b6c8d78024c,2023-10-01,S-048,P-007,10,0
d9a365df-7f54-41f4-b11b-e555788a4928,2023-10-01,S-005,P-004,1,0
5eee07f2-1bff-40bd-8158-1db327565723,2023-10-01,S-034,P-005,3,0
871c6540-7705-499e-9bb7-f72d277f529c,2023-10-01,S-046,P-001,2,0
446a0ffc-0658-4c23-87be-b9cc5fe67245,2023-10-01,S-014,P-007,1,0
4d4da3c7-f56f-4106-9637-a66b41fdbc92,2023-10-01,S-016,P-007,10,0
37ff2948-85ec-4124-83a6-75807ee3ddb9,2023-10-01,S-027,P-007,2,0
3fb21641-91e6-48be-9197-4e4e6b4c9407,2023-10-01,S-035,P-004,4,0
bf76ff49-ddfd-4e92-8df9-5ec22dab9385,2023-10-01,S-037,P-007,2,0
9ee7b5ef-09d1-40fc-b4ac-5e4e9516f575,2023-10-01,S-007,P-003,1,2200
37558e69-86c8-49f2-a344-348a44fad1f4,2023-10-01,S-022,P-007,1,0
57ea138e-a61b-4c60-8a64-be4d3a632b2e,2023-10-01,S-018,P-002,4,0
c43f5ee0-d6ed-442d-ab64-61224a46d319,2023-10-01,S-004,P-005,2,2100
328c7159-6f4d-44ca-901d-a867832b5bcb,2023-10-01,S-036,P-003,3,0
05cd6fd3-9265-4321-885a-f29ed663a5ff,2023-10-01,S-042,P-001,1,0
f4071523-9c7a-43ce-aa06-0882bb5c3c97,2023-10-01,S-027,P-001,10,7000
c0582986-0b97-446b-b3fa-c5771c861e02,2023-10-01,S-040,P-005,1,0
618cf081-8e40-406a-a9c6-508d3d029ec8,2023-10-02,S-043,P-001,2,0
d8ca7e2e-f9da-4520-841b-b73a1f05310a,2023-10-02,S-021,P-001,1,0
8a31470f-ba76-4ab5-913f-96df0b81f4d4,2023-10-02,S-004,P-005,2,0
046ab910-1646-4204-8fc2-95d65c177d96,2023-10-02,S-017,P-002,1,950
e7238443-e0da-402a-93fc-1aded4412d1f,2023-10-02,S-011,P-006,1,0
0d12d692-62f1-4448-9926-9abd1b27d42b,2023-10-02,S-032,P-004,10,0
2487cd3a-c0cc-411e-a292-41eba004ea63,2023-10-02,S-005,P-003,2,0
6234beda-7f8c-4d4a-9f6b-b15015b9d280,2023-10-02,S-014,P-005,1,0
4e6316e6-e911-4c50-8840-aff8ccd231d7,2023-10-02,S-005,P-004,1,0
ad664d8a-b07c-484b-a07b-e0d9f0f0e340,2023-10-02,S-042,P-004,1,1050
869b0ca0-944b-4b8c-a31d-f0360ddcde15,2023-10-02,S-019,P-003,3,6600
5fab5d9c-4a3d-4c27-a34b-d86efe852710,2023-10-02,S-018,P-003,1,0
ff7b152c-376d-4512-8a65-8a6883cce2dd,2023-10-02,S-043,P-007,2,0
fd83c6b3-936a-4442-a0e4-dc14a07c0115,2023-10-02,S-030,P-007,1,0
cd3232c0-a565-40b2-802b-14260ce5a375,2023-10-02,S-030,P-005,2,0
3aae8764-5091-4f54-b430-3db9cbb797d9,2023-10-02,S-024,P-005,4,4200
48d20e08-3b2a-456a-8324-6eec7c602f67,2023-10-02,S-012,P-001,5,3500
2aba36e4-a4cb-4983-96ed-990f799925c5,2023-10-02,S-002,P-007,4,0
0e520dff-4a7a-4d9b-a449-7f3641cab67a,2023-10-02,S-025,P-003,2,0
1efe2363-105c-4a40-a3a7-f46b159c82af,2023-10-02,S-004,P-002,3,0
f610c343-7cb7-4d82-bcc5-92de949c69c3,2023-10-02,S-035,P-005,10,0
2144a93f-539a-4c89-9192-fa04029aeae8,2023-10-02,S-008,P-001,4,0
e1acb89f-8492-4b8e-babd-cde2fe014bc6,2023-10-02,S-025,P-004,5,0
3cabbc4d-aa00-4863-99bc-241b7d156593,2023-10-02,S-019,P-005,3,0
3b45ca42-8030-44ee-aabf-71345f9f871b,2023-10-02,S-012,P-005,5,0
b43374ee-84f8-461b-aeca-5fd83505ec7e,2023-10-02,S-006,P-003,1,0
8563a13a-ade8-41cf-91e4-fd6188e5f96c,2023-10-02,S-039,P-005,1,0
c52651ec-69d4-46c5-9c64-3a1b78ff5e3d,2023-10-02,S-007,P-001,5,3500
a556cfa1-d484-462c-b716-290691c3530b,2023-10-02,S-001,P-002,1,950
21c61f52-b9cb-4aba-81a4-dab2e3d12426,2023-10-02,S-035,P-003,1,2200
d15b6a48-e048-452b-874d-0bbb62d4824d,2023-10-02,S-022,P-007,1,0
edf4bd10-6512-4b37-adc1-a51bdb533364,2023-10-02,S-048,P-002,1,0
926046c7-c499-453f-9808-828f6165ca72,2023-10-02,S-002,P-004,1,1050
3d8d01d4-7b5b-44e8-a8f5-6f485ed87a14,2023-10-02,S-017,P-002,1,0
31f3b78f-40a3-4461-aa36-066a5a4bc5fd,2023-10-02,S-002,P-006,4,3200
27932bc0-288f-4144-ae97-20ac39b004f0,2023-10-02,S-015,P-002,5,0
bd736dde-447c-4029-88d9-6859f5016bbf,2023-10-02,S-040,P-002,3,2850
5185c7a8-a018-444f-aaf0-25ca05811890,2023-10-02,S-009,P-007,1,0
0bfb5352-1748-4094-a49e-3135e1813e0e,2023-10-02,S-042,P-001,4,0
29c4f421-04a3-4739-9f97-08697fc8b8a7,2023-10-02,S-001,P-003,1,0
62327c8b-5189-4d36-bd01-6dc78853c387,2023-10-02,S-004,P-001,1,0
6a60a799-1f49-4a05-aece-1fe4541c4a1a,2023-10-02,S-031,P-001,1,0
208dd49f-ccc0-4d30-8f38-de4bcd98b732,2023-10-02,S-007,P-004,1,0
e22ead2b-f600-4b3b-8173-240c57d648bd,2023-10-02,S-030,P-003,4,0
514c98e1-1acb-4e7d-aef3-86c4fcdfa4b8,2023-10-02,S-025,P-003,2,0
be8e5e40-7f5c-4f97-9f14-b2e8e0a44614,2023-10-02,S-032,P-005,3,0
fe65ae5b-91d2-4595-b860-e93fc22fba74,2023-10-02,S-005,P-007,1,0
61dadfd7-8838-4de3-938c-564ea5658c16,2023-10-02,S-050,P-001,1,0
a7e2b060-3bce-4a01-98d8-75c0e4757108,2023-10-02,S-036,P-006,1,0
376e4da9-4cb8-4d5f-a003-18a6894df1d9,2023-10-02,S-049,P-007,1,0
9052e7af-e673-48c2-84d9-32b43792efd4,2023-10-02,S-044,P-004,1,1050
5cd3e6af-61dd-42f7-b9c3-19a38842b45d,2023-10-02,S-023,P-006,1,0
5b36aeba-dafc-4867-837a-d003b2359d5b,2023-10-02,S-023,P-007,2,0
d911bb25-7463-4528-bf54-5c6b8d806865,2023-10-02,S-037,P-006,10,0
5bbf1486-4be3-4dd1-aea5-b809a666c38f,2023-10-02,S-024,P-007,2,0
b69e8e3c-500a-4949-896f-3fc1363b999c,2023-10-02,S-017,P-007,4,0
386d58fe-cd03-4365-8b32-1268de97829d,2023-10-02,S-041,P-005,3,0
7f0bd975-bc48-478a-8916-958e7df2a30d,2023-10-02,S-004,P-003,10,0
05fc33c8-f24b-4758-9a31-165dc0045f97,2023-10-02,S-035,P-001,4,0
1ef23555-7446-4995-b146-d3655a8c93c0,2023-10-02,S-044,P-004,4,0
6746c58d-746f-4f9f-8df1-aa3e4c25ac00,2023-10-02,S-023,P-005,1,0
0684c559-d8b4-4794-8fda-30f33af78b73,2023-10-02,S-014,P-006,4,0
f4195959-c49f-465a-a3c6-4f5acb6d20e6,2023-10-02,S-030,P-001,1,0
29293024-b4c7-431f-a0ad-483c090acda0,2023-10-02,S-019,P-005,1,0
e30fb0ad-0937-4e29-aeff-bd02e6ea5372,2023-10-02,S-048,P-006,2,1600
356c7017-7543-407c-b1e6-d21d6f89f39d,2023-10-02,S-029,P-004,1,0
c67944e5-9ac1-4575-9d76-18d1e42d2026,2023-10-02,S-020,P-007,2,0
9f1f7d86-38de-4bd1-b863-38f5a73d19f1,2023-10-02,S-022,P-004,4,4200
03901a98-bb0d-413e-b9b7-264211f5feb5,2023-10-02,S-006,P-003,1,2200
ebdfc7e5-a879-4975-888e-82121a3f1550,2023-10-02,S-034,P-005,1,0
32ed1fdf-b9fe-4b13-8154-69cdcf35dcf1,2023-10-02,S-018,P-002,24,0
a2d4139e-119b-41c3-9738-01ce5de0b1eb,2023-10-02,S-015,P-006,2,0
24698d70-c54f-4e3a-8989-68d855874d6f,2023-10-02,S-045,P-005,4,0
89c5598d-05bb-4a19-852b-2e28888faf08,2023-10-02,S-020,P-006,2,1600
826af669-1fc4-4312-a522-93d75f3d8af5,2023-10-02,S-012,P-005,3,0
282bf90b-7a95-4c92-8f49-48390d3e4ed7,2023-10-02,S-001,P-006,3,0
6df4ece0-d5bc-4548-8293-b3eeb0c9c64a,2023-10-02,S-044,P-005,1,1050
b7e465cc-4f99-4fce-8ae2-329ebae1258e,2023-10-02,S-011,P-006,1,0
22ad8159-dcf8-4885-a526-8dbf25a2ca37,2023-10-02,S-023,P-005,1,0
3edc5672-3a5b-4266-a216-06161c006b46,2023-10-02,S-031,P-005,1,0
4b3f8473-70cd-427a-9d1f-14738794455e,2023-10-02,S-018,P-003,2,0
98bd7b54-66aa-4d81-ae2b-504bb934db98,2023-10-02,S-049,P-004,4,0
80b3d8de-0878-42b0-b7f4-894020bdeee8,2023-10-02,S-034,P-004,2,0
485a0657-5ef9-4553-9e46-0cb22a9a4a4e,2023-10-02,S-039,P-002,1,0
288e85b4-3b22-4211-afff-22653ea62167,2023-10-02,S-030,P-006,3,0
44d662d1-d0e3-4dd9-bff3-085d001f7f05,2023-10-02,S-005,P-005,2,0
f5ed1a58-af26-4a45-a887-cfda4f71207f,2023-10-02,S-003,P-007,1,0
7f12ac0e-b325-49ee-8e64-03dcdc63dfb1,2023-10-02,S-026,P-007,2,0
0b79f545-be5b-4851-a839-ce2101f6128d,2023-10-02,S-025,P-005,2,0
5d9449a6-a6ed-46ed-afcd-236eff835fd6,2023-10-02,S-049,P-005,2,0
c1738bf5-16e1-478d-8355-d85721a6f7ee,2023-10-02,S-035,P-005,4,0
ac80d2d7-38c4-4a98-8d97-e64feee8473a,2023-10-02,S-025,P-006,2,0
9c3f8168-ff6b-4201-98dc-cc6c75c5ffd4,2023-10-02,S-027,P-007,1,0
cdae52bc-609e-49d1-80b1-a1d7edb69189,2023-10-02,S-031,P-007,1,900
7931948f-6c51-44c8-a9db-11be02ef1301,2023-10-02,S-001,P-004,4,0
10186fae-4cfc-4d06-811a-b120ec21b0d3,2023-10-02,S-031,P-005,1,0
709e43ba-53a1-42bb-af56-d63c5dde52fd,2023-10-02,S-024,P-007,2,1800
ef1f877e-b5a0-414e-bdf0-311a2b4379ae,2023-10-02,S-046,P-001,1,700
426da254-9ac0-4a2d-93e6-9d9b9b323a88,2023-10-02,S-047,P-001,3,2100
2b043817-0780-4ac3-87c2-607f2bab57b2,2023-10-02,S-036,P-005,1,0
8f557be1-0405-4311-9144-cbc71ec5e357,2023-10-02,S-048,P-001,1,0
d1691fff-e50f-43f3-8e14-003bf5387c69,2023-10-02,S-010,P-007,1,0
63add719-1498-42a9-bab5-e943be5d2f4a,2023-10-02,S-049,P-005,1,0
f1015bb5-2201-4693-87a1-00a38ba6aa66,2023-10-02,S-021,P-004,2,0
34651f58-7c71-4782-986c-29b9e8204cb7,2023-10-02,S-040,P-004,1,0
8ab4d003-18ef-4a65-9a89-8ddf8254a894,2023-10-02,S-046,P-005,1,0
047803c7-d672-4fb5-9598-da20319f1059,2023-10-02,S-026,P-003,1,2200
21cba4a7-b5c3-49b8-9a51-a4bd90207078,2023-10-02,S-047,P-007,3,0
c9bf3eac-ac5f-4d9b-864c-99b1df71afd4,2023-10-02,S-024,P-001,1,0
e4425de7-e2fa-478e-8fdb-a3376438b234,2023-10-02,S-017,P-003,2,0
046e9559-f27d-4485-9912-890be81e9045,2023-10-02,S-041,P-001,2,0
6c364ad9-be96-45e0-a858-c312880f3157,2023-10-02,S-018,P-005,5,0
185f4205-7e08-45e2-8433-1fc2cb5b76dc,2023-10-02,S-009,P-005,5,0
2f5e1ea6-1400-4ef1-95af-08b797fdeac5,2023-10-02,S-037,P-007,2,0
b0be48c7-5639-4191-bcd3-085722bcf925,2023-10-02,S-029,P-005,1,1050
e5634bc2-377f-467b-8a05-0679d659c8ba,2023-10-02,S-028,P-002,1,0
3e17f214-e1bf-4ea5-85fd-8d9e65fb1961,2023-10-02,S-034,P-002,1,0
15913370-ce29-4a27-882a-d23e347b09a5,2023-10-02,S-005,P-002,3,2850
a4f41844-92ca-40d6-9261-27d65a741681,2023-10-02,S-005,P-004,2,2100
770d631c-175f-4c3a-952b-03016292f421,2023-10-02,S-025,P-002,4,0
61e9ccd9-6fa7-4692-8e75-a444a6da605b,2023-10-02,S-005,P-001,2,0
4ab8c863-e9b8-46f7-8598-9139159d6afe,2023-10-02,S-005,P-006,4,0
3b250abb-fdaf-40cc-8ad9-2630ced29055,2023-10-02,S-016,P-006,1,0
080f5c11-355f-4055-a0cb-2af42dbac9a0,2023-10-02,S-029,P-007,5,4500
36dc28f5-cfd1-4b1e-a9f7-bfb90ed8f735,2023-10-02,S-050,P-005,3,0
c90baf86-f909-4868-ba6e-a0bcec35cabb,2023-10-02,S-025,P-002,4,3800
5145fc0c-8591-46b2-bef8-005a0b04f813,2023-10-02,S-028,P-005,5,0
b71fc19e-ef6d-43ea-8a78-e0c5a8cf5ff1,2023-10-02,S-005,P-001,3,2100
49735f92-56da-49aa-ae42-658c8f920955,2023-10-02,S-011,P-002,2,0
04c4678a-844e-4335-a572-be8b2413ba3c,2023-10-02,S-029,P-007,1,0
66dfeddf-f205-4bb4-bc2d-6c4874c33622,2023-10-02,S-023,P-007,5,0
16a20d00-d2f6-48ee-b46e-09de06786656,2023-10-02,S-034,P-005,2,0
46f6d6d7-cb1d-48bb-93ce-f291692d7c4f,2023-10-02,S-002,P-007,2,0
f259c794-f8bd-463c-81e2-f42a9e18631b,2023-10-02,S-011,P-007,3,0
166e87ff-5769-4c20-a56f-0f5730921d39,2023-10-02,S-029,P-007,10,9000
6291d722-8b04-4747-93af-2db3cb2dd5c3,2023-10-03,S-021,P-007,1,0
092e650a-3ac8-4af6-b9ac-0f7e8035660a,2023-10-03,S-033,P-004,1,0
8432ec5a-6ae2-40d1-8711-ff516d60b451,2023-10-03,S-005,P-003,4,0
e726fd1c-6685-4df5-bdff-0a8577d5476e,2023-10-03,S-034,P-004,1,0
760fe670-3bd3-42ac-8551-605d58df3e99,2023-10-03,S-021,P-002,1,0
26a27c5c-7818-4c6e-8759-74ea9832f888,2023-10-03,S-023,P-002,1,0
febe10a6-1f24-42d4-9d30-f3143f5ce355,2023-10-03,S-048,P-004,1,0
a46087ff-6083-4470-885b-f9c4dd70d4a9,2023-10-03,S-024,P-006,4,3200
4868ab2d-10bd-4b6b-b7d7-1464d1d9c796,2023-10-03,S-042,P-001,2,0
e5a7a10b-1192-403d-811b-4d0a3449dee5,2023-10-03,S-002,P-002,1,0
b3a0332a-405b-4c90-b05f-2bd77a363311,2023-10-03,S-034,P-001,2,0
2338ecbd-61da-4c5f-bf03-dc183f75071a,2023-10-03,S-033,P-007,1,900
7932449c-daeb-40fa-bba2-a54bc69fc9bf,2023-10-03,S-018,P-007,24,0
9c0100de-4484-4ab4-ab0d-c3ff34a12fe6,2023-10-03,S-004,P-001,1,0
54cefe66-8e69-4d87-b910-565552ce455c,2023-10-03,S-011,P-004,2,0
0243f5a1-4fb9-458b-8937-7ce071adb459,2023-10-03,S-038,P-007,4,3600
f65ccd33-2621-49bc-84b3-6a7b60c2d4e2,2023-10-03,S-024,P-007,2,0
8120b516-4192-42a3-a592-7b507ad2e2d6,2023-10-03,S-043,P-004,2,2100
75941fea-24d3-4743-a7d3-559be82677a0,2023-10-03,S-035,P-006,2,0
bbfb01cb-89ca-4918-8c1b-1cb331c240c8,2023-10-03,S-023,P-002,1,0
007e661d-610f-4fa5-bc59-20d0ed0c3359,2023-10-03,S-016,P-002,2,0
7b071733-de62-4b56-966f-fe7664365bb0,2023-10-03,S-017,P-007,3,0
153406be-2881-432f-a96d-7dfb4d764194,2023-10-03,S-014,P-002,1,0
e7085945-6872-45ca-9dfc-db5451cf870a,2023-10-03,S-046,P-001,1,700
f6fc1e40-568d-4882-b282-b67b5de5403a,2023-10-03,S-017,P-004,2,0
c24244dd-0d09-4c6e-9b6b-0f2f3b5e56c1,2023-10-03,S-002,P-005,1,0
df5f6207-1719-4fa0-9470-124b521938df,2023-10-03,S-018,P-003,1,0
a02f2bf9-0c02-4307-a9c3-62564fb1f81f,2023-10-03,S-011,P-004,1,1050
72f150f3-e335-4b97-a781-8831291f5d1d,2023-10-03,S-016,P-005,3,0
f924da9f-d489-4dd4-a076-2597d3c1b263,2023-10-03,S-012,P-004,3,0
9f0e780f-0242-438e-9f75-06bfb1b28cb4,2023-10-03,S-037,P-006,2,0
c9de3242-8275-46c6-809f-becf7ff9c00f,2023-10-03,S-029,P-004,4,0
7d75a8a3-86d7-4729-818c-fc96b72037ce,2023-10-03,S-007,P-003,1,0
b94f2094-4bc3-4f96-a0f0-88707d75d1e5,2023-10-03,S-040,P-002,10,0
94792e67-c9b9-42b9-95e2-dfa626fe19b5,2023-10-03,S-011,P-004,1,0
806beba2-96f0-44a2-b066-14ea2364d329,2023-10-03,S-031,P-006,3,2400
0e53375b-d8af-4049-8f23-88f316125610,2023-10-03,S-015,P-002,1,950
cc2a4039-b0c1-49cb-8e17-8edec84be220,2023-10-03,S-044,P-004,1,0
9af426e0-8b35-4743-bf66-230614244896,2023-10-03,S-024,P-005,5,0
0b0abb46-8b29-4168-81ce-89a022564dcf,2023-10-03,S-047,P-001,1,0
2e7af4c4-dd6b-4070-ab27-f064f501d406,2023-10-03,S-040,P-004,4,4200
297319b9-18cc-4470-adcb-0a6c6ecc6ea5,2023-10-03,S-035,P-002,1,950
c24658a1-32d8-4f0e-9b93-f3262d1b7a3c,2023-10-03,S-048,P-007,1,0
17a7da1f-a194-44ad-9d8e-1832371595f6,2023-10-03,S-026,P-006,1,0
ae9d8506-0c2e-485d-964f-d172ddb4d23e,2023-10-03,S-001,P-005,2,0
5f8cec94-49ff-43e7-9b2b-fd41ec50b277,2023-10-03,S-048,P-003,1,0
1840d713-6f23-4841-b662-61cb1073d820,2023-10-03,S-045,P-006,2,1600
af660646-b9b6-4a7d-8cf9-83542b9abefa,2023-10-03,S-023,P-006,1,0
4df0a867-d821-4d12-9a7a-b9d5352bd142,2023-10-03,S-010,P-001,2,0
861c0c53-9565-4205-b016-10dc8fbaa9fc,2023-10-03,S-041,P-006,4,0
ce3afb94-7de4-4c81-883f-85e2b8d5066f,2023-10-03,S-012,P-003,1,0
526f2d2c-6f48-4221-8014-634259b79e16,2023-10-03,S-017,P-006,2,0
50b3c16c-d212-4220-a583-2e18375f88a7,2023-10-03,S-037,P-006,3,0
70687524-570f-4006-8a82-63938df2ff9e,2023-10-03,S-048,P-001,2,0
4fc3e3a8-8c5e-4580-b014-93a920a86b7a,2023-10-03,S-018,P-003,2,0
e6f56ec0-9e5c-4c65-934d-655dceb99169,2023-10-03,S-050,P-006,1,0
77150daf-1885-4edc-9e6c-70b156e5a520,2023-10-03,S-027,P-003,1,2200
766850ed-5be6-4766-80fc-499b7a1ab7e0,2023-10-03,S-028,P-007,1,0
a2ca3271-591d-43d3-a82d-f73765bd1422,2023-10-03,S-014,P-003,1,0
90e6c530-4e8d-476f-ad0b-6a9dbe7f61d8,2023-10-03,S-024,P-004,3,3150
cdea9577-52a0-422c-890e-8494cca3f0ff,2023-10-03,S-041,P-007,1,0
cca142ed-09a5-4e9d-8108-f6f289ae6073,2023-10-03,S-027,P-007,1,0
a1e530e8-955f-4933-b2d8-3c92abb32617,2023-10-03,S-002,P-001,1,0
2a065747-0d54-47ce-93ba-ca7033582a2e,2023-10-03,S-027,P-003,1,0
e3e79cc6-5b83-48f8-a6a9-92e3a73c774a,2023-10-03,S-032,P-004,1,1050
3f34328f-ffd7-4e3b-9a04-a42a42e6bd85,2023-10-03,S-007,P-004,2,0
6ce4b233-2ba5-4ae8-8024-aa93cbd0dbbe,2023-10-03,S-016,P-001,1,0
8341fccf-6a35-4680-8a84-85440dbe436c,2023-10-03,S-035,P-004,1,0
0f6f3408-ee5b-406e-ad48-f7e22c9b460d,2023-10-03,S-048,P-004,3,0
4a79ce67-0ec3-45ea-8108-80c743a69b38,2023-10-03,S-050,P-006,2,0
60c6cbee-5a3f-4cc0-b223-c0f1f018f665,2023-10-03,S-043,P-007,1,0
c50c22eb-b69d-4e67-9fab-db99af70f52d,2023-10-03,S-022,P-002,1,0
5c6e057d-1240-4e7c-901c-4b8c6db9ff68,2023-10-03,S-003,P-001,2,0
c72cfe24-6ba0-40c9-b34e-3f5262070750,2023-10-03,S-050,P-007,2,1800
ba1aa047-8e01-47bc-a067-b480161ca2d0,2023-10-03,S-022,P-001,2,0
e868d4c1-1936-4df8-87ed-a69371987f49,2023-10-03,S-027,P-004,3,0
181e5508-0b9f-4f6a-94d5-44a34de6818a,2023-10-03,S-039,P-001,2,0
ff856eb9-7377-4739-8f75-acb5248891b5,2023-10-03,S-013,P-003,1,2200
b699ac68-b41a-4937-96bf-a49e1b4340e9,2023-10-03,S-005,P-003,1,0
0299b2d6-7a2b-4e8c-ad92-39520bb1dd03,2023-10-03,S-038,P-007,1,900
ed4ce9e7-acbc-42e3-9f9c-4f87d1590262,2023-10-03,S-015,P-006,1,0
acdb8838-3855-47f0-b7cc-4957f4f172e8,2023-10-03,S-016,P-001,1,0
e1c1f039-8361-4ef0-9ca1-4a17a92cadee,2023-10-03,S-045,P-005,1,0
bd9c5b4c-fdcb-4cb6-9359-b015f8d2629b,2023-10-03,S-043,P-007,1,900
e9beaf17-bf9f-43c7-ab28-302ffe17b8ad,2023-10-03,S-019,P-003,2,0
ccb491a2-c933-422e-b7d3-0151cdb64358,2023-10-03,S-027,P-007,5,0
36b86c43-3686-4e89-8634-06ef455ac377,2023-10-03,S-035,P-001,10,7000
521b90f3-90f2-4fb8-8f1d-f5f4a0af1875,2023-10-03,S-011,P-002,10,0
5ae4aa5b-8343-458f-a2be-5b23de5d2bb0,2023-10-03,S-008,P-006,4,0
0e2517a5-a396-47be-9a30-2c7f945b64c5,2023-10-03,S-019,P-002,1,0
41c1b939-227c-4d89-ae0a-0ffd605a818f,2023-10-03,S-035,P-001,1,0
29813f4f-57e1-4f3d-9b2d-e59276c1f0eb,2023-10-03,S-008,P-002,10,0
fc0cc950-4014-4940-8fbf-a363a171feab,2023-10-03,S-004,P-005,5,0
f17b4dae-f6b1-4976-b8d2-8aa54e6c7c7c,2023-10-03,S-031,P-007,1,0
84c8afc4-5354-4082-9f5c-9e6a835a61d7,2023-10-03,S-050,P-005,3,3150
faf92b1c-194a-4fce-9459-1670e18e3577,2023-10-03,S-001,P-001,1,0
f190635a-6b5e-48f2-8db6-cd801f04ffd3,2023-10-03,S-013,P-005,1,0
8aab041b-0105-4ecc-a788-db2e1f21a6d4,2023-10-03,S-034,P-006,1,0
ff82498d-3aa1-43a2-94a1-398ed6359ed8,2023-10-03,S-043,P-002,1,0
b57e7d87-6ef1-4e24-80ea-b56b289a524a,2023-10-03,S-005,P-001,1,700
8311c03d-e3cc-4977-9729-630e2aa48114,2023-10-03,S-046,P-001,1,0
c9b1600d-49c9-4d9f-bf60-44db2a8676ee,2023-10-03,S-040,P-001,1,0
ad3b92ee-67ec-49ee-ab73-57952e15462f,2023-10-03,S-015,P-006,5,0
b83685f7-b40c-4997-aa93-2c7ac804c0b0,2023-10-03,S-024,P-004,1,1050
260c449b-5554-4da5-b2db-09327232be4c,2023-10-03,S-030,P-006,10,0
0615f8d4-3c68-4baf-94e7-d76573351047,2023-10-03,S-021,P-007,4,0
b9aefacc-68c9-4f40-bd2a-5dafc8479988,2023-10-03,S-018,P-006,1,800
b1229419-b862-4412-ae81-5fd9ae0a83f0,2023-10-03,S-029,P-005,4,4200
7725226e-fb2f-46a7-8ef1-5f26456d832a,2023-10-03,S-010,P-007,1,0
463ec517-4a6c-45d6-8313-42eddcd5520d,2023-10-03,S-045,P-005,2,0
cea4eb15-a3dd-44fd-a7ed-5db3c82212e2,2023-10-03,S-028,P-002,1,0
7999f92f-d391-419b-a314-598c115204bb,2023-10-03,S-002,P-002,1,0
d3837ac4-f017-4b25-a5d1-75b0a2715f1d,2023-10-03,S-012,P-006,2,1600
dff84374-2e56-49a3-adaa-125f3013d185,2023-10-03,S-031,P-007,2,0
66495c4b-7648-41bf-84c5-831244fc7ade,2023-10-03,S-018,P-006,3,2400
3acf0fd5-d3ac-45f0-a62b-b6d60df348c6,2023-10-03,S-034,P-004,1,1050
5cc2242c-4d76-4f3a-832a-0c56c3f68b23,2023-10-03,S-007,P-002,3,0
7f9b5955-3ffc-4e7b-8262-2eceea1a2446,2023-10-03,S-044,P-002,1,950
56a39a37-6726-4d81-820e-06a2a7901c7e,2023-10-03,S-029,P-002,1,950
59f07e85-5784-454c-9c5b-d3dee10c1232,2023-10-03,S-010,P-005,2,0
e735e5eb-5803-47ac-a4b5-3eea7b641178,2023-10-03,S-036,P-001,1,0
4f71df82-e998-4723-ad52-efa6159fcea7,2023-10-03,S-030,P-005,1,0
c081a8e5-a4c8-4525-8192-ef600b8c04f5,2023-10-03,S-040,P-007,2,1800
8b69147b-d349-4f56-97f1-ecee59061ef7,2023-10-03,S-040,P-001,1,0
de32be8b-de1f-4d76-9b44-7d572434c18f,2023-10-03,S-004,P-007,2,1800
e165fd07-0cef-40f1-a088-7cc4eabfa816,2023-10-03,S-050,P-002,2,0
d3e07da2-d81f-4de2-a8ae-ffde3d946ea2,2023-10-03,S-045,P-006,2,0
0ca15d3a-1b2f-492a-a47d-de0c2d05b811,2023-10-03,S-041,P-005,1,0
342c3d6d-60ce-44bf-83f7-b4e9e6077c52,2023-10-03,S-028,P-006,4,0
9f9aec2d-2688-4cf4-aac0-6a55e147d335,2023-10-03,S-006,P-003,2,4400
263f2e5c-ddb9-4128-aa21-a58a8ea04348,2023-10-03,S-026,P-006,2,0
0a62a8f8-9586-484a-ac34-4206e1adab7f,2023-10-03,S-049,P-005,1,0
d2fbcc1c-c105-44bb-ad4a-f4de3f79127a,2023-10-03,S-050,P-004,1,1050
9f15a058-e00e-45e3-86ab-32db906bbd2d,2023-10-03,S-010,P-003,1,2200
6ad5b343-33c1-4664-b4de-09b32fdd2044,2023-10-03,S-031,P-003,1,0
d9f9531b-89b6-401d-8774-45c9fcbd91bb,2023-10-03,S-018,P-006,1,800
462c3548-9a0f-43c1-ae4a-3d2c567bc008,2023-10-03,S-009,P-001,1,700
d9954b81-4aed-4f66-9d45-952203de63fe,2023-10-03,S-005,P-004,1,0
3fc8ae2e-a6a7-4914-8b26-57e742cb9a7c,2023-10-03,S-038,P-007,1,900
87ae7867-1108-49f6-9c98-21be2893259a,2023-10-03,S-027,P-007,1,0
fd917bdc-06fc-4ae2-97f9-7e476d9467d8,2023-10-03,S-034,P-001,4,0
14b1ee63-1258-4ff2-b19f-1c7dd7387a49,2023-10-03,S-035,P-006,1,0
d3a4deb2-2d3f-4293-a2f0-91a17316cdaf,2023-10-03,S-004,P-001,1,0
2c66e529-022f-47e9-a6d2-7b0111ccc905,2023-10-03,S-041,P-001,1,0
806cf9f8-f94d-43f1-90f2-ca771fc8c4be,2023-10-03,S-029,P-004,3,0
cf961d18-542f-4457-98dc-33b575a5aa5a,2023-10-03,S-021,P-002,2,0
018ba9f5-41b7-42a5-89d8-984e497adb90,2023-10-03,S-038,P-007,24,0
2c0e9892-e3c9-4daf-8765-1c2ba6c2044d,2023-10-03,S-039,P-005,3,0
4bfbb1d1-dae5-40a7-8688-4357a7920c02,2023-10-03,S-046,P-005,3,0
7a757046-be39-4659-87ab-e4eeab814743,2023-10-03,S-049,P-004,4,4200
05e1a3e4-d5d7-44b1-8f33-7578cb1c0a56,2023-10-03,S-021,P-004,1,0
07982c22-e086-4719-b4d2-f842cc51310a,2023-10-03,S-012,P-004,1,1050
4ab2fc39-b82c-483c-8f0c-57d5c6f8e665,2023-10-03,S-031,P-007,1,900
3d6f0da4-65c5-4c9f-94e4-cabd1375bfb4,2023-10-03,S-020,P-006,1,0
0f4a1a8d-ee65-41bd-bc10-c3722ce4d9d0,2023-10-03,S-037,P-006,1,0
2294767f-9fd4-4fba-a1c5-30f5503061b3,2023-10-03,S-027,P-003,2,0
5ed2c822-3edf-4072-a06e-32b062fed779,2023-10-03,S-018,P-006,2,0
d7424ec0-878d-473c-9114-c17117e86acb,2023-10-03,S-003,P-001,1,0
5a03021c-0954-4852-9074-c186c2d36cfe,2023-10-03,S-046,P-005,4,0
cbdb5186-8c93-4a8f-b8d4-0a5ec8c4c42a,2023-10-03,S-039,P-002,2,0
64b4b4fc-f000-430c-9e09-50bae2d8a277,2023-10-03,S-042,P-004,1,0
7ea6818e-59d3-42ee-a139-b83fbf15d9e2,2023-10-03,S-031,P-006,24,0
2d74afca-27b1-4a1a-baac-6c84c000df8a,2023-10-04,S-025,P-005,4,0
0d75088e-6471-41a7-92c3-718e91c151e2,2023-10-04,S-035,P-002,2,0
1e2db071-b4bc-4787-acef-fc146db74a6b,2023-10-04,S-012,P-007,2,0
652efb67-bb77-4084-a7f0-f1b157112bdf,2023-10-04,S-036,P-003,3,0
4cc1767f-7483-4f11-8d54-76d3593aaae9,2023-10-04,S-009,P-001,2,1400
34a75bb6-7dd7-4967-8511-fd5c286b5c94,2023-10-04,S-006,P-005,4,0
a168aac3-f3fa-4953-afcf-977107065869,2023-10-04,S-007,P-004,1,0
8f342775-b114-4fe9-8591-fae9cf2375b2,2023-10-04,S-023,P-007,1,0
a6c3ef39-c845-4e18-afee-f365d5cfd787,2023-10-04,S-041,P-001,1,0
4d482c2a-b271-405d-a385-1827a3925584,2023-10-04,S-025,P-007,1,0
88ca793b-de9e-4723-b0e9-e77e7d7e2988,2023-10-04,S-004,P-003,1,2200
fe5aa768-f4f5-4a12-b19e-a6a0646c0c28,2023-10-04,S-006,P-002,1,0
12c5358c-027d-4b3e-a805-8303572fadbe,2023-10-04,S-026,P-001,4,0
503eacd7-7d5b-4b68-89b9-e40e4940203a,2023-10-04,S-030,P-005,1,0
f7554431-764c-4d8a-94c9-a78dc20e4559,2023-10-04,S-030,P-006,1,0
88771e39-aa24-468a-adb5-cb5023ef7bc8,2023-10-04,S-017,P-004,3,0
5a4eee8f-b223-4d6c-a8d8-7303c2ce9935,2023-10-04,S-048,P-005,1,1050
5db4c992-dee3-4a3b-b066-76a257c08cce,2023-10-04,S-041,P-002,2,0
2c9bf454-7ecf-4932-ac2a-45164241b593,2023-10-04,S-045,P-001,4,0
ffcf49e3-7451-4dbc-9f7a-266a1b44fdae,2023-10-04,S-016,P-002,5,0
cfe1e0d8-2d00-47a8-b469-71d0c291fe57,2023-10-04,S-012,P-001,1,0
e5cf0bfc-b469-4fd1-889a-f9997c0eafdb,2023-10-04,S-021,P-001,4,2800
07da794a-ad79-49fb-b102-8286d180004e,2023-10-04,S-036,P-005,2,2100
2275c62e-baa1-4daf-a1c6-77efb9223828,2023-10-04,S-019,P-005,1,0
f03dfe35-b27b-46c2-a237-3f8c64106511,2023-10-04,S-049,P-007,10,9000
e5c31677-08bd-400f-ab21-e8783d263756,2023-10-04,S-012,P-004,4,4200
f28c0d81-2f9b-4970-9b28-716a02c64db1,2023-10-04,S-011,P-002,2,0
6ef64140-7ca7-4e16-a06c-fbe97aa1a10e,2023-10-04,S-013,P-003,1,0
eb8623d3-1019-4bfa-80b4-49b321b3acad,2023-10-04,S-012,P-005,1,1050
87aac457-f5ee-413a-8391-bd250a18d578,2023-10-04,S-049,P-006,10,0
e9f05ea2-6589-47d5-9faf-372c66629a86,2023-10-04,S-002,P-004,1,0
aec72c9f-396c-4aab-afea-f27d41a2acb9,2023-10-04,S-038,P-002,2,1900
0151a550-778a-40c4-a5de-a262866b12c8,2023-10-04,S-044,P-002,1,0
9b39fce2-28c8-4c3a-bee9-10683af215a9,2023-10-04,S-013,P-004,2,2100
2828573b-6ae3-4685-91e4-2abddac586a5,2023-10-04,S-010,P-003,2,0
52152501-f17e-4455-898e-6da43a79f038,2023-10-04,S-044,P-006,10,0
9f2cccad-c958-41cd-95f6-6f181b1bf822,2023-10-04,S-033,P-001,24,0
58d688c7-9720-4c48-aeea-11d91688e533,2023-10-04,S-043,P-004,1,0
5abcca0d-8c91-4799-bb63-2afff7871eb3,2023-10-04,S-035,P-002,1,0
93438c68-fc5c-4f07-b530-6a7ff33a2e95,2023-10-04,S-006,P-005,4,0
241ff3a3-81da-4e9c-a985-f6d2d77c8557,2023-10-04,S-031,P-005,1,0
7c57c67c-4fe6-4da9-8f3a-7221d7f97d1a,2023-10-04,S-025,P-002,1,950
a13ef693-c33e-4120-b974-932a28276029,2023-10-04,S-019,P-002,4,0
52baa687-c469-4b25-8352-4a4279973a7d,2023-10-04,S-038,P-006,2,1600
020c4d74-5016-43f5-bf51-ce91dca5ebc6,2023-10-04,S-011,P-001,2,0
9a3122d7-f6f7-4f21-9789-6a4387bd7c41,2023-10-04,S-003,P-005,1,0
dc10d137-932b-4f58-8977-5ab0faa14729,2023-10-04,S-045,P-001,4,0
4c56d5ad-0e71-4c1e-8e07-f5d42522ea5a,2023-10-04,S-039,P-004,3,0
7fdd7955-c2b3-4bc9-b617-86d568a15842,2023-10-04,S-022,P-004,1,0
35fad40c-f2c4-4f67-8c5e-512fa718effb,2023-10-04,S-005,P-005,1,1050
03da6cdb-a148-4107-9be8-0c5faa8540c6,2023-10-04,S-033,P-007,10,0
77935156-f2c1-4bf3-b4fd-5ac7297f6ebd,2023-10-04,S-007,P-004,1,0
c490fa8d-fef8-468e-89ad-16533ade2ee7,2023-10-04,S-037,P-001,3,0
67ad9d32-9bbb-49f4-8536-78de1d9992ce,2023-10-04,S-023,P-004,1,0
2c5b5608-5671-4e09-9561-6df24aba9df8,2023-10-04,S-014,P-006,4,0
acea8d62-45dd-40e5-9705-a24d61f7ead5,2023-10-04,S-001,P-004,1,0
feff8b7b-bef1-4411-8b97-bdfffc810e33,2023-10-04,S-029,P-001,1,0
27e9fd7a-b762-486c-bcd9-80b4c4be5a99,2023-10-04,S-020,P-004,2,0
1ba9ea7c-8e3a-4e86-bdca-e44d567402f1,2023-10-04,S-002,P-004,4,0
72b142be-d582-4a14-ab69-99e24ede1e76,2023-10-04,S-009,P-004,1,0
c5506395-f46e-46cf-897c-39a2da471dbd,2023-10-04,S-036,P-004,1,0
0b240a93-7f1d-4f73-b0d0-8e1b0e1e3d80,2023-10-04,S-032,P-007,1,900
e16c4fd3-40ea-483a-ab89-48363a413128,2023-10-04,S-035,P-003,1,0
2cdc0f90-206a-48fb-99eb-1ec2a9b038a5,2023-10-04,S-039,P-004,1,1050
482849d4-d50d-4f0d-b331-4007dd75a571,2023-10-04,S-019,P-001,2,0
4d2c757d-5cce-457c-8e50-b13a3aa37882,2023-10-04,S-033,P-004,1,0
e2f76fb5-a031-4dd2-b878-bf141df9b4fd,2023-10-04,S-032,P-004,4,0
0b1eeb44-c795-416a-85dd-705942b83417,2023-10-04,S-006,P-004,1,1050
53b0fc88-4b7a-4a4c-8932-8e4f4aed7961,2023-10-04,S-022,P-003,10,0
9bde5cb9-9cc0-438c-9a42-b47fd0f5c5da,2023-10-04,S-002,P-001,3,2100
d45982f1-be17-48a1-b5c3-6f7bbcbdcd6f,2023-10-04,S-049,P-003,1,0
268fce7f-fd2c-49ba-93cd-0ef9366a5c4b,2023-10-04,S-030,P-004,10,0
1e863a65-9a5f-4ffe-9413-4a247c0fbe40,2023-10-04,S-014,P-007,1,0
6a3723a2-fad7-4884-ad98-82bf6e2da672,2023-10-04,S-040,P-004,5,0
1b7825e7-6c4e-49b9-b93d-ee974d4b3ab6,2023-10-04,S-032,P-005,1,0
e825530c-e857-45eb-ab1f-253ea3ed7e53,2023-10-04,S-012,P-005,1,0
2f886d6e-16d6-407e-99c3-f91230314bf6,2023-10-04,S-008,P-002,1,950
1275a458-2255-4af7-9a5f-0c7bd0c857f2,2023-10-04,S-032,P-006,2,0
37273d3f-7515-4d86-823c-a42246ca3a89,2023-10-04,S-027,P-006,1,0
74d51900-e006-4f7b-be66-42751004ac9d,2023-10-04,S-007,P-006,1,0
8a747021-dfa3-46fc-adbc-cb2046d4fbd9,2023-10-04,S-033,P-002,1,950
2bedcca4-e4f0-413d-924c-6f37a2e21c41,2023-10-04,S-010,P-001,3,0
4ef97f81-8faa-4e2b-b6f3-488ddf8b4082,2023-10-04,S-029,P-002,1,950
c47daecc-0c54-4fb8-a7ba-a80416888471,2023-10-04,S-045,P-001,2,1400
127db466-b431-45df-8e32-1f9803233b26,2023-10-04,S-012,P-003,4,0
e8618adb-5087-4bbd-81ff-857fd4085b16,2023-10-04,S-003,P-003,2,0
b33adbe5-a954-4c1f-b208-df875536cce5,2023-10-04,S-022,P-006,1,0
0a85c36c-066a-4e90-8f1f-43cb17ec7962,2023-10-04,S-039,P-003,5,0
54c5e85e-b36b-44e7-964b-7b9b6df8e3c1,2023-10-04,S-002,P-002,1,0
3afa2afa-08a4-4c31-8997-87851093ee0a,2023-10-04,S-014,P-004,2,0
5dd9ac03-31ca-4280-bf8e-a5e97a19d3b7,2023-10-04,S-020,P-003,1,0
cfad3f85-22e8-4aa7-a78b-28667debc862,2023-10-04,S-028,P-001,1,0
bea50fb5-3490-4e12-bd15-43869f17d06e,2023-10-04,S-005,P-004,2,0
df99c2f3-c91d-41ba-9fb4-d5e015a7245b,2023-10-04,S-026,P-003,4,0
c3dddb30-f679-48ab-b19e-e2a80976e157,2023-10-04,S-002,P-003,3,0
5be039cd-a84c-4735-8a7a-1dac9922aa29,2023-10-04,S-016,P-003,2,0
fd513b7e-24b1-4ec4-b686-3df0ffc94fb7,2023-10-04,S-041,P-003,1,0
915957f2-fc80-4a9f-8363-10e788886339,2023-10-04,S-033,P-001,1,0
14a90537-c935-465e-8326-ec91fca2ba4c,2023-10-04,S-043,P-001,2,0
22258fa9-d0d6-4d02-b5bd-d9ff218d439f,2023-10-04,S-005,P-006,2,0
767516dd-f55f-4b1b-8d8c-2a05c918f208,2023-10-04,S-015,P-003,5,0
71a7309c-bc80-4d67-9077-7190b3afd93c,2023-10-04,S-037,P-002,3,0
df5981d0-caca-4fb4-9562-9fc836bd07da,2023-10-04,S-003,P-002,3,0
82a809b5-4bd6-44e3-b4c0-3591e28d2a62,2023-10-04,S-045,P-006,3,0
20a4988c-a65a-4ed3-9180-a6c327045189,2023-10-04,S-005,P-002,3,0
937b93f9-36d8-4e10-b0f7-c3626b20e504,2023-10-04,S-008,P-001,4,0
13fb1464-6cdc-4a1c-a0b4-e1e73c351dfa,2023-10-04,S-032,P-006,3,2400
3a8ee666-435d-457d-bc39-c7b7dbb54667,2023-10-04,S-031,P-006,1,0
b719192f-b838-4a6a-b714-a7554b7057d6,2023-10-04,S-014,P-001,2,0
c86fb96e-32aa-451b-9a22-576d05aa6954,2023-10-04,S-043,P-007,1,0
1bf47c14-aad2-4245-80ec-5c22913b090b,2023-10-04,S-028,P-006,2,0
9378b338-901a-4ea8-8a0f-97de3dfb7912,2023-10-04,S-038,P-002,5,4750
0d1cf79b-7ddf-4e6b-aa2d-2b3cba928b6d,2023-10-04,S-026,P-004,4,0
58856e97-b3a3-4417-92cc-7fcaf5a44c1f,2023-10-04,S-022,P-005,2,0
4a6108e1-7c9a-4c02-8222-8cc0ac74f1e5,2023-10-04,S-029,P-007,2,1800
3943a4a9-ce8f-44bd-ae87-92a404a8c7de,2023-10-04,S-046,P-006,2,0
3ae942e2-db42-441e-a1d6-0d5f4fb8f85f,2023-10-04,S-021,P-004,1,0
b7444d1b-b03b-4eae-8051-01096a6a7851,2023-10-04,S-011,P-002,2,0
33aebbb7-e302-437a-9f96-7c1a7705cadf,2023-10-04,S-008,P-002,2,0
5f1e86d8-2d8f-445c-9a36-9f0151115220,2023-10-04,S-034,P-005,10,0
0a571b07-5f5e-4727-b82a-e8e09d9b7d13,2023-10-04,S-033,P-004,4,0
072380a6-8ca4-4e9f-9c39-39a8f2a0c4e5,2023-10-04,S-013,P-007,1,0
3e4f3868-d848-47f1-af32-9f5167567303,2023-10-04,S-016,P-003,1,0
d810ef30-ce72-406d-9479-59e961a15f0a,2023-10-04,S-049,P-007,1,0
b5f9ca04-0d5c-4036-b56e-1ea403d20ac6,2023-10-04,S-025,P-002,4,0
dcb213c6-89c0-4f6c-919f-37f21f414a98,2023-10-04,S-039,P-007,3,0
a4f00f3b-6003-4083-a93f-c89384f40cc7,2023-10-04,S-003,P-003,1,2200
483f304b-34af-42f8-b239-002248764155,2023-10-04,S-042,P-003,1,2200
cb7cc4ca-b1d4-4af0-92a6-114a74c5d212,2023-10-04,S-040,P-004,4,0
50ba3f8e-5822-446f-a81d-b0460870c837,2023-10-04,S-016,P-004,1,0
53f8ddc2-57bb-4ad4-bf99-b2c87b70263a,2023-10-04,S-027,P-006,4,0
5a47f5b2-f572-4091-97af-7f7119d4978a,2023-10-04,S-033,P-002,5,0
8e952166-4357-4933-9aff-22d53142430c,2023-10-04,S-013,P-002,2,0
3758d751-c7ff-4111-82fc-d2716a168c22,2023-10-04,S-031,P-002,1,0
f578fd57-8026-4944-bfde-497e52b253a0,2023-10-04,S-030,P-006,2,0
8341bf84-8bc3-44a7-9076-597f56d72204,2023-10-04,S-030,P-005,1,0
51b87f3c-43d8-4635-bea8-cd19a54b62cd,2023-10-04,S-019,P-001,3,2100
88c7a2f2-9c2d-4087-83f0-7553ab133d3c,2023-10-04,S-018,P-003,1,0
f5350e0b-76c5-4fe3-a855-a8e4a5a51b45,2023-10-04,S-036,P-006,1,0
1a4bd5bd-5d02-46bb-9ec3-8e7f40b8a091,2023-10-04,S-039,P-004,2,0
dee16481-6ff2-4f56-b68a-93d4745aaee3,2023-10-04,S-042,P-005,4,0
f7f3f74c-ca0c-414e-ac14-12a38d7f517c,2023-10-04,S-050,P-004,1,0
4eb64cf2-1181-4f32-ae03-3c7f2e904d53,2023-10-04,S-022,P-006,2,0
214c892f-2127-4c05-9985-f55cdf5db02c,2023-10-04,S-021,P-002,1,0
96d7c9fb-4c97-44fb-bdf1-f706cadce27f,2023-10-04,S-026,P-003,1,0
063384b2-4654-4ba6-aaa2-57aa447615bc,2023-10-04,S-042,P-007,24,21600
e67b5276-c80f-4c71-af83-3eb2c860ca59,2023-10-04,S-044,P-003,1,0
b3dc2d38-c5a0-45b6-9cb4-a4081fa6adaa,2023-10-04,S-033,P-007,24,21600
47134c82-c73a-4f08-adae-22cc20702db7,2023-10-04,S-046,P-005,1,0
a525469a-24f7-435c-b060-53d78c64a23f,2023-10-04,S-007,P-002,1,0
b4c7ff31-85fb-4fbf-a7ac-3e4db80ec715,2023-10-04,S-039,P-001,1,0
95d800ae-eef2-4843-9e32-b47cd03f95b5,2023-10-04,S-035,P-003,1,0
4316a1cd-b764-49f0-85c3-059f0cbce93c,2023-10-04,S-046,P-005,2,0
81734ffb-fa67-4f3f-9273-1bef629601c3,2023-10-04,S-002,P-006,24,19200
2ce39183-ae63-48e5-8fa6-7fbb384fc33f,2023-10-04,S-002,P-002,1,950
81da35ae-5777-4545-8266-69653a762433,2023-10-04,S-026,P-005,4,0
a950ba23-608e-4628-a410-de6a139ef317,2023-10-04,S-001,P-005,1,0
b1c1916d-fbc6-44d7-b20e-ca209cb1eb7c,2023-10-04,S-015,P-003,1,0
b322b3e6-45cd-46df-b0d6-e62e5a2a08b2,2023-10-04,S-007,P-005,1,0
cc3a3f46-021a-42de-a2a9-c7c38d5bd847,2023-10-04,S-033,P-006,4,0
70b96c48-f6b8-43a6-afd4-9c9ca04ca3dc,2023-10-04,S-033,P-003,1,0
fc0b4e74-e2f3-4208-bfc5-a667fbdc651c,2023-10-04,S-049,P-001,2,0
14bc66aa-8a8f-4b9a-8444-df71217cd06c,2023-10-04,S-029,P-006,2,0
4ef5d71a-7fe5-4788-b7cf-91955b923368,2023-10-04,S-011,P-004,2,0
c62f49c1-a79e-4d74-9f06-7a2c36bf4126,2023-10-04,S-024,P-005,1,0
aed3702b-f26f-4c1d-adc5-71670480dad3,2023-10-04,S-039,P-001,4,2800
4cb07dff-23cd-4832-ad97-98aac31782fd,2023-10-04,S-039,P-003,2,0
2c9d9852-10cb-44c1-9145-52add6004a19,2023-10-04,S-007,P-006,1,800
31613bec-c0d1-47bf-91ca-56683381ea97,2023-10-04,S-012,P-003,2,0
2e547a56-2a83-4884-9529-88704755c3a6,2023-10-04,S-005,P-007,24,0
efd146c5-5135-4ee3-b8e9-e2eca496177a,2023-10-04,S-021,P-002,3,0
c5565c35-de36-4437-b996-008161c2c776,2023-10-04,S-002,P-004,5,0
766876db-3e76-4fef-b100-3b75e45caf64,2023-10-05,S-047,P-006,1,800
ea305d72-322f-49f1-b7ed-910cb02711b0,2023-10-05,S-013,P-007,5,0
82e0d51b-f816-4b75-bedd-5e41317116b2,2023-10-05,S-049,P-002,1,0
5cb39982-5dca-4dfa-8477-2a8b1db3b800,2023-10-05,S-022,P-007,1,900
e4396ac0-3ca1-4e72-9bd0-633f409b9ffa,2023-10-05,S-047,P-003,3,6600
fb728dc1-21f5-42ba-a9dd-f3a02f0bfd2b,2023-10-05,S-046,P-007,1,0
5bd695e3-4fab-4b8e-a30e-bf118fdcbb25,2023-10-05,S-048,P-002,2,0
449fad32-451f-4d60-8445-f9346a7a5e86,2023-10-05,S-027,P-005,2,2100
566bc108-9685-4450-99bd-605d8e90d80b,2023-10-05,S-012,P-002,3,0
c62730a3-fddc-46df-a7ea-b4bd4b930da0,2023-10-05,S-019,P-004,5,0
e6aa19fe-0d89-4634-b395-a601eecf6762,2023-10-05,S-047,P-002,1,0
04cdda81-d196-46c1-8728-e86337fa64dc,2023-10-05,S-010,P-006,3,2400
8bf81d03-d06d-40ec-bbe7-35cb4aea78dd,2023-10-05,S-016,P-004,2,0
ec942c4a-79fb-41b5-a973-96917f855b36,2023-10-05,S-037,P-001,3,0
5458b35c-ba2e-41a5-bff5-a49fc3caa8b6,2023-10-05,S-024,P-003,3,0
471921ee-bfdf-4d7d-97f2-3d3f1e905ca1,2023-10-05,S-016,P-005,1,0
ceb536c3-8904-4ed4-97b0-d15803a24f32,2023-10-05,S-033,P-001,4,0
e69c13aa-d36f-4e02-9dec-2cfd80910d45,2023-10-05,S-006,P-002,1,0
3431b17c-1210-46d0-9e77-524217630483,2023-10-05,S-040,P-004,2,2100
1b26c481-6317-4495-bcf4-983aae0c9772,2023-10-05,S-027,P-005,1,0
a29a675c-4450-4ea8-ad8b-7f7b93bf35b9,2023-10-05,S-048,P-005,5,0
9c25b12c-aa45-4776-8fd0-9b660cb9a9e1,2023-10-05,S-005,P-003,1,2200
711f89e9-fc5d-4545-88d9-c9495864d5a3,2023-10-05,S-049,P-005,4,0
9d0839e8-7601-4a02-84e3-cfadf9ba29e2,2023-10-05,S-040,P-003,2,4400
0d00d0bd-6461-4e71-9612-a395794b8522,2023-10-05,S-007,P-005,1,0
8cc02ec8-90a7-45b8-8d2c-767694ac3b96,2023-10-05,S-049,P-007,2,0
1b08fa46-4348-4a2d-9998-c7bd5c21276f,2023-10-05,S-025,P-004,1,0
c472d61e-c0c0-47ee-a9e6-6c0103af7de0,2023-10-05,S-002,P-004,2,0
b246bd69-a476-41a3-a24b-5ba61742cd62,2023-10-05,S-010,P-003,1,0
6ada257d-87cb-49ea-bedd-4d02fbb8c928,2023-10-05,S-043,P-007,2,0
7ff4d9a0-15b7-4d4d-914f-237c7ad90db3,2023-10-05,S-031,P-004,1,0
cd14ec3d-00b9-4032-9357-83e8a3c0d684,2023-10-05,S-028,P-004,2,2100
a89f4796-f5dd-4fce-b8db-3727cddd74de,2023-10-05,S-026,P-006,1,0
529d3700-324e-4618-8bed-478f365145e7,2023-10-05,S-038,P-002,1,0
59826989-2146-4724-81bf-01d61884e8ef,2023-10-05,S-025,P-006,1,0
2f09f866-a512-42b4-8539-db3b8683763d,2023-10-05,S-015,P-006,5,0
44ce9677-8f76-49ff-b551-868ab7b657e1,2023-10-05,S-006,P-002,3,0
fc92fbad-efd6-4976-9ccf-8d5e2330256c,2023-10-05,S-046,P-005,3,0
75e43e25-4c62-43f1-aa8b-6d356f0ffe99,2023-10-05,S-048,P-002,1,0
1f002631-7b2f-4de1-9fa1-6240242f7c68,2023-10-05,S-003,P-002,1,0
2431a913-bd27-4f32-85e3-10588523db79,2023-10-05,S-015,P-005,4,0
2a117052-e655-4d1a-9a5d-a381afc9474c,2023-10-05,S-037,P-002,5,0
d185da95-82ed-4b0f-9ad3-b03e6a7b24be,2023-10-05,S-014,P-001,2,0
9aac2e42-0074-419a-bc20-c2a490cbf65f,2023-10-05,S-040,P-007,1,0
2f7e9330-fde7-40ac-9b88-d51e3c903366,2023-10-05,S-043,P-001,1,0
6d50187a-5f82-4e6b-8ecc-98454cf43d39,2023-10-05,S-048,P-007,2,0
c212b8b0-def7-4e2d-9acc-a116b04571d6,2023-10-05,S-012,P-004,2,0
c4988260-837b-480b-b024-141690564a1c,2023-10-05,S-039,P-001,4,0
e3dc4af5-58ef-4b46-bc8d-60773be6648f,2023-10-05,S-002,P-002,1,0
52937e97-50e0-43ab-8192-e294ff2febc1,2023-10-05,S-007,P-006,3,0
1bcde187-ef02-4b30-ab9b-d7dd6e729173,2023-10-05,S-007,P-001,2,0
30f081d4-956c-44a8-b967-7df12a259d17,2023-10-05,S-024,P-005,1,0
5fa1e60b-f16d-4499-ab3e-4ab93ff12cf9,2023-10-05,S-004,P-004,4,0
6d882ecd-0fe3-4fa1-91a3-18efcf69254e,2023-10-05,S-013,P-003,1,0
bf95880c-f360-49d0-ad08-9e0a220ab442,2023-10-05,S-035,P-005,4,0
ad360333-6b5f-4db1-92b3-ae245fe73a02,2023-10-05,S-035,P-001,2,1400
5a4e2adc-0330-44d7-b398-1531b9401305,2023-10-05,S-009,P-001,2,0
a418fd1b-0d69-4150-bc7e-656773e3ad88,2023-10-05,S-018,P-006,1,0
72244c1d-d8e3-42bf-8c83-5f91a3ad8aaa,2023-10-05,S-025,P-006,2,0
eebe2ee6-0b65-44c6-935b-3e6b5a909297,2023-10-05,S-046,P-002,1,0
b68282a3-db76-4e9f-a0cd-55b6d45142a8,2023-10-05,S-045,P-005,1,0
6134248e-0939-453e-ab30-feeaa248840b,2023-10-05,S-025,P-005,1,1050
cd42ee33-c1d7-4ea1-9882-4c27808e94a5,2023-10-05,S-003,P-007,1,0
2060f06f-1d61-4519-bc8b-8af3c25557dd,2023-10-05,S-034,P-002,2,0
a77a9be0-4a45-45a1-b1c2-b0f160d6ceba,2023-10-05,S-012,P-003,1,0
66f89263-ea15-4a4d-a99f-fc768b8d04df,2023-10-05,S-040,P-001,1,0
58a1a2f5-33ba-4993-af08-82391ca3d0df,2023-10-05,S-007,P-006,1,0
45fbf41f-222c-4f06-848e-8edaa6121112,2023-10-05,S-012,P-004,1,0
a6228a53-0a19-4cdf-aa6b-97248c4d7999,2023-10-05,S-012,P-001,2,1400
355bb5f2-8967-46fe-bbf6-278cd2cb9d3c,2023-10-05,S-042,P-002,1,0
4ab20879-e66c-44bd-82c6-66b44a37172d,2023-10-05,S-033,P-002,10,0
d8fc5b3b-b14d-4fd1-a303-75e460bc9a37,2023-10-05,S-028,P-002,1,950
7e577644-babc-4225-8749-894f8d70bfa7,2023-10-05,S-003,P-002,1,0
a966f35e-f318-4362-8d66-9cc306247923,2023-10-05,S-037,P-006,2,0
ca2c65d3-c1fd-404e-9689-7b0e5fd86222,2023-10-05,S-007,P-004,1,0
bf6076a7-634e-4a66-bcff-87f0f22e84d1,2023-10-05,S-045,P-004,1,0
3418bd8d-563a-4875-b30f-7f9fa1b5cb71,2023-10-05,S-043,P-005,1,1050
729cd2ca-780f-4c8b-ac0d-0a3bd03a87d5,2023-10-05,S-032,P-003,4,0
e7361e54-3ee5-477d-a9ff-9b724c00d37d,2023-10-05,S-015,P-006,1,800
c574f545-e230-416f-917c-fa63ee79dcbf,2023-10-05,S-026,P-003,1,0
097af955-8a30-4b3f-b16c-df5f4230f863,2023-10-05,S-024,P-001,2,0
a2289599-a26f-4bf3-80b3-924a578354a0,2023-10-05,S-023,P-004,10,0
388bef32-a89d-4ac3-a65b-8b90f2b28272,2023-10-05,S-027,P-006,1,0
ec02582c-bde1-4e25-b75e-881a64347971,2023-10-05,S-030,P-006,1,0
049e4ce5-5f81-4c29-893b-c18720b871a4,2023-10-05,S-024,P-002,5,0
37598ef7-661d-40f9-aaf2-fc5f85f5a99a,2023-10-05,S-032,P-004,1,0
04b1110a-06b4-4321-a0be-9d35233bf430,2023-10-05,S-012,P-003,1,0
64a39418-bb7e-45f5-9687-0297bc13f2db,2023-10-05,S-038,P-002,2,0
c18f7ed7-8097-4544-9148-d491e2f9fb33,2023-10-05,S-025,P-005,2,0
a329cf07-4c12-44c5-b083-90dc887b012c,2023-10-05,S-048,P-006,1,0
b8a1576c-2b71-4838-8aa1-4fb3100de8e1,2023-10-05,S-047,P-005,2,2100
05242403-b3a6-467c-8dce-60fd4dbbefed,2023-10-05,S-043,P-007,1,0
91c1537c-4498-41b7-be68-1bebf6954ba5,2023-10-05,S-026,P-002,1,0
5bbbb095-c441-400a-8fca-558eae829733,2023-10-05,S-026,P-006,2,0
a2348ff9-ae1c-41ef-b92a-f9f1913211ea,2023-10-05,S-016,P-003,3,0
dba31c63-5e2b-4d3c-8222-4927b1c2dd1d,2023-10-05,S-003,P-001,2,0
2734e806-af64-47b7-af05-6fd7223e7ac9,2023-10-05,S-011,P-003,2,0
7b309a0c-b9fb-493c-b81d-b593cfc4325d,2023-10-05,S-027,P-007,10,0
60cc4db8-9b88-453b-b15f-82e333878c58,2023-10-05,S-045,P-006,1,0
27ff536f-30eb-406b-93f8-326699332067,2023-10-05,S-003,P-002,1,0
dc5d27df-a280-4881-9140-b6fcab1c0767,2023-10-05,S-009,P-005,2,0
606f04f2-c6ab-4438-9d9b-d54a89cf4d94,2023-10-05,S-039,P-003,2,0
746b48ac-6fee-4d37-b08a-35e6c9f46295,2023-10-05,S-041,P-006,1,0
a2262bbc-0f77-44d5-9f83-6c69b74631ea,2023-10-05,S-034,P-003,3,0
3cd09bba-c08e-4a03-ad02-62c1115265b9,2023-10-05,S-020,P-007,3,0
71e53404-fcf6-44d5-8b66-b05ef829b5ec,2023-10-05,S-001,P-007,2,0
55ea2aea-e6b5-4e4d-8aec-8250767ead18,2023-10-05,S-030,P-004,1,0
b8a6af1c-da02-41f3-8112-0452280770cd,2023-10-05,S-012,P-002,1,0
d7f8f86e-e159-4533-865c-44730b99e09e,2023-10-05,S-036,P-005,5,5250
195ebba7-30ee-4380-9ab6-14a990a9a83f,2023-10-05,S-045,P-006,1,0
da9429cc-4f7b-4379-8612-542e73eef401,2023-10-05,S-049,P-002,1,0
56a1f60a-2432-4b78-9693-14b4bd527d9c,2023-10-05,S-038,P-002,5,0
de9fc3e1-f94d-41d6-8bd5-ca125f3106cb,2023-10-05,S-010,P-002,2,0
bb7863b6-4c43-49c7-b4e6-6095465efa74,2023-10-05,S-031,P-003,10,0
38a98adb-6e52-457f-9f38-9198c4036a75,2023-10-05,S-045,P-007,1,0
122223ff-33d4-4d54-929a-3eac999f6300,2023-10-05,S-041,P-004,4,0
d9b98dac-274d-4e47-9795-17904edc5517,2023-10-05,S-017,P-005,1,0
27adc265-6910-4651-96c9-4aac22f3a7d1,2023-10-05,S-028,P-007,1,0
0fbb9ba1-e6c2-4012-a35c-49eb9a258ce7,2023-10-05,S-021,P-001,2,0
01a4298e-e0e9-43e7-980e-5e03da0ff132,2023-10-05,S-007,P-002,1,0
f83f07dc-185f-43b4-96cf-8f2b7e19b47b,2023-10-05,S-009,P-005,2,0
51b379d4-9efd-498c-8404-26cadf1afaa8,2023-10-05,S-001,P-005,1,0
e9196a39-41d6-46d1-ab8c-c5bbf36f5ce2,2023-10-05,S-006,P-006,3,0
64621ef2-fc29-48c4-8a4e-73e653fdaff9,2023-10-05,S-038,P-001,4,0
ecadaec6-8a82-4cbb-afd3-a488e6bbf4af,2023-10-05,S-024,P-003,1,0
c5d9e143-f12a-4389-84a6-2a9de518aa77,2023-10-05,S-033,P-005,4,0
c133e971-52a8-445a-81c5-7ee31e5633f1,2023-10-05,S-046,P-002,1,950
8ddb4e47-6dc1-4113-b7e7-1a1c3306f4a2,2023-10-05,S-005,P-002,1,0
fae89c69-21c7-40b9-b71b-d999a06b99f8,2023-10-05,S-010,P-001,1,0
6afd5dc7-e5a8-42a8-847c-2c031887a067,2023-10-05,S-039,P-007,2,0
7dfebdaa-49c2-4708-b441-acc72ce4301c,2023-10-05,S-039,P-005,1,0
87b1d155-179a-476e-907a-81521f16c3bf,2023-10-05,S-049,P-005,1,0
79dd39de-4ae3-40f2-8f21-ce87f7580ae1,2023-10-05,S-041,P-007,2,0
fde19a26-e015-4e5e-82a0-ca543afa1473,2023-10-05,S-032,P-001,5,0
e3b1d147-aa5c-4235-80b3-6f025e024093,2023-10-05,S-036,P-004,2,0
5c8d2761-1271-475d-915e-efecc4c72c36,2023-10-05,S-024,P-001,2,0
469b0b4f-c195-4e00-89d3-f4088986f5fc,2023-10-05,S-039,P-004,4,4200
25101fdf-760c-42ec-b59d-ffd30d131bf8,2023-10-05,S-010,P-002,1,0
99966223-95e9-4c3b-acc6-536087d64e50,2023-10-05,S-026,P-002,1,0
8628a182-e72d-4664-85a7-4f664b4a1495,2023-10-05,S-034,P-002,1,0
ffe0a7db-b306-4849-abd6-7aeb99ee03bd,2023-10-05,S-040,P-006,2,0
6380df50-36f0-4225-a57a-d90429cc9681,2023-10-05,S-008,P-005,24,25200
b4f4a346-1220-44ba-8a31-f0ff9bb17569,2023-10-05,S-048,P-002,1,0
c9b3ca5c-79e4-49cf-83bf-9b19adde0a1f,2023-10-05,S-006,P-001,4,0
6fec8a73-c04b-47b0-9c1d-cd44f822744d,2023-10-05,S-010,P-005,1,0
458468ba-11b7-4d8e-a846-461498bd30b9,2023-10-05,S-024,P-003,3,0
03ee39f7-9da8-4944-bd38-d9fc54d4e65b,2023-10-05,S-035,P-001,1,0
138f6664-6484-4078-8091-dda401504c8e,2023-10-05,S-010,P-005,2,2100
7c2d49b7-537e-42fb-9477-61a3073d376a,2023-10-05,S-045,P-003,1,2200
b90c9033-37c2-4f11-b072-3abb161f1859,2023-10-05,S-026,P-003,1,0
2e2702bb-261e-479c-bfd6-b354a9d47e23,2023-10-05,S-032,P-004,1,0
294d8afd-f534-4b97-abd1-5eb2ed9d504b,2023-10-05,S-012,P-003,1,0
13f1755d-aafe-45e5-8eba-dde04d81dd47,2023-10-05,S-006,P-002,1,0
bc5b1de2-320a-4218-8d8f-e20f43863769,2023-10-05,S-024,P-002,1,0
1ed30db7-c940-40e3-9988-adb68944d743,2023-10-05,S-042,P-006,2,0
af482c9c-dd01-46f5-8e43-c789e758501d,2023-10-05,S-014,P-001,1,700
d1a77f72-6c6c-4e93-9c23-80240e0a4b9e,2023-10-05,S-018,P-005,4,0
65f93fc9-e747-4c67-80ee-e0d12fd13226,2023-10-06,S-032,P-002,1,0
d2d2d0b7-da3d-4e90-931f-17043b5d3e57,2023-10-06,S-007,P-007,5,0
49475b47-5fbb-47dd-ac6f-fae0548bd29c,2023-10-06,S-014,P-005,2,0
09a4f3a9-a944-4a5d-a8f4-aab8d33b5336,2023-10-06,S-044,P-003,2,0
4cdd266f-4e97-4c27-bf41-73f6c932989b,2023-10-06,S-007,P-004,2,0
0091b370-a5dd-484a-aa16-b4ecbc67a25e,2023-10-06,S-005,P-003,4,0
e9d5360f-b7ef-42b4-9ae2-f5893d666672,2023-10-06,S-039,P-003,1,0
909755a5-e41c-4991-adce-d7637e62e789,2023-10-06,S-007,P-005,1,0
de895224-0f77-453d-8a2b-d428a4a51293,2023-10-06,S-041,P-001,10,0
d7ef6853-e08e-476a-bb71-9a584571445c,2023-10-06,S-040,P-004,1,0
69372972-6866-4701-ad7b-b83d662708fd,2023-10-06,S-008,P-002,1,950
643620f4-536a-4a21-802c-684edd15ff53,2023-10-06,S-018,P-004,1,1050
91c43eac-8b6c-46da-b176-be68a437705d,2023-10-06,S-020,P-004,3,0
e8bb1310-5cd3-464c-bf59-cce926b668f3,2023-10-06,S-013,P-001,2,0
73e29dcb-8382-4d72-a0d5-0abdfbffd3a1,2023-10-06,S-047,P-007,1,900
70edaf14-7b7b-4227-83af-4ad589329a5e,2023-10-06,S-022,P-006,10,8000
959f9853-da0f-46d7-8a53-2cc878ac29f5,2023-10-06,S-021,P-002,2,0
af610026-2077-4d7b-ba75-bebc6467af2b,2023-10-06,S-049,P-003,1,0
a12b6642-491d-4ce9-8878-d67d004f2eee,2023-10-06,S-024,P-006,1,0
f09dbc9b-ef33-4db6-8b63-a846b5bf8df4,2023-10-06,S-010,P-004,2,2100
f11bb774-569b-448d-8baa-a5dd618c37a2,2023-10-06,S-007,P-007,4,0
9d51e3c7-8610-4af9-9203-0986e2f5340a,2023-10-06,S-029,P-006,1,800
b676cdc2-ff5d-4365-ae25-3fd999809055,2023-10-06,S-012,P-002,1,0
20113622-cf7c-4883-8bc5-52dc41b07208,2023-10-06,S-020,P-006,2,0
2d330669-9f4c-41c8-9eb4-df9960ef3611,2023-10-06,S-033,P-005,2,0
aaabdc24-e2d2-4e93-9072-cf1e9d59edd6,2023-10-06,S-008,P-006,4,0
9b5471ca-73dc-4e5d-aedd-3aee0a9627a1,2023-10-06,S-040,P-002,1,0
99d7a3a6-798d-41a7-bc73-be916052912d,2023-10-06,S-011,P-003,1,0
3d463bca-a76a-4998-a69c-85cc31b0d82d,2023-10-06,S-041,P-004,1,1050
0de98833-f5fb-4da0-99e4-d52f0356ff8a,2023-10-06,S-033,P-003,10,0
ac621f58-3f6e-46f2-a9d7-7fd683ea66b8,2023-10-06,S-019,P-006,3,0
56658848-2a0a-4ffc-9c99-e9e1efca3306,2023-10-06,S-021,P-003,3,0
9c4f3dc5-ebbd-4de1-9d46-ef7a60151bbd,2023-10-06,S-039,P-006,2,0
f124b85e-0f7c-4c67-95e5-76aca728b5f8,2023-10-06,S-025,P-004,2,0
c39b44e6-c2be-4e36-a87b-6a80e05daf7e,2023-10-06,S-043,P-001,1,0
91715005-e8a1-4725-a6f1-ffb0b40bc354,2023-10-06,S-044,P-005,5,0
c6d8b8b0-07e3-4902-b534-ab6ce756ce5e,2023-10-06,S-019,P-005,1,0
0e58e52f-93f4-4364-b91f-e0c0621f6f9a,2023-10-06,S-034,P-002,1,0
59ea08f9-02b2-4903-b54b-73bb4b8e5ff7,2023-10-06,S-033,P-001,1,0
81baafcd-bcff-4ddc-a40e-2d38fbca21f8,2023-10-06,S-021,P-001,4,0
17579bec-3201-4ab9-9e5e-b00e76151efc,2023-10-06,S-037,P-002,2,0
cfcf2c0d-80ba-4083-8b71-220206ca740f,2023-10-06,S-007,P-006,2,0
467bf648-35bd-4b5c-a5e8-11657107b304,2023-10-06,S-020,P-005,3,0
4a07d366-c59a-4d97-81b6-a3029e86e14f,2023-10-06,S-038,P-004,2,0
92ea9f7f-a8c7-45be-8c23-3899c8fd2154,2023-10-06,S-027,P-006,24,0
990b3501-6e2f-45c8-89e9-852fee178d98,2023-10-06,S-015,P-007,1,0
c237668a-4c3a-4021-8b8f-cf728f0983b9,2023-10-06,S-024,P-003,1,2200
8a568f62-dc01-4da1-a16f-388c68851533,2023-10-06,S-029,P-004,1,0
7965ba8b-a44c-42aa-8152-acc03f82f8b4,2023-10-06,S-039,P-006,4,0
ddfb9012-30d1-44ac-bb1b-6b986aa52aac,2023-10-06,S-029,P-003,1,0
a7afcbd6-c69e-40c1-8ddb-a171f73312ab,2023-10-06,S-045,P-006,1,0
71d32f2c-adba-43be-bc22-2a5d9f005349,2023-10-06,S-028,P-005,1,0
852244df-3c9f-45b8-83ce-d060ce11048b,2023-10-06,S-048,P-003,1,2200
59e5b75a-1e0a-42f8-ac89-4746f870d420,2023-10-06,S-017,P-004,4,4200
e7d6f16d-b71b-479c-9c9f-cb90e817d4f2,2023-10-06,S-013,P-006,3,0
6cece019-7efe-42d4-86c8-8d636a68a301,2023-10-06,S-012,P-001,1,0
1ea559b6-9c32-4cb0-b2d5-8efedbae1ac3,2023-10-06,S-023,P-002,1,0
c8ef9552-eccf-4365-9574-961bbb4947d7,2023-10-06,S-022,P-001,4,0
2df92b01-9882-436c-978a-c02046db94cb,2023-10-06,S-004,P-005,2,0
98431bfd-2e0d-4ae7-990a-798f097d0b1c,2023-10-06,S-043,P-003,2,0
5ebefc1d-a90e-4407-88b0-6ec0bcbd44a6,2023-10-06,S-030,P-003,10,0
452b6070-0e10-4d85-a9c6-ac4067be14f6,2023-10-06,S-043,P-003,1,0
1a7dcf31-4059-4785-a771-f7acfdcf483d,2023-10-06,S-028,P-001,3,0
ce8238af-9022-4c67-bcda-1813c7e8ae7e,2023-10-06,S-023,P-007,3,2700
a638b5db-4f91-42b0-8ec2-5b8f0365bb45,2023-10-06,S-036,P-006,1,0
a7e0ce8c-663c-4a04-b18e-d19a8860e030,2023-10-06,S-005,P-001,1,0
f3e3393c-b4e4-4161-bd62-c47db8657975,2023-10-06,S-034,P-002,1,0
7c76df5e-fdd9-4bca-bc3f-d02beace77db,2023-10-06,S-041,P-004,1,1050
747985ca-cb72-42bf-b4d7-044a3318f09c,2023-10-06,S-026,P-001,1,0
925a1398-af73-49d2-8e90-60cb88c5f4fc,2023-10-06,S-018,P-004,1,0
fc6f7454-156f-4d41-8372-403af5b2c136,2023-10-06,S-036,P-006,2,0
f911d667-61ca-4b0c-8250-f08da206d172,2023-10-06,S-001,P-004,2,0
94f644d7-f810-4627-8972-15615c5ca4b1,2023-10-06,S-008,P-005,1,0
457ba3c1-5ed8-41af-9877-24c44616de01,2023-10-06,S-001,P-001,1,0
c97123f1-5ba9-44b0-9cc0-ae0e64f3b747,2023-10-06,S-022,P-007,1,0
3bf1fbde-2ba8-4d46-acf4-647b75960b83,2023-10-06,S-026,P-007,2,0
309ecda2-2b77-48cc-b6e8-71e6b9ecf199,2023-10-06,S-025,P-005,4,4200
3c82ed9c-8501-4383-a681-a3c4fec53524,2023-10-06,S-032,P-003,3,0
37bd85bf-9ae4-4ccf-a5a8-b24a65dfcd38,2023-10-06,S-006,P-001,1,0
b91f676f-cba3-4ab7-96ea-ec053c482562,2023-10-06,S-010,P-001,1,0
36d36349-73a8-4fc3-b98c-d1980c3f816b,2023-10-06,S-011,P-006,3,0
1e219499-2395-46be-b2e1-7a64b096990b,2023-10-06,S-024,P-006,1,0
5a25942e-cfa9-4c06-9fd8-79f15f2771c9,2023-10-06,S-029,P-005,1,0
45e6d30e-2124-4575-a157-7b8e95f5556a,2023-10-06,S-038,P-001,5,3500
6e4ff431-2e52-4126-9890-fddf304868ca,2023-10-06,S-037,P-005,24,0
5d8c55c5-1cc3-409a-b2e5-db4366ac78d4,2023-10-06,S-012,P-007,2,0
3a09e0f2-8a2c-4eee-a398-15f44de17c59,2023-10-06,S-030,P-002,1,0
6a796703-130b-4c07-9bf9-45cc900e1485,2023-10-06,S-037,P-004,4,0
4544000b-bfc5-41bb-b6c3-6d4810577200,2023-10-06,S-044,P-007,1,0
e494f793-2c50-4699-bc02-ff401407842b,2023-10-06,S-040,P-007,2,1800
adcc59b1-5afc-4a02-9ed8-2f0a36ab2bb3,2023-10-06,S-018,P-002,1,0
a6c626df-8d0b-4009-a869-023d4b4d5dc8,2023-10-06,S-006,P-004,1,0
c297b75c-6277-42b2-9fcc-48e2646789e5,2023-10-06,S-027,P-001,1,0
8d80db09-ca7f-4088-b63a-34ceaea9d38b,2023-10-06,S-009,P-006,1,0
0b3e81b4-b060-4ab6-8c5d-0a7c332368c2,2023-10-06,S-015,P-004,2,0
15aaca91-53e8-4175-a7d3-a23497f32258,2023-10-06,S-047,P-001,2,0
710fce5f-6485-467b-a03b-395d7699eb3f,2023-10-06,S-028,P-007,4,0
236b35ac-748a-458b-92e2-560184bf700e,2023-10-06,S-047,P-005,2,0
e1667289-1a1e-4bcb-9b96-8841aa3b0a03,2023-10-06,S-007,P-003,2,4400
a857a05b-f1f8-42a7-845f-6081afa3a3fc,2023-10-06,S-034,P-005,1,0
903063f0-70df-4c72-a7c3-a9be9968bedc,2023-10-06,S-011,P-006,24,0
eacc2801-783d-4a82-b593-0d5b2da2c2b9,2023-10-06,S-036,P-006,1,0
dc57a451-ddee-4984-8969-fce19a038041,2023-10-06,S-003,P-005,1,0
438817ae-723a-4fb7-b9d1-02e1c7f065a9,2023-10-06,S-008,P-001,2,1400
74b40290-0b22-45e7-84d3-07c9237845f5,2023-10-06,S-003,P-002,1,950
4b01ff2f-49e2-448c-84d8-492e4bf10696,2023-10-06,S-039,P-004,5,0
8b9b9b59-b287-4b5a-9d19-cb14d0152a11,2023-10-06,S-018,P-007,5,4500
daed071b-e11c-4843-ae67-84509e040b9c,2023-10-06,S-031,P-007,3,0
79c76310-9d96-47b0-a48d-cf12f2524295,2023-10-06,S-013,P-003,1,2200
bc1308aa-0200-48f4-ba98-290b4f3fa381,2023-10-06,S-030,P-006,2,0
9c34769d-df19-409c-a85a-76672686acfb,2023-10-06,S-019,P-006,1,0
4dc30e20-74f1-4091-a550-9e7f7e5c8633,2023-10-06,S-025,P-006,3,0
33d8baa5-1acb-4799-b49b-496b4baea8e8,2023-10-06,S-014,P-007,1,0
e3efb9e8-6983-4eef-936a-60de17b08724,2023-10-06,S-028,P-007,3,2700
1d7d4da3-e973-4dc6-b287-2d7a8781501d,2023-10-06,S-043,P-005,1,0
dbc7314b-6b48-4266-8daa-3c11b24f653c,2023-10-06,S-013,P-003,1,0
f8a0d5eb-8ca9-403e-8839-acbf182b1400,2023-10-06,S-016,P-005,4,0
1e3f6ca1-5fb0-48c0-80fe-0e40464ca138,2023-10-06,S-021,P-006,1,0
c1f0dfd6-7f28-4cc6-9176-3c38d6802e4f,2023-10-06,S-029,P-006,5,4000
1e449a9f-aab8-49e7-8eb6-a08dfb239798,2023-10-06,S-047,P-001,1,700
0a68ad89-898c-4419-ac69-e2094491724e,2023-10-06,S-021,P-002,1,0
af50f922-7048-44de-bbb5-6e5ce7d4b1dc,2023-10-06,S-030,P-004,2,2100
aec7f37f-8002-49dc-99f3-26f9c8143f47,2023-10-06,S-013,P-007,1,900
a358bf17-c884-461c-adc5-3254fbe2d0fd,2023-10-06,S-009,P-007,4,3600
e6fe9861-53f9-47b7-b6cf-6f58542ba639,2023-10-06,S-041,P-003,4,0
748e2224-d14a-4f96-ad14-029b132f3106,2023-10-06,S-032,P-002,3,0
8d72f906-7608-402f-9d00-a8dc879958b7,2023-10-06,S-028,P-005,1,0
7d570fa2-ed71-4d17-bd98-f99c8d0a93ff,2023-10-06,S-048,P-007,1,0
ed15d8e9-e852-4342-98a6-3cfd67dd31c2,2023-10-06,S-037,P-006,1,0
22447b38-555d-458c-88e5-44e532eaa1ce,2023-10-06,S-048,P-002,3,0
dfe3c847-0bbc-473a-8ae6-9089f9b71a77,2023-10-06,S-040,P-004,1,0
de99dfdc-b7b3-426c-9509-808191d489df,2023-10-06,S-023,P-005,1,0
902fb5d2-176c-46df-a918-a5bdec53841d,2023-10-06,S-042,P-006,4,0
8782b689-d27f-4458-bf15-356139abc212,2023-10-06,S-002,P-005,1,0
5dd4ed0a-e958-462f-805a-36e567205ec9,2023-10-06,S-040,P-007,1,900
7e8ab75b-1f10-4935-a612-119c3da5048a,2023-10-06,S-005,P-006,2,0
c0fd3ae6-941f-4814-9cb0-cfb39c311101,2023-10-06,S-040,P-002,1,950
b1af125b-7994-453c-a32b-4eb584f529e7,2023-10-06,S-034,P-007,1,900
bfad3429-f6b2-4311-85cc-cb835f374337,2023-10-06,S-040,P-003,2,0
0c6fedc9-1436-417b-b0d4-cfcbda0dde1e,2023-10-06,S-012,P-003,1,0
092050fc-504c-404f-80c6-749eaec5d5fe,2023-10-06,S-012,P-006,3,0
43c12031-d3c1-4b43-8d82-44034443ec67,2023-10-06,S-027,P-007,2,0
074d2f88-eb57-4620-97c6-93ac4131a913,2023-10-06,S-046,P-001,1,0
76e2f2a1-125b-4bc3-946d-decb2753865f,2023-10-06,S-025,P-005,1,1050
761cf315-6336-4d21-b142-535121b63a23,2023-10-07,S-007,P-004,4,0
b03f0948-1a45-4b14-bfe9-4070b639e17b,2023-10-07,S-011,P-004,1,0
e8b361d3-2ed7-4ef7-a11f-940bac717052,2023-10-07,S-029,P-003,3,0
0ada0e80-c642-4e5e-9b4a-ad68ab40fc7d,2023-10-07,S-040,P-004,1,0
59282781-5b2e-423a-8abd-bcb118ace443,2023-10-07,S-042,P-007,1,0
7d0d8bfb-ff12-4115-9d77-0b69a9a189e1,2023-10-07,S-023,P-007,1,0
fe26ff78-4cd6-41c8-b3aa-3163de300dde,2023-10-07,S-026,P-006,3,0
83ad7a19-fde2-49c9-a173-b5a5efaf773d,2023-10-07,S-002,P-002,1,0
ebd96975-bf94-47f6-b475-937d75756646,2023-10-07,S-025,P-003,4,0
117d5279-eaae-4b5a-b903-f9dae8a8894a,2023-10-07,S-010,P-006,4,0
458fa7b2-f103-404c-87e2-89eb920efa76,2023-10-07,S-013,P-003,1,0
4c0694e9-0145-4993-96a5-b97080b73e8a,2023-10-07,S-011,P-002,2,0
0101c270-a98e-4770-b02d-9b8aecc00ed9,2023-10-07,S-016,P-004,1,0
6e0a9edf-577a-473a-a5a6-772cbdb1831b,2023-10-07,S-018,P-007,1,0
fae2b72d-7b41-4663-a13e-6c2fe5d26cc8,2023-10-07,S-008,P-003,1,0
8caffef4-9db7-4188-9ebf-b5832733b014,2023-10-07,S-005,P-007,4,0
e8efeefb-f3aa-4dbd-9775-2261ae28ee32,2023-10-07,S-009,P-007,3,0
31a36728-52fb-44d7-a62e-f08869eec365,2023-10-07,S-018,P-007,1,0
867c975a-ed93-4327-aa1c-57a6b289b4f4,2023-10-07,S-002,P-006,4,0
47e8263a-d4c0-4f19-9702-2dc35f300c37,2023-10-07,S-015,P-004,2,0
c3a3ab6a-5027-4601-b1e2-7d570c870f62,2023-10-07,S-023,P-001,1,0
f9ec9998-8bdf-4412-8ece-af34e3c53d00,2023-10-07,S-050,P-003,1,0
d1f19886-3043-4993-8c00-a69fbb545069,2023-10-07,S-009,P-007,1,0
7d13da2f-18da-4db1-8111-9b4efa4519a9,2023-10-07,S-002,P-007,1,900
cfafe01c-632d-4d3f-b87a-905d4a23e5b3,2023-10-07,S-011,P-006,1,0
e707fc93-41c5-411a-a516-92c0714ba5e6,2023-10-07,S-044,P-006,10,0
fa8175a4-e5cd-45f2-880b-1898e2974a2b,2023-10-07,S-013,P-002,4,3800
85ef6430-eb20-43c0-8262-4980798f64e5,2023-10-07,S-004,P-005,1,0
3799b7b5-ddb2-4383-9308-766f934aef8a,2023-10-07,S-001,P-007,3,0
10d16452-1a9d-4cfc-8585-30cc35b58dee,2023-10-07,S-021,P-003,3,6600
cb804b3a-9af8-402f-96fa-4fe2c8f6e00b,2023-10-07,S-007,P-007,1,0
7c61a4ca-c6bf-4e35-ba7b-2d97cad740d0,2023-10-07,S-036,P-004,2,2100
222aa02b-1690-4736-9eef-c77e17f96faf,2023-10-07,S-021,P-007,2,1800
ac7fc3b2-a973-4d7c-a85c-8a21daf513e8,2023-10-07,S-047,P-004,1,0
efb3bc3d-2849-4915-9d3e-8f5e21953d15,2023-10-07,S-045,P-004,3,0
2cb87866-63cf-4ab2-aeb7-9a25be9f7808,2023-10-07,S-002,P-003,5,0
866f9302-89a7-4483-a566-142d33824b25,2023-10-07,S-046,P-004,1,0
0bb6c1bf-694d-4278-99f8-e4f512ccdecb,2023-10-07,S-001,P-003,24,0
e58a74f7-3a5c-40a6-a1fb-5f71cd8a0ff8,2023-10-07,S-026,P-004,3,3150
3a904efd-fbdb-484b-a1f6-1c945989164a,2023-10-07,S-030,P-002,2,0
6313402b-5373-48af-a50c-3039d31d60e6,2023-10-07,S-007,P-007,1,0
85c5e35f-cfc6-4a72-b7b3-733d691bad9a,2023-10-07,S-031,P-004,1,0
17e3bedb-457c-4996-acc2-d37c1c1124ad,2023-10-07,S-017,P-007,2,1800
549f22de-9879-4a5f-a5ff-20787b12cf40,2023-10-07,S-035,P-003,2,0
57d08853-d2d6-404a-a7c5-5acd951b5b80,2023-10-07,S-024,P-004,1,1050
586262bf-6ff9-43ac-9e3e-45822477831b,2023-10-07,S-018,P-003,1,0
e3524c30-fbcc-4de3-921f-475f2b88bcc9,2023-10-07,S-005,P-006,5,4000
fb1e7f52-3042-41ba-a658-ebbba8e54360,2023-10-07,S-045,P-006,4,0
124687ca-7ef6-4427-8f6c-5b96179c363b,2023-10-07,S-013,P-001,1,0
57a61d5e-cc5d-4c53-a87c-6dc68f907fd9,2023-10-07,S-011,P-006,5,0
aaad9a1d-ce26-4e42-9469-b35061ad35ee,2023-10-07,S-048,P-007,1,0
0476bfa8-445f-4666-9766-334fc3480ec3,2023-10-07,S-021,P-003,1,2200
b2585135-04ab-4f3a-b608-67f3baa968c8,2023-10-07,S-037,P-003,24,0
aeb3d5c3-a7b3-4563-a4a4-9a4a85c97ef2,2023-10-07,S-043,P-005,2,0
48886330-b043-4fcc-b577-ec9957e3582f,2023-10-07,S-020,P-002,1,950
90fdf0c2-b803-40a5-990b-b7f5f5d4ac6f,2023-10-07,S-035,P-005,1,0
ad3642fa-cdaa-40ba-8bb8-cac4988fc3b1,2023-10-07,S-031,P-005,3,3150
5747bdb3-2eda-4c50-9ef8-a0c8e94a0bdb,2023-10-07,S-033,P-001,3,0
7857c372-57a7-4b03-b454-1b1f1d7650c5,2023-10-07,S-030,P-007,2,0
fdf90262-4316-4b90-924a-d07d661f6651,2023-10-07,S-017,P-001,1,0
8f84be5f-f793-4d07-b5c7-c0fd06e6ffa7,2023-10-07,S-020,P-005,1,0
9ea56abb-25d5-4e8f-bb41-b9595c555959,2023-10-07,S-004,P-003,1,0
713c1ef9-6450-4bef-aa54-36202b209ea9,2023-10-07,S-012,P-006,1,0
573b1d7d-4b78-4f0c-9ec0-63003872a439,2023-10-07,S-013,P-006,2,1600
7224267a-0006-4919-a66e-13f634d2a087,2023-10-07,S-047,P-005,1,0
9898c5d9-4fa2-43c4-bfbc-f395971a8df1,2023-10-07,S-047,P-004,10,0
f00dc090-2535-49c6-9744-6293048910e2,2023-10-07,S-005,P-006,1,0
1925564f-0440-4a6c-9a36-dc5d0086a2f7,2023-10-07,S-002,P-005,3,0
768bbafb-85dc-4bf5-9453-40d859434796,2023-10-07,S-024,P-001,1,0
a91bf72a-e269-4b2a-9291-c50ab4d06ff6,2023-10-07,S-014,P-006,4,0
c8a686be-068f-46d4-a729-51d98b1f327c,2023-10-07,S-001,P-002,1,0
cedf0b35-daf2-4ab8-bce0-d6c64e314c65,2023-10-07,S-041,P-006,2,0
91a7bed8-b28e-4b95-bfb9-15741dc5fa02,2023-10-07,S-011,P-003,3,6600
5a761c91-156a-4387-9b14-d90f8ec8b8e0,2023-10-07,S-012,P-007,2,0
674b4bed-e5f4-402d-8aae-2dd8e699b459,2023-10-07,S-009,P-001,2,0
30d2bc20-139b-4149-b8ce-c1b3543a50f3,2023-10-07,S-008,P-005,1,0
a6cc0bcc-f800-4ce4-a8b7-047b79f0dbee,2023-10-07,S-016,P-002,3,2850
eb424252-a58f-4141-8a32-ae1c49c31bd0,2023-10-07,S-044,P-006,1,0
52624182-d935-4cec-97f6-81e6c8899565,2023-10-07,S-008,P-003,1,0
07184b2b-95b8-498d-8c61-083036d89ecd,2023-10-07,S-027,P-007,1,0
61254bcd-2137-4049-96f6-7bed8f51a6e0,2023-10-07,S-036,P-005,5,0
d86ddfc1-53d2-4804-a938-043b6d81c4d5,2023-10-07,S-020,P-006,1,0
22119ddd-8503-4815-8e7e-c9bfaadd1b49,2023-10-07,S-038,P-002,2,1900
3faa0516-9f56-4b1f-9e4e-1a74b4a1f56f,2023-10-07,S-008,P-005,2,0
61436a91-c096-4d09-b4e2-2e7211c1c6c8,2023-10-07,S-027,P-005,3,3150
06afc9b8-e4ab-4d81-ac4d-6f2e768b8654,2023-10-07,S-047,P-002,1,0
084e9139-619b-45d9-86ad-840a5c8dd8a0,2023-10-07,S-018,P-001,10,0
9fca094e-7263-44c5-a05e-ac8d2584e755,2023-10-07,S-030,P-004,1,0
e3d6240c-b8f1-4147-8e56-11ebd58ae2a6,2023-10-07,S-046,P-006,1,0
34c23325-6d4a-4eeb-bdc8-7414ec953e00,2023-10-07,S-010,P-006,3,0
ee44bced-48b0-4f83-b2df-0be0e6b41f03,2023-10-07,S-048,P-004,1,1050
163ea625-b5fc-46f5-921f-7da3370584c9,2023-10-07,S-005,P-005,3,0
8e5f44e5-8f2b-4a32-b866-df242aa71fe0,2023-10-07,S-012,P-001,2,0
8e87a0fb-9a12-4a2e-b802-a0dfbce31783,2023-10-07,S-043,P-004,1,0
2f7449c1-6037-40db-a073-abcc42ab9f71,2023-10-07,S-047,P-001,1,0
ed30d965-6763-4adb-96fa-8b0f51aba13d,2023-10-07,S-019,P-001,4,0
ba09be71-8d21-468a-a16a-9f5533ddff8c,2023-10-07,S-027,P-002,2,1900
56d9a647-4a52-4ffb-ae09-01feaf71c942,2023-10-07,S-001,P-005,3,0
3c4dca1d-f75e-4b8c-b88e-2c18b6fc51d0,2023-10-07,S-004,P-005,4,0
06f5fefe-a361-4697-930b-16baceac1e2d,2023-10-07,S-012,P-005,3,0
4cc3e2dc-2300-42ec-8972-fdbcf5b562d3,2023-10-07,S-001,P-007,1,0
0e58bff7-d3a0-40a6-a610-2a32e114c39d,2023-10-07,S-014,P-005,1,0
69752490-5826-486e-bc1a-d1891810842b,2023-10-07,S-008,P-004,3,0
d7ec67c9-8f2c-4c5e-b49e-003fd8ff4da5,2023-10-07,S-045,P-007,2,1800
89d52e07-32ca-47b1-8df7-62c365e19e0d,2023-10-07,S-010,P-001,2,0
76f605cf-e6f8-4b72-865a-33e6e534b3ca,2023-10-07,S-050,P-001,1,0
09f4664f-b47b-414c-87a8-f88f6d81fed6,2023-10-07,S-004,P-003,4,0
68b1c440-4e54-4ccd-8055-42a480ad3a30,2023-10-07,S-013,P-003,1,0
4b8bf1c0-0b19-4d6b-a3f6-734b0a077faa,2023-10-07,S-010,P-005,2,2100
06b7b315-645f-4667-8879-66a50254a2bb,2023-10-07,S-050,P-003,1,0
d2e3a3b9-11c4-40bf-9fc5-ffae11a66c85,2023-10-07,S-034,P-003,2,0
942591d9-8ec8-4c3f-8cbd-af81d9c27260,2023-10-07,S-034,P-004,1,0
742c59e6-0aa7-47e9-a77d-69a90f06a484,2023-10-07,S-048,P-006,1,0
da414ee8-becf-4db4-a226-28b504e2fd06,2023-10-07,S-039,P-004,2,0
8dd4af1f-e2b3-43fd-9527-a8c3b152c506,2023-10-07,S-003,P-002,1,0
256f7fb6-e4a7-4623-9a48-0d12d3d0432a,2023-10-07,S-043,P-002,5,4750
fa5b6c26-a7ff-4049-8ef1-71054461fd49,2023-10-07,S-032,P-007,1,0
cb682215-4365-4310-b9da-83f0091bb0a4,2023-10-07,S-018,P-004,3,3150
3bee8b21-2ef5-4095-8046-51f07735c58a,2023-10-07,S-019,P-007,1,0
0be20dfb-8653-480f-9ce8-26dd27a49a1f,2023-10-07,S-036,P-004,1,1050
a92d5b27-87c0-419c-9f1d-eefc9ef65242,2023-10-07,S-022,P-002,1,0
29f067a4-63bf-40f6-82ff-6e8abea092aa,2023-10-07,S-003,P-007,4,0
bc94d454-f141-4f33-bdd8-846d5d3903fc,2023-10-07,S-016,P-003,24,0
1f4f2d32-80f3-4fc4-9982-6065934c7780,2023-10-07,S-038,P-006,2,1600
9bb3bd09-bc1f-41e1-89e4-a235896a734b,2023-10-07,S-043,P-003,1,0
da77a53e-0c13-47c4-b8df-d34aee015d27,2023-10-07,S-002,P-005,10,0
0e327579-cbde-4363-95cf-2f5cffd8bd56,2023-10-07,S-046,P-002,1,0
75bb8d67-c42b-44f5-a5e2-8e219335755d,2023-10-07,S-019,P-004,1,0
8faa1ce7-7adf-4979-814a-581f7ddf84b1,2023-10-07,S-037,P-003,4,0
73017ecc-796d-453f-9621-578ecebe29a3,2023-10-07,S-049,P-005,10,0
527aae35-6038-4fd6-b381-118468a5a565,2023-10-07,S-016,P-004,3,0
9b487d15-3834-47e9-9180-12a6cec65af5,2023-10-07,S-009,P-001,1,0
de2c6c1e-cdda-4cb1-8940-ccbff942ff9c,2023-10-07,S-025,P-003,5,0
32227e44-8d52-4a02-809d-389a5dd0dba2,2023-10-07,S-015,P-004,2,0
c1dc232f-7fd1-4bf4-aa29-e3be62f3ab38,2023-10-07,S-041,P-005,5,0
fd43d5f8-43ce-475a-8300-dedfbf151e7a,2023-10-07,S-010,P-007,2,0
5660ad08-9e9f-4540-b075-f897c2136f9e,2023-10-07,S-046,P-005,2,0
84173093-4d80-48ca-9d4c-661dc0ddcc78,2023-10-07,S-002,P-006,1,0
f7087d39-ea4c-4c9d-bfb7-60bcf2a2c1b1,2023-10-07,S-029,P-001,4,0
a48ed758-4ae6-413f-96d7-0b3811ee2ae5,2023-10-07,S-015,P-003,24,0
533d8aa1-37ff-40cf-9dc9-d45cf02c5e58,2023-10-07,S-004,P-001,1,0
b114906c-c0bc-4b1c-8312-a17893be22ac,2023-10-07,S-004,P-004,1,0
f02e9707-8fc4-44ec-a222-c1d0d424b623,2023-10-07,S-007,P-002,4,0
3450c6fe-a638-4b7a-b1a1-b91991df8ada,2023-10-07,S-020,P-004,4,0
80a7b9b5-8e53-48ed-b1d3-a536555b933b,2023-10-07,S-018,P-006,2,0
3a0dbc5d-daa3-4464-83ee-ccce52b95cc5,2023-10-07,S-032,P-007,1,0
cb5a5772-243f-453a-bdf4-ebb5c6844e53,2023-10-07,S-015,P-001,1,0
e0ca4cb2-e407-461b-8a92-c8218d38c704,2023-10-07,S-008,P-007,4,0
8cc54cd2-3e19-4ff9-a39c-1323892e25f5,2023-10-07,S-009,P-002,2,1900
944473ea-bb0b-4dbe-a87f-5fd3bf791271,2023-10-07,S-044,P-004,1,0
d27dbc09-fef5-43e2-996e-5b19d69f6343,2023-10-08,S-043,P-007,2,0
afb6c04b-7379-47d5-a323-c6c781c03743,2023-10-08,S-016,P-006,1,0
8f490b1d-c6c3-4ad8-bb1a-dad13eac5c58,2023-10-08,S-032,P-005,1,0
d299b394-f64e-4d19-a6fb-9f923ae5954c,2023-10-08,S-016,P-005,1,0
810cd0c0-3375-464c-8e67-f4fc3c3a96b4,2023-10-08,S-004,P-003,1,0
ec003719-4a17-43ab-bf7e-3aa2c4d703e1,2023-10-08,S-025,P-007,2,0
7007d905-f073-48ea-b4c9-ca9543ce2306,2023-10-08,S-005,P-001,4,0
abeb419b-eb7d-4e9b-8e5e-93a41854f0a8,2023-10-08,S-031,P-001,1,0
a0cbea69-18ad-4102-80b8-881b005e593c,2023-10-08,S-050,P-001,10,0
51aed210-47dc-454d-bcd5-fef73fcf26a2,2023-10-08,S-045,P-002,2,0
edeb96b4-aafa-42ca-9ff9-99a0194c1223,2023-10-08,S-026,P-004,1,0
fa45d96e-0e5f-490f-aa51-1a87b58ac8eb,2023-10-08,S-005,P-007,4,0
5d472cf1-0b3a-4b65-a7da-2c31240a1fec,2023-10-08,S-031,P-006,1,0
dd652e2d-ef42-4012-bf20-7bf4eb840c35,2023-10-08,S-036,P-003,2,0
be6b1463-5645-4dc4-b956-db7a903f50cc,2023-10-08,S-012,P-005,4,0
7ea2f033-741c-4956-a11d-c465eb965f78,2023-10-08,S-049,P-004,4,0
53d4ea47-176e-41b4-8e9c-609bde2e8051,2023-10-08,S-034,P-006,1,0
c234fca5-b8c1-485a-ada8-1057c60be680,2023-10-08,S-017,P-006,4,3200
324be85b-c221-4734-98df-7a96d414322e,2023-10-08,S-019,P-004,1,0
2a7384e8-53c2-4a48-ad93-b922e2a8b79e,2023-10-08,S-049,P-004,4,0
6bc90d2b-0286-497a-ae50-5343471c864c,2023-10-08,S-039,P-007,4,0
f7c90e92-abb9-4698-8189-31b3e366e5dd,2023-10-08,S-044,P-003,3,0
24c35cda-a273-48f9-98a7-65bc3c0eac55,2023-10-08,S-011,P-004,1,0
6173bd29-0b15-4b04-8b80-83f8398575f3,2023-10-08,S-012,P-007,1,0
00984784-f46c-42c6-a860-98af1500eb2b,2023-10-08,S-019,P-007,1,0
2fb0b832-9eca-41ff-9dea-5f18aad11238,2023-10-08,S-018,P-004,2,0
12af807b-ed2b-40a5-8ec8-c1451aa62fb2,2023-10-08,S-019,P-002,3,0
53e402da-bfa2-49d9-a7c7-01c5f907ebf3,2023-10-08,S-014,P-004,1,0
8be601fb-1b67-4d78-ae93-b20343030423,2023-10-08,S-047,P-006,1,0
5508cd09-d08c-4580-85d3-c2220b2dd395,2023-10-08,S-050,P-005,1,0
b7bf8a14-ac5e-46e2-a47c-b4e08a00618c,2023-10-08,S-023,P-006,1,800
b6569569-d882-4729-be67-6a1cd43a5ad5,2023-10-08,S-043,P-007,4,0
e6b7364d-a8cc-4294-90fe-8ffd0d7e453a,2023-10-08,S-024,P-003,2,0
557f60c4-8f97-4a99-9de9-0bf115cc45bd,2023-10-08,S-007,P-002,1,0
2736da48-c552-416c-93c4-77937fe9b01f,2023-10-08,S-009,P-007,1,0
5b009ee1-c0f8-4ab2-b5e9-f5106caa0d81,2023-10-08,S-019,P-002,1,0
1a30047a-181d-4ec5-9858-77783259c345,2023-10-08,S-049,P-007,2,0
e763a8bd-c853-44d5-beb8-af57759507fa,2023-10-08,S-008,P-001,1,0
ddb85cd5-b90d-4c5f-af68-2660228176f3,2023-10-08,S-033,P-006,1,0
ae42b788-3b97-4ac9-8220-310738dd7f62,2023-10-08,S-033,P-003,1,0
6edc8b4b-6d6b-4ff3-8ba9-d9f942ad6e18,2023-10-08,S-030,P-007,3,0
16b38d58-7d23-4682-9dfa-b3fd5cdb5a46,2023-10-08,S-036,P-004,1,0
7bd30419-8eb5-403e-a752-6d574192979a,2023-10-08,S-024,P-004,1,0
6872b653-f1e7-4768-be63-166e6ebadfeb,2023-10-08,S-028,P-004,2,0
3c7e8ad9-dfc0-4ebd-9dd2-99ae1c2a0cd3,2023-10-08,S-025,P-003,10,22000
f11ef7c6-3f11-45d7-8985-de749a712da7,2023-10-08,S-031,P-003,2,0
5b925591-ac14-4bc0-9e41-a1c0e6cd789b,2023-10-08,S-034,P-004,1,0
4f6e903b-0c9c-42ff-98fa-8f40a4474802,2023-10-08,S-010,P-005,1,0
93d7435c-fe54-45cc-8dbe-cdf592cf595f,2023-10-08,S-015,P-007,1,0
37e84ac4-affd-477a-b4fe-b60d6aeb1c47,2023-10-08,S-037,P-001,1,0
f5708471-5314-4aaa-ae5a-ce6347440cd9,2023-10-08,S-014,P-001,5,3500
2a9e2b38-9710-4ce0-919a-73b50a2839ef,2023-10-08,S-047,P-007,1,0
18cac124-709c-4756-bfc9-7c20ca24da7b,2023-10-08,S-013,P-006,5,0
c4375136-28d9-438c-8b98-38fd4b3e66ae,2023-10-08,S-011,P-007,2,0
abf2e9ab-f860-46d3-85c8-9292f8839e72,2023-10-08,S-029,P-001,1,0
c959562c-ba0c-40b8-90b7-d0491f181e8e,2023-10-08,S-046,P-001,4,0
5c89f425-1cfc-4019-af65-be2c79f905ac,2023-10-08,S-012,P-001,1,700
2b1b1843-5da5-4011-95ec-730b44970ad8,2023-10-08,S-040,P-005,2,0
6cc0445c-2538-4af5-befa-bd08e1ca6881,2023-10-08,S-015,P-006,2,0
e80e7fb5-39da-41b2-92f7-55fc04817642,2023-10-08,S-001,P-002,24,22800
3495720b-8b05-471f-be9c-4aa3d39d9430,2023-10-08,S-043,P-007,1,0
2bd6a9eb-99a7-4713-b08d-48c2952ce47c,2023-10-08,S-047,P-001,2,0
03c9754b-cbb4-4879-b335-e64e6d167759,2023-10-08,S-037,P-003,4,0
bcb11b33-496a-4576-8c2b-57365b8fc712,2023-10-08,S-002,P-002,1,0
877a2485-8692-428b-95b0-1678130b6466,2023-10-08,S-023,P-002,1,0
5d54565f-10b6-4249-9a4b-172b1ef64a03,2023-10-08,S-047,P-006,2,0
bce78acd-d7ce-410a-b78b-f38d52ced87e,2023-10-08,S-050,P-001,2,0
053d42ba-d5f9-47e9-8688-0b54b11713df,2023-10-08,S-014,P-003,4,0
00f6f09b-67b8-4493-af51-f372c9a70f2b,2023-10-08,S-021,P-001,1,0
02048d2c-912f-4ed3-a731-4b84151dd489,2023-10-08,S-015,P-007,1,900
63be87c1-86c0-428e-ab21-a17bbf0d4d85,2023-10-08,S-020,P-006,10,0
48328fae-ac9e-4339-b797-cb0f5ed2c71f,2023-10-08,S-030,P-007,1,0
dc64547f-ba74-4211-af8a-02150d64bacf,2023-10-08,S-040,P-006,1,0
130d5c04-1838-441a-9fdb-72602c9b38da,2023-10-08,S-014,P-002,3,0
2a4b8961-67cd-47af-83e8-ea1c27836796,2023-10-08,S-004,P-001,1,0
2e875122-0354-4534-8165-77cf37afe9a6,2023-10-08,S-047,P-001,1,0
a4434d8a-7920-4fca-a525-0ce94923caeb,2023-10-08,S-025,P-004,1,1050
a583a119-e39b-4d59-93a1-0b2fb5985f27,2023-10-08,S-043,P-004,1,0
88d3a581-661f-4bf1-922e-0e0cc8ece7f6,2023-10-08,S-037,P-005,2,0
861f4645-0ab4-4d5b-8221-9856923c05d9,2023-10-08,S-046,P-004,4,0
ba0e2614-37b0-451f-a715-fd5702daacc1,2023-10-08,S-038,P-002,4,0
e21814cc-b76e-4b4d-8339-f4a96b80fd6e,2023-10-08,S-035,P-003,4,0
5f943a42-a68a-4503-a433-c3fbe480c585,2023-10-08,S-007,P-004,1,0
136199ba-1901-47a5-899f-4bf76e238fa1,2023-10-08,S-034,P-001,1,0
efde3fce-402a-45c2-aab3-247686d27836,2023-10-08,S-028,P-004,1,0
94b20a7b-aa96-4fe0-b9ef-9ed3517491b7,2023-10-08,S-044,P-002,1,0
0d4ef8ef-c247-48a1-90db-900d8290a8dd,2023-10-08,S-020,P-005,1,0
6ccba4e6-68e2-435d-b73d-b1a055341736,2023-10-08,S-013,P-006,4,0
f027935e-9e0c-4a81-a50b-b0bf13996f18,2023-10-08,S-017,P-003,4,0
eb588c5a-6083-4c91-b0d4-2b19e8ce4438,2023-10-08,S-039,P-006,1,0
2ae5008c-dcd1-47ea-b508-466f94092882,2023-10-08,S-001,P-002,1,950
82be93aa-3316-4e9d-bac9-889de8a44530,2023-10-08,S-010,P-004,1,0
c96d86aa-9ad6-4b79-9be3-3b70d27abe75,2023-10-08,S-011,P-006,2,0
7dab0c76-8be4-4a78-a4de-5cbedd09f259,2023-10-08,S-013,P-006,1,0
7b137d43-ca61-4330-a932-0f73c262f702,2023-10-08,S-043,P-002,2,0
c8e50e45-65a3-4205-9083-c57ea1805566,2023-10-08,S-025,P-005,1,1050
9a72b57c-3566-45e4-ae50-74d51dded305,2023-10-08,S-050,P-004,2,2100
1acbdca9-b07f-42bf-96d4-a4f3d105a755,2023-10-08,S-038,P-004,4,0
338a3836-241a-4263-9046-2a051a81f6bb,2023-10-08,S-025,P-001,2,1400
150fbe48-9315-4746-8fbf-f72ee1ee7f13,2023-10-08,S-049,P-002,1,0
611c5146-fa48-4394-8521-4a6ce56881ff,2023-10-08,S-024,P-002,1,0
e6779285-6012-4b05-8393-65074de16534,2023-10-08,S-013,P-007,3,0
23ffe7fa-5677-4499-b504-11cdcf055893,2023-10-08,S-027,P-001,1,0
bedd8d69-e388-4047-9ead-193dc61535f6,2023-10-08,S-022,P-003,2,0
177b428c-1053-4e19-8e1c-be8a31cc31aa,2023-10-08,S-029,P-001,1,0
82bbd2a2-1b89-4e2f-b541-e91ccec39f21,2023-10-08,S-001,P-003,3,6600
904e8609-c0b7-4b80-a8d5-163095950488,2023-10-08,S-017,P-003,5,0
5b9ea922-6fe7-40d2-b731-cdf4081d4e38,2023-10-08,S-024,P-003,5,11000
0ad062d2-0533-4e13-bdf0-863b396d0073,2023-10-08,S-019,P-003,4,0
b5a5ab27-1db5-4247-8e13-879fc1f0dffd,2023-10-08,S-038,P-006,1,0
e503ff82-46b7-4f13-adee-dc425d9900d3,2023-10-08,S-026,P-001,4,0
1e77c84c-ec05-4b77-ab2f-7a6f36974f66,2023-10-08,S-018,P-006,2,0
232a6486-66c9-4d07-8b3a-d4af70ef3991,2023-10-08,S-017,P-004,2,0
09643a9e-3957-4a18-aa50-9ea8c383d096,2023-10-08,S-050,P-005,4,0
3dd9f167-19c0-462d-875e-0dd3e2b53ae4,2023-10-08,S-035,P-002,4,0
3ad32174-2578-4a6a-beb9-c12bc6b3be5c,2023-10-08,S-012,P-004,1,0
88676074-709f-44a5-8c8b-b532e5648c93,2023-10-08,S-032,P-004,2,0
3d4afc05-a223-452a-b015-fb109ebc64ac,2023-10-08,S-040,P-003,1,0
98b92fff-bb87-474f-9ab4-a46059bd6609,2023-10-08,S-037,P-006,3,0
a7a92ded-e367-4a4b-b505-c9ffba0ab9a6,2023-10-08,S-045,P-006,1,0
3e149991-4fb0-40e7-9bba-0cbb21045566,2023-10-08,S-038,P-001,1,0
cab29f81-9aaf-4bc5-970d-ff377afcba87,2023-10-08,S-047,P-006,5,0
e8224381-1fee-455b-8612-fb47030c7f6b,2023-10-08,S-016,P-007,2,0
dbd450e4-4f6e-4ec6-80ce-cc901343e5d1,2023-10-08,S-005,P-003,4,0
1b28bbf0-4c99-48a3-af11-29694fe046e5,2023-10-08,S-004,P-007,3,0
55d977f9-23d4-409f-a0f5-38b5d6cc1db7,2023-10-08,S-017,P-006,2,0
2b499c32-bb11-4190-a213-3ed87a9ede3d,2023-10-08,S-033,P-004,3,0
441f411d-9492-4ea3-bed6-eb798e1b7103,2023-10-08,S-047,P-002,10,0
769741f7-dc60-478d-824e-4ddb8095b6ee,2023-10-08,S-006,P-007,2,1800
d30bfa93-0896-44fa-bf57-6f6cd67ebd0a,2023-10-08,S-032,P-004,2,0
9f8295ce-966b-4153-947c-d827c288c27e,2023-10-08,S-037,P-005,1,0
ddf4435e-f17e-4116-b6e5-29e12b3e4e7b,2023-10-08,S-042,P-007,1,0
7813d8b6-4e86-480d-af78-ace2b6ec2b56,2023-10-08,S-017,P-003,2,0
659b37c4-8f1c-4095-b64d-e4b252175644,2023-10-08,S-033,P-002,5,0
fd5b045b-107e-45b5-938e-8a0bcaaa87a2,2023-10-08,S-001,P-004,24,0
8921954b-9df3-4764-9741-3ccc6cea39c9,2023-10-08,S-001,P-007,5,0
790f0d56-bc56-4643-a8e9-83e0a3c76558,2023-10-08,S-035,P-001,1,0
75cf262d-d07f-4a27-9f43-461b2ba24f75,2023-10-08,S-041,P-002,1,0
b77a1a46-4bf3-43a6-a497-30cb0c154843,2023-10-08,S-040,P-003,5,0
86730c71-41b5-42c0-9a6d-d0601e6a1886,2023-10-08,S-025,P-007,1,0
b831ba01-4aa4-420a-a262-dd3106d13862,2023-10-08,S-001,P-002,2,0
3721cac2-36cd-4786-a3d7-9c1d5b6c5102,2023-10-08,S-011,P-005,3,0
63ab27a3-0d44-4e16-bd40-cef604c97660,2023-10-08,S-037,P-001,2,1400
f9238bd1-f711-48ff-8f3c-34dfb9c1f478,2023-10-08,S-033,P-002,1,0
ebba50c6-6f64-411a-9e64-f78a524d81fe,2023-10-08,S-050,P-007,1,0
137b5ab1-0de3-4dcd-8257-0d6388345974,2023-10-08,S-006,P-006,3,0
e2fe6c80-99fd-4db8-ba9c-1fb7021aa146,2023-10-08,S-042,P-007,2,0
a3ed5fe1-28cb-46ac-bb60-ac48da33e8f2,2023-10-08,S-019,P-001,1,0
fc555823-27c5-44ad-9799-846785d6b267,2023-10-08,S-044,P-001,2,0
deb11a6e-cbd5-45f7-bc1d-4fb65f7dd023,2023-10-08,S-012,P-002,1,0
50cfb000-85d1-4980-b5ea-172f4df99d22,2023-10-08,S-036,P-003,2,0
df223505-0561-4f64-bb72-c89fc1ad06dd,2023-10-08,S-030,P-002,1,0
ba0cc8a3-6738-42eb-b8d4-13115c589047,2023-10-08,S-036,P-002,4,0
4062c6bd-5543-4480-883a-641bcf2fcf9d,2023-10-08,S-032,P-001,1,0
e69fe710-34d3-4692-a0b8-54b2b890f874,2023-10-08,S-046,P-003,1,0
d50f140f-d6e7-4a91-a46d-276d9d9a9257,2023-10-08,S-035,P-006,1,0
afcf78bd-78f6-4441-852b-236b5d838867,2023-10-08,S-038,P-002,1,0
690d011f-520d-479f-ad61-73b1a69e32c4,2023-10-08,S-001,P-002,1,950
10e4765f-ad20-44b2-af3c-42b7de01402c,2023-10-08,S-046,P-005,1,0
047d332f-08b6-42f8-a730-0d0396c02a03,2023-10-08,S-030,P-007,3,0
ac12aae7-3a25-414b-957f-5eaeebd8f152,2023-10-08,S-030,P-005,1,0
34fc1e9d-2547-44af-a7f7-f7ab5d03c082,2023-10-09,S-014,P-005,4,4200
6971f24d-7b67-4645-adb2-9469233b5632,2023-10-09,S-035,P-005,1,0
515a6156-2a6c-412f-a882-1ad6523ac42d,2023-10-09,S-023,P-005,1,0
dc39d392-7173-43ce-91cc-edab2d17a090,2023-10-09,S-050,P-002,3,2850
835bc58f-91e4-4e54-baf4-83ee78e57f77,2023-10-09,S-006,P-006,1,0
1afe28b8-6e05-4171-8425-dfba5eed85f8,2023-10-09,S-044,P-005,1,1050
3da9e6e8-a2a6-4f6b-872f-ba3bcce69d92,2023-10-09,S-024,P-004,4,4200
e6baf515-8212-4bd2-8a09-3b5874b29705,2023-10-09,S-021,P-007,1,0
4e89d536-4d36-4d97-a843-d49e3f31483e,2023-10-09,S-037,P-007,4,0
3dfdb497-e732-4acb-b5f2-257df7c2adf1,2023-10-09,S-042,P-005,1,0
869e118e-5c73-440d-a9d2-772291cf247a,2023-10-09,S-043,P-005,4,0
fa3a86ba-4925-433e-ae0c-774a84d8e0a5,2023-10-09,S-021,P-005,3,0
2876a65f-287e-4e10-931f-97c694d77a63,2023-10-09,S-037,P-001,5,3500
b0ff7ccd-fdb8-478e-b1cc-8208f702f7a7,2023-10-09,S-047,P-003,2,0
da08808c-d16d-4f13-ab8b-4e1ed7610eaa,2023-10-09,S-002,P-005,3,3150
4d7782de-a64b-44ee-9456-ef3b797ea518,2023-10-09,S-050,P-007,1,0
5590ceff-f99a-46d6-bc16-151fe5892bf6,2023-10-09,S-034,P-004,2,0
f9763e0d-f473-444e-b0a1-88d123d45c37,2023-10-09,S-045,P-006,1,0
908dac99-2ec5-4173-acfc-7f8ff70124a2,2023-10-09,S-029,P-001,1,0
ce088a5c-0344-4cc8-9423-604f8c3e39a4,2023-10-09,S-042,P-001,2,1400
acdf18a4-23ed-4417-8d8a-d626d3f54aab,2023-10-09,S-044,P-006,2,0
9e9eec25-006d-4bad-9399-59f61ade20d8,2023-10-09,S-015,P-005,5,5250
290f5d1b-e785-4535-a885-40f3f81999b8,2023-10-09,S-004,P-005,4,0
0d91341c-3c51-4c95-bef6-ebb32b268ba9,2023-10-09,S-048,P-004,1,0
5cfe1fab-9118-49ac-b525-2d4ba2031bd3,2023-10-09,S-040,P-007,4,0
4bb2cef6-0a51-4e01-8a35-c0f49a63fec5,2023-10-09,S-044,P-003,10,0
f984179d-f2d0-41be-a64f-580ce5f0345c,2023-10-09,S-021,P-005,1,0
f5966194-8b70-4a7c-a178-989a01f8c3fe,2023-10-09,S-050,P-003,1,0
3fd34d72-5b50-4e7e-8be7-b642d5ea15fe,2023-10-09,S-027,P-003,1,0
e530b9d6-2289-4f17-a57f-0f5b18dfeb5e,2023-10-09,S-021,P-006,1,800
845ead86-8592-4077-bd85-2e4a86c61f87,2023-10-09,S-017,P-004,1,0
682dd4ed-ca0f-42fe-bb26-a45d4dae3e71,2023-10-09,S-022,P-002,1,950
8bdc0ce7-4e40-4ddf-beb3-cf77fd03d4e3,2023-10-09,S-042,P-001,24,0
71df34c9-6d3d-4d4b-b4cc-60bad376d0c3,2023-10-09,S-034,P-001,2,0
3c311938-4f19-4e37-8c25-65216e96ba74,2023-10-09,S-010,P-001,5,0
8c775d34-a425-4754-9e5b-d0ddb79c0e8b,2023-10-09,S-030,P-002,2,0
7a1eeaf3-13a1-48ee-95ce-8f9256efabfd,2023-10-09,S-014,P-007,1,0
bd9951ee-1ca3-48d9-a275-83e3c7579e1a,2023-10-09,S-018,P-001,1,700
99451e2e-8341-44aa-bf93-d7e6933799af,2023-10-09,S-043,P-005,1,0
b93a261b-6917-48ab-bba1-0f782796c8a8,2023-10-09,S-021,P-005,2,0
9421ce28-c2fb-479e-b0b7-1bc4c57ae86c,2023-10-09,S-040,P-003,5,0
cdb83bac-5615-4cda-b451-2caca3c4547f,2023-10-09,S-014,P-005,1,0
f876b6c2-2dfb-419e-9724-a36ec3793182,2023-10-09,S-004,P-007,1,0
c286fcd1-0277-4286-ac51-75f9cdd5f17a,2023-10-09,S-031,P-005,2,2100
ecc56265-ab48-4020-bdd5-5286e02e13c5,2023-10-09,S-016,P-002,2,1900
63a07e85-eb94-4f32-9678-1678a3b004c9,2023-10-09,S-033,P-003,3,0
0e0c09dd-d24c-466c-be9a-26aaf6f0cb84,2023-10-09,S-039,P-004,1,0
68a29eef-1776-4cb5-b05f-a16c7f7e4c07,2023-10-09,S-045,P-004,1,0
986f51bb-c98e-4550-9c68-6a6dfc554783,2023-10-09,S-023,P-005,5,0
7f48e2e1-297f-49f8-b847-a0e044225889,2023-10-09,S-042,P-007,2,0
1ef618a6-8a71-4a06-b3b6-fc0a740443d7,2023-10-09,S-025,P-003,1,0
96a04faf-72e8-4708-b056-d90c333fbe78,2023-10-09,S-032,P-004,1,0
329ff968-a683-4c53-882a-c67268a6c76c,2023-10-09,S-031,P-002,24,22800
ffe75463-ffb4-4fab-af01-8b3739e14023,2023-10-09,S-033,P-002,3,0
03537141-e27a-4408-ac8a-dea9e61d95b0,2023-10-09,S-031,P-004,24,25200
b53753da-1b65-44c9-a834-34315a5f6458,2023-10-09,S-019,P-001,2,1400
724bb581-efc9-4ca7-8581-2250be15ad46,2023-10-09,S-022,P-003,2,0
005e15b3-02c0-4dee-bc73-6bfdf6c976f2,2023-10-09,S-037,P-007,4,3600
87568647-a6df-49cc-94e6-9e9afc1948af,2023-10-09,S-026,P-003,1,0
f1f09c13-8350-403d-9ca0-62aacdb98fe2,2023-10-09,S-041,P-006,2,1600
559d583d-1ad9-4f51-b6fa-e22911306a21,2023-10-09,S-014,P-003,1,0
a53ad43b-300a-4ac6-88b3-9fb94b6a715b,2023-10-09,S-048,P-003,2,0
99c77b78-7a39-4cbb-be7b-c2f002f2c254,2023-10-09,S-013,P-005,1,0
38fce486-c643-4296-8295-f0b11c9ef9ff,2023-10-09,S-029,P-001,4,0
9c274382-b411-42bf-b294-10d72e073da7,2023-10-09,S-023,P-005,1,0
eaa2780c-eb91-4c0b-a1b1-a01472b4ee09,2023-10-09,S-027,P-002,2,0
874f0c0a-03a1-4615-9654-a0181ddfb435,2023-10-09,S-043,P-004,2,0
afcf2d33-381d-4be7-8dae-cebfb6b36189,2023-10-09,S-042,P-003,2,4400
9d40b591-1dfb-4cef-9a16-4ce0047db933,2023-10-09,S-027,P-005,4,4200
ece68f97-9263-45ba-8003-640920cbaf1c,2023-10-09,S-014,P-001,2,1400
bcc7d590-004e-4f7e-bbfb-ffe729a0192f,2023-10-09,S-025,P-004,10,0
4e18ce1c-e0ea-49ea-aded-580ddde59e8b,2023-10-09,S-014,P-006,5,0
778437d9-ca0d-4de3-af8f-9cf92336b5d6,2023-10-09,S-003,P-002,1,0
1c743472-545c-402c-89b2-7852449902e7,2023-10-09,S-039,P-006,1,0
76a27d91-fc01-4e4c-a6ce-193adaae2c76,2023-10-09,S-015,P-006,1,0
8c4d305e-0175-44cc-9720-f6bcad94a384,2023-10-09,S-033,P-004,1,0
1edaa366-f96c-4c6e-a0a5-9334a6baba7a,2023-10-09,S-040,P-004,4,4200
1b746c68-2fec-4453-ad1f-c8c25214f818,2023-10-09,S-028,P-007,1,0
39e71ec5-8fff-494f-bcd3-28af8738505b,2023-10-09,S-006,P-005,1,0
13fff9a7-0552-4870-b93d-0a386b7a2094,2023-10-09,S-050,P-004,10,10500
7348edd0-565f-49e8-8e25-60dff6e5cd33,2023-10-09,S-044,P-002,1,0
869c2a7b-2d4b-4f69-bd8e-7ac9b6bafcb6,2023-10-09,S-045,P-007,2,0
69a18f8c-b50c-4f06-bc23-4d8b687cc24c,2023-10-09,S-001,P-004,3,3150
62d5e4b0-5c4b-4b1b-bbc9-032de418a46f,2023-10-09,S-037,P-007,1,900
611c2f82-f0d6-489e-ac79-9ff5e56bc164,2023-10-09,S-033,P-002,24,0
0dcf593c-d990-4351-b4c8-2757ff8efff3,2023-10-09,S-001,P-005,1,0
fecbd9d5-32e5-4e36-815d-99c9ba621308,2023-10-09,S-039,P-004,2,0
f5a1ebc0-09b2-413c-867d-cc673f8aa830,2023-10-09,S-003,P-002,10,0
c14a60e5-b5a4-43ab-8c96-19b733fa0f0d,2023-10-09,S-046,P-003,1,0
ffdec0fe-335e-4d60-a370-70dc08059223,2023-10-09,S-024,P-003,2,0
e22202e2-2217-45bc-97f3-539ba9497f33,2023-10-09,S-019,P-001,3,2100
558ea173-2ca7-4461-9391-0047fd2a34b4,2023-10-09,S-002,P-002,1,0
353f3107-cab8-42b1-a1d9-81cd2d175072,2023-10-09,S-022,P-004,1,0
f85830ec-6d6a-417b-a0cb-530ed66a5df9,2023-10-09,S-032,P-006,1,0
b0eac4fd-fcfe-45b7-95e8-bec23538696d,2023-10-09,S-029,P-007,2,0
123881f4-bba8-4558-99c3-bd1134dc2c7e,2023-10-09,S-008,P-002,1,950
febd1e37-309a-4660-88dc-fd4e681648f0,2023-10-09,S-018,P-007,1,0
26ea997d-00a2-414b-822b-826712356439,2023-10-09,S-034,P-003,1,0
2878153d-058d-4e00-82a2-01174167449e,2023-10-09,S-020,P-007,2,0
dacdcdcb-183f-490e-8b20-f1553cdf5129,2023-10-09,S-048,P-007,5,4500
ed304b32-adf8-4898-9b22-cab898b2b006,2023-10-09,S-011,P-004,2,0
05af0e17-c4da-4d1b-b021-987902637593,2023-10-09,S-047,P-006,1,0
36839fab-02f5-41ff-a81a-f19275fb46d0,2023-10-09,S-033,P-002,2,0
79fb4df5-6a06-426f-81ba-938ffe75de9b,2023-10-09,S-011,P-004,4,0
127ae9fd-8bf8-4e37-a356-1695f3ac7e15,2023-10-09,S-037,P-005,1,1050
3a9acd78-bcb6-480b-9431-642b6898d0b0,2023-10-09,S-009,P-001,1,0
6e724c6b-5179-4e5a-b06d-0e826dff9139,2023-10-09,S-007,P-005,2,0
b72d7fb9-4daa-43ac-82a2-54ebb610de51,2023-10-09,S-036,P-006,2,0
c0cb7104-4305-43f2-b533-32d43a4b9a16,2023-10-09,S-009,P-004,2,0
c7b451b0-7e2b-4844-b000-a768726a89d7,2023-10-09,S-001,P-001,5,0
54934012-6ef2-4adf-95cd-1bb95c40a820,2023-10-09,S-033,P-006,5,0
ee25045d-7a2f-4ac8-bda0-877df5bbd6be,2023-10-09,S-022,P-005,1,0
c401d8c6-cf1b-4506-800c-55dae8f8eca7,2023-10-09,S-012,P-004,2,2100
a3d2f802-d4a6-4440-87c4-7125855bd903,2023-10-09,S-010,P-007,2,0
d2fdfe43-53bf-486a-9167-01010071a038,2023-10-09,S-030,P-003,1,0
2d1d0b56-b8ce-40fb-90af-12ea7ed1cb1b,2023-10-09,S-020,P-001,3,0
85130b24-f2f7-408f-be76-2f929c9e362f,2023-10-09,S-026,P-004,1,0
dcd3d298-d0e7-43d6-9c7b-7415594e0d5c,2023-10-09,S-036,P-003,2,4400
03ffc928-c3a8-43ed-b135-0a68e571020e,2023-10-09,S-029,P-003,1,0
1507b9c3-38db-4ecf-9b28-48d6fd75cd30,2023-10-09,S-025,P-007,2,1800
276a0949-3eac-462c-b1fd-4ad757d2f9f5,2023-10-09,S-027,P-004,1,0
f5a5ab94-f0cb-4658-9164-3c1a4bedbd41,2023-10-09,S-024,P-004,3,0
84d44d37-10a7-4c71-a346-1ba6551e9749,2023-10-09,S-039,P-003,2,0
0b73a430-5410-40f4-a0dd-be32a9b967ad,2023-10-09,S-009,P-007,1,900
9ce1ae32-86d8-4f5f-b9be-3a82c8e515b2,2023-10-09,S-009,P-007,1,900
c059a83b-5500-4eb5-8f24-8df3007f2dfd,2023-10-09,S-009,P-006,1,0
d7c95776-f26d-4160-88ea-c6284c922224,2023-10-09,S-049,P-001,2,0
7a7e01fd-8c8c-4bc5-98eb-edaf8a910f7a,2023-10-09,S-022,P-007,1,0
3779de36-d064-4c1a-8cae-6ef5063298f1,2023-10-09,S-003,P-002,2,0
2b747512-7bd7-421a-9727-a45dbb4a6b96,2023-10-09,S-042,P-003,1,0
3042814d-4c27-48dc-8a25-78dfb3e4c709,2023-10-09,S-028,P-004,1,0
0d9efc57-6f63-424c-a22b-6f8767b1bec4,2023-10-09,S-022,P-005,3,3150
e54ab3c5-8628-45ad-8be5-3b4e343a49d2,2023-10-09,S-015,P-003,1,0
686d9df9-50fb-4c66-819c-0110a75dbf69,2023-10-09,S-003,P-001,1,0
40264d84-d667-4287-8288-7ed6e4c34334,2023-10-09,S-011,P-002,1,950
87876e8e-d2b5-40e9-b30e-8fff8fd7797b,2023-10-09,S-008,P-007,4,0
40d71262-e4c1-48a4-8523-2694f51b4e3c,2023-10-09,S-043,P-004,1,0
d1b3b056-c53f-4ba1-89b7-ac46f458cca1,2023-10-09,S-032,P-007,1,0
e06a70ea-6bb8-4dcc-86c1-8c8be61be68e,2023-10-09,S-028,P-004,1,0
19cd8280-8627-463f-8897-86baec321399,2023-10-09,S-040,P-006,1,800
9dfb6d28-4189-482e-ac0b-2ae9ff751f1d,2023-10-09,S-037,P-002,1,0
557b6647-763b-48a4-97cd-f3556ab13607,2023-10-09,S-030,P-004,2,0
99bd96b4-f5cc-4cff-9bb9-b07517b22602,2023-10-09,S-032,P-004,3,0
ca8e971d-637b-485a-b0da-96c82ad41187,2023-10-09,S-001,P-005,1,0
471780f7-8b7e-45d8-a3e6-f1cc73cb6096,2023-10-09,S-030,P-005,4,4200
34aa9bec-4c20-43ce-9e56-5a08edb1ce33,2023-10-09,S-014,P-002,1,0
17840d28-5902-4751-ba88-6e0474d3e1dd,2023-10-09,S-010,P-007,10,0
03d351ec-6560-43c6-8007-f2065e92daad,2023-10-09,S-045,P-001,1,700
aec181b3-31a1-4d4d-903c-2bf010da1e21,2023-10-09,S-032,P-001,1,0
de1ee0ef-55eb-4d90-a4f6-0c76da87a3a8,2023-10-09,S-031,P-006,1,0
d97e64a5-87ed-47a4-9372-710999608501,2023-10-09,S-042,P-005,3,3150
a05d226c-27ad-46fe-ba14-972d38faead6,2023-10-10,S-003,P-003,1,0
3d0f95ac-7ca4-498e-9ca0-0f27782f0c65,2023-10-10,S-036,P-006,1,0
735de0be-2c7a-4ade-8c31-494697d13919,2023-10-10,S-030,P-005,1,0
86331cb7-6f5c-4ba5-91ac-68e55a6f1416,2023-10-10,S-017,P-001,2,0
361e6b3e-fc29-4783-bccd-8c07cb26c8ae,2023-10-10,S-016,P-001,3,0
8c050300-8c10-4144-88b4-8483b7659606,2023-10-10,S-037,P-005,4,0
88febc49-47ed-4aac-930e-59d3371c6af5,2023-10-10,S-013,P-007,1,0
da186ef7-d5d7-458d-9967-03bd07cf6034,2023-10-10,S-022,P-001,2,0
84f92cdb-e27d-4285-9734-67c1a1750c7b,2023-10-10,S-030,P-004,1,0
f880d8c6-d97e-454e-ad0c-6ae17357387b,2023-10-10,S-026,P-007,3,0
45d499f0-5230-4f19-9c7b-cfc377721f8c,2023-10-10,S-024,P-007,1,0
ff176ba7-235c-4482-bb8f-257c42da151c,2023-10-10,S-019,P-003,1,0
d66f23f6-7877-4ab6-b171-857674deca1d,2023-10-10,S-033,P-004,2,0
e735f667-3007-481b-9e5c-678f236dacca,2023-10-10,S-033,P-005,2,0
37d672f2-febd-4904-adcd-72c9655ac507,2023-10-10,S-019,P-005,1,0
c0fb6552-7639-4823-a1a1-2385fc94f82d,2023-10-10,S-025,P-007,1,0
f94828f9-9a56-4de2-af91-6115f962b8b4,2023-10-10,S-032,P-003,1,0
4c6b8ccb-86d2-433d-b3c0-e947027d60dc,2023-10-10,S-028,P-001,4,2800
48390ac9-b759-416d-b655-904d8968f2a7,2023-10-10,S-028,P-006,2,0
16cf69db-3263-4aa2-b051-8fdaa450eac1,2023-10-10,S-047,P-007,3,0
1c377f22-c223-4645-843a-d7841f12d486,2023-10-10,S-042,P-005,1,0
5d1e1c93-ed48-4e84-b1c3-f5e9757dc609,2023-10-10,S-031,P-001,4,2800
c66bbdfa-45c4-4020-90d5-b1debfabcca7,2023-10-10,S-031,P-007,2,0
7286da04-784c-4adc-9074-9e083832a0f4,2023-10-10,S-023,P-004,1,0
820491ec-1594-4102-a4a4-911d06d87575,2023-10-10,S-041,P-001,1,700
48d52563-ca29-43a8-8e4c-d3397b61f753,2023-10-10,S-029,P-007,1,0
558270ed-0be3-4aa8-b825-1b57d8ad1b55,2023-10-10,S-042,P-006,1,0
d12bc1be-31d1-4578-bc2c-6aa6451991fb,2023-10-10,S-032,P-002,1,0
a60ebb8e-ff43-49d9-bb24-767578cd111f,2023-10-10,S-027,P-004,1,0
c59e86f5-8c97-4664-ad3b-4b1f1188fcd6,2023-10-10,S-009,P-002,1,0
438623f3-0281-4a7c-a6c5-b7454ec859be,2023-10-10,S-037,P-005,1,1050
35f69277-ae31-4d30-b457-3d4ca4f00f13,2023-10-10,S-033,P-004,5,0
1f8f07d7-ed41-42b7-a345-e4455dd941c5,2023-10-10,S-033,P-006,1,800
aca410c5-56a1-4caa-9d09-1e72f226b4da,2023-10-10,S-042,P-003,1,2200
09f04ef5-9338-4d82-91ec-dc3fd68c3457,2023-10-10,S-029,P-004,1,0
c421841d-9860-4be0-b054-f2013d41a582,2023-10-10,S-021,P-003,5,0
6df9beb5-59ab-4132-9be1-93c63260299f,2023-10-10,S-005,P-006,1,800
e615157c-fdac-4d03-82db-e0768192c546,2023-10-10,S-027,P-006,1,800
61c71fd7-7824-4c7e-bf19-accd4200db99,2023-10-10,S-003,P-004,10,0
a3af597e-541a-46e8-89ef-fff23dd2be08,2023-10-10,S-020,P-006,1,0
f0f678a8-9213-49c1-8dbf-a3bd7f8cc8e9,2023-10-10,S-049,P-002,3,0
66a60d8b-08a0-4acd-9a0b-d7ee41a92fb3,2023-10-10,S-044,P-003,1,0
b9f50177-285f-4cdd-be93-78b464a4528a,2023-10-10,S-024,P-001,3,0
e75caa4d-70d7-4eed-9f79-00468de740bb,2023-10-10,S-021,P-007,4,3600
d4d71cce-c1a0-4057-8e5b-96d569f25df5,2023-10-10,S-035,P-006,1,0
ad7deca4-826b-492d-9868-ee890751b31f,2023-10-10,S-013,P-004,1,0
4e578e4b-9a68-4d45-8583-d01e1fc74292,2023-10-10,S-013,P-004,4,0
ba598866-e37f-47f5-98ab-8a54a5fe0968,2023-10-10,S-034,P-005,2,0
ca813295-ed3a-4d5b-9e52-893ee73dc963,2023-10-10,S-042,P-004,2,0
791c6c0a-e1d9-45ac-9e57-a4ca30960cfd,2023-10-10,S-017,P-002,2,0
8b889b3b-1f99-4dfa-9175-e3fae8fef7a4,2023-10-10,S-042,P-003,2,0
53880df6-d670-49d2-88b6-560258a98f73,2023-10-10,S-050,P-001,1,0
941df575-eb1d-425d-b74b-ee032929d4ab,2023-10-10,S-012,P-001,1,0
8fb77865-943b-42b0-9d29-e48a8f2375e5,2023-10-10,S-014,P-003,1,0
ab97423c-58f9-4692-87fc-20e782c0121e,2023-10-10,S-004,P-004,4,0
21f83917-6de1-4131-b756-5017f0dcfa45,2023-10-10,S-014,P-002,5,0
a2a85af0-b2fc-4788-8dfd-b15f1f33f127,2023-10-10,S-020,P-006,1,0
71a1d9d8-a478-47b0-803e-0e06c3e1701a,2023-10-10,S-042,P-002,1,0
f4ae0381-353e-4b88-90e4-2fbc415a21de,2023-10-10,S-045,P-005,1,0
075425c8-0a31-4ff5-b967-40db23b578da,2023-10-10,S-028,P-006,1,0
c8e8e328-15dc-4bea-aad2-bd454ad0b75c,2023-10-10,S-001,P-003,3,0
7f40cc89-36bf-472f-8e7e-a1d437980efa,2023-10-10,S-027,P-004,1,0
76ebe3fc-123f-4fbe-991a-51e7081e8178,2023-10-10,S-021,P-002,1,0
180676ba-fc38-4323-9bdf-9b8ed8720979,2023-10-10,S-037,P-007,3,0
312df1f1-e1c6-4e91-be7b-b42f55ed0a11,2023-10-10,S-018,P-004,4,0
f24f30ff-5ae9-4ad4-9c6b-8ce07c553633,2023-10-10,S-028,P-007,10,0
41900499-9baa-4bd2-9e21-4216ba65f158,2023-10-10,S-023,P-002,3,0
39eb255b-ba19-4040-a4c5-ede1ed34bab3,2023-10-10,S-043,P-007,1,0
0d91e16d-eeb8-4285-839c-5d275add6816,2023-10-10,S-015,P-006,1,0
5cb86ea8-c858-4ad6-baed-5617ce9140ad,2023-10-10,S-029,P-003,2,4400
fb3f7597-dbf4-4d62-9d73-b3c6ef4d812b,2023-10-10,S-010,P-007,3,0
f4873147-c923-4e70-ad92-4bd2a8a519ec,2023-10-10,S-004,P-001,2,0
4f28eb65-f9b3-4416-a5c0-b55e1391f35e,2023-10-10,S-029,P-007,2,0
cccd69cd-1a17-4941-ae19-34a64fa75c56,2023-10-10,S-039,P-001,1,0
06460860-6ad7-45cb-86c1-4a6855560954,2023-10-10,S-013,P-003,4,8800
ba09694b-2aa0-477a-822b-f15090426527,2023-10-10,S-023,P-006,1,800
800a9ae1-c64d-46c4-8cc7-91c3a1ca2931,2023-10-10,S-018,P-007,1,0
dc082f29-404c-4116-8ff0-7f1c60db28b4,2023-10-10,S-004,P-004,1,0
42e1a523-ac9e-418d-a6fe-b3ffed4fd68d,2023-10-10,S-039,P-001,1,0
11311702-9f67-4f0c-ad33-381c0bae6b92,2023-10-10,S-002,P-007,1,0
18185fe3-1f9b-4f91-8473-3ea898018d33,2023-10-10,S-036,P-001,1,0
75b6820b-aa45-42da-a87d-c6cd7a7ff765,2023-10-10,S-033,P-003,1,2200
6c32b091-f22d-47ca-b26e-5d1e27a1b7d8,2023-10-10,S-005,P-001,1,700
c13236a3-f3d0-4f47-a57f-3ab9d2814385,2023-10-10,S-042,P-004,2,0
77ccd8de-12ed-4379-9f04-b085deb08994,2023-10-10,S-017,P-006,4,0
0745144a-827c-4af2-9e58-8cdb38c278f0,2023-10-10,S-041,P-005,1,0
2a4ccccd-9642-4b03-9ed5-add57ab00072,2023-10-10,S-025,P-004,4,0
02fd6c9c-c2b4-4574-8233-d12a3c36068d,2023-10-10,S-048,P-003,3,0
e4b756c0-767c-448d-bdd1-07ab2e27115e,2023-10-10,S-024,P-002,1,0
73439f78-d257-45e5-ad02-ce0be8101b77,2023-10-10,S-023,P-004,1,0
dff3c4d5-2dd4-4760-8c7d-e19d9cbdce48,2023-10-10,S-050,P-006,2,0
3c0dbbbe-e3a4-4a5e-a2d9-26c8db08c8a3,2023-10-10,S-044,P-004,1,0
82291925-0104-49ef-8fe7-b91594e1d23b,2023-10-10,S-038,P-003,1,2200
06ad328e-b8cc-4640-a58c-d467b1c0b448,2023-10-10,S-007,P-004,4,0
28818aae-be3f-4a22-a40e-6d8650ab7005,2023-10-10,S-035,P-002,1,0
b1f3829f-fa21-45fb-8366-e1e30b6c27ae,2023-10-10,S-031,P-004,1,0
5bf35119-e328-45c2-91e2-113c90bdda97,2023-10-10,S-030,P-002,2,0
02396a0d-b4aa-423d-b94e-98e223eb9074,2023-10-10,S-049,P-006,3,0
eeaaf595-27f9-44bb-9649-51a6cb5c643d,2023-10-10,S-029,P-005,2,0
9f1a2874-6690-40dc-b18b-c20583b2c138,2023-10-10,S-036,P-007,1,0
46daef12-2403-4a50-bc9d-37adcb28d733,2023-10-10,S-050,P-001,1,0
cfb5e6cb-d3cc-4f70-b297-7c2052d89403,2023-10-10,S-040,P-006,1,0
d97bf288-a0bc-4b0c-83ea-5419c187fe2c,2023-10-10,S-027,P-001,2,0
8dc9e51f-c025-4abb-ba49-dc176656909e,2023-10-10,S-039,P-006,2,0
8ae364dd-4082-4d2d-8899-f1afddbc02fe,2023-10-10,S-043,P-005,4,4200
c618e7a6-fbf2-48ef-bfee-87e85fb9794c,2023-10-10,S-036,P-002,2,0
b3b87554-9b54-436a-a07e-b9e80beab56a,2023-10-10,S-012,P-001,4,2800
ca662d25-8942-470a-b643-7bbcb9f7ecc6,2023-10-10,S-034,P-001,5,0
623a6bb7-fad5-48ea-8d88-d937f646f201,2023-10-10,S-001,P-006,1,0
40fd9bf2-ac4c-490a-a6bd-3f6ae301b34a,2023-10-10,S-044,P-002,3,0
d6f85739-a6e3-4af1-af24-b2c4953781f2,2023-10-10,S-032,P-004,3,0
959cc708-7629-4ceb-aa55-cc5d2deafdce,2023-10-10,S-004,P-001,1,0
4b1b2d31-2e55-4c54-bdbb-2df1f6cc8249,2023-10-10,S-004,P-001,1,0
93a3af1a-9da8-4dbe-855b-9afef2fa097d,2023-10-10,S-015,P-006,1,0
a0dfbb71-0bcd-4360-8a42-06b3036c1cd5,2023-10-10,S-027,P-003,1,0
fd47285b-149b-4208-960b-3bf481a0a510,2023-10-10,S-043,P-005,3,0
7696cda1-1378-4037-8735-fcbdf54a62f5,2023-10-10,S-010,P-006,1,800
f68c2621-dbd2-46f4-bae2-7446e4752bb7,2023-10-10,S-019,P-004,2,0
a2f16475-7ec6-45e3-a133-46199314e0b2,2023-10-10,S-039,P-003,1,0
dd45e1e7-4a49-49fa-aebe-e71c39cc04a8,2023-10-10,S-017,P-005,1,1050
e27c5fd0-7b43-4718-a368-fab3a483058f,2023-10-10,S-035,P-004,2,0
f69d78e6-6fe0-4de9-bd09-a890cc440c8d,2023-10-10,S-050,P-004,1,1050
2110bd49-8771-4bc3-9eac-1a877257e115,2023-10-10,S-042,P-004,2,2100
fbd7ae6f-5044-4a6b-a6ba-9fc56cd02033,2023-10-10,S-007,P-004,1,0
c8c6fb56-66a3-4dc3-a970-a1dde12cd21d,2023-10-10,S-016,P-007,1,0
e5b94a98-9702-41de-b050-0343b5d61323,2023-10-10,S-002,P-001,1,0
24299704-36b4-44ae-b329-84518bea248d,2023-10-10,S-042,P-006,1,800
15f69682-e7f2-4b3d-968a-22560147201b,2023-10-10,S-028,P-002,5,0
b6bfd9a3-84b4-4f5b-8c2d-bf273efb26cd,2023-10-10,S-011,P-003,2,0
25cd2618-cb39-4d59-b92b-b2753a03e41f,2023-10-10,S-002,P-004,1,0
0a785149-0044-4d4f-a537-28ee7c83effd,2023-10-10,S-039,P-004,1,0
d54516fd-7a81-49fc-bc0d-dcc636c52629,2023-10-10,S-035,P-003,1,0
76c2be46-46fd-42c9-8591-268ca3078ae5,2023-10-10,S-024,P-001,2,1400
b09e598b-163e-4dbe-bf75-2e8175212eed,2023-10-10,S-010,P-003,1,0
41ffe079-2e8c-4e4a-be87-42971ff2609e,2023-10-10,S-032,P-005,4,0
76cf743c-110b-43ca-b58f-07aa0d02a49d,2023-10-10,S-013,P-004,3,3150
c976b8ad-e1ef-41e2-a3d2-626c4c6d07f5,2023-10-10,S-005,P-001,5,3500
71c9602d-e8d1-4f4f-8488-2695fffb31dd,2023-10-10,S-046,P-004,4,0
218991eb-c5cd-4d2d-ace5-b591be5ab1ae,2023-10-10,S-041,P-005,1,0
15537d00-7574-448a-bbbf-9a2745ca7ab7,2023-10-10,S-038,P-003,2,4400
00bfd166-7870-4164-8f2e-f49b2b97dae9,2023-10-10,S-011,P-006,3,0
0fdaef68-09f9-4abd-8a03-803f11bebab5,2023-10-10,S-049,P-006,1,800
840a09ef-0288-4688-a2ab-29631f960a1a,2023-10-10,S-007,P-007,4,3600
f1c6e6ad-c6e0-49af-90dd-6ae01b542990,2023-10-10,S-002,P-005,2,0
e5a98dfd-d9ff-46a7-bdde-141ca6ebe0e3,2023-10-11,S-007,P-003,1,2200
89cbc853-ca93-4c22-82e6-4b4b4c008a1f,2023-10-11,S-002,P-002,1,0
fa3751e9-8244-4192-9ddf-4e4f3d6bf1e3,2023-10-11,S-024,P-005,1,1050
b8322d1e-b246-4537-ae2f-19eb3b337977,2023-10-11,S-024,P-004,2,0
1655a959-5876-442e-ac7c-0e217a0ea5ab,2023-10-11,S-012,P-004,1,0
c71960de-7b98-4f10-94bc-cbd1754af4b8,2023-10-11,S-048,P-003,1,0
ecc70a97-405b-4321-8ee1-4b1d21e83892,2023-10-11,S-007,P-002,1,0
b3f9dcaa-9691-45ab-9957-d30973058810,2023-10-11,S-001,P-004,1,0
2ede4d66-95e0-4db1-8811-d9275de09d40,2023-10-11,S-047,P-002,3,0
7585cef6-727b-40a6-ae2e-a5f2cb202318,2023-10-11,S-019,P-001,1,0
914b99fb-a93a-4697-b9c6-1d393cf3f928,2023-10-11,S-008,P-005,2,0
3a9e8e97-8eca-4873-ab8b-ca3d61a3b241,2023-10-11,S-011,P-002,1,0
34553b1f-75e1-4f55-9c8d-82c30261ad57,2023-10-11,S-015,P-001,4,2800
fbc9ede3-4fa3-417c-be24-d28c31b00eaa,2023-10-11,S-022,P-003,1,0
9a92861b-156a-470e-bbfa-0bee7eb383dd,2023-10-11,S-015,P-007,2,0
fe97ce9f-230a-487f-84f4-54adf51805a7,2023-10-11,S-004,P-006,1,800
fdd3b52b-cccb-4aca-bf17-3ef99ad1f629,2023-10-11,S-039,P-002,3,0
934b301d-991f-4cdc-98c9-3b1c431e75c8,2023-10-11,S-046,P-001,1,0
71b5e21c-4621-4b96-9f04-8348cae226b0,2023-10-11,S-033,P-004,2,2100
8412460a-6112-4471-b500-aabbd925a928,2023-10-11,S-045,P-001,1,0
731eea83-a4b4-4969-9112-2fbd02d5837b,2023-10-11,S-042,P-004,1,0
0677cdd9-7c9a-43d5-9d1e-08a889d5a86b,2023-10-11,S-009,P-002,1,0
95f18e08-dc71-4c51-9170-c48f18b00bac,2023-10-11,S-040,P-004,1,0
3112cbbe-b06a-49ab-9470-b3bd911f42f2,2023-10-11,S-030,P-007,1,0
7b1a791e-5993-4038-bac8-8d0a971dd37a,2023-10-11,S-040,P-003,2,0
c3cd3a00-8e26-48f2-8ef4-0249b7479adb,2023-10-11,S-012,P-005,1,0
5131cd8f-a02e-4dba-ac2b-b0d5a25e2b93,2023-10-11,S-038,P-006,1,0
22adaa6d-d9f1-4f61-9d2e-3859d88d4187,2023-10-11,S-045,P-005,1,0
0cd9db7c-7591-4a27-968c-d54b47a37f83,2023-10-11,S-014,P-004,5,0
655d1967-ac04-4b55-af88-80418bbafb4d,2023-10-11,S-041,P-003,5,11000
2898a4c1-115e-42ce-b26d-5fcb1bc6b20d,2023-10-11,S-012,P-003,1,0
55c964a9-d314-42ea-a174-f5158d0043f2,2023-10-11,S-020,P-004,24,0
fc17390e-b736-4f2f-b7d5-bd5ca10b5033,2023-10-11,S-016,P-003,1,0
07b88538-178f-475e-8e16-ed7acfd0ca6c,2023-10-11,S-047,P-005,1,0
5d5216f8-2fb5-4f1e-9653-46f3f9dce7da,2023-10-11,S-006,P-004,1,0
d5ae3fee-5de7-46ec-9916-84825e501eb1,2023-10-11,S-033,P-004,1,0
b03ed4fd-367e-45b0-9027-9365c4ea8116,2023-10-11,S-039,P-007,4,0
655ae779-d6e5-4c50-9f1c-51a86fad6c13,2023-10-11,S-010,P-004,3,3150
f3c5c2d5-afe0-4258-8765-99be3a450526,2023-10-11,S-049,P-001,4,0
4c0e179a-e803-4f26-938a-99f7c4c74060,2023-10-11,S-048,P-003,1,0
e14edda1-a948-4125-ab24-dbca2bc32bfe,2023-10-11,S-005,P-001,1,700
d7dcee8a-46e3-497c-b2b5-fd8dc1e32cc3,2023-10-11,S-019,P-007,1,0
baa9b0cb-2294-4c5f-8b39-134c79d7b909,2023-10-11,S-017,P-007,1,0
db958d84-86af-4cc5-8ffa-3b8f8e27d77d,2023-10-11,S-016,P-007,3,0
6ece509f-029e-4ee5-bc53-38f84c613b35,2023-10-11,S-003,P-007,2,0
a625319a-80a6-47b9-8ae4-4a8636cf696e,2023-10-11,S-033,P-005,1,0
438a5d56-2b27-4634-b3c9-22df54bdd23d,2023-10-11,S-023,P-004,1,0
87abbaa1-1cad-4f6a-ad50-862aa254bafd,2023-10-11,S-048,P-005,2,0
1af63edf-a194-4f2c-a94c-083cd4980218,2023-10-11,S-038,P-004,1,1050
238add14-dac2-488e-a92b-3dfd5c44dda0,2023-10-11,S-016,P-004,1,0
f9507d4b-dbcc-46c1-8cf7-f94fd638cf6d,2023-10-11,S-022,P-004,1,0
c0cc6990-35ea-433c-b4e2-a151ec2fe4d9,2023-10-11,S-048,P-007,1,0
dcd5534a-9bb6-4af4-97ac-4adfdabac2fd,2023-10-11,S-031,P-007,1,0
3abc2533-a810-4a97-b96c-c2f651d50e96,2023-10-11,S-020,P-003,1,0
082d206d-9626-42b0-b08e-74c4cd7646db,2023-10-11,S-040,P-006,4,3200
6336a402-3ad2-4a08-9904-e86c0f9cfa3a,2023-10-11,S-039,P-001,1,0
ed2de4b6-2690-4fbf-8db1-3ccae557af84,2023-10-11,S-026,P-001,3,0
5fc29607-484a-484a-a6a6-469ebf2134ad,2023-10-11,S-015,P-002,1,0
5e5bded7-4f74-42d5-b1fc-78e7cf94ba09,2023-10-11,S-027,P-003,2,4400
7292444e-842f-4111-8e18-1b1421f3bd69,2023-10-11,S-008,P-003,1,0
1018159f-3d29-4eef-a4f8-ea639295a50a,2023-10-11,S-030,P-001,5,0
2dbb666b-f84e-4a08-9a37-7f9d5d7b2f16,2023-10-11,S-016,P-001,1,700
8153a7c6-ec7b-4c4a-9317-787028ecf031,2023-10-11,S-040,P-001,1,0
0e846895-99b3-43ed-ae11-9dc5de7a2f0f,2023-10-11,S-020,P-005,1,0
0bf808e7-e15d-4128-b097-ac6ecd98298d,2023-10-11,S-012,P-001,1,0
15d8931c-427a-4887-8ddc-5fc93d9c6396,2023-10-11,S-050,P-007,1,0
3b0fdc98-6465-4fbd-bbf6-f7704548b9ec,2023-10-11,S-036,P-002,1,950
f2ab6975-8936-4883-b910-34781c090592,2023-10-11,S-002,P-002,1,0
f64696f9-8806-4cd9-a398-9ecd951860b3,2023-10-11,S-002,P-002,3,0
e197a67e-42d4-4b39-bbb5-4a5e0922a1f9,2023-10-11,S-041,P-005,1,0
6f557ad6-a18a-4aa5-bfd2-5aa67e2d5e22,2023-10-11,S-048,P-001,1,0
08e918a7-556f-42e0-a3f1-71317eed3153,2023-10-11,S-005,P-003,4,0
a7e1a972-c1bf-4f51-9b59-2c5ad138ed1f,2023-10-11,S-026,P-002,1,0
2c27ffd6-c063-44c1-a7e9-34d06a69fb77,2023-10-11,S-006,P-006,2,0
fdd1d731-71f3-49f0-8667-31a529ba7cab,2023-10-11,S-018,P-006,2,0
d06dbbf7-80c9-4a7c-9a5c-ad70162bfedf,2023-10-11,S-018,P-005,3,0
36b6e3ce-486a-439e-95d4-edbf775a1ffb,2023-10-11,S-034,P-001,1,700
79429032-9bc9-4a26-9f52-c29ade7216a8,2023-10-11,S-013,P-002,3,0
c8bd4dee-c9c4-4018-8b84-a11287feb17c,2023-10-11,S-005,P-001,2,1400
ef869093-6ccc-4fda-9e2f-fea1ea0931a0,2023-10-11,S-008,P-007,4,0
b13c4e3b-6db9-4ecd-add8-2ad0d61ac939,2023-10-11,S-003,P-002,2,0
c139ede1-fa10-4653-a203-e086eb531b4b,2023-10-11,S-038,P-001,2,0
7e19aab8-7609-4c33-aa0d-1b42aa3b8ba4,2023-10-11,S-017,P-005,4,0
77eb2a68-0508-4c5c-91bb-0ee001d8ce12,2023-10-11,S-015,P-002,2,0
dfe5244f-8cf1-4267-b9cb-053bf90de0e5,2023-10-11,S-009,P-003,1,0
a007c7de-a069-41f7-b4d4-08bd4e0744be,2023-10-11,S-040,P-007,1,0
5c2baafd-3adc-4a66-b671-14aad081b351,2023-10-11,S-022,P-001,1,0
e74d2045-23e9-49ae-afd3-3a19d2a12526,2023-10-11,S-016,P-006,1,0
2228831c-9b5b-4999-b8a0-6ae9b17df0eb,2023-10-11,S-046,P-005,1,0
8edb9b62-c65d-4099-8e8b-170a8df62dd4,2023-10-11,S-011,P-006,2,0
ab1d2d25-2212-47ed-ac5e-c3402bac8676,2023-10-11,S-032,P-007,2,0
e081ea93-4574-4823-a841-decee0f6716a,2023-10-11,S-025,P-006,3,0
af0cca43-79ed-437f-83a1-c2b6f4700dca,2023-10-11,S-039,P-001,1,700
3a1c783b-8551-4b71-acd6-51154bde6238,2023-10-11,S-005,P-001,1,0
75ff5aec-b87d-46cb-bc49-e2dafeaeb4c3,2023-10-11,S-023,P-004,1,0
b6835067-f421-41d0-bcf3-b3f2007a271a,2023-10-11,S-012,P-007,2,0
998323f0-faaa-4b27-981a-6fdc59870608,2023-10-11,S-049,P-002,1,0
f67d9171-7ab8-43fc-9cb7-25c11a66e96d,2023-10-11,S-025,P-003,1,0
efb133df-0812-4e86-9c91-3eca6b8ca26b,2023-10-11,S-038,P-005,1,0
e68ce7e8-db9c-4be5-8d89-19e238044de2,2023-10-11,S-031,P-004,1,0
c98ea622-70b4-4cef-aac0-2dd031f14314,2023-10-11,S-042,P-004,1,1050
cc1ff552-c58d-4cb2-bac2-788c091ac4c1,2023-10-11,S-037,P-006,5,0
c4d876d6-0bb8-4a01-9c23-19567dc4c971,2023-10-11,S-030,P-001,4,0
d11ed453-7c8e-4968-8e33-b04e2bf5ab87,2023-10-11,S-041,P-004,1,0
430e0477-3ef2-4466-bfc0-b3b2fd386933,2023-10-11,S-011,P-001,3,0
2ee0581e-5a00-41d9-9a1c-93f4838a4f59,2023-10-11,S-050,P-006,1,0
6d4fde90-fb15-4dd6-8e82-7ebc52a6b282,2023-10-11,S-044,P-005,1,0
09821f0f-db7f-4d3a-9194-1ab0d235e46f,2023-10-11,S-037,P-001,1,700
ea51adf7-c891-4cad-8c39-a17ea7d5ce0f,2023-10-11,S-028,P-005,1,0
322e700c-8790-4b17-b063-85e9024b25c8,2023-10-11,S-045,P-007,1,0
4a5a4e02-f4ea-419e-a663-8abeaa69c106,2023-10-11,S-019,P-002,1,0
388f125b-ce5c-4ed7-8c04-0c9a715adaf2,2023-10-11,S-005,P-003,1,0
fcfde70b-74c8-4aa1-abca-77ac8389916b,2023-10-11,S-029,P-004,1,0
b4b204d8-7464-45c5-80e8-0506b0202d43,2023-10-11,S-042,P-001,1,0
c49c989d-b2c1-4988-b2b9-e19988acab03,2023-10-11,S-047,P-001,4,0
bea6aa0d-7906-4d44-a671-74c3fbd411c1,2023-10-11,S-011,P-005,4,0
209db403-b5d7-4f80-81d4-3db56578cf13,2023-10-11,S-035,P-006,1,0
2e04d07e-bb46-4369-8480-c0a169962df7,2023-10-11,S-025,P-006,2,0
8b2b2a44-ab86-4398-a2ea-f7ebcb8b74a9,2023-10-11,S-022,P-006,1,0
c97dcbe5-49d5-4520-af17-b63e4146c904,2023-10-11,S-015,P-005,10,0
5fe1646c-7c1f-4727-94f9-77bdfeeef0db,2023-10-11,S-010,P-001,1,700
8e43dbe0-edbd-486c-b8df-a18d3378178b,2023-10-11,S-035,P-003,10,0
c6811b1d-6cdc-4498-a5cf-a1d0ae265585,2023-10-11,S-002,P-005,1,1050
73cd3c54-ebd3-4308-acfa-434ed8ca8446,2023-10-11,S-048,P-001,1,0
4af29dd4-ce60-45f6-8ff2-731de6418b6a,2023-10-11,S-046,P-003,1,0
fadd6e5f-9e59-4bd3-b4aa-915614114c66,2023-10-11,S-018,P-001,4,0
878e516e-429b-4142-b5af-633c643b2603,2023-10-11,S-029,P-005,1,1050
653bceee-10c2-481a-9e53-15acfada7ef8,2023-10-11,S-016,P-002,2,0
5207ff1d-0f3f-433a-a799-1b3c95a773a8,2023-10-11,S-042,P-006,1,0
9511f8d9-22a5-4182-a040-688c43f2da81,2023-10-11,S-004,P-003,1,0
c7192592-058e-4227-91cc-7401e28b125f,2023-10-11,S-012,P-003,1,0
b3973dc6-6557-43e4-b891-12c2a40d30ab,2023-10-11,S-033,P-003,4,0
c258a9ea-14d4-4bbc-a30d-779d064d0dac,2023-10-11,S-006,P-005,1,0
29ba06dd-067f-45f0-9085-5a663cef9926,2023-10-11,S-037,P-003,1,0
78e9a639-042d-4c34-8843-d6252cb3477f,2023-10-11,S-033,P-002,3,0
088d2029-1fce-43ce-9358-85f02e53173a,2023-10-11,S-027,P-004,5,5250
64659112-3558-452e-8cb4-977812083872,2023-10-11,S-048,P-004,10,0
10feecf6-12a0-4d50-8db6-17844a1ad404,2023-10-11,S-015,P-007,1,900
1fb1a50f-2aef-433d-a73a-c54437e8de15,2023-10-11,S-008,P-005,1,0
c6e90abb-0ebb-420a-bdd2-1b97c79d256c,2023-10-11,S-016,P-007,3,0
071cb1b7-aeea-4ac6-aac9-c6a726abd2e0,2023-10-11,S-019,P-004,1,0
ce1fa9cc-4dce-40c7-a847-b2444a85b12a,2023-10-11,S-027,P-005,2,2100
0948e3ba-a55f-49ae-923a-f85e3585d20c,2023-10-11,S-022,P-004,4,4200
17bbe0cb-f4d8-4366-bff9-3a150015e612,2023-10-11,S-050,P-002,1,0
37ff83b2-fdec-4a3e-8845-d44fa43a52f6,2023-10-11,S-004,P-007,5,0
515d8804-f3b6-4187-9e4d-829b27dd45ac,2023-10-11,S-012,P-005,1,1050
40327e5a-83d1-4a7c-98d2-4778e7a37501,2023-10-11,S-038,P-007,5,4500
8c02fe8f-a1b0-4378-961f-3c71df8f1b72,2023-10-11,S-046,P-004,2,2100
5c5c7535-9997-4dc5-b43a-4698e2eab1f0,2023-10-11,S-039,P-001,1,0
f295285d-b2d0-477c-bebe-45278a4bb2ae,2023-10-11,S-003,P-006,1,800
cf563f3d-3d63-4dca-9dde-8b172e11b8f2,2023-10-11,S-045,P-004,4,0
fb9e05e4-3456-48f6-b42c-41ab7fb2c944,2023-10-11,S-001,P-003,2,0
22ed1230-238b-499a-8fb1-8e0b5b1a9ed5,2023-10-11,S-045,P-002,1,0
45c32eca-75d4-4bb6-87d9-98134bbbd27a,2023-10-11,S-030,P-007,4,0
76af7eae-5b46-40ad-9034-fd3b9ea53c67,2023-10-11,S-034,P-004,2,0
96b901f8-89ef-4470-b74a-0e8b176f0368,2023-10-11,S-043,P-005,1,0
64681225-f578-43a6-8199-bc00e3a06fae,2023-10-11,S-002,P-007,1,0
e9117e23-1cfe-4c07-9f6c-9204446c1b27,2023-10-11,S-033,P-003,2,0
d4a411b9-24e5-4ab5-b76b-49e05176aaef,2023-10-11,S-002,P-007,4,0
eca15313-23f5-4765-8319-c9c918c2fa74,2023-10-11,S-030,P-007,10,0
6e803b02-f600-4a1b-8b00-a1b686520fa9,2023-10-11,S-048,P-001,1,0
0fb2fad8-12b8-4fb6-8267-d813028bad7a,2023-10-11,S-042,P-006,1,800
960cc452-b485-4a4f-8a5c-7925fba544da,2023-10-11,S-028,P-004,1,1050
5693ab53-731c-48a8-90ae-a6b53b1cb205,2023-10-11,S-049,P-003,2,0
24fac0ab-607c-4ffe-bc03-6475a89eb14f,2023-10-11,S-005,P-004,1,0
18737af2-cfdb-4906-ad76-c252877d5fe8,2023-10-11,S-009,P-003,1,2200
e6c8e133-5d65-427c-962b-264befb56899,2023-10-11,S-002,P-003,1,2200
a58992f0-c397-4d56-9a1f-99a398894b0b,2023-10-11,S-037,P-003,3,0
0febfd92-d18b-4d2a-8dbc-d27efed15003,2023-10-12,S-049,P-004,24,0
615f67d2-8786-4277-b253-d0a1b5ef2d64,2023-10-12,S-003,P-003,2,0
f34b7fd4-409e-45b3-90fe-41acd4e76c1a,2023-10-12,S-021,P-005,2,0
38245320-dacd-4998-98e6-81d59219af5e,2023-10-12,S-049,P-007,1,0
ddb28e1c-c93c-4d4d-ba05-5694e0fe2e69,2023-10-12,S-001,P-007,3,0
2ce39dd3-d7a0-40b9-8abd-da66051c3d9e,2023-10-12,S-018,P-006,3,0
05af75fc-5ad1-48f9-b04d-de202712f2f3,2023-10-12,S-006,P-007,4,0
2da94867-c410-4789-a04d-4b6afd5862de,2023-10-12,S-042,P-005,4,0
6c01f9f2-5112-4c1b-be71-e366fc5603ab,2023-10-12,S-021,P-007,1,0
2c582d74-412d-4ab2-9ea3-41c346a4e805,2023-10-12,S-005,P-005,1,0
102e3f3d-a671-47ed-b75c-654326100d68,2023-10-12,S-002,P-007,1,0
a90a4005-97ad-4dea-9531-282512c5cfe4,2023-10-12,S-009,P-002,1,950
ab0d9c5f-d596-472e-bc1b-3f1046317879,2023-10-12,S-025,P-003,2,0
8d381e45-96ac-4454-af64-789a03fb7adc,2023-10-12,S-004,P-006,24,0
5130c4b3-1a18-4de5-bed5-b3b7c4f25a3b,2023-10-12,S-035,P-006,1,0
53cfccd5-ef9e-4a2e-bcc0-7da0220d19db,2023-10-12,S-019,P-007,2,0
b12413b2-2f7e-4fcc-aea1-1d6ef611b2ce,2023-10-12,S-013,P-004,1,1050
69231627-0b02-4e0c-b331-221c73b2745f,2023-10-12,S-049,P-005,2,0
899b5f9e-86a1-49d7-b4be-f098ae0a45c1,2023-10-12,S-019,P-007,1,900
3bf5d884-3355-4d93-a584-a6b22fe63cdf,2023-10-12,S-012,P-004,2,2100
3eb2a32e-b668-49bd-a248-775a6e9015a7,2023-10-12,S-045,P-006,1,0
b4c1cd6f-12bf-4caf-827e-be21f291a98a,2023-10-12,S-011,P-005,1,0
9953c54d-54ea-47d5-8018-9b96897ae436,2023-10-12,S-033,P-004,2,0
6c5dd7d9-0948-4583-a4b9-6574deb49727,2023-10-12,S-037,P-003,1,0
86af39ba-b9ee-416d-80c2-18d7c73ee6d2,2023-10-12,S-034,P-004,2,0
3574d964-1fc9-4a29-95aa-b38616b52e3c,2023-10-12,S-035,P-001,1,0
3db7dba9-da87-4c24-a8cd-ac10b7ee80aa,2023-10-12,S-035,P-002,3,0
87ee735d-26ff-445a-a226-6cc18ea9d771,2023-10-12,S-040,P-001,5,0
fa3052c3-19d1-4285-9c2c-cd605b7a30b3,2023-10-12,S-009,P-004,3,0
75dfb96b-726d-442e-9bd0-3bdb3cc53289,2023-10-12,S-050,P-001,2,0
d5c188a1-34f8-4522-ab25-36975c140471,2023-10-12,S-022,P-005,2,0
1668cb8e-49fe-494e-8aff-7329c373ec72,2023-10-12,S-006,P-006,4,0
fa88c8a8-117f-436b-8b33-45d54a5bf84b,2023-10-12,S-005,P-005,1,1050
9e46f916-fda5-446c-a064-d3df8cde5516,2023-10-12,S-023,P-005,2,0
6c391141-24ca-4435-992d-d755060d7256,2023-10-12,S-039,P-002,4,0
dfa5f43d-19d2-40da-9aed-b27410cadea7,2023-10-12,S-033,P-002,2,1900
20a6fbca-e34f-4c53-b555-fb1579dbd94b,2023-10-12,S-020,P-002,2,0
17e96d96-0eac-47e8-8be5-11431104e2e9,2023-10-12,S-031,P-005,3,0
f74ca4d2-5165-419d-9d42-502879113b7a,2023-10-12,S-048,P-004,1,0
478f8ab6-9063-4ab7-8eb5-91b38d71bc7a,2023-10-12,S-050,P-007,2,0
781866fe-65b8-41ff-8c9d-37bad5a377da,2023-10-12,S-012,P-004,1,1050
e366dd13-a2bd-4b5a-813f-797daa8d0137,2023-10-12,S-040,P-005,4,0
56885442-0b3e-4e12-9488-4800befe3148,2023-10-12,S-027,P-007,1,0
f3441edb-e52f-4cf5-817d-69965e18d158,2023-10-12,S-007,P-002,1,0
a74a815c-e13b-4427-ab97-878e4d6fb900,2023-10-12,S-041,P-001,4,0
1de04c58-8b07-4a39-89d9-50e5226d3d7c,2023-10-12,S-041,P-007,1,900
0d69f20b-9e13-4dfe-b5d5-2bf1d1407571,2023-10-12,S-014,P-004,24,25200
6a4d7a3e-5a67-40c9-b2dc-2b1109cb336d,2023-10-12,S-026,P-004,1,1050
eee1635d-fd80-4c05-9348-9d12c66dabf5,2023-10-12,S-010,P-001,2,1400
a439a018-a65e-4933-9e5a-c1a690e09ca5,2023-10-12,S-020,P-003,5,0
e3449274-6d90-4095-b847-8004b4ef7ede,2023-10-12,S-025,P-005,1,0
14b51784-bbd7-4edd-9db1-74e56d87292d,2023-10-12,S-008,P-002,1,950
89ac0e42-4fd3-4e75-ad6a-3bb5eff42611,2023-10-12,S-031,P-002,24,0
b87ce2da-b704-4297-a178-2864133a49b8,2023-10-12,S-011,P-007,1,0
287a8998-32e3-4490-9c6d-755cf37eeab9,2023-10-12,S-046,P-002,3,0
03410fef-87b7-409f-b6ae-1877a6d82fbc,2023-10-12,S-048,P-003,1,2200
68070d84-35a0-4455-a6a0-f491d8b2e0a6,2023-10-12,S-033,P-007,10,0
2caf92a4-8204-439a-aecb-e96a4493399f,2023-10-12,S-011,P-001,1,0
13790b42-5191-4069-8b17-fc563c58e43c,2023-10-12,S-019,P-007,1,0
c289e5bf-3c51-4248-b6d0-634cae8544e2,2023-10-12,S-050,P-001,1,0
3a2c9ec8-8dd5-46d7-9750-34c386e92451,2023-10-12,S-003,P-007,1,0
3d73ef18-7cb9-4964-872d-b24b4f986439,2023-10-12,S-021,P-005,1,0
1b79107b-4bce-4a39-968d-5d87c31e3c5d,2023-10-12,S-002,P-006,1,0
ca89a2d3-3131-48ba-b719-aa526c7123a5,2023-10-12,S-036,P-004,1,0
158eb8b4-567d-49d2-9bcd-6a05d8543df5,2023-10-12,S-041,P-005,1,0
6efb149d-189a-4fae-93c4-7f80ca1142be,2023-10-12,S-004,P-007,1,0
885c408f-8c00-4724-8d12-060c4e259776,2023-10-12,S-004,P-001,2,1400
e8cf6b8e-6ebe-4823-803d-9f65c1049d8d,2023-10-12,S-030,P-002,2,0
e424164c-d1f6-4778-8c84-72d1a0194609,2023-10-12,S-047,P-003,1,2200
be193cf3-6b53-4c3c-a3f4-217d1c6fd4c3,2023-10-12,S-011,P-005,2,0
29900fa3-be4d-4bf8-b79f-aa0b76bf6a71,2023-10-12,S-026,P-001,1,0
9caed8ae-2c64-4b2c-b20d-592e37b8d689,2023-10-12,S-048,P-001,1,700
c92716a7-b7d3-4ffe-b33a-52f800469a19,2023-10-12,S-001,P-003,2,0
d865b727-0fc7-4be2-adc0-3d947c4b1369,2023-10-12,S-048,P-003,3,0
9ca847fd-0722-46a0-bb83-2f96969849b3,2023-10-12,S-005,P-003,1,0
04de3e2a-639a-46f4-afc7-27ffc0e8950f,2023-10-12,S-028,P-004,3,0
a5369050-eff0-4816-b475-486a57917732,2023-10-12,S-008,P-004,1,0
c17d44f2-5d90-48a8-a821-ab6afd3d0096,2023-10-12,S-032,P-005,1,0
86267bed-22d2-4c13-b979-888dee36272a,2023-10-12,S-032,P-002,3,0
acf731ce-c292-44d0-96c2-16cab6a18d80,2023-10-12,S-012,P-005,1,0
1e5ef93f-9ea8-467d-94db-e73b76d37417,2023-10-12,S-048,P-002,5,4750
265c27c2-e1b2-4cc2-ac00-46676a1bd078,2023-10-12,S-002,P-002,1,0
f416a65b-6243-449b-b71b-dc580b2da1ed,2023-10-12,S-019,P-003,5,0
7d9f5b29-f09c-4e6b-b7be-bdaeea701b44,2023-10-12,S-004,P-004,1,0
d647f1bf-469d-434e-9c9c-597f045421e9,2023-10-12,S-020,P-007,1,0
39e0ae0b-c42d-45ad-85f5-9e7bac9e0246,2023-10-12,S-013,P-002,24,0
760213e3-4c79-40ca-be97-630a69ad978a,2023-10-12,S-048,P-004,1,0
47b883ba-b30c-4661-b5a8-c271c98aac52,2023-10-12,S-021,P-006,4,0
2aed974f-6cc8-4444-a2f0-eb7817daddad,2023-10-12,S-024,P-002,1,0
0589b3d2-1557-4dcf-9b3d-acbfc1f5b700,2023-10-12,S-020,P-004,1,1050
ae04235a-c2b0-4a52-8fe5-ec68ab08846d,2023-10-12,S-033,P-005,1,0
2ca3e15d-8aca-4186-8485-de04a59a8963,2023-10-12,S-034,P-007,3,0
eead434c-1152-44a0-8ffb-20d22ff72b20,2023-10-12,S-003,P-004,1,0
51e63d9a-51f6-4518-bc09-61e3dc11d314,2023-10-12,S-025,P-002,2,1900
23e9e178-2929-4930-955b-71b4f5fc9997,2023-10-12,S-050,P-007,1,900
542cb1c5-7ae8-4b6b-a686-7957988408ff,2023-10-12,S-022,P-006,3,0
36dc4ecb-f372-4db4-82f4-75a3eadd323f,2023-10-12,S-042,P-003,2,4400
c28e11ad-8765-4409-9281-64740c142923,2023-10-12,S-010,P-006,4,0
221d620f-4aaa-47cf-80c1-b967676ad971,2023-10-12,S-047,P-004,2,0
6bac64c1-2820-4425-90ba-8e47b5a94f26,2023-10-12,S-020,P-002,1,0
f95cb2be-3827-4cce-994e-1a093f0cc764,2023-10-12,S-029,P-006,1,0
67f5e5ff-0311-43aa-a404-5f58caee5ca9,2023-10-12,S-019,P-006,2,0
a2a56b58-3651-480e-9534-104b80133e1e,2023-10-12,S-024,P-004,1,0
c7b5eb4f-5560-46d3-a777-e2c342b8deba,2023-10-12,S-016,P-003,1,0
b1ca1e4f-7c44-4ed6-bd32-51a01eda4f0c,2023-10-12,S-016,P-006,2,1600
5b92b840-ad05-40a3-9f3d-0bc262e11241,2023-10-12,S-029,P-007,10,0
042cbdd2-8d01-421f-a157-5afa25db7608,2023-10-12,S-003,P-003,2,0
e090c43a-9828-40af-8d58-9d8aed80a689,2023-10-12,S-016,P-005,2,0
b4105e74-1fd4-4a48-ba97-adfff38928f5,2023-10-12,S-042,P-003,1,0
211d8c4a-6efa-48cf-937b-701c25bf7320,2023-10-12,S-048,P-006,4,0
c65dd8f5-ab4d-40dc-be0e-4aa09684f5c5,2023-10-12,S-014,P-005,1,0
65fec15b-9189-46f2-a60c-dd5a3ff4bda5,2023-10-12,S-033,P-002,3,0
e23257c0-6818-4d5a-9815-c62d7fcfeb43,2023-10-12,S-026,P-003,1,0
5f57c290-c2cc-4a0c-ae20-acb3e51f5437,2023-10-12,S-021,P-003,4,0
1e001bff-0d80-402e-9937-9106b946efc9,2023-10-12,S-041,P-003,1,0
eab337b1-6b21-4fd6-9b2b-ee259dd721cf,2023-10-12,S-037,P-005,3,0
c621735a-3d1f-4614-b608-e1d1105e6bd4,2023-10-12,S-041,P-004,2,0
3b9fdc01-f99a-422b-8c22-59933f967cbc,2023-10-12,S-007,P-007,2,0
5ede256c-576e-47e9-903c-34b3b49368d5,2023-10-12,S-047,P-001,2,0
358be7c1-6dc4-467b-898b-26dd079bec16,2023-10-12,S-009,P-004,3,0
a3b345f2-c34d-45b7-930e-26575e73d355,2023-10-12,S-042,P-005,3,0
3bb13bdd-ad6c-4c34-b59c-ed004310f507,2023-10-12,S-043,P-002,3,0
43b02e09-3ec4-4b89-9c17-ac5207469f86,2023-10-12,S-004,P-007,1,900
40ea3f5f-01b7-46a2-8e33-c206d0484370,2023-10-12,S-006,P-006,2,1600
5dcd21fc-6f2a-42bd-9143-6a99bd3ad810,2023-10-12,S-007,P-003,2,0
50b6fcbb-1fcc-4422-aecd-f1983ad4b369,2023-10-12,S-015,P-006,1,0
16c3a2b1-c0f4-4f29-8d8a-63a2c10b73bb,2023-10-12,S-033,P-007,3,2700
e08256c4-f2e9-4461-9536-45874edebafa,2023-10-12,S-014,P-001,1,0
ac30ab89-b590-4d89-b48b-2c31db09aed7,2023-10-13,S-030,P-005,2,0
da8f7585-5a4e-4872-a0fa-d965ca65fa15,2023-10-13,S-037,P-005,1,0
17cd80d3-8c50-42fa-9d54-e401ba810443,2023-10-13,S-045,P-006,1,0
ebc5f7e7-7897-4a92-a9d8-0ae6c04dec01,2023-10-13,S-035,P-003,2,4400
2bc83982-06ea-43fd-842a-89e3bbcc873e,2023-10-13,S-023,P-001,2,1400
a6c8e6ef-1e46-46ae-aca0-856de73bac7e,2023-10-13,S-030,P-003,1,0
55503143-58d2-40c4-bc29-1216c88e5b2b,2023-10-13,S-019,P-001,1,0
4d485dc0-6d1d-4aea-ac81-d7e476e0675f,2023-10-13,S-027,P-007,1,0
d8668f82-b984-4408-b7ed-66c3251d530b,2023-10-13,S-042,P-003,1,0
ecfdea20-2a76-4d74-bacf-05b0368e1442,2023-10-13,S-014,P-004,2,0
4ca91cd6-e978-4804-9aa0-eee0660eff9a,2023-10-13,S-012,P-006,3,0
c0db4435-ca5c-4798-a3a9-92495e540780,2023-10-13,S-045,P-003,4,0
e7c566d3-d779-4728-9553-6fd78959fed4,2023-10-13,S-025,P-006,1,800
88e3a1ab-b8d8-4616-8292-d2b586695fc3,2023-10-13,S-010,P-007,3,0
8407b752-56a2-456f-9d50-92c7375fedd9,2023-10-13,S-022,P-004,3,0
ff90f787-e6c5-4042-ae73-02504aadd7da,2023-10-13,S-033,P-004,5,0
5da6c3af-fc9c-4b19-a299-c69072d20a41,2023-10-13,S-050,P-001,2,0
e960ac0e-6cdb-4569-9b3f-b546b9eb89bc,2023-10-13,S-018,P-004,1,0
eb01f593-1e1e-4163-902f-fcfdca56048e,2023-10-13,S-013,P-002,1,950
bcc29d06-2eb2-4ade-8ca7-926e9ad7e2cb,2023-10-13,S-028,P-003,1,0
01320520-26f5-45ab-93a6-f7b7804d8926,2023-10-13,S-040,P-007,3,0
c4eac32d-f714-4217-8f5a-b2d09ce7993c,2023-10-13,S-043,P-004,3,0
89ac0913-a0ac-4570-bd42-1ac326e06608,2023-10-13,S-034,P-003,2,4400
008fa2f5-463d-4319-8e86-7c1ed643c60e,2023-10-13,S-035,P-003,1,0
a6ced959-1159-4dba-a6e7-f65a04317f5e,2023-10-13,S-011,P-002,1,0
85a5d3fe-17ce-43d5-b3c6-c3d3ca0c8b73,2023-10-13,S-025,P-007,1,0
c2e79f95-771d-4b30-9871-447e622454de,2023-10-13,S-017,P-002,1,950
e6929302-6add-4799-b1eb-50697f37bf4d,2023-10-13,S-039,P-007,2,0
f3b759c2-e788-432b-ac64-e7db391bac6d,2023-10-13,S-048,P-006,1,0
88148c9b-1f43-4109-a6b5-648e792c49ad,2023-10-13,S-032,P-006,2,0
4b788856-fad3-4d40-bc18-2da381718092,2023-10-13,S-016,P-001,1,700
f537aa59-871b-488b-961b-67790e17cfe0,2023-10-13,S-045,P-003,5,0
332a7077-716b-463b-9d3c-50e33476f6e4,2023-10-13,S-018,P-002,5,0
abbbec42-fa85-4aae-94c2-af4a0403dab4,2023-10-13,S-044,P-007,1,0
9e38a2e6-928d-4b17-bac3-938f045c9d4f,2023-10-13,S-012,P-002,24,0
c9f94734-7d50-4772-8041-645c420e1f96,2023-10-13,S-044,P-004,1,1050
f52b2651-7972-4d94-85c6-63e393a0048c,2023-10-13,S-011,P-001,2,0
bd04b549-1a9f-4140-8c70-073fbfe86453,2023-10-13,S-007,P-003,1,0
67e55eae-9410-453c-8993-3dac7b62f54d,2023-10-13,S-037,P-003,3,0
f1dc7e0a-613f-400d-ba95-65e713020676,2023-10-13,S-048,P-007,2,0
dcab9f7f-445c-41a5-8ef6-aebf81f29f95,2023-10-13,S-002,P-007,1,0
7793eb26-91af-4928-989d-56c7eaadf7dd,2023-10-13,S-033,P-005,24,0
aace383c-d5ef-42e5-ae8c-2fc615447a1c,2023-10-13,S-025,P-003,1,0
c471711d-b4bb-4509-a90d-597d4849c580,2023-10-13,S-048,P-006,5,4000
f7dee1ff-db0c-43b7-966f-871adbd85388,2023-10-13,S-008,P-004,3,0
c9724010-157c-45b4-a988-b51d30079bc2,2023-10-13,S-003,P-004,2,0
19623dc6-9dfa-44aa-a4bc-1160fb8ff41b,2023-10-13,S-050,P-006,1,0
d874fb7a-55fa-4335-a512-63e00b019795,2023-10-13,S-014,P-006,1,0
1f2d03d8-2841-4f39-8cc5-bcc217d671d5,2023-10-13,S-019,P-002,5,4750
209226ea-2885-4f37-a6d0-ba613efed888,2023-10-13,S-014,P-007,1,0
0115ffbf-d401-4fc3-a8ea-4e1b815227f0,2023-10-13,S-016,P-004,1,0
1f249fd9-4f68-4e93-baf9-783eef5f0b76,2023-10-13,S-035,P-001,1,0
ed2d7c52-b00d-451f-b4e4-25bc4feabb66,2023-10-13,S-032,P-003,4,0
857ae80d-2db2-4f37-a22f-4e4f326c9d71,2023-10-13,S-005,P-004,2,0
cb5b7664-915f-4ee3-978d-7b095da75d29,2023-10-13,S-007,P-001,1,0
0a7957ab-99a2-4fe4-965a-4f123b740d67,2023-10-13,S-014,P-001,1,700
c368909d-0519-4568-9fdd-27aefec18c2f,2023-10-13,S-039,P-002,1,950
8d1dd5a8-2be6-4365-98c0-f838f3ae29ae,2023-10-13,S-026,P-007,1,0
c650d610-e8dc-4a75-ac07-7cdfad6fb75d,2023-10-13,S-025,P-004,1,1050
4b26a8d1-f395-47a0-9f68-401edaf24890,2023-10-13,S-029,P-006,24,0
728d23f1-0570-4493-8ae1-e606f65ecf6f,2023-10-13,S-050,P-005,1,1050
fbe48013-22af-48d8-a0bf-decea864b687,2023-10-13,S-014,P-007,4,3600
fb2fee52-5681-4ca1-84cb-f1f942e212de,2023-10-13,S-021,P-007,5,0
1136e7d9-08c7-4466-b349-2d3bfdb0c68d,2023-10-13,S-018,P-002,4,0
278cf8a4-469d-473d-8c82-b52e6b362b46,2023-10-13,S-049,P-004,2,0
6d71f435-07f1-428d-a851-a31a1059285c,2023-10-13,S-012,P-001,4,2800
7be7c859-2d22-43e0-8994-a03713504fd2,2023-10-13,S-012,P-001,1,0
4277c338-51fd-4aa3-92bf-d6c2c64604fc,2023-10-13,S-024,P-002,2,1900
8d1e28da-ec7a-4901-83f5-62dda48d6d8c,2023-10-13,S-031,P-006,3,0
76fb6898-6127-4101-b1aa-c49e6554635c,2023-10-13,S-019,P-004,1,1050
790c9ee7-2576-4163-b736-dda777141b50,2023-10-13,S-022,P-002,2,0
6a3fbbaa-0cd6-4fed-b754-fcdd915570d1,2023-10-13,S-032,P-007,2,0
0c84e9ec-3d33-404a-9dbd-7474f1e3c98c,2023-10-13,S-008,P-005,1,1050
f75ce00b-7175-4509-9f9d-146f4a814f45,2023-10-13,S-023,P-004,2,2100
c62ddd51-4c47-4415-b18a-aee0fb4c8f90,2023-10-13,S-005,P-006,10,0
93ae5887-e99a-41f8-8877-63329a670249,2023-10-13,S-050,P-003,4,0
c01312e6-b3d4-40f5-8e3d-ca0aef2fe153,2023-10-13,S-045,P-004,1,0
9b2a222b-9424-4e64-b89f-bd4c9a0c1a14,2023-10-13,S-009,P-002,2,1900
c5ea776c-3150-4b4a-9286-4d60524e44f9,2023-10-13,S-041,P-004,1,0
e6d238cd-d3e6-4994-b89c-29b1714b8997,2023-10-13,S-008,P-006,2,0
b2694a12-9f4d-4f3c-8a79-ea04477c783c,2023-10-13,S-041,P-004,1,1050
853c60ac-463a-4d8f-b202-c1c66ddecc97,2023-10-13,S-023,P-002,2,0
94c8727f-57ad-4c07-9d31-0c3ea2fc1ef6,2023-10-13,S-033,P-002,4,0
4aec60e7-3792-46e4-baec-aac05e00fbe8,2023-10-13,S-021,P-003,24,52800
923a80ba-5a7b-49ed-96dc-e69301fd2bab,2023-10-13,S-032,P-003,1,2200
2979d925-8b9f-4e5e-a380-961d18f1b024,2023-10-13,S-028,P-002,2,0
942d4e70-b7fa-42af-92f0-d7345dd75ea7,2023-10-13,S-050,P-002,2,1900
d3892d0d-ffca-4488-8962-586fdb469199,2023-10-13,S-047,P-005,2,0
17678dd4-d8dd-49ec-9da9-217cca2bf25a,2023-10-13,S-028,P-003,1,0
25637c7b-8ab8-4232-8d4a-188556372592,2023-10-13,S-008,P-002,4,3800
f7060554-8c26-4fe5-b17f-6a0125b190b8,2023-10-13,S-033,P-006,1,0
22a34b8b-d4bc-4976-820b-9b84f538a9a7,2023-10-13,S-042,P-005,1,0
8e9ff5e3-a11f-4cab-9fd5-c5cc56dcd93a,2023-10-13,S-022,P-007,1,0
e2761317-c327-4227-97ba-eb526fad3320,2023-10-13,S-003,P-004,5,0
20c0ae80-700c-49c0-aed2-02695b70b544,2023-10-13,S-032,P-007,1,0
5ee5e689-fe43-4bf1-9497-6bccd15c4661,2023-10-13,S-045,P-003,1,0
daa010e1-cbd0-4dc0-82ef-3538806b0204,2023-10-13,S-040,P-006,1,0
27d0c684-9371-44d5-9954-59c9d0b12c62,2023-10-13,S-015,P-001,3,0
6ca83d48-ce40-4d78-99ad-0f71675d48e1,2023-10-13,S-012,P-002,2,1900
a60e56b4-4bf7-407d-bffd-61939b1f34f4,2023-10-13,S-040,P-007,2,1800
841cb18d-d91f-49ec-bbcf-1a944bc57a7a,2023-10-13,S-038,P-005,4,4200
f1971f22-e959-485d-80c9-5dc484942cc7,2023-10-13,S-016,P-002,2,0
39d1177c-20ab-4af3-9130-c844529179c6,2023-10-13,S-017,P-006,4,0
0d18b74d-67bf-4489-9822-3b3a8d7c0be4,2023-10-13,S-009,P-002,1,0
d514f126-ed84-4fb4-a0c5-29d8fc90faad,2023-10-13,S-026,P-002,4,0
42608aad-0e4a-4ee7-95a1-e3bc25dbf3fc,2023-10-13,S-038,P-001,5,3500
d4a9ce8d-3997-457d-8f15-cbc7f1e3e9e3,2023-10-13,S-048,P-002,1,0
5aab2c86-555c-4ff3-8ad6-44d1c457f071,2023-10-13,S-008,P-007,2,0
8dd5214c-922a-4d40-bf91-daf102157525,2023-10-13,S-032,P-004,1,1050
18478ea6-f423-4429-ac81-a37373e966f2,2023-10-13,S-023,P-006,3,2400
a3cc2014-d5e6-438a-b7aa-3800aeb7401d,2023-10-13,S-038,P-007,1,0
819a6504-220c-488a-94e7-7d89a248b340,2023-10-13,S-011,P-006,1,800
10808503-ddc7-4341-b625-06aec509958a,2023-10-13,S-018,P-003,4,0
3ddf4b83-4cab-4c31-8b3e-33a9c3459b85,2023-10-13,S-011,P-003,1,0
073531d9-54c5-4f97-aa37-114cc2ba812c,2023-10-13,S-004,P-004,2,0
cea457f9-3fe6-4495-bf17-9350b25edbed,2023-10-13,S-016,P-002,1,0
8b362d51-07a6-4251-b03a-d3be75487e28,2023-10-13,S-040,P-005,1,0
23021945-8129-4d25-b0e3-d689c51cc667,2023-10-13,S-001,P-002,4,0
fbb8f5e9-6f9a-4235-b160-9b9322242bc9,2023-10-13,S-007,P-006,1,0
86a0da92-f2ce-4539-ac3e-a87b614a99eb,2023-10-13,S-039,P-007,2,1800
395e3149-9da9-49ae-9008-ef4ce18143cb,2023-10-13,S-015,P-003,4,0
6ca79ae3-1d98-4763-80b4-a991868336c3,2023-10-13,S-039,P-001,1,700
4b6d7a04-03e7-49c4-aba8-246a311aa28f,2023-10-13,S-028,P-001,4,0
2102e663-c6ec-4858-912b-877ad104c913,2023-10-13,S-027,P-006,2,0
a001fdbc-56e6-4a94-921f-acbc9c1a1d63,2023-10-13,S-045,P-001,4,0
d4db8d40-f2ae-473a-9764-d0ccb27efd07,2023-10-13,S-047,P-006,4,0
03715e4f-9b67-4c13-b7d6-83c84071f710,2023-10-13,S-013,P-003,2,0
657dae43-7d5f-48bf-95de-39cd5c095d5d,2023-10-13,S-013,P-003,1,2200
e7c6db4e-5284-4095-ab23-d4fa27cd2b61,2023-10-13,S-050,P-003,10,0
ee8ce98f-e734-4a54-be38-e04867b9d913,2023-10-13,S-015,P-002,1,0
78fbe588-d98e-4751-aac5-005951f039ac,2023-10-13,S-013,P-002,2,0
71361a23-fe90-4fc1-8835-b4b657630e9f,2023-10-13,S-005,P-006,1,0
e4276674-978a-48dc-a9b2-dd2624ea2f43,2023-10-13,S-033,P-005,1,1050
9c03fd1e-88e7-4c9d-a698-510580c1218e,2023-10-13,S-020,P-002,1,0
170f3250-cfd2-4976-b32a-77a745e3ea0d,2023-10-13,S-003,P-001,1,700
5b433779-9b5a-4d28-bbb6-28e21ec8de6e,2023-10-13,S-029,P-007,4,3600
c47d7e44-9d03-4a7e-8e06-3f36a230423e,2023-10-13,S-050,P-003,1,0
86037c0b-d848-40b6-b1d8-03c46e761ff2,2023-10-13,S-036,P-007,5,0
3f890fc6-e770-4371-b36c-531126456b9c,2023-10-13,S-002,P-005,3,0
e9a6c6f2-1dca-4d0c-9111-57eedc2057ad,2023-10-13,S-034,P-001,1,700
810825bc-116c-43a3-bf66-a226e523f4ef,2023-10-13,S-027,P-005,1,0
563ce5e9-936f-4422-bb7d-72b98c019fcc,2023-10-14,S-008,P-006,3,2400
dc8d84a2-b319-478d-b42d-41bb5b679b7f,2023-10-14,S-018,P-006,1,0
648ce8ec-84ce-4bed-b0c8-2d207321f7f4,2023-10-14,S-034,P-007,2,0
fd1f9c92-4a31-4303-9dab-2e3eb25b4761,2023-10-14,S-038,P-006,1,0
5d81c89b-4e4d-49fb-b3dc-9ed6bfa1e859,2023-10-14,S-005,P-001,1,0
dc792401-93f4-4087-92a2-007a03d85808,2023-10-14,S-001,P-005,2,2100
ffa6df82-4179-4222-992a-9b082a3c9d6e,2023-10-14,S-020,P-007,2,0
c946e7a1-c413-48a2-97dc-399575ee519f,2023-10-14,S-018,P-002,2,0
a497d431-fee1-4b16-832a-ddcf70de8332,2023-10-14,S-003,P-003,1,0
d82a9d60-b465-4aad-b381-f5aa790d346a,2023-10-14,S-050,P-006,2,1600
d3953ace-f917-4688-af5e-95375513a6fe,2023-10-14,S-018,P-004,2,0
40b24a30-e5b2-4a8b-a4f2-f826bb04a01b,2023-10-14,S-009,P-006,2,0
7a79c758-cdfa-4c33-908f-f01164bf6d6e,2023-10-14,S-024,P-007,1,900
86605c4a-a163-4193-8208-3af6d0cfa519,2023-10-14,S-007,P-003,2,0
1aa2a3f0-e883-4386-921b-9279df7e2bda,2023-10-14,S-007,P-001,2,0
bffdaeb1-696c-454b-86a6-4456ab77479c,2023-10-14,S-002,P-006,2,0
fa152e2d-4596-4596-9463-bdf2d3126c2b,2023-10-14,S-038,P-004,1,0
3a1b4941-408a-4030-b6a7-48c6eef469f4,2023-10-14,S-046,P-005,1,0
4449ada9-88bc-4310-99a5-3155f6eb668f,2023-10-14,S-028,P-005,1,0
b6ad193e-7df8-4485-9034-987a7c4db125,2023-10-14,S-007,P-007,1,0
ff7bcdb6-fadb-4679-b2c4-2ac29a305768,2023-10-14,S-038,P-007,3,0
da4b3e82-54fb-410c-82b4-03c5aea40ade,2023-10-14,S-034,P-004,4,0
67f41f30-eb73-47c5-a5b0-5b65ba2b9ae7,2023-10-14,S-035,P-002,1,0
824146b9-222d-4f91-bdec-a8aab8568039,2023-10-14,S-044,P-005,3,3150
d90eaf77-bf99-4156-9957-64bb48a326d5,2023-10-14,S-030,P-002,5,4750
a75b610c-731b-48e3-a911-f56a916d56d9,2023-10-14,S-009,P-007,2,0
308cbb07-3880-4d7b-9a88-f6154243207b,2023-10-14,S-047,P-005,2,0
b15cbad4-1090-422c-9d61-1c7ef0d6cfeb,2023-10-14,S-028,P-005,5,0
e4f2da49-cc11-4b83-855f-e7cc9a5202a4,2023-10-14,S-014,P-006,1,0
0823ca8c-fc0d-4e82-a6fb-5a1a9550a6f1,2023-10-14,S-008,P-001,1,0
b9955d7c-ed4e-4d99-8d89-72438e1bdab6,2023-10-14,S-004,P-004,1,1050
93daec77-8666-4e13-b046-f1023cb64227,2023-10-14,S-015,P-001,1,0
a69c7c17-b7f4-4b5d-a6e0-40bb874d52e9,2023-10-14,S-019,P-001,2,0
6a9f4fdf-5a26-42ad-8abb-5968a76ae16e,2023-10-14,S-024,P-002,1,950
c403c0b8-2d26-4c2d-9293-82ae3487bc0e,2023-10-14,S-035,P-002,4,0
1a6edd37-f4e6-4ec3-aea6-1d16dbe8fe7f,2023-10-14,S-017,P-006,1,0
4f9069b5-42b9-4dd0-a8dd-e1d49f3189c1,2023-10-14,S-020,P-007,2,0
370da00c-24c1-454d-8f3d-bfa204c5d3dd,2023-10-14,S-046,P-007,1,0
8b686df3-1f2e-4b72-a507-c2ce38249fe0,2023-10-14,S-012,P-004,2,0
9f0cc79a-1c1c-4b87-b35d-2d1e6f6a76d3,2023-10-14,S-040,P-004,5,0
56f1eb6e-c4cd-472e-a8c5-801800ee1032,2023-10-14,S-044,P-007,2,0
86fdff89-3c24-4cc4-b8be-b956db11c011,2023-10-14,S-018,P-007,1,0
301c47f3-7dec-45a7-af99-1f4dfdebb647,2023-10-14,S-001,P-006,2,0
e67e088e-9b43-475f-9928-8ed4cda40e59,2023-10-14,S-013,P-007,1,0
ee9ea8bb-1b6d-448e-b530-7d6a0c67f7d3,2023-10-14,S-009,P-004,1,0
77c02ca1-d321-4580-82f1-27a3af535940,2023-10-14,S-013,P-001,5,3500
dc363dac-9765-4228-9c87-44d2389d1233,2023-10-14,S-016,P-003,4,0
94b4df28-1d4f-4a19-b473-6ac48c965815,2023-10-14,S-022,P-006,1,0
763379bf-aaab-401b-a1a3-36f8a06f808d,2023-10-14,S-031,P-003,1,0
3f2685ad-00d8-4446-b124-bd76d1604e27,2023-10-14,S-021,P-006,2,0
3e36462c-df34-4af0-96ba-be63550436f2,2023-10-14,S-039,P-006,1,0
16c7e723-14ea-45d4-9f77-acf9018df1ff,2023-10-14,S-009,P-007,2,1800
094ba01f-70bd-4292-b5f4-e3cb63845c09,2023-10-14,S-044,P-006,10,0
85e29083-7602-4ed4-9a78-8377bed14a00,2023-10-14,S-008,P-004,1,0
1d1992b8-63b5-4d87-9426-f32dc42c85ca,2023-10-14,S-025,P-007,4,0
31d978b8-3068-4deb-89f5-38caa88687e4,2023-10-14,S-026,P-007,1,0
77ca2de3-25f1-4475-9f10-a0e2286e71d9,2023-10-14,S-004,P-003,1,0
cd4eac5f-35be-4f5a-91ca-8a4c915419cc,2023-10-14,S-024,P-006,1,0
24d5754c-bdcd-4708-b2c1-94e04eef584d,2023-10-14,S-018,P-004,1,1050
46fb1854-1eeb-486b-9293-ba46e4dc2cec,2023-10-14,S-049,P-001,1,0
b2b95a40-377a-4286-bd35-fed792cc3bac,2023-10-14,S-011,P-007,1,0
6aa7aa40-c897-4d3b-b449-d8c22731d206,2023-10-14,S-010,P-004,1,1050
7e1680f5-0b0b-4d90-9f0c-a640f6bcf0fd,2023-10-14,S-015,P-004,24,25200
9329fe89-f00f-4efa-85e7-904a643ae6f0,2023-10-14,S-004,P-004,2,0
c0c9bd6f-5962-46ba-9f3b-1a9954e58462,2023-10-14,S-014,P-005,4,0
598a7235-7c0b-4b9b-a749-9324f6b1cb93,2023-10-14,S-035,P-006,1,0
1db85fe3-87fd-44a0-98ad-8ce1214d3949,2023-10-14,S-037,P-007,3,0
247c746c-708a-4237-a5f5-a65adc880ab0,2023-10-14,S-011,P-004,1,1050
690fee51-d54f-467d-81d0-cc7a377c6333,2023-10-14,S-046,P-002,1,0
3fbe5aa7-fecd-4a9c-af64-4cfc4070d86f,2023-10-14,S-040,P-003,1,0
e593c8e4-7b4e-4003-9270-f725daf531fe,2023-10-14,S-038,P-002,2,0
82489c10-72f4-4478-a64a-e060c2df8422,2023-10-14,S-034,P-004,1,1050
063db340-094d-41ba-ab65-8d4f9b9538e1,2023-10-14,S-046,P-001,3,0
73ca431c-cb94-447c-8aa4-9209964e60a2,2023-10-14,S-029,P-007,4,0
f8bb7c8a-2044-4106-aae4-876771c5a03c,2023-10-14,S-006,P-007,1,0
444612b2-d5c1-4a13-b2cf-aa12a866c76e,2023-10-14,S-027,P-003,2,0
95722e50-bd76-40ae-9b01-f873af576266,2023-10-14,S-016,P-001,2,0
f8d9a263-8791-46c8-9e2a-2bfe38e68fe2,2023-10-14,S-028,P-007,4,0
df805f3a-c279-43bc-8eac-bc62321ccbb4,2023-10-14,S-039,P-001,1,0
07213c35-3ec8-44af-8362-4454b582bd7a,2023-10-14,S-033,P-006,5,0
de885d24-3e40-4c97-ab33-19ee44a7afd0,2023-10-14,S-008,P-007,3,0
5870ab86-9b49-4084-96df-3e7258e7e9ed,2023-10-14,S-047,P-005,1,0
b7a244bc-698f-4d98-b6d3-714a7929a8bd,2023-10-14,S-036,P-006,2,1600
5b8213a7-f6f2-408a-b8b4-c4b47529a769,2023-10-14,S-029,P-006,1,800
f358cf88-8a38-4abf-b192-3e05c63bcc4b,2023-10-14,S-028,P-007,5,0
9973b979-f508-4e86-b625-6d6b3a3fbcc3,2023-10-14,S-025,P-005,2,0
41936c2b-b539-4a31-ad31-67ff25180b46,2023-10-14,S-036,P-007,2,0
e6b33b1d-415f-46a5-a9bf-774625902bfc,2023-10-14,S-014,P-006,1,0
b60e8166-e6d8-4930-bbc9-a5683f1d4c9c,2023-10-14,S-028,P-006,2,1600
8a00fd4e-fe74-41c1-b511-cafe12bf04e6,2023-10-14,S-015,P-004,1,1050
c9f61773-fada-461f-a86d-44216c08f271,2023-10-14,S-008,P-006,1,0
c8740ea1-e5e8-494c-b8d1-206de66bc82e,2023-10-14,S-024,P-004,1,0
186ef46a-a7ad-412e-b911-a6bb90bad3f1,2023-10-14,S-005,P-004,2,0
3894a67c-f9f8-4ea3-9eb2-57d64a56f1be,2023-10-14,S-033,P-004,1,0
7e9371ea-9139-46e4-8e05-f490f3485268,2023-10-14,S-003,P-002,2,0
041e29fd-f0e9-4c41-b47c-6384f1ac391c,2023-10-14,S-050,P-005,1,1050
2db5560d-89d1-42a8-96f4-11dcd4eff35c,2023-10-14,S-005,P-003,4,0
5939cd09-9330-426c-9ffe-1d13c370f976,2023-10-14,S-010,P-002,4,0
03abeeeb-ca87-4b98-8207-00e411db7ccc,2023-10-14,S-005,P-007,1,900
c39f55c4-70bf-41cc-b21b-1a69b9fe4867,2023-10-14,S-038,P-007,1,0
91d87deb-39d6-40b0-aed3-212dd19b86b5,2023-10-14,S-010,P-007,5,0
e24a8d2f-7655-48ec-ae3d-14a991e113fb,2023-10-14,S-035,P-007,1,0
887f3e96-2278-4fb7-8ada-605e16e61def,2023-10-14,S-017,P-002,1,0
96cecb49-0472-49c3-a1aa-1b9f9d3a5993,2023-10-14,S-017,P-006,3,2400
fe50333a-738b-4209-8173-63b9dc2569fd,2023-10-14,S-018,P-003,2,4400
482deedf-c571-4cac-997b-b2c28bd6abfd,2023-10-14,S-033,P-004,1,0
710ad412-9f15-4da6-95f5-1f2d543d1d57,2023-10-14,S-002,P-005,1,0
907d601e-4c50-48bd-b30b-a43456fc6667,2023-10-14,S-032,P-002,1,0
3701c3a5-7016-4a5d-bd3f-b88de1c7553f,2023-10-14,S-044,P-003,2,0
8b35840a-e43f-4d76-bed7-04b4cee4f820,2023-10-14,S-011,P-004,2,0
19d8f97d-b49f-46b3-a808-7f04d8b49c66,2023-10-14,S-047,P-001,1,700
b425d020-76aa-43c5-a55d-32aa098ed99f,2023-10-14,S-043,P-001,2,0
b5e1a36d-a060-481e-a663-2acd001e41ad,2023-10-14,S-025,P-002,24,0
6f6e6cef-ec7d-4d38-813e-5c076bd18133,2023-10-14,S-014,P-004,2,0
20a9749d-a337-4158-a525-20fb0acc33c6,2023-10-14,S-030,P-007,3,0
0f23a4a1-6285-4452-b03e-8c719db25a5e,2023-10-14,S-002,P-001,2,0
6bcdfe61-7fef-4b84-8268-55f1b6ef30b2,2023-10-14,S-020,P-001,1,0
23f3fba2-9f10-472b-8e4b-4b0e7de5a1a8,2023-10-14,S-031,P-001,2,0
f1bee812-9ef3-4587-9dd3-291a11017957,2023-10-14,S-012,P-005,4,0
65e8cfe7-33ed-4482-b129-5ca8e7b250d2,2023-10-14,S-011,P-001,1,0
16f265d4-5987-4895-b5db-947b1709394b,2023-10-14,S-036,P-001,1,0
c47ad7ac-b318-4fb1-929c-276750b0b387,2023-10-14,S-011,P-003,1,0
d2ccd8f7-d217-482d-a551-c50ae18c1fa5,2023-10-14,S-023,P-005,1,0
799ee139-cbb9-41ea-9862-7ad91e6efd03,2023-10-14,S-017,P-005,1,0
6039aad4-df46-4732-a4c2-e8b50fc0130e,2023-10-14,S-016,P-007,1,0
bdc464fc-4b9e-446d-a033-900d594e989b,2023-10-14,S-048,P-003,1,2200
a51e1d48-d8d9-433a-8b2f-c43383f29a09,2023-10-14,S-037,P-005,2,0
d144143f-eb81-477f-90a7-9c559d4bae1e,2023-10-14,S-035,P-001,1,0
12e96730-94bf-41ac-8d17-f1bab695004a,2023-10-14,S-049,P-004,10,0
08ff1f81-8ecd-47e2-a7a3-cbf0e7cf96f4,2023-10-14,S-019,P-006,1,800
3e6d1f51-049e-46e8-bcae-7cb5a6038a7c,2023-10-14,S-032,P-006,1,0
a7cae683-fdc9-4a3f-91a9-93132cea962b,2023-10-14,S-002,P-006,4,0
bab0aabe-18ca-4b4b-9d8c-67406e014976,2023-10-14,S-016,P-004,5,0
c7508865-2a83-40e4-94fd-ef1b5a0f8a8b,2023-10-14,S-008,P-002,1,0
253cf19b-cbe0-4421-ad4b-e5870fdba19a,2023-10-14,S-020,P-004,1,0
30c1be1c-bcb7-486f-b1fe-eb76aa37c312,2023-10-14,S-028,P-004,1,1050
794472de-8b63-4cf1-88a3-3cb5e1a3cbfe,2023-10-14,S-028,P-001,1,0
8ebe12b0-60df-4495-8cf9-89de73ba4f13,2023-10-14,S-035,P-006,1,0
726983d7-d1c6-441b-aca5-e91909386919,2023-10-14,S-012,P-003,1,0
a6109810-9e2c-401b-899f-5d3bc523ba67,2023-10-14,S-023,P-006,24,0
0110d5cf-3dc3-4676-9089-bf950cf25ad5,2023-10-14,S-012,P-007,1,900
e7fd766e-abde-4db8-8547-a15b8de78fe4,2023-10-14,S-048,P-006,5,0
cf0a0667-f890-4b71-8b93-4e62f0fc168b,2023-10-14,S-037,P-003,1,0
1169a057-8489-4797-a5f8-88dd783b8124,2023-10-14,S-026,P-004,1,0
959a4138-8b40-4521-9eb5-076aa1a95641,2023-10-14,S-032,P-003,1,2200
bca942be-ce6c-417b-9858-a535a0e001df,2023-10-14,S-006,P-007,1,900
102ee79f-c50e-47f8-9dbc-0aad63a1be80,2023-10-14,S-033,P-005,1,0
b2aae182-fdd8-4265-bedd-66cd6b0b9c24,2023-10-14,S-019,P-003,2,0
4f99d09e-4c64-4651-ba16-21e13a8f654c,2023-10-14,S-005,P-005,1,0
1ef9dfe3-75d0-4200-a740-010f1d29b92c,2023-10-14,S-029,P-004,2,0
0ae09c67-3323-4570-964e-0dd8d5ed5f72,2023-10-14,S-029,P-001,1,0
ed47b03b-88d6-4a8c-84fa-42f154cb78c0,2023-10-14,S-016,P-004,1,1050
8d50ec72-37fc-4a59-87ec-523c208cb474,2023-10-14,S-035,P-007,1,0
becf8bec-d9e3-4112-893d-fd9099e34033,2023-10-14,S-014,P-002,10,0
3f3c7394-fd6e-461e-800f-cde6528b751b,2023-10-14,S-041,P-004,2,0
f577d177-a648-46d5-adae-4d0b99731cba,2023-10-14,S-021,P-004,2,0
96486e8a-704c-47b7-967f-44b51ea7c0ce,2023-10-15,S-026,P-006,3,0
2a392600-df60-4d0d-984f-83b97781f66f,2023-10-15,S-041,P-002,1,950
e6cdbb08-962d-4e37-90b6-b0ef00e0761b,2023-10-15,S-002,P-003,2,0
2293f7ca-7cfc-4ae8-85c7-dd1633d0e7ec,2023-10-15,S-008,P-001,2,0
63b34b96-8df7-4b8e-93f0-52048e154e5d,2023-10-15,S-038,P-003,10,0
57ee6617-3ae4-417b-b740-678281997680,2023-10-15,S-019,P-005,4,4200
8da39263-d1c7-4334-95b5-a1ec26b9a69c,2023-10-15,S-026,P-001,4,0
34e40200-6f4e-471f-b5f6-eabb41ed2d10,2023-10-15,S-047,P-007,1,0
6e69699e-efa2-46a9-ac3d-dbedc55ab2f2,2023-10-15,S-016,P-003,2,0
91d66458-6981-44b7-8858-1e3a9068e4b5,2023-10-15,S-006,P-003,4,0
f755d8cc-cd49-4cc5-8c79-60c952c0eb2a,2023-10-15,S-019,P-005,3,0
576e498a-1046-4525-bb7d-1d1863a3e2c3,2023-10-15,S-017,P-002,1,950
96a5811b-1726-4893-9874-c164fe16560b,2023-10-15,S-027,P-007,2,1800
a0e23632-1a7a-44f5-9c28-1adb939b1904,2023-10-15,S-003,P-006,3,0
939c46cf-bcd6-4180-8387-5aec7de962e8,2023-10-15,S-009,P-006,2,0
8a3040c8-785a-44f8-85e3-4cae1b03c6ce,2023-10-15,S-048,P-005,2,0
1e126ae2-7b3e-45e9-ae4b-2813f7cfba8d,2023-10-15,S-045,P-005,1,0
eaf0401a-0580-45b1-b7fc-98ce9106b109,2023-10-15,S-018,P-006,3,0
d2b9b4c3-7dc1-4dfe-9853-4c068fb4780e,2023-10-15,S-038,P-005,4,0
d7cee588-2651-451b-89b6-6e3bd72cff5a,2023-10-15,S-006,P-005,1,0
7688de7c-f837-47eb-adaf-630580e27e87,2023-10-15,S-042,P-005,3,0
3e17cac5-171f-4e00-99cf-125aeaa43d5e,2023-10-15,S-003,P-007,2,0
5ee16aca-64fb-4585-b0c7-258ed32e9610,2023-10-15,S-037,P-001,1,0
85aee1ea-e542-403a-a69c-75080f37a011,2023-10-15,S-034,P-005,4,0
eddc9806-5831-441a-b1ca-f826a28bab7a,2023-10-15,S-024,P-007,1,900
fcc98157-fa85-45a9-ba11-fae00f5deb64,2023-10-15,S-034,P-001,1,0
92eab4ce-9fcf-46a2-9146-d3f8deafd0b8,2023-10-15,S-011,P-002,1,0
a422e075-1e5b-432b-a9af-3ce7ca59ac42,2023-10-15,S-011,P-003,4,0
7413b9c4-1bdf-49f0-a2a5-d70ae6dce01f,2023-10-15,S-035,P-002,2,0
8d9f851f-d75a-422c-b8bb-40b470327224,2023-10-15,S-036,P-001,1,0
eb22b611-dca5-4c90-a581-1c4b0290369e,2023-10-15,S-045,P-007,2,0
15ec4abf-607f-4d67-9f54-07ad4813b654,2023-10-15,S-029,P-005,2,0
b558e520-67a9-4a20-ac5c-a9f43d90dd23,2023-10-15,S-022,P-001,1,0
952dd3c5-c1d7-4af5-8793-226d047e5d08,2023-10-15,S-031,P-006,1,800
6829f1c2-8429-41ee-9457-9c1fe10f36f7,2023-10-15,S-043,P-005,1,0
9ab8bad8-9d3f-4594-be45-0d822ee81c1e,2023-10-15,S-009,P-006,1,0
e5102cf6-550a-4473-99f0-af7978d9f235,2023-10-15,S-039,P-003,2,0
18bfffba-f1c4-4e1f-9c8a-e5ef24264716,2023-10-15,S-007,P-004,3,0
dbf7912a-515d-40f6-8c9a-2974099c22d1,2023-10-15,S-007,P-004,3,0
b1de35de-f7f8-4f9e-9a95-d8d753df46fb,2023-10-15,S-042,P-003,3,6600
ac0e2a1d-20f0-4971-a60d-6571f5c9e45b,2023-10-15,S-008,P-001,2,0
50d26a42-2186-4a94-9faf-ed8fd75dde90,2023-10-15,S-047,P-003,3,0
46bb6e9e-a56a-4cb2-ac2b-7dfd5e72e325,2023-10-15,S-021,P-005,24,25200
8cf221fd-249f-41f7-8fd6-265a8099fa91,2023-10-15,S-042,P-005,24,0
516d9bdd-54b3-4abe-b7bd-3c0fb36c9037,2023-10-15,S-023,P-005,4,0
08416544-f191-4cff-993d-5db0e3a3bde7,2023-10-15,S-042,P-003,1,0
8021f19b-8a5e-4f1d-80dd-75c35bdfb36e,2023-10-15,S-009,P-006,1,0
3e640dea-b52b-4a70-a3d7-59b092d67879,2023-10-15,S-016,P-006,3,0
326d48c7-8a31-4b09-9c9a-4ad83849b677,2023-10-15,S-037,P-006,1,0
8731da2c-28a9-49aa-8b93-8a4001561936,2023-10-15,S-038,P-007,1,0
1b4c92d0-6c21-4f7f-b990-91357c2a250e,2023-10-15,S-028,P-003,1,0
5ed7d4cc-ac59-4376-bfca-216bd0df4ea9,2023-10-15,S-014,P-002,2,0
b31b5d75-131f-47d7-8720-761d07cb6a24,2023-10-15,S-030,P-005,24,0
14d07488-eafd-43fa-8aa2-6222549239ed,2023-10-15,S-024,P-001,1,0
307bfaa0-634d-4663-8e3e-5468c0f6f95d,2023-10-15,S-016,P-006,2,0
7fef4e14-021a-414e-a609-5b4c0b01a783,2023-10-15,S-020,P-002,1,950
8057d670-7102-4747-acab-1674a0f4ebf8,2023-10-15,S-010,P-002,1,0
56437ef0-f287-4321-9aae-728fc1fcfe84,2023-10-15,S-023,P-003,4,0
e04008cb-92b0-4e65-a564-a79803da062f,2023-10-15,S-018,P-003,1,0
6f675a5b-5dc1-408b-88a4-faab3b3f7171,2023-10-15,S-042,P-002,1,0
00c2733a-1177-4c64-927b-34c5b7b5b788,2023-10-15,S-035,P-003,1,0
b67adf0f-64e9-4610-bb02-71e89d33259c,2023-10-15,S-003,P-002,10,0
8e2fa7eb-461f-48aa-a2ad-cad6ef92c533,2023-10-15,S-024,P-004,2,0
5962711a-39ea-42fb-b779-8c12b68e96fd,2023-10-15,S-026,P-006,1,0
49ad0d4e-72e3-401e-83be-7525578af664,2023-10-15,S-025,P-004,1,1050
05b293a9-3873-4a03-9be8-06b6e4061e07,2023-10-15,S-048,P-003,3,6600
714f788b-7809-4944-96f9-0c9db2736032,2023-10-15,S-017,P-007,2,0
925fd502-9c49-4f40-9a43-625982b5ded9,2023-10-15,S-029,P-003,1,0
6e1b6b20-11f1-4f30-a055-c9055d8756f5,2023-10-15,S-011,P-005,3,0
0c2430be-4851-4bd7-a6d1-7488cd86e584,2023-10-15,S-038,P-003,1,0
21ced2ba-c593-4972-84a4-079f8136f84d,2023-10-15,S-010,P-007,2,0
3ae87967-f508-4800-ab9e-f6655f335cf4,2023-10-15,S-035,P-006,1,0
4603ba09-7dad-48fd-a5cd-053f7614f3d5,2023-10-15,S-021,P-007,4,3600
cd6090dd-8f96-4f5e-8be4-d4b9c27f3b61,2023-10-15,S-025,P-007,4,0
b1d69566-40b3-4003-be9f-90f7d1cedeff,2023-10-15,S-046,P-005,1,0
ad230bba-ef6f-404c-a62d-6365fcf3443f,2023-10-15,S-026,P-006,1,0
a9ea44e7-9617-42aa-914b-a93b5a564255,2023-10-15,S-014,P-002,4,0
81e205a7-e97d-4047-937b-d9f172cd66fc,2023-10-15,S-004,P-007,10,0
d44ea481-406a-4b90-b054-521227b77c04,2023-10-15,S-004,P-004,1,1050
cf7a7c37-67f7-42c2-aef7-7b2df8feea7b,2023-10-15,S-023,P-007,1,0
98c89a7f-57e4-41c6-8835-b34adacb6a26,2023-10-15,S-001,P-007,1,0
4db39fff-d4cc-4cc4-8bce-4840dc0da034,2023-10-15,S-022,P-005,5,5250
110287a8-659d-4908-b9fe-702062c199e9,2023-10-15,S-024,P-005,1,1050
23f6ff2f-25f7-4aff-a501-ce593de4d8d4,2023-10-15,S-048,P-003,4,0
bfa79497-46fe-431c-85e4-c71c5cb63908,2023-10-15,S-036,P-004,2,0
ba0758e1-d463-4a0a-8986-661e5ffc816f,2023-10-15,S-047,P-001,4,0
376327bd-d9b2-4d2c-bd6f-0c18d6202031,2023-10-15,S-034,P-007,1,0
9159264d-3c39-4ff8-bf7d-ffb45ffa77c0,2023-10-15,S-044,P-006,3,0
85c92c9d-446d-4165-8f0c-b00ee8fcd2ac,2023-10-15,S-043,P-007,3,2700
75d013aa-25a3-47c0-880b-7630e585224d,2023-10-15,S-041,P-003,1,0
8ef8ec60-f7dc-4929-8b4b-eb87d8c4d2e2,2023-10-15,S-025,P-005,3,3150
ad5d2e2c-bd40-45bf-8239-74407fef42ff,2023-10-15,S-010,P-007,2,0
fabc153d-dec8-4c30-bc48-7716699195c1,2023-10-15,S-006,P-002,2,0
66e4aec4-098f-4ce3-9a59-d29177ecd8d4,2023-10-15,S-047,P-007,1,0
9e2915fb-0943-461d-95f4-a55ee29111e8,2023-10-15,S-021,P-006,1,0
653f4f7d-a204-46f0-82b0-860731753475,2023-10-15,S-032,P-005,1,0
dc59acf7-38ba-4144-895a-196311160733,2023-10-15,S-003,P-004,4,0
ecb53d6f-d143-4340-ab63-00a144ba7f97,2023-10-15,S-017,P-001,1,0
4e3cb4df-af42-425f-afd8-060a817a19db,2023-10-15,S-025,P-007,1,0
2457d268-9229-493d-8aff-551e2ff5658b,2023-10-15,S-016,P-001,2,0
b168eaa0-2505-47c5-9c9d-ca6f9dbb9915,2023-10-15,S-043,P-007,1,0
3d5c6d36-36d2-4a88-aad7-042612ea1c91,2023-10-15,S-006,P-001,3,0
88dfd927-95c6-4719-87b6-30613082f4ad,2023-10-15,S-011,P-005,1,0
b405d2b4-2d3b-4959-8ebf-88248c2b013a,2023-10-15,S-024,P-007,1,0
00eaecd9-278f-4166-b621-274f8f0c374f,2023-10-15,S-028,P-002,4,3800
69a82635-6687-49c4-9553-7d9d32c47a33,2023-10-15,S-042,P-001,1,700
5d55464a-bb4d-41d9-95ef-8de2fdd89e01,2023-10-15,S-023,P-003,3,0
91d94705-f38c-4819-b6b2-f129f956a8d4,2023-10-15,S-005,P-006,1,0
8187aa3a-38d9-473b-a9e0-3a843c3c4ddb,2023-10-15,S-050,P-007,2,0
86abff48-f442-4778-905c-bcd8ead90439,2023-10-15,S-008,P-001,1,0
41c598af-e13c-4540-a5d5-05ce85616c59,2023-10-15,S-013,P-004,4,0
f9867f9f-446b-4f4b-b0c0-db7047283678,2023-10-15,S-016,P-005,5,0
b0288a01-2ab3-4475-bfac-d1aa57e7d560,2023-10-15,S-006,P-002,2,0
8368df20-ae1b-4536-aa7b-77b6eb723407,2023-10-15,S-015,P-006,1,0
3d4b8188-99e7-41c1-aff2-6ac23de94e56,2023-10-15,S-033,P-003,1,0
57ca6c1b-1683-4499-8f9a-08fcb5653f9a,2023-10-15,S-014,P-001,1,0
d14cd23d-0bb2-4aa3-b957-e640d49a9cb9,2023-10-15,S-041,P-001,2,0
ced50ef1-4f52-4eff-acdf-2e639f1b64df,2023-10-15,S-030,P-007,4,0
ba8527ca-6a4d-4f5b-82e2-eb7e37de085a,2023-10-15,S-008,P-005,1,0
8485ee84-d826-44d8-8c3a-54d302662b1c,2023-10-15,S-050,P-002,1,950
29effac7-b48e-4e2c-97b3-e49e3130a2dc,2023-10-15,S-033,P-002,1,0
1914ee18-1dd2-4770-9fab-4bd385b5e6dc,2023-10-15,S-018,P-006,1,800
d9e94f0e-ec82-4f35-9ec0-50ebc068ef64,2023-10-15,S-032,P-001,3,0
ab688381-7194-4c30-94ba-df498b478a0e,2023-10-15,S-010,P-005,2,0
65b2e67f-8cb5-472c-8b08-e4e34061d577,2023-10-15,S-028,P-007,2,1800
433a5d66-f8ec-4087-99c2-e0b9d2b9bdae,2023-10-15,S-013,P-005,3,0
3cd822e3-4f50-49d6-a97d-f724556be760,2023-10-15,S-023,P-004,2,0
ab8cee2d-482f-4f0a-94a0-54d92f42f1cb,2023-10-15,S-012,P-006,3,0
9100a6d4-e9b2-4ff9-abbc-4691f0f14c87,2023-10-15,S-050,P-005,1,0
0df539b6-810c-4d8f-b4d5-89173c1b899f,2023-10-15,S-036,P-003,1,0
83f29fe4-a50b-41b4-a546-5428422ca826,2023-10-15,S-001,P-003,4,0
24da9475-744c-4925-9085-2e246cb2e358,2023-10-15,S-041,P-004,1,0
e9c380e9-15ed-4fa9-b619-456b193caa58,2023-10-15,S-048,P-003,5,11000
d8601df3-b554-43f0-8ec7-65452e297fe8,2023-10-15,S-025,P-001,4,0
4a3332c9-1dbb-4dff-b836-7f703cdcda40,2023-10-15,S-006,P-004,1,1050
5bf331e0-0c9a-49f8-8021-024aa6bafe4e,2023-10-15,S-012,P-003,10,22000
1d63f885-6559-4f5e-98ec-b25a3552cf43,2023-10-15,S-046,P-003,3,0
d4284e18-edc2-4d7c-a46e-7ab71e0450f8,2023-10-15,S-045,P-007,2,0
e7e57825-6571-4363-8417-ecb19654a1b4,2023-10-15,S-016,P-004,1,0
0eecca4f-14ed-4d26-8032-c199d5bb93ee,2023-10-15,S-025,P-001,2,1400
71a0e642-bb7d-4f27-97c0-f571511d6d64,2023-10-15,S-041,P-006,3,0
58a28bb0-a50d-4508-b9ff-c12d7c307c50,2023-10-15,S-007,P-003,2,0
a9d5cb17-4183-4974-a134-d6bea2671649,2023-10-15,S-018,P-007,3,2700
e026313c-dbe7-4b35-8568-d442b3973ac7,2023-10-15,S-033,P-007,2,0
32beefce-1dc5-40c4-b685-f99c9983f40b,2023-10-15,S-040,P-002,1,0
f2cabfbe-f0af-4ea1-a402-cbdf27ca5979,2023-10-15,S-028,P-001,2,0
10e24131-30bb-4e90-a641-64be7fc831b8,2023-10-15,S-008,P-001,24,0
31bbd90f-129e-40b3-b444-ee24496aecd4,2023-10-15,S-042,P-004,10,0
7d022f5f-258e-420d-8dab-bf5f2b5464d6,2023-10-15,S-022,P-007,4,0
9d352b17-60ac-4d66-a101-93cd9e37de20,2023-10-16,S-048,P-001,1,0
9083017b-1ba2-4faa-a1a4-421df8015f1c,2023-10-16,S-038,P-005,1,0
bdddf613-7ce2-4c75-bc21-9c0302bafa7e,2023-10-16,S-044,P-004,1,0
94a9c56c-a4cd-4833-912b-ca8d7286b898,2023-10-16,S-019,P-004,1,0
e78ae969-1b56-4cb5-8dcc-49c8de928546,2023-10-16,S-022,P-006,10,8000
9905999c-5950-4e10-b5d2-d18c919a0d43,2023-10-16,S-024,P-007,1,0
818de63a-7761-4520-9be5-f81a8fdd9573,2023-10-16,S-024,P-006,1,800
90aa5b22-fa69-478f-8fc9-3dd3c89d4636,2023-10-16,S-012,P-005,2,0
ee5a2130-29c3-453a-aac1-02fde4f37f50,2023-10-16,S-001,P-005,5,0
884ac683-e644-419e-83a1-167601a4b1c9,2023-10-16,S-027,P-002,1,0
b00811cc-5fa9-4a87-84a4-27210860f604,2023-10-16,S-032,P-005,1,0
27dc65b5-f627-4af4-97da-55c82b4e318b,2023-10-16,S-012,P-007,3,0
ffeb9d8c-248a-4599-9816-6f596a3ed664,2023-10-16,S-039,P-003,1,0
46b8d919-17d1-4ff6-90a6-894fb7566ed5,2023-10-16,S-018,P-005,2,0
4df67be5-9e97-4c1a-90f9-e4f7c00efc66,2023-10-16,S-050,P-006,1,0
44488c99-73d7-496e-b557-e1221d4e087e,2023-10-16,S-004,P-007,1,0
fb2478b5-89cb-4aac-81dd-e1c4491b8e1c,2023-10-16,S-031,P-002,2,0
a513afe7-6aee-4596-bbd6-e1f0941979fa,2023-10-16,S-049,P-004,4,0
52dc7eeb-4c37-4333-896f-e0f0abd9b14f,2023-10-16,S-026,P-003,1,0
1134cc69-665c-430c-9dfb-a294c5fd4bac,2023-10-16,S-041,P-004,2,0
5970f9a8-8503-4cd4-b1e6-c42425f70236,2023-10-16,S-050,P-005,4,4200
f93dd25a-300d-43d1-9c68-d6551bba1350,2023-10-16,S-012,P-005,1,0
203c4fce-4139-457a-a9b7-24a0db8d02ba,2023-10-16,S-013,P-002,3,0
a902ad2e-c3d0-4dce-b52b-9b9835fb53d8,2023-10-16,S-030,P-006,1,0
25ff5f1d-da31-4100-8498-0c9080e28fe6,2023-10-16,S-011,P-002,1,0
e7c4909d-7f32-4c4c-9e1d-d5c0e30b014d,2023-10-16,S-007,P-001,2,0
e2eaa74c-d454-4332-9ed3-f63e4fed4b91,2023-10-16,S-033,P-006,2,1600
5a4466fb-eaac-4ce8-88dd-056235d98596,2023-10-16,S-015,P-006,1,0
592068a4-7b79-437c-861f-d73562b51145,2023-10-16,S-022,P-007,1,900
3faf8ebe-823a-4ec5-859d-dfbbe7e6ead7,2023-10-16,S-030,P-005,1,0
a7ecd5db-569b-459f-aa7e-64366b404359,2023-10-16,S-045,P-005,2,0
e460789a-2f50-4665-b994-70692ae10d63,2023-10-16,S-038,P-004,2,0
4bf2e13c-75dc-43f4-969b-7aa3d8ef46fa,2023-10-16,S-011,P-004,4,4200
bab7b02c-81d8-4a27-8a10-cf1b791c96ed,2023-10-16,S-041,P-003,1,0
5b20cb24-9a1a-4589-b808-0a7b37f671b5,2023-10-16,S-046,P-005,2,0
a95387f7-58dd-4a29-bcd6-9a9761b3b48b,2023-10-16,S-040,P-001,2,0
8af6c927-e48f-46d3-9432-fb58d0b0e3ab,2023-10-16,S-042,P-001,10,0
eeeed3de-63db-45b4-ab00-07b13d7e4fac,2023-10-16,S-019,P-005,1,1050
f646a8da-54ee-4f3a-ac04-5f8175341908,2023-10-16,S-007,P-003,1,0
10bd5340-9373-4f3b-9cbe-092fdb46759b,2023-10-16,S-023,P-001,2,0
45edb8f2-7be2-44d4-ad9f-181b48e08511,2023-10-16,S-024,P-003,2,0
776060ba-551b-4d3e-8b01-e5e856f088fa,2023-10-16,S-002,P-002,4,0
29cc9397-013d-4ed1-964e-d32ef6e51f98,2023-10-16,S-006,P-006,5,0
d1361943-b8c8-4d65-aef9-b109707ef67c,2023-10-16,S-022,P-002,2,0
dc9f7e86-6c85-4f2a-9ff3-9602477a3605,2023-10-16,S-030,P-004,4,4200
40e15113-258e-4c4a-8416-f22ac1dc3e8b,2023-10-16,S-039,P-004,10,10500
8d2086c0-7a57-4a58-9dad-602796c1d977,2023-10-16,S-002,P-001,3,0
08fbfad9-4db5-44ae-938c-2d4fafaefe04,2023-10-16,S-029,P-003,5,0
cd1dd2c6-d029-4ac0-8923-4e7fabbef0a9,2023-10-16,S-044,P-006,1,800
8b46f326-ce13-4319-91f0-357279433784,2023-10-16,S-024,P-004,5,0
2fdfe2ed-2152-4e34-b403-1e23e353faed,2023-10-16,S-036,P-001,1,0
06de9b6e-3147-4ee7-b6ec-e1aa1229239b,2023-10-16,S-041,P-006,1,0
881c5f06-db63-4acc-9a7b-babf41c9be9f,2023-10-16,S-031,P-002,2,0
74192f9c-ef49-49c5-a82f-b525fbf34e24,2023-10-16,S-012,P-005,10,0
4e123148-275b-4fcd-a68f-1e19bffb0f6e,2023-10-16,S-029,P-006,2,1600
c10ead50-7932-4bde-9005-75d4d65b9db6,2023-10-16,S-030,P-001,5,0
e1e09b28-f411-46b0-9802-1dc1b7e06a4b,2023-10-16,S-012,P-005,1,1050
21fcf5cf-eef7-4f9e-91f8-b109e61c95db,2023-10-16,S-011,P-002,1,0
cb991679-93c1-4210-8ea9-3e9bfb57bc32,2023-10-16,S-030,P-001,1,0
7760999b-6086-4289-9e33-9e5a3462396b,2023-10-16,S-044,P-005,1,0
44596626-2f08-4939-93b5-1feccefc3ae0,2023-10-16,S-012,P-004,1,0
4914a7d7-2c17-457b-8d70-38de8f8b4431,2023-10-16,S-018,P-002,1,0
82d18ab9-1e6e-48fb-a1fd-feb5a40d17f7,2023-10-16,S-010,P-004,2,0
cde1c899-345c-47d1-8dae-17830ebad257,2023-10-16,S-035,P-002,1,950
7974c76a-a710-40a8-a837-273917e919c5,2023-10-16,S-047,P-003,1,0
49b9b30d-55cf-4e6f-b51a-d67f3850ae4f,2023-10-16,S-033,P-004,1,0
c2fe74cd-01a7-4eab-86a7-febefe27312e,2023-10-16,S-025,P-003,1,0
789008c1-27e5-47f3-9baf-bf6187d4e80b,2023-10-16,S-001,P-003,1,0
36eb9e9b-8280-47bb-b5a7-bd45cdf2aecf,2023-10-16,S-030,P-003,1,0
d4398f99-65d3-49d7-b37d-39f238545bd5,2023-10-16,S-026,P-005,2,0
3b608597-31a9-49a8-a826-b478fca7ccf1,2023-10-16,S-016,P-001,1,0
4c05c310-cf75-4f25-9f38-5ee9855e1190,2023-10-16,S-019,P-003,4,0
72386dc7-e942-4ef9-99fa-f87f9b12a932,2023-10-16,S-045,P-003,1,0
6bc12227-1b6d-4724-9dcd-9303d9f2d1a9,2023-10-16,S-028,P-004,1,0
ea2c700a-579d-4c81-abb3-9855be66c582,2023-10-16,S-044,P-007,1,0
ec5b59b4-ab3e-43fa-a600-27bdb390f9c8,2023-10-16,S-050,P-005,1,0
20bb6518-cf95-4863-80c0-65b8145cb95f,2023-10-16,S-050,P-001,5,0
39cea3ab-97d8-4fb2-9a82-f0ff61e9de84,2023-10-16,S-019,P-002,1,0
ad2f7647-1611-43f6-9083-286aa62a3b80,2023-10-16,S-008,P-001,2,0
ec952407-4575-44f0-ada3-8730dc1844b9,2023-10-16,S-022,P-002,1,0
becd02a3-54bb-4727-94b0-36accd12c35a,2023-10-16,S-029,P-004,5,0
6474868f-4bcb-4378-bc55-e09fc6b2bab8,2023-10-16,S-049,P-005,5,0
f4f8e791-546e-45cd-a368-eab8a0561b75,2023-10-16,S-002,P-005,1,0
2e967136-b569-4765-a9bc-b26883a8938f,2023-10-16,S-008,P-001,1,0
caa3947d-e4ae-4501-b2a3-f38ea81a8c57,2023-10-16,S-020,P-002,5,4750
17a29606-50c1-4593-83bf-06a47f43dc96,2023-10-16,S-030,P-004,24,0
9581190b-487b-46a5-9a50-c669f0ea801f,2023-10-16,S-023,P-004,1,1050
d38fc621-2b8d-49d0-9bc4-f692de886d27,2023-10-16,S-008,P-003,1,2200
eaa13309-b43b-4f2f-ae38-9bfcfdaa74dd,2023-10-16,S-045,P-002,1,0
934bbc2b-8bf5-4be5-8a84-6a33708c1214,2023-10-16,S-022,P-002,1,950
5dc97f85-1966-4787-b7c1-f3f559bdf810,2023-10-16,S-023,P-004,2,0
47000771-3cb4-4de5-83fb-b032ce068f2a,2023-10-16,S-009,P-007,1,0
71bd03ca-4c5b-40fe-a22b-fc1dd4d25a38,2023-10-16,S-009,P-003,2,0
18dc994a-87d5-4e64-b452-0187b0b1fec2,2023-10-16,S-040,P-004,1,0
a51926d8-1ab7-4e41-b6e0-ae5e19769842,2023-10-16,S-048,P-001,2,0
5926178a-1868-4302-bda1-d1a1cd9e519c,2023-10-16,S-042,P-005,2,0
aed5c01c-5667-4e9f-9457-f9e4861329cc,2023-10-16,S-039,P-002,1,0
bdb5efe7-1cb9-4fdd-af4a-f708b6338d4b,2023-10-16,S-017,P-004,1,0
72e282cd-de62-42d2-b5e1-d44cbe768595,2023-10-16,S-029,P-002,1,0
4d6b17f9-0beb-438f-8d92-a0870a9d34b6,2023-10-16,S-042,P-006,3,0
68d4a779-36c5-441d-82b8-63b58c032ca9,2023-10-16,S-007,P-003,1,0
bbcbfd16-4358-442c-8d2f-fdf6af5c38c7,2023-10-16,S-049,P-007,2,0
03744d34-177c-4a09-b618-afc9fca49244,2023-10-16,S-003,P-004,4,0
af4cc334-b5f6-4d60-940e-a5456e8d62cf,2023-10-16,S-031,P-007,1,0
9edae479-cbcb-4082-b6a7-4619c1374b05,2023-10-16,S-013,P-003,1,0
533d9b5a-f2e1-4777-ba4d-596f98b20016,2023-10-16,S-039,P-004,1,0
8cf71261-329f-4a03-a0f3-761cc991bef3,2023-10-16,S-016,P-003,24,0
a7c0a0f3-9bba-4f36-9f72-337fbeecff6b,2023-10-16,S-023,P-001,5,0
a25b80a9-0b14-4412-8128-2953947c2690,2023-10-16,S-038,P-003,1,0
7eafb9b5-8a3e-4d4d-b3fb-2257879fe468,2023-10-16,S-031,P-001,1,0
7e69d62d-7cf3-4aa0-9aee-d1c5b915798a,2023-10-16,S-014,P-003,1,0
43f3745a-dbba-4952-a139-4d913d6aaa2d,2023-10-16,S-017,P-002,1,0
01aca7fe-12b2-4ddc-a0c6-ba5b26f8a69a,2023-10-16,S-010,P-006,2,0
90bfd0a8-1414-42e3-9d3b-3df484d93556,2023-10-16,S-002,P-002,3,2850
737b6999-68db-4ac3-bf69-ccd6c739b857,2023-10-16,S-003,P-003,1,0
ad72a2ce-b4fd-4329-bba5-cebca80cd632,2023-10-16,S-035,P-002,1,0
08bb9389-9494-4003-92c5-111ad9352e24,2023-10-16,S-005,P-003,4,0
d5da187b-1ca0-404b-afe8-9ed66779f738,2023-10-16,S-006,P-005,1,1050
aa2d96cb-260a-4f40-961e-456f4c1828f8,2023-10-16,S-002,P-003,1,0
a166808b-d06d-4bd4-a163-0b04ec02d976,2023-10-16,S-044,P-005,1,0
5f1e38c4-cd39-47ae-979e-4300a5d7f54a,2023-10-16,S-028,P-007,4,3600
1f0ee5ac-e8a8-4b1b-a8f1-a1e9264c9e7c,2023-10-16,S-043,P-004,1,0
9b39e9b1-e56d-499d-8a0b-ff1cc10347b4,2023-10-16,S-050,P-001,3,0
638dbcda-a678-439b-8c15-fc22deeafeff,2023-10-16,S-016,P-006,4,0
18bf5635-4e64-48ba-bea4-eb281e232246,2023-10-16,S-017,P-001,2,0
43ac3c93-f29d-44dd-bef7-92fc155a726e,2023-10-16,S-046,P-002,1,0
ff9160dc-3ab2-47f9-8abf-d5a1f6e529a5,2023-10-16,S-036,P-007,2,0
4e52cce4-136c-4223-807d-0dd76db3d4e9,2023-10-16,S-016,P-003,2,0
fbb16f25-4c99-4740-8667-ef572f7549b6,2023-10-16,S-036,P-006,1,800
00b4fca7-2408-4838-97fa-669e45222477,2023-10-16,S-045,P-001,1,0
076713d1-aba2-4562-a665-2c0b1b8d1aa5,2023-10-16,S-030,P-005,1,1050
e2b85ae6-d41f-46ef-9f12-213a3a939260,2023-10-16,S-043,P-004,2,0
0eaaec86-bc53-498d-999c-453179d99540,2023-10-16,S-038,P-006,1,0
509b4909-d483-4933-bd27-531bde22cc1e,2023-10-16,S-041,P-001,1,0
544c480c-eba2-46ae-b3b1-d5dc3262530c,2023-10-16,S-041,P-006,4,0
50878414-26e9-4e64-9a6e-0f07d2594639,2023-10-16,S-048,P-004,1,0
a90998d4-551e-44de-88d8-0b0177b6cd94,2023-10-16,S-029,P-007,10,9000
2b899bf7-9979-4fbc-9125-5bfc09326751,2023-10-16,S-035,P-003,4,0
299ac918-6cc4-4806-af17-001c095ff87a,2023-10-16,S-010,P-007,1,0
b8f150ee-0acc-487b-bf2d-aae18dc4f2de,2023-10-16,S-032,P-006,24,19200
c636375e-1568-4c80-87e5-b3cade46db91,2023-10-16,S-021,P-003,2,0
c2d13ed3-1b46-43c4-bd9d-4e75b7c102ab,2023-10-16,S-017,P-005,1,0
8e093d18-7baa-43e5-b8af-4861a17cacd2,2023-10-17,S-021,P-001,1,0
c9722882-6623-4109-afe0-58bf882bdd58,2023-10-17,S-025,P-001,3,0
47b8598b-6005-4096-9166-02649ff17cb4,2023-10-17,S-042,P-006,3,0
d13c3aa0-4c1e-42f9-8793-54139d127465,2023-10-17,S-033,P-002,1,0
d6d62be3-7124-4508-b927-7937738ad5c0,2023-10-17,S-044,P-005,2,0
6a64828a-431a-447b-b909-766f01bd1b33,2023-10-17,S-034,P-002,4,0
6b9892ea-7b8e-4f5c-81e4-96cba6d3eac4,2023-10-17,S-029,P-001,1,0
9765196b-33b3-4eb0-af62-46f23e8a95d7,2023-10-17,S-015,P-002,1,0
5ca85bb6-b722-459a-bfa2-734f469c52d3,2023-10-17,S-020,P-007,1,0
77d37228-8916-454e-94a3-0b5c7c908bfd,2023-10-17,S-028,P-004,2,2100
c85829c0-d913-4005-84e7-5081779805f1,2023-10-17,S-039,P-007,4,0
55a481d3-48bd-4030-b820-c5e38398d3ca,2023-10-17,S-048,P-004,3,0
9ea14e2f-82cb-4533-bce1-5929567fa26c,2023-10-17,S-045,P-002,1,0
9f54022d-5cbb-4f2f-84ff-9fea6eb1b4d9,2023-10-17,S-024,P-004,3,0
bdb7787d-c9e4-4429-a564-8318baf2929a,2023-10-17,S-032,P-004,24,0
422273ff-6157-4c2a-a997-e1aa9c36acf1,2023-10-17,S-007,P-003,4,0
9b174b9e-9fe5-4d50-9c25-9a47501a0aae,2023-10-17,S-030,P-005,1,0
0bc1685f-d573-4e6a-8862-4048d13257b1,2023-10-17,S-009,P-004,2,2100
33f902f9-e9f5-4e9b-9a13-5892c4473eff,2023-10-17,S-017,P-002,2,0
9e28d589-323c-406c-bc97-45ad69f69ea9,2023-10-17,S-046,P-004,2,0
c51d4837-06c7-408c-8e41-49808f6930ad,2023-10-17,S-020,P-004,2,0
3adfbe6f-7b01-446f-855b-fa9a1ecfc0e3,2023-10-17,S-031,P-001,4,0
5edbd80f-2dec-46cc-9f1a-484ed376b235,2023-10-17,S-042,P-002,1,950
838e82d3-1679-4a97-a0ab-ce1ee8b7d065,2023-10-17,S-047,P-006,2,1600
eb3b35d0-c127-4057-a090-1c44d2892746,2023-10-17,S-037,P-004,1,0
19309a53-be4d-4940-bf0f-3311fcc82aad,2023-10-17,S-001,P-005,1,0
ae2a3add-9fa4-4c8f-a20a-de8025f9120e,2023-10-17,S-032,P-006,1,0
2a9fc411-5cb8-423f-86bd-7c0c897ae26d,2023-10-17,S-044,P-003,1,2200
bbdcd5af-921d-47d5-aace-5eaa5889ef78,2023-10-17,S-023,P-003,1,2200
642101f0-f660-4061-8d48-61c067f6f04f,2023-10-17,S-015,P-005,2,0
26111f20-93b7-4b73-8770-ea57200e7c15,2023-10-17,S-042,P-003,3,0
8a4e0153-a68b-43fb-bb49-93bc61020659,2023-10-17,S-034,P-004,1,0
24ba6b5e-f903-4249-806d-081713ed8fb2,2023-10-17,S-050,P-001,10,0
ef995754-0fe9-476b-a97b-6939f55dc5de,2023-10-17,S-033,P-007,4,0
260297ad-d794-4e85-bfa3-3a26c0aac078,2023-10-17,S-028,P-002,1,0
eee542c9-e4f7-47d2-bbb2-2c692e29921a,2023-10-17,S-025,P-001,5,0
02fa7d80-8585-4b1a-a37e-691f633af8af,2023-10-17,S-011,P-004,1,0
eb5ee719-0e2f-43fd-b132-81f1137a8e09,2023-10-17,S-050,P-006,1,0
ca7d263f-b15a-4e10-bd8b-dc08a99062e1,2023-10-17,S-023,P-005,4,0
fd7e854f-8433-411c-87f3-76d4c1175e0a,2023-10-17,S-021,P-004,5,5250
bef5de17-dea9-4591-8e18-869e568ad0e1,2023-10-17,S-028,P-005,1,0
621ca823-2927-445a-97b7-17a26e6980fd,2023-10-17,S-005,P-001,3,0
792e7220-f456-40e8-aa68-07c99ab9b5f8,2023-10-17,S-021,P-006,1,0
19ef2427-03eb-4294-877b-51166b5bb02f,2023-10-17,S-011,P-003,1,0
21cffd70-35de-44be-96fb-6a4b44ca7989,2023-10-17,S-036,P-007,4,3600
69967e1b-e691-4369-ac7d-bfdc1c732166,2023-10-17,S-020,P-007,1,0
5d5a9f45-1c6b-4392-9c04-fff40169e859,2023-10-17,S-001,P-004,5,0
02ea51fd-7318-47a4-9dde-3cd930296f32,2023-10-17,S-008,P-002,2,0
9cee43be-106e-466e-bb44-39f50471fc81,2023-10-17,S-024,P-003,1,0
5cd526fa-4ab9-4b03-9ca4-007661201b55,2023-10-17,S-030,P-001,3,0
30610aef-6c13-452d-880a-f1c67c6b86f7,2023-10-17,S-036,P-006,1,800
f1b3cc33-7b5d-4966-9a88-3516a8136193,2023-10-17,S-048,P-007,5,0
cbf319ff-e670-4ace-9324-e2a443eea770,2023-10-17,S-011,P-005,1,0
e96a1bc5-bd66-47bb-8ffa-3f827c33c2ab,2023-10-17,S-010,P-006,2,0
bff35994-d087-47ae-8032-43329b09433d,2023-10-17,S-019,P-002,5,4750
225fca24-cb57-41b5-a3ec-a6f74a7b2d7d,2023-10-17,S-013,P-005,1,0
8710b236-7e36-41b9-a7c1-973a61b5b89f,2023-10-17,S-046,P-007,10,0
79dda576-4fc0-4da0-9d3e-8c82e95ff3a5,2023-10-17,S-016,P-002,4,0
afba9e81-1489-4a7a-b8dc-bbcd94c1fb5c,2023-10-17,S-046,P-003,1,0
a8615cf5-6e65-4eb5-aefc-bc1e5b64a94a,2023-10-17,S-031,P-007,1,0
35abd8eb-74c7-4959-9a0d-9d177ffac8bb,2023-10-17,S-010,P-007,1,900
a8cc7603-481b-41de-82fa-2f9aef1f3e61,2023-10-17,S-029,P-002,4,3800
6df68877-e479-4176-b3f5-6939bc3d5c58,2023-10-17,S-036,P-002,10,0
1c1a7ab5-a5f3-4923-90e6-ee3b37dde792,2023-10-17,S-039,P-005,3,0
e351f278-4c52-45df-97b9-96d38244421e,2023-10-17,S-006,P-003,5,0
5a76b9d3-0c24-4235-a80f-71bd4dc9ccc8,2023-10-17,S-036,P-003,1,2200
8289eb85-8933-4971-9cac-1371d1f917d4,2023-10-17,S-046,P-005,1,0
1c6203f5-6785-4636-a34a-15b2c8f7af09,2023-10-17,S-039,P-005,1,1050
c7efd160-d162-4d95-b575-c48a0a6b6835,2023-10-17,S-050,P-005,3,0
9879ddea-8e32-47d1-a30f-6bf6d0c55fc9,2023-10-17,S-014,P-002,1,950
54eea7fe-d14f-4823-b1a8-77f5d6121ef8,2023-10-17,S-044,P-007,3,2700
852c45cb-995e-4327-bfba-0d12caf19605,2023-10-17,S-017,P-002,2,0
919730f0-cffd-45b8-bd52-1e76a766c5a3,2023-10-17,S-003,P-001,1,0
b820804d-8f63-4ca9-bcf6-e14b4756cb97,2023-10-17,S-026,P-004,1,0
ebccdce9-6224-4049-b7af-87442fe4429d,2023-10-17,S-037,P-001,2,0
558bb5e4-d447-481b-b0d8-2a907489925f,2023-10-17,S-049,P-001,1,700
605671b8-36b7-48e6-8fbc-e307ec0f701c,2023-10-17,S-014,P-001,1,0
6778d4e9-9174-4149-a029-3c9432856814,2023-10-17,S-013,P-002,24,22800
d3829525-f4af-4ab2-ab17-10f1ae2c950d,2023-10-17,S-002,P-002,2,1900
9a5e4e1c-634a-4da0-92eb-dda11ae7adba,2023-10-17,S-038,P-005,1,0
55600984-0817-4268-b3d4-a56e53939708,2023-10-17,S-037,P-003,2,0
f1ea09a5-7203-4ef5-bbd6-0c9b58631727,2023-10-17,S-012,P-005,1,1050
4a30d1eb-4986-4371-9ecb-c4031c4b2a52,2023-10-17,S-029,P-004,1,0
052c317f-6a91-4dc3-a945-b59029c1dc47,2023-10-17,S-025,P-005,3,0
c75dd11d-d82d-44e1-874b-58a637c1878d,2023-10-17,S-030,P-002,1,0
6c1522cf-4205-4860-bf4d-bb631798c2fe,2023-10-17,S-041,P-001,1,0
a50242d3-0e8c-4a27-a3c4-ef74f9a4d37f,2023-10-17,S-023,P-004,1,1050
8aaa00b3-e2cc-4810-be94-86e2fa2a2db6,2023-10-17,S-009,P-007,1,0
75865fe7-b4f4-45a6-97a9-9dc00083132d,2023-10-17,S-042,P-001,3,0
a0a8bdb5-73a9-4c1e-9fee-8422754d160a,2023-10-17,S-050,P-006,1,0
8a025def-bdcc-40fe-9249-f6d8aefab02e,2023-10-17,S-028,P-005,4,0
4a398194-2992-4d8b-8048-eee59a9bbfca,2023-10-17,S-008,P-004,2,2100
257ee74c-cce0-4809-94c2-9af58879d4af,2023-10-17,S-021,P-002,5,0
891b0b34-c312-4214-83ce-7c1c1effa837,2023-10-17,S-022,P-005,5,0
cee93b33-d54d-4af3-80f7-426b813093ae,2023-10-17,S-017,P-003,4,0
ab810f91-0960-4da7-80b0-a2041f3151a5,2023-10-17,S-036,P-002,1,0
a89ce0fd-5a1f-491c-9f21-7cf3119f7a7a,2023-10-17,S-009,P-005,3,0
73d182c3-126d-484b-ba73-8feaaec3982e,2023-10-17,S-011,P-005,1,1050
beeda59c-2632-4dbf-bda0-300fc22efd7e,2023-10-17,S-050,P-002,1,0
65df7151-35de-483b-82bc-58e3e0b6e697,2023-10-17,S-003,P-006,2,0
caee09b3-f5d5-4e7c-8e24-00f2569f58dc,2023-10-17,S-046,P-001,1,0
460a24ea-c480-4323-bee9-e7c638f2efcf,2023-10-17,S-027,P-001,4,0
fba5de0a-c039-439a-885d-f9cfd2dc77b7,2023-10-17,S-040,P-001,1,0
650f7fe8-9406-4ce8-ad2a-82d48572d2a0,2023-10-17,S-029,P-003,1,0
18fddbb3-8deb-47ca-94ed-3598a07f184b,2023-10-17,S-028,P-007,1,0
398bd2cb-7a3a-4f98-b31f-3ebaa4168571,2023-10-17,S-016,P-007,1,0
793908dc-7217-4197-bb96-4fa1b52d5fb3,2023-10-17,S-039,P-003,2,0
e7c5977b-2f91-48bc-bdf1-dc251c1b3bce,2023-10-17,S-010,P-001,1,0
7cfef470-fb41-44aa-b62f-2b012ac2faa4,2023-10-17,S-050,P-001,5,0
d4ba5a96-5e50-413c-bab3-b4e947dd94bf,2023-10-17,S-036,P-005,3,0
7983eb31-25e6-4667-b92d-24aeb3e8c5bf,2023-10-17,S-008,P-005,1,0
dcfea70b-158a-4986-a903-fda7d1f3a4ee,2023-10-17,S-048,P-005,1,0
f04dbc3a-766e-4f79-b0db-a2c51f1f8b9a,2023-10-17,S-016,P-006,4,0
ad81092d-7ef1-46ef-8031-4a16e8fd7065,2023-10-17,S-003,P-003,24,52800
bd065d6b-03f6-48de-a2a3-943040fdab29,2023-10-17,S-023,P-007,2,1800
26f67a44-293f-45aa-b830-106ddc92b616,2023-10-17,S-027,P-001,2,0
ca7f21d3-cece-4990-92dd-08085252c549,2023-10-17,S-014,P-003,1,0
97751aa3-2a4b-4abd-8bb5-50ae30c195ed,2023-10-17,S-029,P-007,5,4500
647fcacc-ccae-4365-8ab2-75f2a10fff71,2023-10-17,S-037,P-005,5,5250
383c79a7-a481-499e-bebe-6268837ee269,2023-10-17,S-036,P-003,1,0
c4538dd3-5880-4895-93fd-6f06dfc161f6,2023-10-17,S-031,P-004,1,0
26af4769-6444-407f-8b91-429a9d239643,2023-10-17,S-043,P-002,1,0
b424e572-1b5b-4ca6-9f9d-88cad5b2ad06,2023-10-17,S-037,P-002,1,950
8bbd6a34-53ab-4064-bde5-f803dd718f15,2023-10-17,S-004,P-004,1,0
c9c9e783-c18b-4494-9c41-6ec2bd36054b,2023-10-17,S-040,P-006,4,0
2a154150-f022-40e2-b6c9-33093f26d3d2,2023-10-17,S-005,P-002,1,0
d35cb6da-b606-430b-b0b9-fa8b31c0049e,2023-10-17,S-027,P-004,10,0
f79f11a6-a794-4a42-af1f-160c36db7af9,2023-10-17,S-020,P-004,1,1050
89751652-9fdf-412d-83c8-fa7d88c64b5c,2023-10-17,S-029,P-002,3,0
30303ca1-7283-4637-85eb-2bd7715f39ab,2023-10-17,S-012,P-007,2,1800
289336cc-5028-48f5-8924-88c6d86c0fd9,2023-10-17,S-045,P-001,1,0
7317162e-cd87-477f-840a-9d0151e53e00,2023-10-17,S-047,P-006,1,0
2a532332-ef4b-45ec-ac4a-51001ea17698,2023-10-17,S-014,P-007,4,3600
b455d3c8-ca91-43c7-9cbd-1219e0d31005,2023-10-17,S-029,P-004,1,0
9bc254e4-245c-4dce-a981-99f785f50777,2023-10-17,S-012,P-005,4,4200
74716f13-0d08-4487-95e8-c19201b0c6e1,2023-10-17,S-035,P-002,1,0
f2204588-fb5b-4cab-b783-c5a7446ee3db,2023-10-18,S-037,P-002,3,2850
85715ec1-cdd2-4657-b3f8-293e133d3980,2023-10-18,S-018,P-006,1,0
0b5390a1-598e-471d-8ffd-d5cbe5a02653,2023-10-18,S-050,P-003,1,0
148d7086-c044-4a37-aabf-bb61f33ded82,2023-10-18,S-024,P-006,4,0
a605bc21-d7f5-45ed-96db-2c7d7805b2c3,2023-10-18,S-016,P-002,4,3800
c6496a3f-2b80-476c-94c6-388a5b90e7a0,2023-10-18,S-027,P-004,1,0
fc367ec6-2663-4b0b-9b60-ad385342eeca,2023-10-18,S-001,P-005,1,0
a4624804-e8a8-4434-a6ae-4edf7b94b208,2023-10-18,S-029,P-003,1,0
5a2ea3b9-5935-4837-9f94-d3fdd16d6952,2023-10-18,S-005,P-004,1,0
b025b749-f105-4964-a9e3-9c2c02dd1173,2023-10-18,S-029,P-005,1,1050
1e7c2caf-f93f-4e37-aee4-ea649d8d4489,2023-10-18,S-048,P-003,1,2200
33688c73-0189-43ea-9c8f-bfa8b53b1b8f,2023-10-18,S-031,P-003,1,0
1e429da3-b67a-4439-80b5-df6c1cd0bee6,2023-10-18,S-018,P-006,1,800
0528086a-0062-4bb9-aec6-fe4d3f0dc088,2023-10-18,S-041,P-003,3,0
7d9b3521-3aaa-48ca-b593-48e0d65faa62,2023-10-18,S-009,P-004,1,1050
4a90f332-8185-43b3-a90d-33a78fca5cd9,2023-10-18,S-024,P-005,1,0
8c009f01-6647-458e-9938-d3cd4f5521a4,2023-10-18,S-028,P-006,1,0
b20d9dcb-3479-4aae-95ab-9fc3aa09bb95,2023-10-18,S-047,P-002,24,0
e38cb623-958c-4739-a27b-a7ae47201af2,2023-10-18,S-037,P-001,1,700
0d769cb2-b689-4b66-9642-ae4bb613d493,2023-10-18,S-025,P-006,2,0
f684117e-b979-4ad7-aff5-cf1986cc96a5,2023-10-18,S-029,P-002,4,0
8ef090b4-6eb4-4c34-afdb-4d63bdeb0fd5,2023-10-18,S-039,P-003,2,0
2f1770ea-76d4-4758-9c75-3ca8f9989665,2023-10-18,S-019,P-006,1,800
2f1aaf73-f463-4775-b6b3-862879c116d5,2023-10-18,S-002,P-006,24,19200
4e7d214d-8be9-4cfa-8df1-8bc8e91c4bcb,2023-10-18,S-003,P-004,3,0
df444697-c3b3-45a8-a13e-a7f0431c96a4,2023-10-18,S-035,P-003,2,4400
a3198cc9-27d7-4621-b16d-9cabe7dd4860,2023-10-18,S-031,P-006,1,0
fd06f9d4-5a85-4835-9118-405a88d71920,2023-10-18,S-008,P-003,1,0
5aa2445b-5f10-4c36-b9d2-a5eccc31d066,2023-10-18,S-035,P-006,3,2400
b5ce1f1c-0069-4ad7-b9b1-067a9485cb93,2023-10-18,S-025,P-007,1,0
51c07d56-a1e9-44c6-8d2c-3c493caf524d,2023-10-18,S-033,P-001,4,0
adbb4f11-584d-4844-a981-7dc301817029,2023-10-18,S-015,P-001,10,0
cc053f3a-10b5-42c2-bdf0-2ccc4c10da2c,2023-10-18,S-009,P-002,2,0
6d99b681-959c-4758-9d31-0f97289f31fd,2023-10-18,S-013,P-003,2,0
48b752e8-2d70-4d14-9b05-ccd0772762fa,2023-10-18,S-026,P-004,2,0
d1e84e79-bb2e-4f61-8727-b38fb88e0520,2023-10-18,S-038,P-005,1,1050
99fd66e0-12f3-4fdd-9d0e-af36b0147ed2,2023-10-18,S-017,P-005,24,0
9b39a8c1-6acf-4cbc-96fa-6574138f1ec6,2023-10-18,S-044,P-002,3,0
d9ccd253-aed5-4509-98d2-fa6e7e3f2336,2023-10-18,S-025,P-002,5,0
490492bd-1939-4c23-a2c1-b6d203fdef81,2023-10-18,S-044,P-003,2,0
f0325e29-9641-4fe9-bebb-abb28655a95e,2023-10-18,S-035,P-007,1,0
1717ea5e-6f7c-4c17-b23f-cda8095d5999,2023-10-18,S-014,P-005,2,0
a8802def-8d73-44f1-b7f2-f19e79c2ce34,2023-10-18,S-046,P-002,10,9500
c0e8e0b0-f954-4816-bfea-92b67fa90c6f,2023-10-18,S-041,P-007,1,0
0ad127c3-2e34-4302-a5ce-e7c1fc492595,2023-10-18,S-001,P-006,10,8000
2cfee927-67bd-461e-ba34-29454d117044,2023-10-18,S-008,P-007,10,9000
1fd1d6b2-205f-4b0c-bbad-632604f82f2b,2023-10-18,S-006,P-002,2,0
ce66c7c7-f4bc-4079-b91e-dbcd3f01e742,2023-10-18,S-011,P-004,1,1050
6ccb75a8-46c9-40a5-bee2-9d5b4c7ea191,2023-10-18,S-037,P-002,24,22800
1bda0212-48c9-483b-8428-180629a09de0,2023-10-18,S-015,P-002,3,0
a90dbf72-1484-4d1d-898c-2db063e05d4c,2023-10-18,S-014,P-001,1,700
abe4de81-193c-44f9-a627-98c22f083320,2023-10-18,S-049,P-002,1,0
ad8f98e9-1f2b-43cd-aa55-c914280d55cd,2023-10-18,S-026,P-005,1,0
47f43fcb-c05e-4278-963b-42b23b5979a8,2023-10-18,S-045,P-005,1,1050
81900fb3-8fd1-4fb6-828b-658579b8c212,2023-10-18,S-032,P-005,1,1050
2c9dda8e-7fcd-43fb-871f-0b1bd66a00fd,2023-10-18,S-011,P-001,1,0
b65aa9d9-435f-4f3d-b02b-899ed9b4f471,2023-10-18,S-007,P-006,1,0
a0389375-df22-4c3b-8b90-ca372bc206cf,2023-10-18,S-049,P-007,2,0
bed3b988-a051-43cf-b01c-91babf3c5565,2023-10-18,S-024,P-001,1,700
310e673b-ccc1-4804-a5ff-1bc247b22b68,2023-10-18,S-013,P-003,5,0
a385adbf-782b-4316-9ea9-07ae5eff8278,2023-10-18,S-038,P-003,3,0
2465bf85-d6d1-417d-8277-3affaf7b21d7,2023-10-18,S-018,P-004,2,2100
56bb04d5-0999-4719-a11b-18326079f4a6,2023-10-18,S-041,P-006,4,0
905dd620-86eb-4a17-8bb4-3f2a9e0aa45f,2023-10-18,S-046,P-005,1,0
3bedc607-16d5-4ead-b514-5daa5ee096a7,2023-10-18,S-032,P-006,3,0
c8d4a8ae-4897-48ba-bd2c-cf727e3dd16d,2023-10-18,S-036,P-006,2,0
469bc1a6-96e8-4b3e-9a45-0de46a4fc514,2023-10-18,S-046,P-001,1,0
41dbae34-266c-46ac-9109-e2d738361d3d,2023-10-18,S-024,P-003,1,0
ce3a9b34-6eef-4248-8e65-daae69077e69,2023-10-18,S-010,P-006,4,3200
2fb61902-6f7a-45b4-ac80-5b993447b02a,2023-10-18,S-027,P-004,1,1050
364b9418-c882-48ba-97aa-359d8a681c85,2023-10-18,S-031,P-006,1,800
e5ed46a2-2e3d-47df-8e9d-ae73687904bc,2023-10-18,S-038,P-006,5,0
21200355-ff5b-48d0-b345-319973d3294d,2023-10-18,S-017,P-003,1,2200
01a9eb3a-07be-458c-8574-abb00f55d82b,2023-10-18,S-032,P-006,1,800
74af7c23-9ed5-4d1e-9214-a75125d41e6a,2023-10-18,S-027,P-004,2,0
a62a34f9-5ffb-41d6-a5e6-5ac0c2061366,2023-10-18,S-019,P-005,1,0
143edf5b-55c5-4fe0-9428-d539bb2532cc,2023-10-18,S-013,P-003,2,0
8ae2dbee-fd10-453b-8032-d3487ebaec71,2023-10-18,S-031,P-003,10,22000
6f1734fb-6282-47e8-a63c-870ee40e4b2c,2023-10-18,S-038,P-001,1,0
2ad0e677-da53-4f7a-92f3-18f20ca39121,2023-10-18,S-023,P-003,3,0
471224e4-68ff-4dec-b345-29fe96921620,2023-10-18,S-033,P-003,2,4400
48d5a517-8c8e-49fb-9ca2-ae1d10529c9c,2023-10-18,S-009,P-002,1,950
adb1b9ab-cf9d-4894-8a34-6023a3a8ba4e,2023-10-18,S-025,P-005,24,25200
f4c2f42a-ff7b-4c79-9eec-b19a2e56a9b8,2023-10-18,S-010,P-003,3,0
33afd53b-ec9b-4cbb-a321-bce1244a34dc,2023-10-18,S-005,P-001,1,0
00bc9ddd-f9a5-457e-a5cb-b14abe78753a,2023-10-18,S-012,P-001,1,0
7692d372-d745-48cd-ba41-db6a1e686d77,2023-10-18,S-017,P-007,1,0
6999e30b-caa3-4851-9a6f-fe7c1e1b4dec,2023-10-18,S-042,P-003,2,4400
c6525801-3c10-4e8a-b9c8-572180334ecf,2023-10-18,S-016,P-001,5,0
92bb803d-5c0c-4f7a-976a-6c133a2e3387,2023-10-18,S-048,P-001,1,0
9f9469ea-d2e1-4300-93b9-4057e2d7094d,2023-10-18,S-035,P-003,4,8800
c3e8b25c-dcc3-4f45-8c84-8174ed38217b,2023-10-18,S-024,P-007,3,0
bc560d76-ace4-49fa-9a9c-37966b81dc97,2023-10-18,S-042,P-003,4,0
5acb3bde-ab2b-4315-9412-14461854170d,2023-10-18,S-018,P-007,1,0
26b6c4fb-8283-460e-ba54-5d7278b6a9b6,2023-10-18,S-017,P-007,1,0
bd395399-23b2-445b-851f-34827ed43374,2023-10-18,S-045,P-006,2,0
57405bdd-fe24-42cf-b0c9-2cafa9477a9d,2023-10-18,S-024,P-002,10,0
f769b3bb-f266-4d89-a33b-85e9e267673a,2023-10-18,S-002,P-005,1,0
9737e91d-5857-4181-a05c-505127542c69,2023-10-18,S-006,P-004,1,0
68a2de5d-f35c-4ab9-8233-846e71c6fb6b,2023-10-18,S-028,P-007,10,0
43ca2ebc-340c-4c96-8d39-45c6164ee140,2023-10-18,S-010,P-007,1,0
79f7e66e-bbe1-42fb-b00c-55efd6fa2946,2023-10-18,S-002,P-007,10,9000
9f1dbcdb-91c2-4c7e-ae15-e8a5b4331966,2023-10-18,S-042,P-001,1,0
cf351293-967d-4f45-a651-358101751517,2023-10-18,S-017,P-002,1,0
fb3bd972-10f8-4a22-95bc-64d9bfbfcc96,2023-10-18,S-021,P-002,2,0
0870fc04-6bbd-4958-bbc8-351ce81f9f6a,2023-10-18,S-028,P-006,4,3200
37f672f4-eb5b-416d-be68-cf51b13b016e,2023-10-18,S-003,P-006,1,0
9e4ff0e5-14ed-4165-b45f-f71c16c65b51,2023-10-18,S-050,P-002,5,0
2ac0306e-8260-449e-abcc-177ca53e36a3,2023-10-18,S-004,P-005,1,0
eaca32b1-4a68-4729-8ee5-e38c5bbec06a,2023-10-18,S-041,P-001,1,0
6aa2fbcf-7093-487b-8771-482fab55688e,2023-10-18,S-005,P-005,1,0
e762fe41-5d1a-4026-b303-1aace2251aeb,2023-10-18,S-023,P-006,1,800
9bba289c-9b99-465f-89d5-cdcb1d150447,2023-10-18,S-031,P-007,1,0
91675687-a4c6-412d-8f40-fb8bf11acf6f,2023-10-18,S-015,P-004,2,2100
2a5729b9-e5ff-4f7a-8ac4-fdf55801217b,2023-10-18,S-033,P-006,1,0
2ad39423-e97b-4fec-a386-2cd8172fe3ad,2023-10-18,S-020,P-002,1,0
a9a09e97-0b4f-4621-a2b4-3340ae77c353,2023-10-18,S-047,P-005,2,0
45a19c16-c8c7-421f-9731-4266aba8d9c2,2023-10-18,S-001,P-004,1,0
71b46f72-59bf-48c1-b484-e0fa1800791e,2023-10-18,S-001,P-003,2,0
17ce30c3-dc37-4a1d-8d5d-4be7496f30a7,2023-10-18,S-012,P-002,1,0
ac7cce68-0297-4256-8332-cbad7d6cae91,2023-10-18,S-026,P-007,1,900
2b02a9bc-98b9-49a1-8839-29ea2c7373ce,2023-10-18,S-036,P-005,2,0
80810ea3-9e14-4169-95d2-15e0c8d73a4c,2023-10-18,S-022,P-006,5,0
dc10c22a-e042-4609-99ee-cdb8ca99499a,2023-10-18,S-021,P-002,1,0
53ac638d-8459-404a-96e3-f6aeeeeecebc,2023-10-18,S-031,P-002,4,0
3ab97415-55bd-4c13-8d0d-c98feced155e,2023-10-18,S-030,P-005,2,0
d71ab6b6-913e-47ba-b3c9-dfc63f2e5879,2023-10-18,S-037,P-004,4,0
1d0f0484-f092-4e50-8efd-910f432957bf,2023-10-18,S-029,P-002,5,0
2f400762-2260-49be-9f45-5d8f40375bd8,2023-10-18,S-026,P-001,1,0
b0ed275f-b893-4834-be72-78dc5ecd7d66,2023-10-18,S-026,P-006,2,1600
b1311dd3-9b0f-41e5-aa81-43d1373c08b6,2023-10-18,S-014,P-005,5,0
961120c0-8e05-437d-9c56-329d814f1f0a,2023-10-18,S-040,P-007,1,0
a0b68976-1152-4777-be5e-5dde92b03912,2023-10-19,S-044,P-007,4,3600
2476d4b3-0f38-4fab-a2e1-af1241dbbe4c,2023-10-19,S-048,P-003,2,0
013e68ad-7b97-4e83-bbda-75819d74b382,2023-10-19,S-022,P-004,3,0
9e7de143-0475-4467-a2c6-e7e2c8d9e4e0,2023-10-19,S-046,P-007,4,0
781009ad-ed8e-400d-b208-fc3ff0a1807b,2023-10-19,S-039,P-005,2,0
b3ac0ec7-9ef0-4c6a-8eaf-f17774ccfec6,2023-10-19,S-016,P-006,4,0
75050ccc-b1d6-4874-962b-b8b4f3324f69,2023-10-19,S-021,P-003,1,0
f571e534-657f-414d-a5a1-67e5208d2148,2023-10-19,S-040,P-007,1,0
81c9fa45-feb5-460f-8d56-62403644b459,2023-10-19,S-014,P-007,4,0
c895814c-e331-41ce-a9fd-5dbbe174e242,2023-10-19,S-021,P-005,1,1050
ef0f04e6-3737-4239-b7b2-76b219569f1a,2023-10-19,S-048,P-006,1,0
bbb4c50d-95de-4db7-82cf-5c87f6d8f763,2023-10-19,S-036,P-001,1,700
25c786fc-6c0e-4ac8-8fab-9b952df11003,2023-10-19,S-012,P-005,1,0
029ef6e4-86aa-4b62-9157-d6b7f69353c7,2023-10-19,S-016,P-004,3,0
43559bc3-a1bc-4337-952a-6a3d070282dd,2023-10-19,S-007,P-001,5,0
8a669741-7c6f-46eb-99c3-7c98ef8136b4,2023-10-19,S-031,P-005,1,0
4616e85f-fdf6-4c6a-92d4-7a86039b1617,2023-10-19,S-002,P-004,1,0
1938d74b-a88e-4e02-8a0f-1b35b5086bf9,2023-10-19,S-004,P-002,1,0
720ccab7-daf6-4439-b4ab-bb3fb5c2899f,2023-10-19,S-002,P-002,1,0
230a5516-ce19-472f-8e4a-32bdb1b056ee,2023-10-19,S-015,P-003,3,6600
9c37c45f-9656-46c6-9963-f6d9162e4c42,2023-10-19,S-050,P-003,4,0
1583aa66-36a7-4496-8d99-a95e5f1d88bf,2023-10-19,S-009,P-006,2,0
c9050a21-cb3c-47a3-b73e-1d0e1dcf27fe,2023-10-19,S-030,P-001,1,0
ddbdcc98-4f2f-4079-87a7-7f3f6d76d256,2023-10-19,S-020,P-005,4,0
e587fe8f-d69f-425d-bcfe-51636a9927ba,2023-10-19,S-046,P-006,2,0
d77494d4-8839-4546-993a-3b3df638e55c,2023-10-19,S-027,P-006,3,2400
71f8fe3b-49e9-4dcd-b0d4-260094a40ebd,2023-10-19,S-021,P-003,1,0
70e18858-2702-44e8-a2ba-d9d9d1b32e57,2023-10-19,S-034,P-002,1,950
8a23cad0-2135-4867-aa5e-c8a19d001ba5,2023-10-19,S-022,P-007,3,0
91fd4611-80f4-4934-805d-5e479bd205fc,2023-10-19,S-005,P-004,1,0
aece5619-ec67-4fd0-a7e5-5dded54ca81f,2023-10-19,S-005,P-004,2,0
f8ad35da-16c7-426f-98ac-c5ef98edcf2f,2023-10-19,S-002,P-006,24,0
795c5835-aeb8-43e9-842c-ebd208a3448f,2023-10-19,S-040,P-004,5,0
bda0a0d8-0887-4877-9f2d-f164684c1921,2023-10-19,S-024,P-003,1,0
ef5e87c1-4ace-42e6-9081-7668e691a1c6,2023-10-19,S-010,P-006,3,0
949b6629-7ca0-48b9-8009-593f7e1e1314,2023-10-19,S-025,P-006,1,0
c5689425-d24a-4bd9-a859-56a43a694b2d,2023-10-19,S-031,P-003,2,0
972ecf3a-be2b-4220-9549-a349d99e7bfc,2023-10-19,S-007,P-001,3,2100
e200ef39-048f-41a5-8d21-6beecb7cc679,2023-10-19,S-012,P-003,3,0
dbb25659-6975-40d0-aa57-44623b531c30,2023-10-19,S-030,P-005,1,0
5f3d7842-e703-4695-86fb-e8d285085b5f,2023-10-19,S-031,P-005,1,0
5cb32828-d766-44c1-a1af-9828ea2c7929,2023-10-19,S-010,P-002,1,0
3ba168ef-8fb0-4298-8544-2051e3278549,2023-10-19,S-041,P-004,2,0
9b8e251f-cd0e-4b47-9753-348442384fad,2023-10-19,S-018,P-001,5,0
ee70cd03-103b-4424-89af-a9bfa903d70a,2023-10-19,S-043,P-004,1,0
f58ef985-ecf5-4726-9aaf-7dcc8fcb54da,2023-10-19,S-021,P-002,4,0
8cf1ef12-9933-418a-a48b-5063e135754c,2023-10-19,S-047,P-004,1,0
cb6f4ffd-7999-44bd-a564-7a68a2f0a2b7,2023-10-19,S-022,P-002,3,0
17631c6f-6e78-49de-b46c-1522479f2940,2023-10-19,S-009,P-004,4,0
9b09a1a2-fcae-4fbe-bc3f-31aeaac424b6,2023-10-19,S-031,P-006,1,0
60362373-cb64-4357-a0e7-d1b5aa2c1ab7,2023-10-19,S-046,P-002,1,0
84f00375-821e-4abd-8924-3509ab3a4026,2023-10-19,S-042,P-004,2,0
ad810279-253d-440d-bd75-5bd93798c530,2023-10-19,S-021,P-003,5,0
fa75a0ce-30ee-440f-87fc-20d21673d6d8,2023-10-19,S-044,P-006,4,0
f0312f46-e540-4a98-b665-6f789e5c1d9c,2023-10-19,S-048,P-002,2,0
6e9d941e-f07f-4856-a296-e6a916e876d7,2023-10-19,S-006,P-003,1,2200
35015b9f-fc45-490a-aca6-d087ba2be73d,2023-10-19,S-038,P-007,2,0
86ef5746-db47-42ac-88b0-afa98cd1c91a,2023-10-19,S-004,P-006,4,0
5208581d-711a-40c1-84e7-d7e1ad4eb075,2023-10-19,S-043,P-003,1,2200
7e2fe680-030d-4c8f-9a95-eb561cb3a40a,2023-10-19,S-037,P-001,5,3500
d15298fe-4832-4df4-9ad7-9f2b62031b76,2023-10-19,S-014,P-007,1,0
2e4b9de4-cf52-4bed-89da-d90d1d563f90,2023-10-19,S-020,P-001,5,0
e3682f03-8db6-4ad7-be65-eb28fabfbc06,2023-10-19,S-018,P-007,1,900
279bd50d-c5f1-4769-b819-7d2a3344c967,2023-10-19,S-023,P-003,2,0
08c7fc7a-9647-4b6b-800d-16ac95ced242,2023-10-19,S-001,P-007,1,0
c8414e96-f44b-4c7e-bc5f-e2acdf06d106,2023-10-19,S-003,P-007,10,0
8a3c133a-9490-46fc-abf5-5eaa0ddbaaa7,2023-10-19,S-015,P-005,1,0
514c8083-747c-46fc-83c4-ce051087e136,2023-10-19,S-050,P-002,2,1900
8b31c155-f214-469e-b5c4-36eae261b09f,2023-10-19,S-017,P-005,24,0
fd8e6856-1196-4114-ba44-0ee043241114,2023-10-19,S-039,P-006,4,0
67190f9f-4d96-49dd-988b-68b3aa2da1ad,2023-10-19,S-032,P-007,2,1800
ba6e5b3b-5a50-4664-93fa-b17bb2971026,2023-10-19,S-003,P-003,4,0
a96da611-708d-4425-8540-5ae99d931f98,2023-10-19,S-005,P-004,2,0
7317e0c6-3ea4-4e1c-9181-aad2925006a1,2023-10-19,S-010,P-003,2,0
f176ed09-e56d-4130-93e9-68fe6912b4e4,2023-10-19,S-003,P-007,3,0
1ac7d478-7018-46de-bc1c-ad24147d4e19,2023-10-19,S-044,P-003,1,0
7e432e72-1ac1-403c-accc-0ef8bfabe977,2023-10-19,S-013,P-002,1,0
04c63eff-b6b4-444e-8ae7-d83cebbfc77b,2023-10-19,S-002,P-002,24,0
c19cf984-adfb-44ee-b099-4e56d91692c4,2023-10-19,S-008,P-007,10,0
3ff917ec-9b51-4545-af0e-0b5a5c942c4b,2023-10-19,S-028,P-005,1,0
660f357a-0858-4985-aee8-6dbb893ff172,2023-10-19,S-048,P-004,2,0
c76011fa-f1d6-4f68-b552-396919a4a878,2023-10-19,S-046,P-001,3,0
1c0f877f-29ab-4efb-8273-72509d7f6fae,2023-10-19,S-030,P-002,2,0
07d21701-5056-4b6c-9335-467f8ced234e,2023-10-19,S-018,P-005,1,0
44477305-9ef7-426d-90bd-6c12586e1075,2023-10-19,S-035,P-005,3,0
3071da17-b429-4ba1-a963-ac60178ceb36,2023-10-19,S-031,P-005,1,0
14ee73bc-07be-41e3-b09a-8cf8f9208a1f,2023-10-19,S-023,P-001,2,1400
567bf5ac-5f3a-45c0-ad84-4b8f68bb73a7,2023-10-19,S-009,P-003,2,0
b566a3c3-edac-4c79-a304-2bd7edd9fc83,2023-10-19,S-040,P-001,24,0
2cc8031d-8041-4921-bc4e-92f72f2d2f6d,2023-10-19,S-047,P-002,1,0
6d488351-ec25-4e91-9391-8aa8d0b27fe7,2023-10-19,S-035,P-006,2,0
7f3d9c18-8d2f-4eb1-8941-cbb862358737,2023-10-19,S-039,P-002,4,0
329680d4-e7b1-48f9-b0f6-9770f0db64bf,2023-10-19,S-047,P-001,1,0
b7c617e4-81ee-40e8-afba-1d6f99b19ed4,2023-10-19,S-025,P-005,4,0
4c0e5bcf-4f75-4170-9ce2-156e916db946,2023-10-19,S-032,P-002,1,950
a994a0ec-ab1d-4734-8a1c-2a0b9f28cfa4,2023-10-19,S-005,P-007,1,0
a7bb5e50-fca1-451e-97bb-6392637e889a,2023-10-19,S-008,P-002,24,0
368e7c9e-e1b6-43f3-bf6d-e7cd857ea73d,2023-10-19,S-016,P-006,1,0
00cceece-e1f6-49e2-910f-dba63b84a8c7,2023-10-19,S-049,P-004,1,0
33e67236-4c84-41cc-b69c-28f190f9418d,2023-10-19,S-025,P-004,5,0
9deba093-5859-4db0-8044-cea63c1c37d0,2023-10-19,S-039,P-006,3,0
5c7f6416-0a3a-4470-91a8-8846f7f53f9a,2023-10-19,S-012,P-001,1,0
30b36433-2b59-42ca-be36-5f1734f7ba1d,2023-10-19,S-007,P-001,1,0
ef163205-cdc6-43dd-9b9a-388eff8aa40f,2023-10-19,S-026,P-004,3,3150
f7694083-4b73-4f60-b279-a732a31795e0,2023-10-19,S-037,P-005,1,0
072d7e63-e842-4b32-a663-2bceb3d2a128,2023-10-19,S-018,P-002,1,950
3d2d27c6-411f-4db7-ba19-8dd825d63d42,2023-10-19,S-036,P-001,1,0
def41753-d1b1-4145-9e57-936f243a2c77,2023-10-19,S-045,P-002,1,0
0bdec66e-196c-4f35-87dd-bae6a66b87da,2023-10-19,S-003,P-001,1,0
fbedb2bf-8372-4e59-87e1-aad1eebe7ea6,2023-10-19,S-035,P-001,1,700
6ea6d122-d5c7-4988-b95b-671702d016d2,2023-10-19,S-015,P-006,3,0
85291b0c-5efc-44bb-9335-a1b6673c7230,2023-10-19,S-034,P-001,24,0
fe699fbf-7a37-49c6-a7fb-9ffb49cee7c3,2023-10-19,S-015,P-006,1,800
bfc5e342-c920-4ad9-9f45-92d0babef1be,2023-10-19,S-002,P-001,4,0
3dd63225-a6d6-4865-a5a4-1703c00b8be0,2023-10-19,S-040,P-001,4,0
5d73857f-a537-415e-bb29-b716f2d0684c,2023-10-19,S-007,P-004,1,0
b054aabd-de37-4863-b212-8c8b4367fa20,2023-10-19,S-025,P-002,2,0
7c8c772f-5234-4745-adfb-2c89707e1ae5,2023-10-19,S-043,P-006,3,0
82dc89d0-e316-4886-8d1d-9bf3fb705d36,2023-10-19,S-026,P-001,1,0
801a8bee-4c33-4d6e-89bf-b6395c0496cb,2023-10-19,S-025,P-007,1,900
986db7ad-8f78-4a10-aa77-ed5901d0e7d8,2023-10-19,S-023,P-007,2,0
5e54c832-7041-46c2-a7ce-d1349d548898,2023-10-19,S-040,P-001,1,0
10ce924f-c2ab-4307-94c2-3ebcb3a4a683,2023-10-19,S-004,P-004,10,0
e8ebd3dc-7cd7-462b-ab4b-d0e64183ce94,2023-10-19,S-045,P-004,1,0
b8ff0fcf-f979-4897-82ed-e0add056036b,2023-10-19,S-033,P-004,1,0
5f53dd5e-e6b0-47d9-9404-61f26c5e6c6a,2023-10-19,S-019,P-002,2,0
a7177a31-04ba-49ae-9c9c-b6cfdceea47c,2023-10-19,S-048,P-001,1,0
5defe2a1-8c47-48e8-9325-2b96ab959c35,2023-10-19,S-029,P-002,1,0
7f3265c4-2b1a-4880-83f9-155c13ef48ad,2023-10-19,S-035,P-001,2,0
99f8d122-8886-4324-aa9f-fc33e3afe2ae,2023-10-19,S-010,P-002,3,0
5e9ce09e-8f9d-4c9a-9ab8-65a933d5d764,2023-10-19,S-006,P-006,4,0
c45e03a2-523a-487c-8065-7dcea2047324,2023-10-19,S-023,P-006,1,800
8b998bc5-e4a4-4d1e-b8c8-0265af05291b,2023-10-19,S-031,P-006,4,0
53519d2e-5705-413b-86aa-24dd03fffffd,2023-10-19,S-028,P-001,2,0
c7529b04-bf5c-47d0-ad7d-05521c98dc60,2023-10-19,S-014,P-006,4,3200
0c2f5aaa-4d27-4195-a00d-684c5d72f109,2023-10-19,S-037,P-002,1,0
aac4ea7b-939f-45bf-9bbc-fa7440ae5d26,2023-10-19,S-030,P-004,1,1050
82ac1dd0-72c1-4a60-a16c-0c6494c942c0,2023-10-19,S-016,P-001,2,1400
f753d5e5-6bf0-474f-a9bf-72b2d3fa146b,2023-10-19,S-013,P-004,3,0
a8e1262d-809a-4999-82f2-20728d9aec1f,2023-10-19,S-048,P-004,2,0
0fd6ca6a-261c-4a8a-80bb-6c2d054d50f6,2023-10-19,S-045,P-002,1,0
da823de8-0190-408c-9800-05be56431ded,2023-10-19,S-021,P-001,4,0
242afccb-43b6-47c7-98ae-0369492a8a28,2023-10-19,S-032,P-007,4,0
6fda0a25-ab34-4f9e-ae69-9e682781e014,2023-10-19,S-046,P-006,4,3200
ccc1f763-eca2-4ec4-8fe0-bce132d6c94e,2023-10-19,S-006,P-005,3,3150
40e4ce2c-2cc8-44b3-819e-13540a4519e9,2023-10-19,S-026,P-003,2,0
a0d242fb-d60e-4d62-a6cd-8c96ae66dd04,2023-10-19,S-007,P-005,3,0
8a660c6d-b972-4c38-9061-4cc6fa2f4988,2023-10-19,S-009,P-005,1,0
5c8d3418-7a4f-46e2-a71c-f3200c73c146,2023-10-19,S-042,P-001,4,0
e4ffa523-f9b5-4b95-a618-c852dda105bf,2023-10-19,S-021,P-007,2,0
a7591052-b504-4005-aa39-e75e26852030,2023-10-19,S-034,P-003,5,0
491edd6c-fb50-4fbf-a38b-caced3df3511,2023-10-19,S-037,P-006,1,0
f97a74f2-1da1-4b36-af2e-88625b72a0a0,2023-10-19,S-039,P-006,1,800
c9a6b91a-14c4-4c5a-a282-740fe5e7ec1b,2023-10-19,S-041,P-004,5,0
3fc4bf7d-c7dd-4c5e-9560-b883f5d5a114,2023-10-19,S-021,P-003,1,0
4b710e66-e980-404d-ac98-116a129067c0,2023-10-19,S-028,P-003,1,0
daa2e761-6b65-44f1-b65a-4c4f32a43dd3,2023-10-19,S-011,P-004,1,0
054bd881-f117-4c57-a915-3f7867045265,2023-10-20,S-021,P-002,4,0
86155851-7ca3-48f1-8f39-c39bbf18d251,2023-10-20,S-045,P-005,4,0
0b1e1519-fbd7-4919-9f01-4380be4e857e,2023-10-20,S-044,P-003,1,0
9089c4b1-4ed9-4532-a80b-d9dfc6fbe1bf,2023-10-20,S-048,P-003,10,0
0f8bbc09-4375-4d1d-83bf-9e3410835757,2023-10-20,S-003,P-006,1,0
aaf2ef47-09db-42e3-a0fe-836ced66ee6c,2023-10-20,S-040,P-004,4,0
a3b200ae-5f16-46b0-853d-87c2ab3cee29,2023-10-20,S-023,P-007,1,0
0a48d04c-9209-432e-96c0-5a771d6a9cea,2023-10-20,S-001,P-003,5,0
5505e8bd-9e70-4f42-af74-2936dfa3bcac,2023-10-20,S-011,P-003,1,0
cc0b9ae1-d7c9-4523-9adb-49759c0b3eff,2023-10-20,S-020,P-003,4,0
999d7368-7517-466a-8440-8c1e132792a4,2023-10-20,S-036,P-005,1,0
e30dde46-80c7-479f-9ee7-1f419f53a717,2023-10-20,S-048,P-007,1,900
72698da3-5f2f-4187-8a1e-89708e049eff,2023-10-20,S-044,P-007,3,2700
cab2162f-bb88-436b-ae22-3b80d971e5b8,2023-10-20,S-017,P-001,1,0
c0eced06-f100-434a-a113-80809b6ddb61,2023-10-20,S-042,P-001,1,0
45a45a77-d350-4edd-bd4c-c37c3b5bb416,2023-10-20,S-029,P-005,4,0
c16f3aa1-2cd5-40db-825a-51ab1220b282,2023-10-20,S-038,P-004,1,0
e7ce2220-64cc-46d3-8509-11ef54e67301,2023-10-20,S-039,P-001,3,0
84759601-ecf1-4a49-bf19-dfffb03104dd,2023-10-20,S-017,P-003,1,0
3d323681-33c8-4336-ab60-77724496a809,2023-10-20,S-002,P-001,1,700
6f732a57-e1a3-41cf-9188-a3ee48376194,2023-10-20,S-001,P-007,24,21600
6cb799f2-1690-42d4-9fe3-db80380d3947,2023-10-20,S-011,P-003,1,0
43540df6-e7aa-476a-8f56-e7237ada375d,2023-10-20,S-032,P-005,2,0
63c727a5-d11e-42de-82c5-2569346ee225,2023-10-20,S-012,P-005,3,3150
b894ba1f-a74c-4cf8-b30e-b510eae4ee13,2023-10-20,S-035,P-005,10,0
f2b6ebc1-d47d-4420-804d-6cbc820410e4,2023-10-20,S-033,P-005,1,0
85859adb-b80a-42b3-8250-83483f96f4f2,2023-10-20,S-029,P-005,2,0
3c15508d-cb6b-4c46-a27e-0351004025fd,2023-10-20,S-037,P-005,1,0
e446f9e4-be74-4ae0-aa10-34802ae98982,2023-10-20,S-034,P-003,2,0
3081eeec-8e17-4e59-939c-28ed67e90b58,2023-10-20,S-020,P-004,24,0
549531b6-e4ec-4389-8aaf-19540e938d77,2023-10-20,S-032,P-002,1,950
3e5c0e4f-fd76-449b-b189-9ec9585648bf,2023-10-20,S-047,P-006,1,800
3542b339-fd41-43b4-a32d-af39b507464d,2023-10-20,S-024,P-005,1,0
8094d3c3-395e-4904-9802-8b3cee9389df,2023-10-20,S-038,P-006,24,19200
6f24dc7e-70ce-44e5-9102-de57a424cf44,2023-10-20,S-048,P-006,1,0
a885c253-d862-4437-8c16-fee7d491bd9b,2023-10-20,S-002,P-004,4,0
81350ec7-eb58-4a81-80a4-9e71dc83d065,2023-10-20,S-014,P-002,1,0
fdb2f2e3-bb7d-45da-9e4b-5b7dd870230d,2023-10-20,S-046,P-007,3,2700
4f00854b-d355-4655-a3d8-d35f6aba48c1,2023-10-20,S-041,P-001,3,2100
3c9b825f-1bb6-4e45-a827-e53381e730d7,2023-10-20,S-007,P-001,1,0
40915703-215d-4f33-a0e3-190a4be094ec,2023-10-20,S-032,P-006,1,0
644354f7-0c09-4756-b1a7-19b2f68fd9a3,2023-10-20,S-042,P-002,2,0
0b7f7bdd-eaf2-4fdf-bf6d-e0beea176de0,2023-10-20,S-028,P-004,2,0
831de674-1788-4bb1-9d75-1c508c48d369,2023-10-20,S-030,P-005,1,0
dee3ef6c-5185-4ba7-bc1f-7182ac3c8758,2023-10-20,S-049,P-004,1,1050
6c05d06e-327d-46da-84f6-914b9fe85980,2023-10-20,S-026,P-003,1,0
6cd4eab6-86dc-473b-9cb3-143d8acbf7c9,2023-10-20,S-042,P-002,1,0
3f808c18-ac0a-47f8-98d2-514db8206b54,2023-10-20,S-011,P-006,1,0
7939eba7-c433-446b-a1f6-9fd2628daa9c,2023-10-20,S-018,P-001,5,0
3c1eef3b-9c9e-41fe-88d8-0ff03d4a0e2a,2023-10-20,S-043,P-002,1,0
79337ffe-1e8d-4bc8-a6ce-cd3ee14a6cbc,2023-10-20,S-017,P-003,2,4400
1d2f800d-b345-4d29-b0b6-bdc48fcc024a,2023-10-20,S-038,P-004,3,3150
8facf36b-2d57-4a02-9ed0-630fae2fe2f1,2023-10-20,S-050,P-005,1,0
b41f92d3-ec40-45c5-9047-d397410e43d1,2023-10-20,S-035,P-006,1,0
aa86b6ed-2a0a-45a6-a359-10e53d4b3b0e,2023-10-20,S-002,P-001,1,0
a4837497-47cb-41a4-b2b4-ee3d3505660c,2023-10-20,S-046,P-001,1,700
54a317d0-755a-4a63-acf8-ce0994a2c3e5,2023-10-20,S-012,P-006,1,0
91eef4ec-ab10-4eb5-8281-54b06efb9a0a,2023-10-20,S-033,P-007,3,0
77bd6d99-3c1d-4c84-9734-7dfd61b86774,2023-10-20,S-011,P-001,10,0
9cd456d0-43a6-4862-88d4-96137e8a9a9c,2023-10-20,S-036,P-007,1,900
b2cd0c41-7039-4475-a67f-c21387e7dc55,2023-10-20,S-005,P-006,1,0
d16683b9-4ab1-4943-a82d-ee93fe90f3b6,2023-10-20,S-015,P-003,4,0
ba8f3ffe-3409-4302-a725-6395c653f457,2023-10-20,S-031,P-007,1,900
4a58aa42-8b6f-4c48-8bec-f511a363ed2b,2023-10-20,S-029,P-007,1,0
0887847f-b435-4c9c-b464-ff0f5b1ad96c,2023-10-20,S-009,P-001,2,1400
4b302bba-a871-4902-a13a-437d74ddfe72,2023-10-20,S-008,P-001,2,0
e7603ef0-d51f-4400-9052-94417877ef26,2023-10-20,S-003,P-004,2,2100
ef84d522-1503-4ec9-a288-5e5a71385c89,2023-10-20,S-034,P-004,1,0
1267b0b4-5b5d-4d11-b64e-52ed66bc0155,2023-10-20,S-033,P-006,4,0
901a0133-e723-4331-8867-21da035a524d,2023-10-20,S-033,P-006,1,0
23e9bbc6-c9b2-4dd9-bd79-b5f65b065020,2023-10-20,S-020,P-002,1,0
597ec62f-582c-4ef5-b05d-e250eea1c1a6,2023-10-20,S-031,P-003,5,11000
db197e2f-d00d-47a8-b02d-2b17c5d2316f,2023-10-20,S-031,P-002,1,0
2da6e227-318f-4253-9ea9-dd35fe24e451,2023-10-20,S-040,P-003,4,8800
61733080-4f9a-4f27-8ddc-f18023f61bd3,2023-10-20,S-031,P-004,1,0
9ba17f90-b487-4c9b-9e64-513fa74fbe43,2023-10-20,S-033,P-002,1,0
6d79fdc8-2f12-4e75-b8fd-f7902deeaa64,2023-10-20,S-024,P-002,2,0
6e204403-bee5-468c-b949-366dbd4d0769,2023-10-20,S-028,P-004,2,2100
348bab5d-9442-4798-97be-d193b4bbe5a3,2023-10-20,S-010,P-004,1,0
3234c565-9c19-4f02-a953-4f1e39ca9234,2023-10-20,S-034,P-004,1,1050
38088fed-92b0-4b2d-97da-d68c16f9487c,2023-10-20,S-010,P-001,1,0
5122dcee-71aa-499c-8a1b-a60f7d470b0d,2023-10-20,S-007,P-002,1,950
a4e58175-dc39-442e-a1e1-f1ff8981a379,2023-10-20,S-037,P-003,1,0
ee1730a3-7c1b-45c5-be1e-877a265c69a7,2023-10-20,S-014,P-004,2,0
f7b294bf-0fc6-4a0b-8cb3-c9634acc0d64,2023-10-20,S-010,P-005,4,0
af14320b-03b8-49b5-bd18-6cfa6da28649,2023-10-20,S-041,P-006,3,0
28d8abe9-5b64-432d-9ef9-a58ad2e7d10d,2023-10-20,S-027,P-001,1,0
ab04e709-ac1b-4d37-92a6-70d1475fc699,2023-10-20,S-017,P-007,2,0
ed60f9de-949b-46aa-a6e0-abf1e6b0b70d,2023-10-20,S-013,P-003,1,0
03c6d794-20c7-4843-847e-1ee4defc3d2b,2023-10-20,S-039,P-002,4,0
6e2886e4-63d7-44fa-bf4a-f17d99e909f5,2023-10-20,S-033,P-003,3,0
154839e5-f55b-4acc-bbd8-6c6c20541897,2023-10-20,S-029,P-006,1,0
d8807dc1-385e-4cb1-b095-b6e3e439feb0,2023-10-20,S-019,P-002,2,0
ac1da1fa-44e1-41b2-8f07-e5acbbfaa988,2023-10-20,S-010,P-006,1,0
d69b8258-043c-4e1a-b348-ea03e9377437,2023-10-20,S-004,P-001,1,0
cc19a6db-b5e7-49ce-bd8d-263f733bf70a,2023-10-20,S-026,P-001,3,0
4181c729-4054-4ebd-b20f-7e0dca6bd92d,2023-10-20,S-032,P-007,10,0
afc29e9a-17fb-4293-80d2-18afb4a5d305,2023-10-20,S-018,P-002,5,4750
06275d01-0570-46d4-98ef-c2a21a25fa41,2023-10-20,S-040,P-004,2,0
3d4b4d3f-b794-45c1-89b1-e256243eedd5,2023-10-20,S-042,P-004,1,1050
f2e572b5-b7a8-4c98-a99e-e2d65c831a64,2023-10-20,S-022,P-001,1,0
99b541c7-4016-40c1-9648-5ac322589ce1,2023-10-20,S-020,P-006,1,0
460caae6-f2f7-48cc-a947-e11616ab90d8,2023-10-20,S-025,P-007,1,0
3c258b9a-2528-4775-b6bf-c6f010601db4,2023-10-20,S-030,P-006,4,0
0324b8a7-ed93-42ba-ad01-39f1ee4825b6,2023-10-20,S-049,P-004,4,0
cd36b14d-db87-403f-8b57-f457d254bded,2023-10-20,S-044,P-005,2,0
d92de584-38a5-4077-9451-95f0e08f5a60,2023-10-20,S-036,P-001,1,700
64e7b44d-7b68-4680-ad1b-9dc18942983f,2023-10-20,S-003,P-004,3,0
f9254432-8cc5-42a7-846b-a89652481a11,2023-10-20,S-032,P-007,2,0
d0d9b672-585e-4a4b-8eb0-5f7a06a8b88f,2023-10-20,S-015,P-001,1,0
3b438295-26f7-4266-ba35-aaa9ca7754c0,2023-10-20,S-022,P-003,1,0
5ffbaf17-1cbe-4e7d-9bbf-21fafc8ad49c,2023-10-20,S-036,P-005,1,0
05fd8049-68f1-4e99-b621-1ab648e8a7bd,2023-10-20,S-006,P-005,1,0
dbff22a6-97ea-4e04-b5c4-f2c46fadbe34,2023-10-20,S-020,P-007,1,0
b504a3e5-0dec-4ad2-9bb6-d73beaa59af1,2023-10-20,S-014,P-004,1,1050
cc60d711-1a18-4b82-b848-a3d6163d3c21,2023-10-20,S-043,P-004,2,0
823b691f-acd7-4b27-948e-e70a56f85003,2023-10-20,S-032,P-003,1,0
f21ca7c9-f964-47ea-9c94-b7ba6316339d,2023-10-20,S-031,P-002,1,0
1c64f5c7-f48f-4343-83eb-deb8d3547a6c,2023-10-20,S-034,P-006,3,0
f35b1cde-41db-43f6-ab27-9de0a5d81bea,2023-10-20,S-001,P-007,1,0
15e48ed0-3207-4983-95d5-f30fde45d8c7,2023-10-20,S-001,P-006,1,0
614f7856-4577-4831-92ac-3d2ed25d2db5,2023-10-20,S-029,P-004,2,0
0019c9df-c5b1-4aff-b71f-d1f1ad89a96f,2023-10-20,S-016,P-002,2,0
5f714e26-3a3e-422a-a696-f31eec57246b,2023-10-21,S-002,P-004,10,0
3660c6c0-184f-4d3a-959e-baa20a761661,2023-10-21,S-045,P-003,2,0
124e97b3-2c53-4083-b925-3bc524d90ec5,2023-10-21,S-044,P-006,1,0
4c890910-4610-460a-beb7-a7122573f6e1,2023-10-21,S-048,P-005,1,0
6e3211ab-2e6a-4f12-9be4-2d032df8cf45,2023-10-21,S-045,P-004,1,0
1b092aa8-e7b3-4d48-86f0-2057643997c9,2023-10-21,S-031,P-005,5,0
718c48f2-075e-4042-bff1-76d25809750e,2023-10-21,S-020,P-006,2,0
781d3c27-d45d-4741-b144-3d5caf417201,2023-10-21,S-031,P-004,1,0
96d2b153-17be-4ee2-8188-056575917bb5,2023-10-21,S-005,P-005,3,3150
d9835720-19d9-4f9f-8a2c-91f45675c048,2023-10-21,S-022,P-002,1,0
3015a16e-e336-44d8-9e8a-76d8f82aab3d,2023-10-21,S-037,P-003,1,0
f19d2fc8-56c1-4746-856c-0e0fd9db5a09,2023-10-21,S-016,P-007,1,0
fc92e808-be14-4aa9-868f-212ef595f67b,2023-10-21,S-036,P-002,1,0
272b31c7-81f1-42b3-a601-9b82174682c0,2023-10-21,S-016,P-007,1,0
ba85f899-c6d7-4e94-a1d2-ae14442ca27f,2023-10-21,S-034,P-004,3,3150
46b8d7e7-23dc-4606-b3fb-c1636461e8b1,2023-10-21,S-045,P-007,10,0
ece02add-b08d-466d-a430-1eff4f1e8769,2023-10-21,S-023,P-004,1,0
c73702bb-24d6-4bf1-aaff-82a9d3b9e5e5,2023-10-21,S-048,P-007,2,0
3cc7e908-9c31-4d3e-99de-8ed84c25ff79,2023-10-21,S-029,P-006,24,0
036a2be4-05d3-4986-86ba-2e91730f6936,2023-10-21,S-035,P-002,1,0
123eaa94-acd7-4cea-b1d6-d386108533a7,2023-10-21,S-015,P-007,24,0
b851212e-7231-43bb-b05c-b19a05aa65ea,2023-10-21,S-028,P-007,4,0
29c4fbf8-2a3a-4c8c-94b3-266516c6edf0,2023-10-21,S-016,P-003,10,0
bfa1c1f3-c3c4-496f-bb98-d41cb4eb1e48,2023-10-21,S-037,P-002,2,1900
90c87b8c-61dd-44e8-89f8-28c33c1f688c,2023-10-21,S-050,P-001,1,0
e3ede055-8890-46d5-aef3-c8a6077d8c8a,2023-10-21,S-024,P-003,3,0
dd7ebdde-2742-4b95-b98d-5e4c3090c353,2023-10-21,S-031,P-002,4,0
1db65ece-8d74-4b35-a408-a4516768c535,2023-10-21,S-043,P-007,1,0
5e2dd1b2-c501-4cea-8160-7978141d0c5a,2023-10-21,S-002,P-005,1,1050
651d31ad-7fc6-4dc5-b975-9999c829cfec,2023-10-21,S-004,P-003,2,0
8bc08a6d-1dd5-4b11-b615-9116b5eedb7e,2023-10-21,S-028,P-004,1,1050
b37d486b-2197-450a-940e-f9dd0c9ce935,2023-10-21,S-021,P-001,1,0
6a6eff34-9835-4b35-8912-a435109fd6e6,2023-10-21,S-039,P-004,1,0
6e33dc86-3f2e-4d73-8913-8cc087c454dd,2023-10-21,S-004,P-007,4,3600
918e3a55-2c52-47b8-b37a-6104e7c4e260,2023-10-21,S-005,P-007,2,0
df19b80c-085f-4af6-a95e-4ca28bc0011b,2023-10-21,S-041,P-004,1,0
d520bf95-31b9-412d-a9eb-1546a04bf011,2023-10-21,S-004,P-002,1,0
8b8273f5-bc00-4bb6-88db-25111d8b5398,2023-10-21,S-044,P-005,1,1050
536a00f9-31c7-4c00-9ba1-791517e03ca1,2023-10-21,S-016,P-003,2,4400
2eb0d4ba-d0de-4cc4-ac57-d8848b93e646,2023-10-21,S-037,P-006,4,0
998fb64b-ae55-44ef-8c48-8a34175bff5f,2023-10-21,S-029,P-005,1,0
49a89c54-53bc-4ca5-9f31-135b17e4eb2d,2023-10-21,S-011,P-007,3,0
8a4ef54d-21ed-43f2-9e85-2351af780e0a,2023-10-21,S-009,P-003,1,0
07e54eee-db81-4ac3-bdaa-00dbaef1ac48,2023-10-21,S-010,P-003,1,0
2db8fd58-934a-44ea-b781-31c2d7bd74de,2023-10-21,S-013,P-005,4,4200
6663d68b-265c-4701-b890-8a47ed22584c,2023-10-21,S-009,P-002,3,0
769d13b8-85d9-4fd1-a9b8-d33d345adbd8,2023-10-21,S-006,P-007,1,0
a103bead-1b75-4e93-a75c-f802c40b8dae,2023-10-21,S-043,P-001,4,0
d0a715aa-3397-4a86-ae20-7c4cafe3ec96,2023-10-21,S-039,P-006,1,0
9df00a83-aa8c-411e-bb41-998fe129e845,2023-10-21,S-002,P-006,4,0
cb643b90-9eb8-4a98-beb2-b9b8057caa85,2023-10-21,S-017,P-004,2,0
91661b75-0c3e-4374-851c-97fb0331ea80,2023-10-21,S-008,P-004,1,0
295e15c4-4c1f-427a-800d-3591d048ff85,2023-10-21,S-019,P-007,3,0
e5cea1c6-225f-4428-9138-5a60fecc70ef,2023-10-21,S-003,P-005,1,0
b9721420-09b2-42dd-8cc5-2762d3127634,2023-10-21,S-042,P-006,24,19200
3e748f30-12cf-42cb-8b6b-a06db808ec3d,2023-10-21,S-008,P-006,5,0
2216ed23-d94b-4e43-a619-35269e487878,2023-10-21,S-007,P-002,1,0
a4fbc23c-f738-41a8-8943-1b772dc7c5fd,2023-10-21,S-014,P-001,2,0
f94e3f25-e919-4b88-b5cc-5a56b01cd6f4,2023-10-21,S-006,P-007,1,0
b2752ccc-e3a4-4628-8528-730afddaa50f,2023-10-21,S-014,P-005,1,0
a68d518f-2f95-4b66-a887-41b583bdf2de,2023-10-21,S-041,P-005,1,0
025c3a96-cf69-4cec-bb44-822319decb7b,2023-10-21,S-033,P-004,1,1050
1cd34096-06ae-4865-a8ca-c92d724cb364,2023-10-21,S-037,P-004,4,4200
6c7e8bdb-146a-4e52-8b91-d63fcdbc8790,2023-10-21,S-004,P-003,5,0
8fede8c7-f788-46ac-8047-2ff1c8922ed6,2023-10-21,S-025,P-001,2,0
d61c6d30-c72d-4894-8345-b5122ccb92eb,2023-10-21,S-003,P-006,4,3200
5ad9fabc-cf6c-4b17-9ee7-e193400cdab2,2023-10-21,S-024,P-005,3,0
001fb15c-868f-4984-922e-45bcfd820bb7,2023-10-21,S-011,P-006,3,2400
adeb096c-b63d-473d-a2a7-8ffe2abe393a,2023-10-21,S-035,P-004,1,0
d1cc29d7-bb77-4f22-b0cb-aa9dc0fa5773,2023-10-21,S-026,P-006,1,800
c3605535-bda9-4e1a-99fa-7e2e56ac93d0,2023-10-21,S-036,P-006,1,0
7c35b8ba-6094-44ae-824d-678e7f684245,2023-10-21,S-026,P-003,2,0
1870695e-b251-44d6-b478-2c8c859964dc,2023-10-21,S-007,P-003,2,0
885e3210-5009-42b9-809c-5880ce2197e8,2023-10-21,S-014,P-003,2,0
9324ff13-6961-492a-a2af-088d24ec242b,2023-10-21,S-029,P-003,3,6600
5f6deb60-d62b-41c6-97a2-c25003aa5f3e,2023-10-21,S-013,P-001,1,0
132d4642-7bac-4fee-8fd4-588f976f0129,2023-10-21,S-002,P-001,3,0
3f34e4df-c001-44b5-bdeb-252d2c939cbe,2023-10-21,S-033,P-007,10,0
c0f08ae0-adba-4cf4-b291-c4c26b092809,2023-10-21,S-009,P-007,2,0
5cf9ec17-8cc1-49ca-89f3-fe9f262eb15b,2023-10-21,S-024,P-002,2,0
ab72908c-824d-47a7-8341-3931dbed0149,2023-10-21,S-043,P-005,1,0
a591b81b-9c2c-4930-afad-a3d4d212992c,2023-10-21,S-020,P-006,2,0
367c5229-bcec-4103-ad22-a141b5a82490,2023-10-21,S-008,P-001,2,0
e7cf2d94-e689-4046-a490-2aff5caed4dc,2023-10-21,S-019,P-004,4,0
a0663b2d-377e-494a-93b6-7850e5a31edf,2023-10-21,S-023,P-007,1,0
ddcc1572-30e1-4943-9501-353b48a57aa3,2023-10-21,S-026,P-003,3,0
45da2a32-063e-4329-830a-0c5d30c91c15,2023-10-21,S-004,P-004,4,0
da3909db-d1f6-42b4-92ac-65409f164b5b,2023-10-21,S-038,P-007,2,0
e361a197-91b6-43ef-a0d6-c131258e58ab,2023-10-21,S-008,P-006,4,3200
f5126011-4d10-4c48-af13-4d6f8baab244,2023-10-21,S-032,P-001,4,0
48790130-e5a7-40ee-9f6d-8b2f3e328596,2023-10-21,S-031,P-004,1,0
dfdf4e48-5dda-4eee-8aea-b5d1daaead8b,2023-10-21,S-034,P-001,1,0
dd0fe45b-5a8c-44e5-aabe-9504507e4467,2023-10-21,S-006,P-001,3,0
b89727d1-c755-4edd-8a6a-2c71bb44e3a9,2023-10-21,S-013,P-006,1,800
513ce50e-d369-4109-b9cf-db91e5c0fc75,2023-10-21,S-031,P-006,1,800
91a8715a-f5a9-4ac8-8228-0397d5c8ca9e,2023-10-21,S-049,P-003,1,0
8fd1d45c-c4eb-4a7f-832a-8d7650841086,2023-10-21,S-036,P-006,1,0
e8a1b1c0-6715-4fbc-9007-df7d3e7b8f1f,2023-10-21,S-020,P-004,1,0
421071d4-3c64-4517-a1a6-66e4436f503b,2023-10-21,S-037,P-007,24,0
11698e04-5349-4682-8408-6886f4681597,2023-10-21,S-028,P-006,3,0
6edadeb6-9b35-44bc-a9fd-b898c9f130cf,2023-10-21,S-038,P-002,4,0
5d255a0a-f310-4239-bb38-dfb32038879f,2023-10-21,S-026,P-002,5,4750
90321ede-e01a-4716-9bfb-6576e2c6e761,2023-10-21,S-042,P-005,2,0
9ebac50d-0aef-4835-b453-0c0e0e3f466c,2023-10-21,S-040,P-005,1,0
953f1518-7951-4100-905a-7dc3ac7a0f4e,2023-10-21,S-008,P-006,1,0
e58c6dcf-679e-44ca-8409-7353a2229b74,2023-10-21,S-045,P-002,2,0
4ad44cb8-f0df-42ce-af0e-653f17213865,2023-10-21,S-016,P-007,3,0
7bc11803-76e5-4b85-a56c-3995cb7984fa,2023-10-21,S-019,P-001,3,0
142aaf95-3a57-4d67-bd7a-c2eea9b3023d,2023-10-21,S-040,P-001,1,0
cebce8ce-d292-4b1e-a944-e47559263b1d,2023-10-21,S-014,P-002,1,0
8448a891-5cd3-497d-b32a-d976734118fd,2023-10-21,S-011,P-004,1,0
aa68d78c-65f0-44f4-8645-c7e0e43e8362,2023-10-21,S-032,P-001,1,0
25770dfb-61e4-4f19-b952-2823c1b7ea63,2023-10-21,S-031,P-002,1,0
8da8431f-ef31-4b6e-ac88-7850a1502510,2023-10-21,S-039,P-005,4,0
4b00298d-a4d6-425c-b21b-b34b66329c9c,2023-10-21,S-044,P-003,1,0
3c3bc3e7-8946-4bbc-acf8-778a904cf93f,2023-10-21,S-014,P-001,4,0
b472cb54-8017-4093-bdad-0d2e09e1d8d1,2023-10-21,S-015,P-001,1,700
f23d3a6b-4b2c-413c-b816-78ae3a0c1dae,2023-10-21,S-043,P-002,1,950
d1f0450c-d620-4d8f-a04c-e8c4af7054bf,2023-10-21,S-036,P-002,1,0
f52205cf-38a1-44fb-ad5c-8122a03144da,2023-10-21,S-038,P-001,2,0
f7be33f1-98e0-471a-a03c-59afc4b4044d,2023-10-21,S-039,P-005,1,1050
802798cd-cf49-47a1-bb0e-4d0232223969,2023-10-21,S-043,P-001,1,0
f3f5ba68-1c24-4e90-9319-c1ae6a3d0194,2023-10-21,S-003,P-005,10,0
1dec59ff-1132-49b3-a58c-cb01116e851a,2023-10-21,S-045,P-002,2,0
c079aecc-460c-4342-881d-8fd4020b7691,2023-10-21,S-047,P-006,10,0
a2a877e7-2363-4bed-8b83-244b6a6c09b0,2023-10-21,S-038,P-005,10,0
ba98590d-f2e3-42ca-abd8-801318f37717,2023-10-21,S-044,P-005,1,0
22d94a4d-e32e-4dba-b98e-5ba2157cdff0,2023-10-21,S-013,P-006,1,0
b66c73aa-f54f-4141-99ca-2540b7321dd3,2023-10-21,S-010,P-001,2,0
f5b237b9-b22b-4887-806e-b25e3ebfd112,2023-10-21,S-033,P-006,4,0
43d88259-633d-4f0e-890d-021cc3eae81e,2023-10-21,S-007,P-006,3,0
6cdb742d-1dc6-43ea-b9ae-7fc2608dfc74,2023-10-21,S-039,P-001,2,0
bef6df32-d175-4053-ac95-a4fda07c6a98,2023-10-21,S-035,P-007,2,0
dbba148e-a6b5-4f16-ab05-eff1a74c3fda,2023-10-21,S-003,P-003,4,0
cd607bd8-4ab0-4537-8887-1c00f3ab5e20,2023-10-21,S-028,P-004,1,0
0cb32e7a-5170-4377-b54d-20db29935262,2023-10-21,S-032,P-003,3,0
c5e0bac4-91e4-46a9-8381-ea02bb466db9,2023-10-21,S-018,P-002,1,0
de1d3045-095f-4a33-9cc5-0a729785eee1,2023-10-21,S-034,P-001,1,0
0ea5a2eb-df67-40e8-9bf3-5e94f6ab0aa0,2023-10-21,S-047,P-005,1,0
6631c3e7-018e-4a20-aad3-ff906ec9bf2b,2023-10-21,S-048,P-005,1,1050
37aeab5a-cbb0-44eb-a677-e61e849f2f6b,2023-10-21,S-026,P-003,5,0
c695fd76-8f2b-4e35-a106-f514c8c4eab5,2023-10-21,S-001,P-001,2,1400
37c12ff3-ca2c-4d6e-b08a-2d5536f3d682,2023-10-21,S-006,P-004,1,0
3f0167dc-1613-4f01-89f4-cb4f6a58e150,2023-10-21,S-047,P-003,1,2200
af5b2532-665b-43f4-ba6d-508fcf6c3a88,2023-10-21,S-015,P-006,4,0
30ae56e4-e33b-4fac-b5b8-7ea7b90a917c,2023-10-21,S-004,P-003,2,0
7e950131-53fc-4a4d-a359-af8f22b066bb,2023-10-21,S-010,P-007,1,900
3d5ddf40-6ad7-40c7-999c-f33209ae484d,2023-10-21,S-036,P-006,3,0
3a739f94-6fdf-49b0-ab73-97a3d955db43,2023-10-21,S-046,P-005,1,1050
2d1f5745-6471-4403-95de-50a1c0a8b199,2023-10-21,S-022,P-006,1,0
12ced05f-71f4-4d41-a7fc-480a72f9a12b,2023-10-21,S-012,P-005,1,0
101d9f6e-28a4-40dc-b5ac-fa2b8f99aad2,2023-10-21,S-022,P-005,2,0
3a7fe2b2-af1c-462a-8c20-d0fe552dcd0a,2023-10-21,S-013,P-005,4,0
8183600a-8d39-488c-a52d-7a16ccdf36c9,2023-10-22,S-021,P-004,1,0
86d9f756-a497-482d-ae9c-209440c1f2a0,2023-10-22,S-043,P-002,24,0
0f509dfe-4a15-46b5-b5ce-e76f70e483e7,2023-10-22,S-017,P-007,1,900
61f364c5-b514-4950-b983-b418c37f8bb0,2023-10-22,S-050,P-001,1,700
b143c4c6-e7cf-4f9c-bed2-71b174d5d102,2023-10-22,S-002,P-007,1,0
8284ff49-248d-4879-a73d-006cdf1fb131,2023-10-22,S-010,P-007,1,0
46ed8212-760c-4819-85b6-e9fa1f2b9899,2023-10-22,S-018,P-005,1,1050
45437fb6-d863-4c72-b65e-859f4e563e9f,2023-10-22,S-030,P-004,1,0
c67355ce-6ef6-4b30-ac13-d7ba16d645ca,2023-10-22,S-039,P-004,4,0
b982752c-b2c3-4f7e-9699-ea95d9266abc,2023-10-22,S-050,P-005,3,0
6920551e-2e2c-446d-8c71-327d50bd89c3,2023-10-22,S-025,P-002,1,0
77f9a839-2a27-4338-96c3-fe24ed026832,2023-10-22,S-046,P-002,1,0
aed7b9f7-c28a-4b0b-8b67-a2019bb60c1c,2023-10-22,S-008,P-002,1,950
9d15070f-55da-49b1-af52-5401fe40e92f,2023-10-22,S-032,P-002,3,0
636c338e-1fa0-43d8-9daf-3116eafd6759,2023-10-22,S-017,P-002,1,950
2d21f393-ff72-4dac-a060-a9cb158f91cd,2023-10-22,S-005,P-003,3,0
4ef3194c-446f-4a01-9c03-a6f29115bc4a,2023-10-22,S-037,P-002,3,0
d4ff973a-a401-43da-84a5-5746ecd815da,2023-10-22,S-039,P-003,2,4400
edfe1f86-7c21-4423-a2c0-055974b8b4ce,2023-10-22,S-030,P-001,1,700
d2bd3833-69bc-4d79-86d1-b5a8a7158baf,2023-10-22,S-036,P-006,1,0
4452e5b0-4a6f-4470-a6f2-97398f55a225,2023-10-22,S-046,P-002,5,0
cf94a03c-69ce-49ed-aa89-d8603f7eefaa,2023-10-22,S-037,P-006,2,1600
83045ed5-237d-4193-944e-0a9c77e1bb2d,2023-10-22,S-031,P-005,4,4200
16d15144-b876-49c9-b73c-62dd45ea9d1b,2023-10-22,S-011,P-007,10,0
e8b1b20b-0be3-46b7-8eca-da009f0a0638,2023-10-22,S-003,P-006,1,0
ffb48ef8-e641-4477-a158-1c47ef18ad94,2023-10-22,S-022,P-003,4,0
807f6fb2-1d5b-44f8-8253-072ae6e08d50,2023-10-22,S-038,P-003,1,0
9882fdc2-1cba-43a6-ad63-d2068c76f4a2,2023-10-22,S-028,P-004,5,0
1a88e181-d3a2-4ebd-9c70-174dc3bbc191,2023-10-22,S-011,P-005,1,0
010a6b52-9d8a-496d-bd09-16cd6706442d,2023-10-22,S-034,P-004,1,1050
d36f81c5-fc8d-4c64-ae1b-d73a85decbf7,2023-10-22,S-016,P-003,1,0
50a85647-e5f0-4b83-afe0-2c071e2a00c4,2023-10-22,S-027,P-003,1,0
39c3713c-3e6f-4641-9e4a-c83257cf0e6b,2023-10-22,S-013,P-001,1,0
bf07ae12-fe8b-4133-9255-25d87ffaabd3,2023-10-22,S-039,P-006,1,0
f618aca4-2fdd-4f82-b838-84d8a65d44bd,2023-10-22,S-032,P-002,1,950
aea6a771-51fa-443b-b3b5-b0956ed2a85c,2023-10-22,S-033,P-001,1,0
5c88751f-115b-4851-8b36-809a27903055,2023-10-22,S-041,P-006,3,0
4342dee8-ef6d-49c9-9b00-a1c7df656fdf,2023-10-22,S-018,P-001,1,0
c728ca88-2dd1-4a3e-9bb5-aaf99e9a98a0,2023-10-22,S-034,P-007,4,0
268a0d2a-37ed-4e46-b1e2-d380cf8a0302,2023-10-22,S-031,P-002,5,0
4a15978f-1010-4619-b5a5-a0162cd2fd6e,2023-10-22,S-031,P-007,1,0
6b6e42b5-ce72-4fd2-9f21-c8e70b698f01,2023-10-22,S-018,P-005,1,0
3d7bd88e-cbe5-4ba5-a399-98dde9c3286d,2023-10-22,S-009,P-001,1,0
157a6036-62b6-4dab-8468-2833d465b791,2023-10-22,S-047,P-004,1,0
9dcc0ee2-82ae-4482-b866-f38cde73b808,2023-10-22,S-048,P-006,24,0
f9136f2b-13e4-4397-9b06-e8470e835894,2023-10-22,S-018,P-007,2,1800
ee121589-712f-47d9-adf8-707a7f333d3e,2023-10-22,S-029,P-001,1,700
5a3f74e0-5673-4a1d-9e10-22456e10547f,2023-10-22,S-022,P-001,1,0
a0993e5e-c750-450a-904e-c8ea9b209561,2023-10-22,S-012,P-005,2,2100
0b93e8b1-0860-4756-8fe6-220b2ed9a462,2023-10-22,S-038,P-003,1,0
ddf91040-58c5-4ed8-b4a3-4d3d21c0d0a5,2023-10-22,S-003,P-006,1,0
92dedfff-0c70-40d0-809e-54730f00a570,2023-10-22,S-013,P-003,2,0
c4c65536-d279-47cc-9921-e5db6d773ab4,2023-10-22,S-048,P-007,1,0
628499ce-b648-4c15-a2e7-bc2a464106ae,2023-10-22,S-018,P-005,1,0
250b2266-ab4a-4f01-bc78-c60dcd6648a1,2023-10-22,S-029,P-007,1,0
6b25c78d-cb35-4246-893d-fc3566343cce,2023-10-22,S-043,P-005,2,0
1f08354d-0121-43a6-94cb-e2626be5f9d6,2023-10-22,S-030,P-003,2,0
cdd84ede-190b-4b38-82e3-f371c7607771,2023-10-22,S-001,P-007,1,0
45bb6aca-f73b-439b-bdbe-a268ee3c8715,2023-10-22,S-017,P-004,1,0
420771e9-c460-4f3d-aa6e-a40ea8f1dd2d,2023-10-22,S-016,P-005,5,5250
fd34450c-ce8e-4d82-9b21-ac4a8aebee28,2023-10-22,S-041,P-007,4,0
098ab208-1e0a-42b8-a231-b555a6b9002f,2023-10-22,S-003,P-006,1,800
a9850f44-c5fd-410c-b88e-11b6c679af70,2023-10-22,S-024,P-002,2,0
39f3e049-0108-4873-bee0-6c58e3b44205,2023-10-22,S-024,P-001,3,2100
d147e819-4a29-4ec7-af1a-f49f84a92e8a,2023-10-22,S-036,P-005,1,0
f6575392-9a43-431b-9880-01b1839a9bad,2023-10-22,S-010,P-006,3,0
c34dec0f-4d13-43b0-af4d-9c6ac74c0ea8,2023-10-22,S-045,P-005,1,0
ebf79ba7-a7bb-47ce-9ebc-8fcbb8b7daf9,2023-10-22,S-032,P-001,1,700
bd28b220-8ca6-4b5e-9617-aa6bb22f2f1d,2023-10-22,S-029,P-007,1,0
88ed6c90-753e-4f2e-8fcf-c926e589d472,2023-10-22,S-042,P-006,4,0
a0543073-d0b7-4a39-9e14-0377d16f88ec,2023-10-22,S-001,P-002,1,950
44ba2110-36d5-4ddd-b00b-36c82a90afa0,2023-10-22,S-018,P-006,3,0
7e693367-b509-4b0d-a9eb-58e6d99d060e,2023-10-22,S-041,P-007,2,1800
43432dab-3017-4dbc-9d06-e22712c28335,2023-10-22,S-049,P-006,4,3200
36697762-6ecc-4d5a-830a-dd9e70e85e34,2023-10-22,S-047,P-002,3,0
a3219115-6362-4b42-933e-d7950a0eb889,2023-10-22,S-026,P-005,1,0
0d81d476-ffe8-4e2a-9e51-abc4f837ebad,2023-10-22,S-010,P-004,2,2100
387e38d3-a26c-46cb-9d08-2107686b45b8,2023-10-22,S-036,P-006,1,0
645b9595-2424-46c4-9562-6da74abc43f8,2023-10-22,S-012,P-003,1,0
b4700ee2-fb79-4224-a2a6-15746982be2f,2023-10-22,S-001,P-001,2,0
32a8d54e-8bd7-4463-9a1b-0f18a80e0ab9,2023-10-22,S-041,P-002,1,0
acd4c67e-aa4f-4e29-81d6-6465f222a810,2023-10-22,S-027,P-001,1,0
056b2d49-b8d4-4cda-b539-2ee752c7894a,2023-10-22,S-038,P-007,1,0
47f74983-ea03-46ab-a7d8-2e4c25df0dee,2023-10-22,S-005,P-002,2,0
b452c29b-aa69-404a-a40b-df93b4299d2a,2023-10-22,S-034,P-007,1,0
4d5d937b-9301-4b8d-8416-f9a56e87f932,2023-10-22,S-041,P-005,1,0
9f07a7c3-9c33-44ac-9661-7013d5950bab,2023-10-22,S-021,P-002,2,1900
e0ee3b57-588e-4e3a-b6f7-04a5de855fe1,2023-10-22,S-008,P-007,2,0
139116fe-256f-466d-8f37-28340a8de33d,2023-10-22,S-040,P-001,5,0
2833ecf0-e957-48a7-961b-59d93f4da3ff,2023-10-22,S-016,P-006,2,1600
0f09c641-422a-4cdc-b59e-bd18d57bcd74,2023-10-22,S-038,P-001,1,700
c2f2d63b-7d7c-4660-8795-cdb89554c389,2023-10-22,S-004,P-002,3,0
56c1d5b6-eff3-492c-9cca-23e5df70d47f,2023-10-22,S-006,P-002,2,0
e5e5aa59-0ccc-43ff-8e93-210149e33d1f,2023-10-22,S-038,P-004,3,0
3262b9ba-0eb3-4e8b-948f-f4dbbea98909,2023-10-22,S-008,P-004,1,0
ebae87ca-df58-49be-a3c8-67f70813178a,2023-10-22,S-018,P-002,2,0
035c1a0a-fd73-4ed9-93ed-90cd4b3e8013,2023-10-22,S-033,P-003,1,0
cf477e64-c8a8-4e97-8fa9-563de0c13a19,2023-10-22,S-005,P-005,2,0
1995708a-60c5-4269-8173-ad2198432c75,2023-10-22,S-046,P-006,4,0
f201c7d4-02e1-4f64-a08d-f4f83f114cd5,2023-10-22,S-001,P-007,3,0
82af985c-7434-41f0-b597-4fbfc1c12707,2023-10-22,S-009,P-006,3,2400
603a00dc-0157-4e26-9c8f-815de60ce032,2023-10-22,S-013,P-002,2,0
1d0e41fd-cde8-4bb0-8269-708bcb542d4c,2023-10-22,S-028,P-002,4,0
788f2096-9e06-4ab6-9855-7b788c007c4b,2023-10-22,S-002,P-004,3,0
71f1c555-a4ec-4bfd-8e5c-f4901e17d6fe,2023-10-22,S-049,P-002,1,950
593c4bd6-6120-4bbb-a38c-3dc10316700a,2023-10-22,S-050,P-005,10,0
dbca301c-06c8-4bfd-8040-090c7cef3d17,2023-10-22,S-031,P-005,1,0
641d2420-4658-4add-ba75-5524c74272f5,2023-10-22,S-043,P-003,24,52800
9fe8096a-e289-4487-92fd-e8acf40a476d,2023-10-22,S-027,P-007,2,0
2d730dd0-1a40-4d3c-bdeb-278e535df71d,2023-10-22,S-003,P-006,4,0
589e4597-7827-4027-9b47-121d065297ec,2023-10-22,S-021,P-005,1,0
13d85223-ed2b-4384-9d19-54e59a1e078a,2023-10-22,S-013,P-006,24,0
85d658f2-1b83-4c86-85a4-176d63f782e0,2023-10-22,S-045,P-005,2,0
976a7933-f12f-4556-abd6-50dbabe6767d,2023-10-22,S-032,P-006,2,0
7ad3bd57-21d7-41f6-bcfb-a40d4dacabf9,2023-10-22,S-044,P-007,1,900
c87d44dd-5411-4420-83f0-f2030f5f8c2e,2023-10-22,S-042,P-006,1,800
71c0653f-35a9-4b78-9fca-f041fae6b976,2023-10-22,S-015,P-006,3,0
5b78b256-a48d-4a9c-a186-726004005cc7,2023-10-22,S-011,P-002,1,0
ddebb580-8493-4a40-a91b-6db77f83a0b2,2023-10-22,S-038,P-003,4,0
7baf350f-43c3-4374-8217-e9220ea6095c,2023-10-22,S-048,P-004,4,0
4c399bc2-f55c-411e-bc6b-69c94850e659,2023-10-22,S-049,P-001,10,0
774ab47d-d4bb-4fe4-b47a-0ad332e4f85a,2023-10-22,S-022,P-004,2,0
65ea5bf8-8341-4ac3-a118-8446a9032e7a,2023-10-22,S-017,P-003,1,0
c40abfb6-f2a1-4ba8-ba6c-cf91fe8dcc42,2023-10-22,S-029,P-007,3,0
7d4eb485-5cb9-45f4-a9f1-46018b49da6b,2023-10-22,S-018,P-005,2,0
744072a3-1428-4748-9fb5-765920381c78,2023-10-22,S-009,P-001,1,0
03058efa-5999-4661-b9fe-d79e973602ce,2023-10-22,S-050,P-003,2,0
ef23bb9e-101d-46e8-8223-a172605b33cf,2023-10-22,S-034,P-004,2,0
976511ec-0d20-4114-b067-88a2b87ff7a2,2023-10-22,S-018,P-006,1,0
e3d4a8bb-b8f5-429d-9c46-6348c04307a2,2023-10-22,S-045,P-004,3,3150
a7fee0f3-a745-441a-af11-1556e19c74b1,2023-10-22,S-005,P-006,2,0
3adc2773-6e53-41a3-aa59-864cc69c0eeb,2023-10-22,S-007,P-004,3,0
59e54e07-2d6c-4b7e-823d-6b4e0a4f14cf,2023-10-22,S-019,P-006,4,0
70675bd6-1c86-4cee-b37e-455b085c506f,2023-10-22,S-045,P-005,2,0
46c69cc5-68fa-4bf6-bad9-ecc575bf8bbe,2023-10-22,S-033,P-004,2,0
e35f04d2-250e-4925-9813-887555426de5,2023-10-22,S-023,P-002,1,0
5a036a8a-9643-475c-adbd-4feb8d75a05c,2023-10-22,S-050,P-007,4,3600
861dd7f7-47da-47a3-81c3-083b6456010f,2023-10-22,S-026,P-007,1,900
bcc5f7dc-2fd6-4206-8d88-ec5bff4a0060,2023-10-22,S-040,P-004,1,0
577183e2-a6dc-49bc-9f2b-10eaa4035640,2023-10-22,S-029,P-001,2,0
37007ecc-51f9-4359-b0b2-1fd328ee8b93,2023-10-22,S-043,P-007,1,0
b9d35164-df04-4122-87f1-c789692bff9a,2023-10-22,S-022,P-006,2,0
495d3e56-0807-44be-96e9-195177f38315,2023-10-23,S-001,P-005,1,0
e384e355-8175-4cc5-acea-bde51106beef,2023-10-23,S-002,P-006,1,0
64cdb79f-9d23-40bf-8bad-5979b14b53a1,2023-10-23,S-028,P-001,1,0
3682a210-95ac-4740-aa48-60d8393bb9c6,2023-10-23,S-001,P-006,3,0
88f7acc7-0545-49e2-9f16-f33aefa6a3b8,2023-10-23,S-010,P-005,2,2100
45558026-7d7f-4433-9e16-9577ed3a9d8b,2023-10-23,S-032,P-007,3,0
37829024-c040-4208-a0b8-9c4626e6f1ce,2023-10-23,S-050,P-006,1,0
b110eb3b-8046-4537-be04-959276d4c2e2,2023-10-23,S-015,P-007,1,900
4a979569-679f-4550-a7cb-0b71df533d0d,2023-10-23,S-028,P-002,3,2850
5d3a36a7-c4a3-4c4a-8f57-0ccbc25c9ad6,2023-10-23,S-047,P-005,4,0
f89f766e-1501-449b-a2f6-315ea660924b,2023-10-23,S-027,P-007,5,0
af2a83f1-faf3-4436-82b7-e755c40dec64,2023-10-23,S-006,P-001,1,0
e5da772a-8352-4786-94ab-2fc5db7b308a,2023-10-23,S-029,P-002,1,0
5214651d-71ef-4bb2-8964-167b5a843a54,2023-10-23,S-044,P-007,1,900
b01e32bd-113a-4a26-8591-28c667c31f29,2023-10-23,S-002,P-007,2,0
0384c628-ef8f-4485-a1e3-d9dac1d5b76a,2023-10-23,S-008,P-003,1,2200
4e52c313-16e7-4d20-a056-307bd7ffd675,2023-10-23,S-030,P-001,2,0
7c0c6714-a6e3-48db-a225-f9bf27559800,2023-10-23,S-015,P-002,3,0
c216384f-a747-413a-927c-d8dcf95c87cb,2023-10-23,S-025,P-002,5,0
9248c475-f048-4f4c-8293-6114c9ae00ca,2023-10-23,S-042,P-004,10,10500
c86eb613-f41d-41b4-858c-194bbb181f21,2023-10-23,S-004,P-002,1,0
9a0db715-087c-42ae-b66d-fa8055fe4832,2023-10-23,S-045,P-006,1,0
2fa0cce2-4a4e-481d-979c-4e942fb9581d,2023-10-23,S-003,P-005,2,2100
b40ae992-1265-47c4-a484-c92afb84485e,2023-10-23,S-037,P-001,2,1400
4b6266b2-6e6b-4a67-86cf-93a97a18df89,2023-10-23,S-006,P-006,4,0
ca220465-2d12-4684-bd4c-182a33c31d67,2023-10-23,S-004,P-001,1,0
111ca7ab-8fef-4736-b4f9-0306908428e4,2023-10-23,S-050,P-002,1,0
4669f6a3-28ea-474b-b6e4-e82334a82cc2,2023-10-23,S-025,P-005,3,0
0a5b670c-a691-41e8-a43e-f0761dad47d5,2023-10-23,S-002,P-003,1,2200
a53e6289-6151-449d-84d0-15b28e850624,2023-10-23,S-010,P-006,2,1600
6ba1bd06-97c3-4130-a4b0-328d2f2a3f92,2023-10-23,S-014,P-007,1,0
4270e213-748c-4e12-b44d-9e22eba0d885,2023-10-23,S-043,P-007,4,0
e3ac70c7-c00f-40f4-805b-b25c60168e67,2023-10-23,S-006,P-003,1,0
9e2bb632-5f58-4863-bd18-4abba45fe0cf,2023-10-23,S-010,P-003,1,2200
b08ac989-6edd-484e-b0a5-0757236ac9a7,2023-10-23,S-004,P-004,5,0
3849a8a1-d9e9-43ec-bc35-07e1b15089ca,2023-10-23,S-003,P-007,1,0
be14c4f8-55d2-42e1-bbdf-ed72a94c7c4c,2023-10-23,S-041,P-007,5,0
78c38e7c-c14a-4447-a085-011197dc2944,2023-10-23,S-019,P-004,4,4200
d65fc3c5-da54-447b-a6e1-ec6e0eef73ed,2023-10-23,S-004,P-006,4,0
2f9988b2-adde-475d-836e-36602cc46a22,2023-10-23,S-041,P-004,1,0
3325ed0e-534e-4ce6-97fa-c8d0fc2c2406,2023-10-23,S-023,P-004,1,0
6da9d870-04d5-4787-940b-7812a07006bc,2023-10-23,S-037,P-006,1,800
5a844155-c3a6-4e1e-abf6-e1d482dbec89,2023-10-23,S-041,P-006,4,0
ed1fca9f-f05d-4019-84af-cd38d035681b,2023-10-23,S-020,P-002,1,0
4f9b5b55-d536-459e-9264-1e421681389a,2023-10-23,S-024,P-004,10,10500
56c94b64-0417-4b77-b8cc-976d14bf0c2a,2023-10-23,S-026,P-002,3,2850
980d9a18-7557-4138-bcb4-b1b6ad933c71,2023-10-23,S-042,P-006,1,0
4c8306cc-557f-4dcc-ade0-7aa9ea977dfc,2023-10-23,S-028,P-004,3,0
21cc195b-6cf2-4fc5-8de2-e6ba141a7ec8,2023-10-23,S-007,P-005,2,0
925156f0-2348-4d76-9853-eab5021d0c3c,2023-10-23,S-004,P-006,1,0
761ec9ca-c268-4ee9-bd0f-657af24f39d1,2023-10-23,S-024,P-006,1,800
e934c34d-7ce3-4881-82fb-1761eed8d296,2023-10-23,S-011,P-003,2,0
1ae405c7-756e-4858-85da-08b41c5fa150,2023-10-23,S-029,P-004,2,0
08a64154-9b54-49d1-b9aa-e1a4c8f97884,2023-10-23,S-031,P-006,4,0
6c3ebfe0-4117-4cd8-ab46-34db35ed55dc,2023-10-23,S-021,P-002,1,0
8bca9066-6592-415b-a8ff-29d8dc239fae,2023-10-23,S-043,P-004,5,0
b8969265-893b-4352-8999-0c88bd38e408,2023-10-23,S-041,P-001,5,0
53d1d8b2-f04b-49be-94d1-fe610a27869d,2023-10-23,S-040,P-006,1,0
4e0bd3fd-d8fe-40ed-8f0e-ba492e59ec29,2023-10-23,S-012,P-003,1,0
b663f1ea-ad79-4803-a9f0-21a8158950a4,2023-10-23,S-045,P-002,2,0
0ca8688d-d849-49d0-933a-ad8399b5adc0,2023-10-23,S-002,P-007,3,0
ac302068-f068-4429-9b25-1da8a018b58e,2023-10-23,S-048,P-006,3,0
81feead2-ce79-4db9-891a-a1b0711b9fa5,2023-10-23,S-048,P-006,2,0
aa48eacb-a940-428d-b6b6-c8d4cf8dfcae,2023-10-23,S-003,P-005,10,0
785a9937-0c26-4b1c-9966-2b08bf6c2233,2023-10-23,S-042,P-004,1,1050
f84e6784-36db-4a23-8fc6-264b6299c76b,2023-10-23,S-031,P-004,3,0
05fa499e-8f7d-406b-ba3e-bc02789d1f25,2023-10-23,S-042,P-004,2,0
f221cfdd-fe6e-44c2-a483-35e41ff68c63,2023-10-23,S-012,P-002,1,0
e768d4cc-c831-4ed7-b3a4-860fc6424771,2023-10-23,S-024,P-006,1,0
ee9d4950-1a6e-4471-98c5-a1e9b973183b,2023-10-23,S-012,P-006,3,2400
bdefa562-470e-4e0e-87ac-644b74535180,2023-10-23,S-008,P-005,1,0
6a606778-9d5a-4af1-8daa-26a7fe5c9bff,2023-10-23,S-027,P-001,5,0
d68dfa87-1f26-4efb-bb27-def280e703e0,2023-10-23,S-004,P-006,1,0
8b6c192f-4f86-4df4-b2ea-fe25024ff52a,2023-10-23,S-048,P-005,1,0
57c17301-884b-4dd5-aad8-f2175cb2fa19,2023-10-23,S-014,P-001,4,0
3aa67ad1-2fcc-4206-860a-03acb2a2ca74,2023-10-23,S-034,P-007,1,0
d89eebb3-6f5f-4f4e-be99-fcf7b479fcf1,2023-10-23,S-013,P-005,1,0
bd2a4af5-deaf-4e4e-9fac-17c9fb75cff8,2023-10-23,S-050,P-002,1,0
d5ef4c42-bf2f-4bf1-8973-ac9652d93eb9,2023-10-23,S-046,P-004,1,0
11bf677b-482b-4df1-b5c3-db3b9dedb824,2023-10-23,S-017,P-003,1,0
a8313645-0c3c-4a7d-ba79-1873f9f2d3c3,2023-10-23,S-004,P-007,4,0
1366f6db-e592-477d-8d30-f1019c55f475,2023-10-23,S-020,P-004,1,0
0166e91b-13f3-4b76-9b26-d89d453ac08d,2023-10-23,S-023,P-004,1,0
899768fb-dbc8-4823-a85f-92bc2a5a0b99,2023-10-23,S-005,P-003,1,0
09418f5c-1b6e-4fb6-b661-433f7e5f9b9b,2023-10-23,S-017,P-003,4,0
5ae252f9-4402-4c53-ac74-afae0e95ea3c,2023-10-23,S-043,P-003,2,0
7eaf959f-6a9a-4f01-a1ee-e78b0ecf89f5,2023-10-23,S-040,P-005,1,1050
49438157-4b10-435d-8bde-5d730eaa6659,2023-10-23,S-025,P-007,1,0
b6d109f2-0a6f-46ca-af88-5b178fe12184,2023-10-23,S-032,P-004,4,0
f94cefd9-eae9-4e29-a8af-3b9dc2c59500,2023-10-23,S-030,P-005,1,0
0c09765a-ba2f-4fb1-bea0-e7c7483d08e8,2023-10-23,S-045,P-006,2,0
795c9bea-491f-4452-bc33-ea4655564946,2023-10-23,S-014,P-005,2,0
bdbf7f51-7f97-4e8a-867e-c70d4c536bbe,2023-10-23,S-022,P-006,2,0
baeff717-acfd-4a0a-880d-ee1d48c30385,2023-10-23,S-018,P-001,1,700
55c4bb37-d3ef-4096-a8c6-5020a07eca1d,2023-10-23,S-023,P-003,1,0
4cc453ba-456c-4905-9a32-1fdfd077175e,2023-10-23,S-017,P-002,2,0
d12b2346-45b8-49bb-af79-c2ca64654790,2023-10-23,S-018,P-007,1,900
3f4e3026-9462-4726-88f0-6d1cacdd0d96,2023-10-23,S-023,P-004,3,0
d34d85f1-29f9-49ee-85c8-8dca9ff1b11d,2023-10-23,S-013,P-003,4,0
752793ab-e26b-451b-99a8-73a9c8bdf637,2023-10-23,S-010,P-002,1,0
d3f604fd-121d-41b4-a207-a09ae2cff1a4,2023-10-23,S-021,P-001,4,2800
d3d9835b-a04a-4484-a43d-7ee7dbcca2ec,2023-10-23,S-004,P-007,2,0
e26deab5-dbf0-4066-acaa-7351ec31e852,2023-10-23,S-018,P-001,2,0
d4af92c5-81e6-4e17-8ec4-6849d2c5ee43,2023-10-23,S-021,P-006,4,0
c10d829a-10e1-4a0a-a61e-da91ac38a2f9,2023-10-23,S-036,P-002,1,950
32195ad7-1eed-42c4-bb09-01ea20706ec5,2023-10-23,S-038,P-004,1,0
10f4bd1f-e7c1-4eff-9222-d9fda8425ab4,2023-10-23,S-020,P-005,4,0
a46db061-03ba-4754-b50c-2cc767d16ae1,2023-10-23,S-047,P-004,3,3150
9ba420ee-749a-47a6-a3a7-ac39ea331cd0,2023-10-23,S-001,P-003,1,0
3f61c5e4-c773-4ba9-9ecc-366e1a15a682,2023-10-23,S-029,P-003,1,2200
a4e8c43a-0d06-4042-a5f6-3108f0853f4e,2023-10-23,S-047,P-002,1,0
d8016f9a-4b42-4c8a-8366-95fb8147b070,2023-10-23,S-042,P-001,2,0
0540ef38-86e3-4953-8f56-eb6819744e35,2023-10-23,S-018,P-003,3,0
9ec65865-182d-4e94-9da6-05074670444f,2023-10-23,S-048,P-006,1,0
9cddc664-c765-4b0e-a36e-590024dd1510,2023-10-23,S-030,P-006,3,0
95dc92e1-1b09-4e1e-ab1d-994fb3077a8f,2023-10-23,S-036,P-006,1,0
4015976e-6d27-4655-a880-c4a4f7e572ea,2023-10-23,S-034,P-001,2,0
93cf3362-c87b-41ce-80e2-02591e05e4e4,2023-10-23,S-012,P-004,2,2100
5af8e02f-0fbc-469d-a4c7-d06cce17bcbe,2023-10-23,S-015,P-003,2,0
cf058d20-2d76-4a6b-a1ee-4abfd971683b,2023-10-23,S-022,P-002,2,0
1217222a-7825-400e-a56a-e88abb06f91c,2023-10-23,S-013,P-007,2,0
87de5288-4f02-420b-b3b9-8d53caf69963,2023-10-23,S-036,P-005,1,0
cbb3868c-8bf4-4c65-b7b4-6fe5efa2d021,2023-10-23,S-034,P-007,2,0
c2f56e7a-3099-421c-97ff-76adbdab1e84,2023-10-23,S-037,P-003,1,0
e28d3039-4b98-4a9f-8879-b8dcc7326b60,2023-10-23,S-033,P-004,4,0
f0496f68-f06a-40d0-bfd4-6d475962c281,2023-10-23,S-026,P-006,2,0
a2e5a50e-a87e-46aa-9ad2-de980c3697a1,2023-10-23,S-002,P-005,2,0
25f1667b-0858-4939-9c0b-cb25d279ae50,2023-10-23,S-021,P-007,1,0
2c9350f6-b149-449b-9859-b60818e0400b,2023-10-23,S-027,P-007,1,0
7234b3aa-814d-4d3e-a940-4e3ff3eb562c,2023-10-23,S-032,P-004,1,0
774d9184-7f21-49f7-adec-ba4e3700f37a,2023-10-23,S-017,P-006,1,0
341c35b1-c32f-4fca-ab8c-34d3b6b68849,2023-10-23,S-027,P-001,2,0
043cdd2d-58ae-462a-81fe-516aca3cd22c,2023-10-23,S-016,P-007,1,0
4480a67e-eb82-4056-80ae-2b492fd81d48,2023-10-23,S-047,P-005,4,4200
d274321f-492b-4316-91f4-d6d38ee3af6d,2023-10-23,S-010,P-003,1,2200
8a762c10-d426-48a2-b78c-e727fb5af259,2023-10-23,S-040,P-004,2,0
a8b34d61-8650-4f25-9f75-8e7923257891,2023-10-23,S-048,P-006,1,0
a729af85-88c5-4945-bd07-f5564125b761,2023-10-24,S-029,P-005,1,0
23c47766-741a-41f6-b5ca-8c2edbb6d181,2023-10-24,S-010,P-001,1,700
b009ba39-af68-48d3-b0e9-07413e6cd17a,2023-10-24,S-046,P-006,2,0
01ee9bec-2b2a-4df5-a8b1-1b50cc4f4daa,2023-10-24,S-037,P-006,24,0
534c8c47-48b9-4c65-8925-c0bf1294dbde,2023-10-24,S-040,P-007,1,0
f2cb056d-5a30-4fc4-a189-ccf656790a78,2023-10-24,S-006,P-002,2,0
3cddd8dd-591f-4cda-ba31-c22277cb5f53,2023-10-24,S-042,P-005,1,0
c43abfa5-7a37-4547-bb9a-7797f4b12373,2023-10-24,S-023,P-007,10,0
eabbeeaf-46dd-40e5-a7f6-ebc50f2decb0,2023-10-24,S-023,P-001,3,0
b70523ed-b7e7-4b8a-8f8b-ab0661058557,2023-10-24,S-020,P-001,1,0
b9bef2a0-d7ff-40a3-b30d-b8067e487d8f,2023-10-24,S-038,P-006,1,0
01057a79-c221-4e7b-ba9e-5e47b6a82d6a,2023-10-24,S-043,P-004,1,1050
c60a11b1-97c2-4b1c-9e24-438848712087,2023-10-24,S-049,P-004,2,0
03e09ecf-9d40-4eaa-8450-6a50c82f511e,2023-10-24,S-025,P-004,5,0
8e92ae9b-6a29-4c2b-ae8f-d40c94b99c1d,2023-10-24,S-034,P-004,4,4200
9afe85a2-fc93-4a72-8414-b287f4b38189,2023-10-24,S-025,P-003,3,0
1a7e20c9-9669-4790-8b6c-69bdf75d9f5d,2023-10-24,S-004,P-004,5,0
8b9c50ce-af43-4a41-a9c9-fe12ccdd43ec,2023-10-24,S-024,P-001,1,700
d0b25e7a-bcbf-4aa3-9b5d-73fba912cc5e,2023-10-24,S-035,P-004,10,0
ddcba841-f724-4bac-9a39-68750e3580d9,2023-10-24,S-015,P-004,2,2100
c04a769a-f9e4-422e-91a9-e53153486b8e,2023-10-24,S-031,P-003,1,0
e9b76f6a-89f8-4e6d-b1ec-4a681d1d54b6,2023-10-24,S-034,P-002,4,0
4bc1d02a-4a77-46a3-b85e-60ca7c85290a,2023-10-24,S-023,P-007,1,0
20f3caaf-ce64-4bc6-859c-279c8492bd70,2023-10-24,S-036,P-006,2,0
e4f472ac-cdc5-4f7b-a935-362da2913489,2023-10-24,S-050,P-002,2,0
ca6dbf7e-c133-4d86-b431-7911b3eddcbb,2023-10-24,S-026,P-001,1,700
ca7c0540-24f4-49bc-90a0-0703d5b0c11f,2023-10-24,S-026,P-007,24,0
86a5f61e-cc8f-4fcd-be5a-e5c5943c635f,2023-10-24,S-044,P-006,1,0
efb02811-beca-4962-8c67-24c6844d9edc,2023-10-24,S-038,P-006,1,0
5f9360df-bfaf-45f4-833b-655935dff5c1,2023-10-24,S-048,P-004,5,0
95e004a0-7ebb-432f-863b-5408e61d18d2,2023-10-24,S-003,P-007,1,0
066afa1c-ee3a-469e-a945-cfc8f2092054,2023-10-24,S-041,P-005,1,0
99cbd39b-70dd-494e-a09b-f3e0a5b79e73,2023-10-24,S-003,P-001,1,0
61461994-cfcb-441f-93cd-325cbbb0d327,2023-10-24,S-009,P-001,1,700
84f081eb-a859-4f35-b10c-3e476c4d177a,2023-10-24,S-034,P-006,1,0
2e338dd4-840d-4507-acae-4ee7700c6246,2023-10-24,S-014,P-002,1,950
2b8304be-b6ff-495b-8fa9-e7c5070f6d7e,2023-10-24,S-017,P-007,2,0
36b081fe-6c4d-4fab-844a-a88240089595,2023-10-24,S-041,P-001,1,0
d786a9fa-5f5a-486e-a062-de8c906f38fe,2023-10-24,S-040,P-002,1,950
4e5441a6-852f-4293-ad5d-e6561381b0d1,2023-10-24,S-048,P-005,1,0
5f8adb20-ab8d-42de-8ebd-6a7c6aa9fd01,2023-10-24,S-024,P-001,3,0
fdbebef8-59d0-44bd-9fd3-4229e777b925,2023-10-24,S-036,P-007,2,0
161126b5-914f-4538-8cc4-dd71ad6c98fa,2023-10-24,S-037,P-004,1,0
db492b0d-d36a-40c1-bcad-c3c838679643,2023-10-24,S-021,P-002,1,0
c7725123-28cd-42fa-9cdb-fdfe5697eccd,2023-10-24,S-042,P-006,24,19200
f8315ac4-9f66-4da5-8353-16032da195fb,2023-10-24,S-001,P-003,1,0
af85dbc5-57b2-4615-a91e-ced5b81cf4f5,2023-10-24,S-016,P-006,1,800
599a1625-b05b-4f24-b393-a5ffa8574a39,2023-10-24,S-006,P-002,4,0
150fdbf9-3367-440f-a659-b5d79e090af9,2023-10-24,S-013,P-004,2,0
edd9699b-d8b4-48e1-990b-58f64f593012,2023-10-24,S-029,P-001,4,0
3b878c63-0c11-4bd3-9dcf-b9a7d50bf3b0,2023-10-24,S-017,P-005,1,1050
f0fccca6-658b-413b-ad87-44252bac9004,2023-10-24,S-034,P-004,1,0
dfc2486b-657b-42df-9688-7221c50b1203,2023-10-24,S-042,P-001,1,0
41a810aa-883d-4d35-9066-cae48f9177b3,2023-10-24,S-007,P-001,24,0
e5b4c923-396c-4e57-93b1-0a0380832994,2023-10-24,S-009,P-007,3,0
20f6299a-c92a-4656-a794-05bc7ef6b1b5,2023-10-24,S-005,P-003,1,0
7a3802ce-192f-47ec-8233-2174a8a410e0,2023-10-24,S-008,P-003,5,0
28d6b56a-8782-4641-997e-9378355af761,2023-10-24,S-010,P-004,3,3150
72468948-dd6b-457a-a7b9-929b2c6fbccd,2023-10-24,S-023,P-007,1,0
a2a2b046-101e-48ba-89df-2f396ed3ace6,2023-10-24,S-033,P-001,2,0
727e0af0-a9c7-42e4-a3c6-fc3d1b6a8782,2023-10-24,S-014,P-003,4,0
4c5fb387-837c-43b2-b9ac-f4ec1f4e0d65,2023-10-24,S-023,P-006,4,0
bb9922ad-edab-4ef3-b9d4-8050f19b0833,2023-10-24,S-049,P-007,1,900
e3eaf86a-353b-4bd4-8b4c-483dfa43b4e3,2023-10-24,S-020,P-007,2,0
6db3e7f6-94a9-4116-bad5-1394ea18f947,2023-10-24,S-041,P-002,1,0
054e0d3e-d4ae-4f3e-a1e5-d04afd29d431,2023-10-24,S-031,P-006,1,0
2bb4cb28-0cdb-45d6-9f54-6c677a15cdf2,2023-10-24,S-014,P-006,2,0
53f90443-3620-4280-a331-ac06ab2aed40,2023-10-24,S-028,P-002,4,0
fead28dd-7c2d-45e7-a060-a8950242e6b2,2023-10-24,S-015,P-002,3,0
e628c6af-36ce-49a6-99bf-45739e7b32c3,2023-10-24,S-021,P-001,2,1400
ca1f8915-c9e9-4beb-b107-33bf1a1861de,2023-10-24,S-040,P-005,1,1050
7e09db04-c247-449a-9a55-5a26a8ed4768,2023-10-24,S-046,P-003,2,0
4e5d9eb7-74d2-4b99-a905-c99750993d26,2023-10-24,S-027,P-003,24,0
22e0866b-c98a-450c-b24f-111f9e96c937,2023-10-24,S-028,P-003,2,0
d0c8cd08-3b81-4b8e-ab75-0d580ef6f32e,2023-10-24,S-021,P-005,1,0
51576f7d-e428-4fff-945a-1d92dc2bd37f,2023-10-24,S-048,P-007,2,0
0bde08b1-2410-4663-882d-619bada243e6,2023-10-24,S-043,P-004,1,1050
58e13ebd-2d99-4593-9521-a6293574f2cf,2023-10-24,S-043,P-007,1,0
584657de-e4c5-4f5e-a6ba-27d6ccab75f1,2023-10-24,S-030,P-002,1,0
b7d27d30-c0f2-47ce-98c8-b16ee6ce293f,2023-10-24,S-043,P-005,2,2100
b6adb2ec-9bc7-463b-9749-f0d964e0bae8,2023-10-24,S-016,P-006,1,0
2b64fbd4-e6ba-4ca4-900b-876b02ef606e,2023-10-24,S-008,P-007,5,4500
35873978-8f58-4d2c-bc1c-8b4da244e442,2023-10-24,S-031,P-004,1,0
1a0ef6a3-4a53-43c2-8f91-23924f79b5b2,2023-10-24,S-026,P-002,4,0
5bf3ae60-5816-4b2c-91fc-967eeac152f1,2023-10-24,S-045,P-007,1,0
9ac69fcf-d209-4109-bf7e-2f73e17f841f,2023-10-24,S-039,P-007,1,0
03d303ee-9a00-4472-9ce3-b915a7e3edfe,2023-10-24,S-040,P-005,2,0
de9a064e-a27e-4948-b1dc-15ed6c7b1479,2023-10-24,S-009,P-001,4,2800
bda7fbde-dea0-4357-8611-a4160536690a,2023-10-24,S-007,P-007,2,0
eb4e738a-0992-4d17-9fd8-a1b8aa7fbf67,2023-10-24,S-013,P-002,1,0
39f72a70-aa60-464a-8c53-d340aec381cf,2023-10-24,S-005,P-002,4,0
7f28a274-937c-4ee1-b172-fe8a382e16f1,2023-10-24,S-047,P-006,1,0
e1e20961-8405-461a-bfad-f34a4a34c78c,2023-10-24,S-020,P-004,1,0
3bb092e7-2767-4d05-96f5-06e96587b3b0,2023-10-24,S-019,P-004,3,3150
ac99255d-054f-4527-8b2e-2f284ba0141d,2023-10-24,S-049,P-006,3,0
5ec4c0a0-5935-48a2-a63f-cdf725d70828,2023-10-24,S-017,P-005,1,0
93d33c9d-d45a-4cc8-b70f-dce480d6b396,2023-10-24,S-028,P-007,1,0
6599df01-25d0-4918-b9e1-f62648f57ed8,2023-10-24,S-026,P-003,2,0
99cf2fc9-54ed-4b2e-8cba-78bf73c6c4d4,2023-10-24,S-019,P-005,3,3150
66ec818b-d3cb-4944-a4b6-c319284d5eae,2023-10-24,S-006,P-003,1,0
47d84556-6c4b-4831-8af7-b2e43399003f,2023-10-24,S-029,P-002,10,0
11e45e48-cffe-4919-9fb6-68d87ea397a1,2023-10-24,S-032,P-002,1,950
51e85bbd-31aa-4080-82ba-794b688ee332,2023-10-24,S-039,P-001,1,0
8ebc943a-a616-44ca-a37e-1ef6b3bdb7cc,2023-10-24,S-036,P-004,2,0
a3ca64f7-fc80-4814-be65-577dceeadd4d,2023-10-24,S-045,P-004,1,0
2ba315f9-cff9-4e15-be9c-c7de698e73c5,2023-10-24,S-011,P-005,1,1050
4b03e210-b429-472c-ab70-c5cd2a321b82,2023-10-24,S-048,P-007,1,0
5974a8f8-3ead-4c33-a312-3393bdf5f549,2023-10-24,S-037,P-004,10,0
4ae9c779-93f8-49e3-ab30-937e7cce7bc8,2023-10-24,S-009,P-005,1,0
6bb025b3-a38b-4317-90ef-7c14d63b398e,2023-10-24,S-003,P-003,2,0
a221bd49-99ec-497f-a635-805d3d11d4a9,2023-10-24,S-039,P-006,5,0
3f635750-3add-458f-8fce-14b01cac3083,2023-10-24,S-012,P-006,2,0
a064e094-8c31-4ba9-8e82-b909eacd7f89,2023-10-24,S-011,P-002,2,1900
e3cb426b-c87c-424d-86e1-65d1e1a1b62f,2023-10-24,S-007,P-006,1,0
e2fa3d77-2af2-4932-a23f-673932ff40d4,2023-10-24,S-036,P-003,1,2200
3add3ecd-c40d-426f-b6bc-474ff53d7191,2023-10-24,S-027,P-001,10,7000
37eb4c62-a253-4d63-8b79-2065588c21d8,2023-10-24,S-038,P-004,2,0
ce542be2-8b8e-4c02-8be7-56813d5eb168,2023-10-24,S-024,P-006,1,0
ab9c8357-4764-41a2-b677-053ce44a6625,2023-10-24,S-046,P-003,1,2200
64efb9be-a7a5-4449-8dde-e60ff149293e,2023-10-24,S-035,P-004,1,0
04f0be5c-8d03-4a22-ac4f-7c4422c32f54,2023-10-24,S-037,P-006,1,0
e0e7f2d5-2c08-4622-9d08-db9d3bb09631,2023-10-24,S-019,P-004,1,1050
64232a42-489b-41b5-a83f-25026e8fa8b4,2023-10-24,S-003,P-004,1,0
6fcdeb92-ce72-482f-9802-edf6cfc0fb63,2023-10-24,S-049,P-002,1,0
0dcb5796-4f3f-4dc6-82e5-4d530a1c50c4,2023-10-24,S-041,P-005,4,0
ac55935d-7c91-4fcc-9248-643e7dcb79e5,2023-10-24,S-012,P-006,1,0
515d5360-2d6b-4e75-9fd0-d8224c3db5d0,2023-10-24,S-016,P-001,2,0
3d189353-bf01-41d8-b7ac-979ccd227f45,2023-10-24,S-024,P-002,1,0
c3bd5186-0786-4223-a472-cbd9df72061b,2023-10-24,S-029,P-002,3,0
ab38ae0d-9ca7-40eb-9f86-aff62c38a098,2023-10-24,S-050,P-003,2,0
5c0e4e2c-1286-4ee8-82ed-a959a96399c9,2023-10-24,S-021,P-003,1,2200
072b028f-cd37-44d3-b6f3-fa914d5eee60,2023-10-24,S-010,P-005,1,0
43ce68e1-fc1b-4aff-aa21-5b85d2a2ca58,2023-10-24,S-025,P-003,1,0
1e3153b1-1936-4c08-82b6-e5989ef5bb94,2023-10-24,S-032,P-003,4,0
2e800da9-913b-430f-8bf3-252854688397,2023-10-24,S-018,P-001,1,0
4de620a7-2d77-46a0-98fd-cbc8e5d849f3,2023-10-24,S-003,P-007,1,0
8d46a9b6-6d6e-4017-8091-f55b9e984b83,2023-10-24,S-026,P-005,1,0
5154b0bd-ca85-4c11-a5e4-9d00afb5e807,2023-10-24,S-029,P-004,3,0
15de0bc0-0544-48e2-bc4e-a13518596e9b,2023-10-24,S-023,P-005,4,4200
5e0f857b-bbcc-45a9-bdc8-f0d6ad104916,2023-10-24,S-032,P-006,1,800
821cfc85-639d-47c5-bd74-082c60f8761f,2023-10-24,S-024,P-001,10,0
a01f6057-7c79-44ab-b2fd-b994a42a8809,2023-10-24,S-001,P-004,2,0
06ad2bf4-6811-4d22-85d1-22aeb82e559d,2023-10-24,S-010,P-004,1,0
32e5b127-10e8-4915-b36b-ef61449220ae,2023-10-24,S-047,P-005,10,0
a2aad746-f66a-46d7-b7cf-bc63f768994c,2023-10-24,S-042,P-007,2,0
dfffe43a-3966-436a-b2ae-c5907928d861,2023-10-24,S-013,P-001,4,0
72c369ce-7a96-4ecd-b763-c82a255ee984,2023-10-24,S-047,P-004,4,4200
3938447e-eb4b-48ec-91fc-789ecb30e689,2023-10-24,S-035,P-001,1,0
9f741bcf-1881-4b05-8fd0-b68a5e7cd5dc,2023-10-24,S-020,P-007,1,0
0458cb04-3763-4a6d-b140-f41db48b9dfd,2023-10-24,S-008,P-006,3,2400
2ee20aea-b9b2-4675-9d3e-d285a78f83ea,2023-10-24,S-014,P-002,24,0
b381f7ac-e6b1-443d-92af-35a1b8f0b7a4,2023-10-24,S-043,P-007,4,0
8f2a7679-6ae0-4fc1-8dbf-6e224623972a,2023-10-24,S-013,P-006,2,0
3883b9b3-d7e3-4943-ba21-5f6b6e25c6d4,2023-10-24,S-037,P-003,10,0
0f68f029-971c-4721-ada6-7e4fea5cbfb2,2023-10-24,S-020,P-001,2,0
f9431139-0221-4a62-ba8f-5f6447d29fa6,2023-10-24,S-005,P-004,2,0
503a09bc-cfdc-4107-a037-214523e96a77,2023-10-24,S-038,P-004,1,0
f6808e60-b31a-4ff9-ab11-8a97085ff4c3,2023-10-24,S-016,P-006,1,0
bce85c0f-d17a-42e9-86a2-12af949f3671,2023-10-24,S-022,P-004,1,0
6b99b07d-e78f-428e-a312-9cb87fffbccf,2023-10-24,S-046,P-002,1,0
7e26eff4-f575-4a41-aec9-2960e3841a7b,2023-10-24,S-018,P-004,1,0
c34701ce-d8ed-4a2e-b2f0-f66ce6cf6c78,2023-10-24,S-014,P-001,1,0
0c9889df-54cf-4ea7-8c7e-b4cde29ce188,2023-10-25,S-010,P-002,1,0
0647ee63-7a25-4d11-8c1f-8e6f89b486d8,2023-10-25,S-018,P-001,3,0
4a78aed3-7ab7-49d7-962a-53b98f5a1390,2023-10-25,S-037,P-006,1,0
75466e73-b0bc-41b8-8f97-b82eb0b728e2,2023-10-25,S-033,P-005,2,0
194ba989-b9db-4726-b81a-466aa50abe1b,2023-10-25,S-033,P-006,2,0
5554d041-203c-437a-8231-099270f6c01e,2023-10-25,S-003,P-005,2,0
62c482d3-20aa-41a0-9d62-41fe323ef06d,2023-10-25,S-047,P-002,5,0
6aece7e6-1b8f-4949-ad5d-15b0285234c3,2023-10-25,S-040,P-006,1,800
8edc1b07-8451-49f1-a6c4-e38d0f6c0158,2023-10-25,S-032,P-002,2,0
989ea3c5-28e0-401b-ba2e-784b3e091793,2023-10-25,S-043,P-002,1,0
66c560bd-4612-4164-aa4f-256b86949d46,2023-10-25,S-009,P-002,24,22800
c7de42a9-c986-49d3-84db-366ad5b937f0,2023-10-25,S-005,P-006,5,0
3e5bbc9b-d01e-4417-99aa-df9b73ca4737,2023-10-25,S-016,P-004,1,0
4506200e-fe56-477d-8970-d21e60b4c5cf,2023-10-25,S-046,P-003,1,0
abd842a5-ec96-4979-823f-867fe8f1c1e6,2023-10-25,S-038,P-003,1,0
8bb26c52-ee87-42f9-813f-84993ec2623d,2023-10-25,S-012,P-003,1,0
94c4d0e8-788a-4131-87ce-72752fae6da7,2023-10-25,S-017,P-003,2,0
eea992f1-935a-4503-84ef-911235156996,2023-10-25,S-003,P-004,1,1050
9d2262ce-0745-461f-b3ad-007b25942e7f,2023-10-25,S-013,P-004,24,0
7cecb507-c27f-4682-a0f7-304e7b424498,2023-10-25,S-047,P-002,2,0
445ef6cf-35f3-49cb-982f-7b7ad44c58e1,2023-10-25,S-024,P-003,5,0
56a24b7e-30dd-4287-8c0a-69de4c4ddaca,2023-10-25,S-036,P-002,1,0
884a1d52-9e60-4270-970d-92648c482ed3,2023-10-25,S-034,P-001,4,0
47c5f2de-6ceb-471a-8764-32a65ffe397c,2023-10-25,S-017,P-006,1,800
a47acf5c-ac36-485c-8ed9-14ca12cbde4c,2023-10-25,S-022,P-004,1,1050
ffb86bba-a11b-406f-bf8f-ea5856063124,2023-10-25,S-029,P-002,2,1900
e7a565b0-d211-45c4-9203-ee7446e85738,2023-10-25,S-004,P-004,3,3150
154fd735-97d6-41d0-af9c-7c964abb42eb,2023-10-25,S-027,P-006,1,800
a49c485f-8ae2-43bf-b21d-a61876c7b987,2023-10-25,S-014,P-004,1,1050
39f49da3-e3cb-4a56-9888-1ef809d81638,2023-10-25,S-020,P-003,1,0
6d78dcef-c24e-4120-bbbc-f4165b993ac1,2023-10-25,S-010,P-005,1,0
b2e48207-80f2-4a25-b147-fdadb10c4291,2023-10-25,S-002,P-001,3,0
5079700f-e01b-497d-b55c-56dbfc42ff9d,2023-10-25,S-049,P-001,1,0
2b460428-95e1-4b60-b9b3-2e2aef33a70c,2023-10-25,S-049,P-004,1,0
7867a173-c12b-4c1e-ac2e-7cba73f6ea91,2023-10-25,S-033,P-006,1,800
58ba63c5-02aa-4824-9d5d-979f0bb94a0f,2023-10-25,S-033,P-006,2,0
95b37f73-87fc-41d7-b099-78aadc43e1e2,2023-10-25,S-033,P-003,1,0
ea57e642-baec-40bc-9e80-93b927faceda,2023-10-25,S-045,P-004,1,0
5413561d-ce3a-4ae6-802b-0dc86e19f423,2023-10-25,S-035,P-004,10,0
2dbc8a94-a3ea-4d8c-95aa-fea2a04d7e03,2023-10-25,S-030,P-001,3,0
2232da0a-2cb3-478c-bd99-51ddeaa1d29e,2023-10-25,S-024,P-003,3,0
ef3cb1db-b847-411c-86c9-86f081558a3c,2023-10-25,S-016,P-002,2,0
73e46c45-a255-40e5-ba66-5edd5b32767c,2023-10-25,S-045,P-001,1,700
6d08574c-7283-428e-8dc7-e94d4ff06e49,2023-10-25,S-017,P-002,1,0
d253d353-323b-40f9-8c3a-0d4621107484,2023-10-25,S-022,P-004,1,0
7810bf3b-83a6-442d-81f5-5dfc81b8d69d,2023-10-25,S-018,P-005,1,0
6ed1fdf3-4cb4-4f79-a27c-fb16de251389,2023-10-25,S-018,P-007,1,0
5dd53817-2700-4f13-8577-226b12461e5f,2023-10-25,S-035,P-006,2,0
b2858d42-36f1-4f5b-bff3-4fc9171e2231,2023-10-25,S-008,P-001,2,0
bd5f210e-9b5a-4372-acd4-1089ad7d4927,2023-10-25,S-026,P-002,1,0
3d423f4e-9cea-4711-b2a7-60421817a36a,2023-10-25,S-033,P-003,10,0
006896d3-0aeb-4e32-8e31-fd9b76041463,2023-10-25,S-004,P-002,2,0
21c9ac68-3105-4e07-8c77-c1df827c64e5,2023-10-25,S-046,P-002,2,0
6e066da2-1dea-4e36-a0f9-e783c92105bc,2023-10-25,S-001,P-006,2,0
a406312d-5b91-4673-9268-9d1829419028,2023-10-25,S-030,P-006,3,0
c811618c-1d18-4271-a216-68b01e5d21a9,2023-10-25,S-035,P-001,1,700
bba97d8b-c0e4-46f2-9d58-41ba4f5045ea,2023-10-25,S-047,P-006,1,0
aa78dee0-d19e-4d5c-b415-b8e203b842c9,2023-10-25,S-030,P-005,1,1050
a09b50c9-713e-45df-9b05-a4fb3c656903,2023-10-25,S-011,P-001,2,1400
deb7fa3a-329d-4b7d-be01-20bb708c1194,2023-10-25,S-022,P-005,2,0
d4409764-a236-429f-8834-cdb6d8a6a255,2023-10-25,S-050,P-007,2,0
aa1e25b2-fcdc-41f1-9514-94ca7cdf850c,2023-10-25,S-047,P-007,1,0
8bbc2aa2-b4b5-4b20-b3ac-dec90bba6873,2023-10-25,S-012,P-004,1,0
b52b2964-3d3c-41b3-bfb7-3892555273bb,2023-10-25,S-034,P-001,1,0
cb62755d-0e5c-452b-a282-fcf95f5c002c,2023-10-25,S-032,P-001,1,0
cff8bbfb-7d7f-47d9-9819-883fa6c58aba,2023-10-25,S-032,P-001,1,700
16089758-43d6-4c26-b492-6e9a1e0c077f,2023-10-25,S-005,P-001,1,700
8d12eff9-93c6-4c3b-9cc5-a4f15780c783,2023-10-25,S-047,P-002,4,0
b33b50b3-5a75-4d54-892a-dc7d23dd3b73,2023-10-25,S-036,P-005,1,1050
eb76c1aa-5eb1-44d0-bb3a-11bd5ce7907f,2023-10-25,S-017,P-001,2,0
be9bfc60-a19d-454b-ae7d-7fc1ce5ca106,2023-10-25,S-023,P-004,1,0
0dc96376-c787-4a81-8abe-599e20ac2ea7,2023-10-25,S-039,P-001,1,0
7eda037b-6743-4cd3-8275-9c4bce44ad4a,2023-10-25,S-040,P-004,3,0
24697f3d-91a9-423d-8148-88597e34b409,2023-10-25,S-021,P-003,2,0
78d65451-d403-4593-a3e6-0260f94cc03a,2023-10-25,S-031,P-004,1,0
d44344a4-bb2e-4dc4-8f9b-03a4d6b49699,2023-10-25,S-015,P-003,1,0
6ef26c42-4f73-491a-906a-a0dbacfad021,2023-10-25,S-034,P-003,2,0
2b18055d-ccac-4a68-9b0a-56c643824e89,2023-10-25,S-010,P-003,1,0
30e47b16-d252-4baa-a42e-d6a3a20ec2d6,2023-10-25,S-016,P-007,1,0
439c2387-bb36-4089-b54c-ae4ffdfc15ef,2023-10-25,S-037,P-001,2,0
b10e6d46-9938-476b-b41e-3a43e1d9bbd0,2023-10-25,S-037,P-007,1,0
ddf6258d-4609-424d-b9cf-4da9a42ae067,2023-10-25,S-023,P-004,3,0
f59df002-f20f-49bd-8b5f-8fff03a0352e,2023-10-25,S-015,P-005,1,1050
df24c6bd-ff58-4bf3-868b-e21dc74f241e,2023-10-25,S-005,P-001,5,3500
006b4955-a46b-4952-9511-139c7cfb9ab9,2023-10-25,S-012,P-001,24,16800
daff3c98-88c5-4e84-a906-0fd29af6986c,2023-10-25,S-026,P-005,2,0
c7db6a25-3607-48e9-9683-5f1225ef7d8a,2023-10-25,S-008,P-003,1,2200
93a97166-a0b1-482a-bb01-ca16b7dc7400,2023-10-25,S-007,P-004,1,0
8a760e60-0d49-4b6c-a667-587b134f652b,2023-10-25,S-017,P-007,2,0
bb932637-c3cd-4c02-b4b0-df75ba3e24f8,2023-10-25,S-043,P-002,24,0
7f6f2801-eab9-48a4-83ac-8535c64d47a4,2023-10-25,S-040,P-006,2,0
5ead990d-ade2-46b3-a4ba-17f99c5f46c8,2023-10-25,S-016,P-007,2,0
533141d9-b950-44cc-8b41-d2c3243b9a02,2023-10-25,S-036,P-001,1,700
b121e712-1038-432a-92b4-372f62323033,2023-10-25,S-032,P-003,1,0
a068beff-579a-4c0f-84c1-ddd61a31d9a8,2023-10-25,S-031,P-002,1,0
0c35b7e8-896d-4f12-8223-2a80e5fe991f,2023-10-25,S-049,P-005,1,1050
e4d250f5-58e9-4737-8614-394946f903c4,2023-10-25,S-018,P-001,2,0
3a70f013-5871-45a1-8df3-021d1812a25a,2023-10-25,S-004,P-002,3,0
63667a57-6b5b-4da3-a187-78fbee3e600e,2023-10-25,S-008,P-002,1,0
e2ed2f6b-797e-4755-aa55-1c97bf55f510,2023-10-25,S-009,P-001,2,0
df6a95be-67d4-4bdf-a9d5-a21d23998da6,2023-10-25,S-028,P-007,1,0
23c85af4-745a-4599-a248-1833e154a27f,2023-10-25,S-002,P-004,1,0
9e5c469e-3756-41d6-a20c-811ac9def091,2023-10-25,S-044,P-006,1,0
1cebd55f-dcd7-4ab3-982e-c5f1c4fdbc08,2023-10-25,S-037,P-001,1,0
d787f8d3-0c24-43dd-838e-589dc38c1220,2023-10-25,S-036,P-001,3,0
f91507d2-3cd0-4699-b8ca-9320bfa96100,2023-10-25,S-037,P-005,2,0
e1812ad3-a99a-423c-8fbc-4cf05391110b,2023-10-25,S-035,P-001,1,0
42d846de-944a-43fc-897e-e45ac9a56da9,2023-10-25,S-015,P-006,3,0
648c4a1a-9020-4fa9-b9c9-551c0c261f45,2023-10-25,S-004,P-002,1,0
bff1c3e2-2d0e-4f0d-823a-cc967e73c2d4,2023-10-25,S-042,P-005,1,0
dc3b825f-4832-4a70-9048-ca099f97ca1f,2023-10-25,S-049,P-001,2,0
1212d38c-adb6-48c4-b685-25d7656c2cce,2023-10-25,S-040,P-001,1,0
87fedfbd-9913-4381-9d09-8dab354bec59,2023-10-25,S-027,P-005,1,1050
2ce804ab-bf22-4176-b0ff-5bd3e8fc5ef5,2023-10-25,S-032,P-004,3,0
6fd0b36e-3477-4ecc-ad10-e7f37b6180d0,2023-10-25,S-011,P-006,1,0
64ce2c83-8701-4671-b86e-651c0ed7a42f,2023-10-25,S-003,P-006,2,0
36455551-8d1f-4114-b58f-7c75556adac7,2023-10-25,S-028,P-003,1,0
c81a9061-4707-4ef7-b726-d7544a2853e7,2023-10-25,S-013,P-007,1,0
222a253b-56cd-421c-8130-2236426f7ecf,2023-10-25,S-025,P-001,1,0
0ba200f3-27e0-410e-b433-d2a5c747fdd0,2023-10-25,S-013,P-001,1,0
b586fc6e-fe0a-4196-aac5-8fb6a0c3beef,2023-10-25,S-030,P-003,1,0
56d38b4d-d904-42a3-abd4-3e8d53f30584,2023-10-25,S-013,P-003,10,0
7c210b87-0a54-4d1d-a16a-46e4f2a148d0,2023-10-25,S-004,P-006,1,0
ae5f3a51-9ede-41e4-a2b0-66d64f6861b0,2023-10-25,S-042,P-006,1,800
60b78417-edaf-4c0a-8604-43d1ff7afb77,2023-10-25,S-002,P-002,5,4750
785250af-422f-4f6d-aa7c-91671f9bc4fb,2023-10-25,S-010,P-001,2,0
b4cb3be0-bc91-4556-b521-fd9b4235cea9,2023-10-25,S-033,P-007,4,0
d93a8eba-3e4b-4370-8b46-c14df2a8b257,2023-10-25,S-017,P-002,5,0
5de5aeae-05cf-4965-a5c5-e00009c099a2,2023-10-25,S-003,P-007,3,0
dc1a746d-18bd-4d6a-8478-8b428decf905,2023-10-25,S-043,P-005,1,0
ab9bceb7-d9bf-4cd0-a322-2db4e07e5d88,2023-10-25,S-040,P-007,1,0
1a6a8ad0-793b-4e2d-974b-519e629fe7d1,2023-10-25,S-015,P-004,1,0
0e9a7e96-f344-428b-8808-b6a8afe37ab3,2023-10-25,S-026,P-004,1,0
1bdf8f1e-e057-40e8-ad8e-a82fba99e391,2023-10-25,S-043,P-001,4,0
cd36d582-649f-4333-860f-f48e0d6896e5,2023-10-25,S-033,P-002,1,950
4f93d59b-2ee8-4d96-b640-adfdb7b54e76,2023-10-25,S-020,P-004,1,0
74be8c1a-f325-4862-b655-491c183d0d6c,2023-10-25,S-044,P-004,4,4200
7f18ad2f-7ab9-4b12-8573-00a08f890874,2023-10-25,S-021,P-003,1,2200
c2dfebe1-69b3-42e2-87a9-8fb584c6e432,2023-10-25,S-001,P-003,1,2200
20b1507c-c7ba-4816-8fae-2149e8629981,2023-10-25,S-009,P-001,1,0
ecf96cff-a037-491f-917e-facf2ab88fcc,2023-10-25,S-005,P-006,2,1600
82c56187-3360-4def-8cfa-32adb2264e8a,2023-10-26,S-050,P-002,3,0
d223b13c-3f3c-4714-8c45-3fe372ede0af,2023-10-26,S-004,P-005,1,1050
976e2fbf-e2d2-4840-b21d-efcf396c9c7c,2023-10-26,S-027,P-003,3,0
688254e3-0f49-4f84-ab00-a301d1235f33,2023-10-26,S-016,P-002,1,950
d1c28c74-f389-43ab-85e5-28d329db2c25,2023-10-26,S-007,P-007,4,0
42611bc3-7534-41d9-9114-6030f4a93f2e,2023-10-26,S-034,P-001,1,0
2e580462-9052-4f58-9f98-b6ac7aecf9e1,2023-10-26,S-027,P-003,1,0
2ae5d22f-169b-4bb6-98e5-5517e8a19ca0,2023-10-26,S-023,P-004,1,1050
0d0e6f89-6a54-40b8-bf2d-223f6604d8cf,2023-10-26,S-009,P-003,1,0
f80c4fa3-dbc8-4b53-846f-bfca71d1c285,2023-10-26,S-047,P-004,3,0
7e8f9306-0428-4a37-a316-fe0fd331195e,2023-10-26,S-007,P-001,2,0
6db411f0-9ba2-43ae-a180-3edf8fe01397,2023-10-26,S-021,P-006,2,0
f2ba5008-cafc-43e0-bd86-6b529c31269e,2023-10-26,S-041,P-005,1,0
26d5176b-f65a-4ac4-9aec-292bc3b48357,2023-10-26,S-040,P-002,2,0
15316e1d-1a0c-40ad-aa8b-bcc081de255b,2023-10-26,S-023,P-007,1,0
457e4576-ef54-494b-935a-d9ded9d65a92,2023-10-26,S-012,P-004,1,0
e17a5e36-49c6-4f1a-94b8-4ac9300468ea,2023-10-26,S-047,P-001,2,1400
e61c4f62-2816-40b9-996a-1f0da0f8e511,2023-10-26,S-024,P-001,1,0
22529e12-91f2-41c8-9774-7f9ace485896,2023-10-26,S-036,P-001,1,700
1f692b90-0f3a-45a9-8f37-2292bda3cf0e,2023-10-26,S-009,P-004,2,0
0d2a7ef1-1043-4b62-92f0-64be8ab38531,2023-10-26,S-035,P-003,1,0
0115380f-d0ee-4514-bb6c-f258a517e5c8,2023-10-26,S-012,P-006,1,800
ba2de292-3735-47b5-9470-2e0c9d6ec33e,2023-10-26,S-013,P-001,1,0
5daddb3a-4672-4533-9cb1-555c7f481e0d,2023-10-26,S-026,P-004,10,0
dcb7ed59-2ffc-433a-ab4b-391cbeb2dd89,2023-10-26,S-001,P-007,3,0
cdd53483-9ed2-49d3-a5eb-bbd712829319,2023-10-26,S-009,P-004,1,0
88996de9-0e5c-4f8e-bcc2-241b4739a268,2023-10-26,S-042,P-005,1,0
e4fd0034-3f45-4b31-842a-fca00d37f928,2023-10-26,S-035,P-003,1,0
97179c2c-2822-43df-aa67-2cafd1ca1102,2023-10-26,S-021,P-001,4,0
4180104c-704e-4cb3-84d4-2c0500f69632,2023-10-26,S-032,P-004,1,0
8334c562-4e74-4170-a470-34775b0a8f77,2023-10-26,S-021,P-002,1,0
8bef7a19-dfd1-4cbb-b591-56917a04b732,2023-10-26,S-035,P-006,2,0
7021fa69-b3c2-4e81-9c20-81d526bd81d0,2023-10-26,S-035,P-007,4,3600
655e1a22-d53a-42c9-b1f5-90ffa575fa68,2023-10-26,S-023,P-002,2,0
95db11f4-1f0d-4894-9d37-1eae66d018d8,2023-10-26,S-008,P-007,1,0
18c9082a-3658-4621-afa7-2ba4b23bad73,2023-10-26,S-036,P-004,1,0
cf5f58cb-e64f-42d7-9f8a-96f3f4b27cd2,2023-10-26,S-041,P-006,2,0
96d07e41-4b54-4aa2-bca7-64cb2b42e0dd,2023-10-26,S-030,P-006,1,0
b825008f-b224-44be-b6d6-a9bfec4550e6,2023-10-26,S-007,P-003,4,8800
3d491133-4e88-45ff-9199-329f1e5c8622,2023-10-26,S-023,P-005,1,0
40339399-1711-466a-8904-bf4b417655e8,2023-10-26,S-015,P-004,1,0
d1f53b79-0423-4b05-893d-5bb3bfc08fb3,2023-10-26,S-046,P-006,5,0
9cfc50dc-5bf0-4a62-9a08-b7b61a61eccf,2023-10-26,S-036,P-007,2,0
28a772d2-dd49-442b-a460-e753decb33ed,2023-10-26,S-045,P-001,2,0
25b0758f-2938-49d0-99df-c54bffe9cd97,2023-10-26,S-033,P-004,1,1050
6769c3b8-81e7-4722-a826-9fe2a1371940,2023-10-26,S-017,P-001,1,0
55d57b21-ec81-4093-95bc-1e18f4cc7c58,2023-10-26,S-049,P-003,2,4400
77e1013f-a4ed-4c99-baf1-c97f86951319,2023-10-26,S-033,P-006,1,0
fea8008e-f2d6-48e2-bdff-d50b0109559a,2023-10-26,S-007,P-007,1,0
bf6fcd1c-1609-4c72-b26e-41cf6fecbb31,2023-10-26,S-026,P-004,24,0
e5f685a4-8fc6-46ff-a03e-394fc41d8740,2023-10-26,S-046,P-005,3,0
caff1d8d-0df1-4c19-ad1a-143c86c119b1,2023-10-26,S-011,P-002,24,0
64af58ca-5571-4ec1-afd9-ffdf8eee3fb3,2023-10-26,S-046,P-001,3,0
174cbc83-3c88-4955-ae59-b0728184c6fe,2023-10-26,S-013,P-001,1,700
d71ffbee-48f2-4578-9884-d3243dd47b15,2023-10-26,S-026,P-003,2,0
027687a7-ee60-4de9-833b-a32df251aeae,2023-10-26,S-028,P-002,1,0
60729d0f-84c5-417a-960f-24dd13214c71,2023-10-26,S-040,P-004,4,0
7e082a26-2b7c-48d2-b6e8-85ca6b8eaf80,2023-10-26,S-013,P-006,3,0
8cba27c0-40ef-4d8b-87d8-3b093f176e74,2023-10-26,S-026,P-005,2,0
e93f706f-d117-4a5f-a18a-c9caaa3e0be5,2023-10-26,S-047,P-005,10,0
45899be3-4a1f-47f8-be5c-79964c6213d1,2023-10-26,S-044,P-001,1,0
a75be724-d3c3-4e42-8782-47882f82fb8d,2023-10-26,S-046,P-004,1,0
6c6e3bcc-152a-49da-95f2-8f663cc8e592,2023-10-26,S-045,P-007,2,0
1c6c7fe8-f07c-41f5-ae50-3ea83fe5fe92,2023-10-26,S-018,P-003,1,0
cc2bfed6-7f66-43db-87fb-88fb8634dd5d,2023-10-26,S-017,P-004,10,0
a81d42f2-2392-44e6-90d4-1affae6251e6,2023-10-26,S-023,P-004,10,0
ec1097f0-3de5-49a7-bca4-dd453078c830,2023-10-26,S-012,P-003,4,0
290443be-7695-43b1-a79e-2bba6f193f21,2023-10-26,S-001,P-004,3,0
f755613e-6657-413e-ad25-43860760dbb7,2023-10-26,S-008,P-005,1,0
4c706920-bc07-4a11-8b48-3757197a42b8,2023-10-26,S-026,P-007,1,900
2ac09064-b487-4f6a-9404-582f4d50de00,2023-10-26,S-030,P-002,1,950
9196d1ae-ac7c-4761-b068-b94f843e09f8,2023-10-26,S-028,P-001,4,0
9df0acaa-0ffe-4b49-bbe6-a103429bdde8,2023-10-26,S-003,P-002,2,1900
5c1d88ad-a890-473a-aef4-aeccbee80bc0,2023-10-26,S-048,P-004,1,0
39e2d608-51cb-429f-8cd4-068befeb6d70,2023-10-26,S-031,P-007,1,0
fb9bc804-f6d6-420d-88f7-4d18a394e65a,2023-10-26,S-037,P-001,3,0
efc08e77-79a9-4f25-a72a-f58824ae9904,2023-10-26,S-026,P-001,1,700
0fea4483-428e-465b-b1fa-abc7f5500c00,2023-10-26,S-001,P-001,3,2100
e36bb8df-2ed7-417b-a0b4-cabdfa207993,2023-10-26,S-019,P-006,4,0
57a0d357-fae2-4b82-988b-a200fdd8a395,2023-10-26,S-050,P-002,1,950
9b96446b-3f17-4c73-bfa1-719e3331373e,2023-10-26,S-013,P-007,5,0
0929e62d-7fd5-4653-8a0c-fa46c1c4c618,2023-10-26,S-049,P-003,1,0
32061348-c2f8-4e8d-9fd9-1b5e6147dc91,2023-10-26,S-047,P-003,1,0
b494df5c-364e-4665-ade8-c7ec306545c4,2023-10-26,S-045,P-003,1,0
4a80ad4d-b9a2-40b1-95c3-661e4dc6530a,2023-10-26,S-031,P-006,3,0
05d11d71-c987-4830-8a09-a727354ce89f,2023-10-26,S-031,P-004,1,1050
06e69a25-ecbe-4b70-8a9f-158b8adf459c,2023-10-26,S-023,P-001,1,0
47ad2f30-67cf-421c-a3a1-3dc8b3a85dbf,2023-10-26,S-013,P-003,1,2200
ba14de72-c434-49e7-b274-a87e09873f78,2023-10-26,S-039,P-002,4,0
38c0e20a-37a9-45b5-a480-d84c364728b0,2023-10-26,S-047,P-006,2,0
7becce9d-0255-4186-8bef-3f66446d62a5,2023-10-26,S-017,P-003,2,0
d7c5cbec-2fa1-4631-b076-f77bd8d55318,2023-10-26,S-008,P-002,5,0
3db162c8-e8fc-4ebc-932d-89015071403f,2023-10-26,S-020,P-007,1,0
15a94a81-6746-4ff5-8976-3f5d12e03fb9,2023-10-26,S-001,P-006,1,0
56e37cfa-8f4e-4303-ba88-4a7c5ff48957,2023-10-26,S-001,P-001,1,0
3ebd6d7d-c8b6-4e3b-8d8b-26327899a861,2023-10-26,S-024,P-004,1,0
2d3e267f-792c-4fac-8cfe-e721e2949c90,2023-10-26,S-007,P-001,1,700
a95c2a07-8858-4854-9e2c-543fbe9b71ee,2023-10-26,S-017,P-004,1,0
d0564dce-2e89-479a-bbff-641328c609ac,2023-10-26,S-048,P-002,1,0
8de43280-af5f-4325-97d5-38d85612cd3e,2023-10-26,S-047,P-003,10,0
b9ca3cb6-c469-4dae-bfba-96f78d53902a,2023-10-26,S-039,P-004,1,0
652f71aa-f802-49fd-9fae-8921252d4ae0,2023-10-26,S-048,P-003,24,0
12a14d83-d780-4cf0-b517-62cf7596eb66,2023-10-26,S-034,P-005,5,0
9352f899-a4b6-430b-9960-4ee1be75575e,2023-10-26,S-020,P-007,1,0
7678b6a9-9c41-4f0d-9f46-6ce3e5e5ef71,2023-10-26,S-025,P-006,1,0
d9464c65-93e2-4b38-b109-0b89b64f0bf7,2023-10-26,S-041,P-001,2,0
dc37b4b1-b9a9-41ae-98fb-c2b0ae2bb7c5,2023-10-26,S-012,P-003,1,0
6eec99ce-7cb7-41a2-880e-db9abd7aaf91,2023-10-26,S-044,P-001,1,0
5fc6ef89-dcb4-4e99-9657-5bc0d0f6ca29,2023-10-26,S-041,P-007,1,0
98a1ddc4-ed99-47c3-a7a4-e1ec68f4baf8,2023-10-26,S-006,P-003,3,0
dbf3f427-6a8d-4ef4-9bb6-c2ec007c18d7,2023-10-26,S-049,P-007,1,0
f0a521b0-2251-4eb2-b133-d6c22a8ea56f,2023-10-26,S-049,P-003,1,0
60b2887d-5c9c-4729-9d3f-523d1f2475de,2023-10-26,S-036,P-002,1,950
1a7f8319-fecc-4309-95d0-32898c0ec384,2023-10-26,S-014,P-004,2,0
3cf22761-783a-420b-a9eb-8a2c71ef461b,2023-10-26,S-017,P-001,1,700
8e83ff9f-7e0f-487b-9340-27aa28b5d284,2023-10-26,S-014,P-002,2,0
04efb7cd-2e6d-4427-b484-9e543190ba64,2023-10-26,S-023,P-003,1,2200
d13f37af-4228-494b-aba1-42841d37415c,2023-10-26,S-048,P-007,5,0
e9184df4-784e-4e33-aca0-6dd3fb25c84e,2023-10-26,S-024,P-005,1,0
5f728627-2733-492e-8e16-5f1dfcb41d7b,2023-10-27,S-028,P-005,4,4200
bb678e34-fd96-4198-b00d-ac66411f9633,2023-10-27,S-016,P-004,3,0
2d5925e2-568a-4123-9677-b1e6444222e8,2023-10-27,S-040,P-003,1,0
0ab5ee6f-5e53-4de8-8aad-3cbe0da3b948,2023-10-27,S-026,P-003,4,0
b0bb1c03-87c7-411d-90d2-cc56b88ac727,2023-10-27,S-010,P-002,2,0
2bf4c3b6-e9f7-457c-baaa-ed885cc1436f,2023-10-27,S-009,P-004,3,0
fecc389f-e5f0-47c3-83a2-17b1ac18fc77,2023-10-27,S-005,P-001,10,0
321669b1-ac35-4c8b-848f-79fcaaaa0ed2,2023-10-27,S-032,P-006,1,0
736b4f7f-133b-4178-bbba-17c872a9c305,2023-10-27,S-010,P-005,1,0
394b3519-8406-45e6-ad87-010c36d79a17,2023-10-27,S-045,P-002,1,0
a657f62b-e766-48a2-af7a-0ba90a288d3a,2023-10-27,S-010,P-004,5,0
b1f79a6a-368f-4362-89f1-c06fca935f70,2023-10-27,S-034,P-006,4,3200
66c76cde-eef8-44a5-8162-9e6858a921c5,2023-10-27,S-010,P-005,1,0
8329dd43-0b1c-431e-ac71-35057ffcd59b,2023-10-27,S-007,P-003,1,0
d4ee4029-5681-44d7-935b-85ae30740f83,2023-10-27,S-028,P-006,1,0
3e4bc7e1-c2d8-4436-a459-8d4965ce7428,2023-10-27,S-046,P-001,4,0
765a0066-6b45-489e-9a62-949a8e557dd4,2023-10-27,S-027,P-001,2,0
cffd8a52-c2e4-4117-9a87-30121a5ab2a9,2023-10-27,S-016,P-005,1,0
6ec49eae-b583-4de1-90dc-4a46b6ffcd0d,2023-10-27,S-037,P-006,1,800
d2f4e1eb-d16c-488b-b5fe-7f26ca521588,2023-10-27,S-013,P-004,5,0
6c33a8b9-c02e-4e49-9e4c-b10f5c03ad58,2023-10-27,S-006,P-003,4,8800
b4e9a4b6-3d1e-457d-bb65-9e06f6ad7936,2023-10-27,S-017,P-006,1,0
a01fe108-1ace-4c78-b28a-912ca5f3464a,2023-10-27,S-024,P-003,10,0
d13d0820-0a3e-4e1a-902e-4caf5d92c0a4,2023-10-27,S-006,P-004,1,1050
e1eb2c0c-5b72-4ddd-960c-3f013a3d4dc8,2023-10-27,S-017,P-005,3,0
cb54f479-3c01-43de-a229-58e36d653f0b,2023-10-27,S-027,P-003,1,0
9abe715f-2d53-471f-84bb-61c5789ddf2f,2023-10-27,S-027,P-005,1,0
284ba732-8b44-4ecd-af72-7d64f88fad36,2023-10-27,S-048,P-007,1,0
23ccdb58-9480-4098-b3dc-696ccfe0c8bd,2023-10-27,S-035,P-001,2,1400
73762500-1352-4d79-9682-ca56336711e6,2023-10-27,S-016,P-004,2,0
964131cf-ce0d-40f3-bf31-5035753965e6,2023-10-27,S-046,P-001,3,0
ec48d797-975c-499b-9bb1-acdeaf9b082b,2023-10-27,S-044,P-004,3,3150
7c104a52-f848-4464-b2ac-a87e5dcb060a,2023-10-27,S-011,P-003,10,0
1e52aa24-2d2e-424a-b632-7fd60a963f6f,2023-10-27,S-038,P-003,1,0
c944817e-64af-48b9-955b-7b1dfc9ac9b0,2023-10-27,S-043,P-004,1,0
f0964d89-9639-4291-880b-fe7338c9c910,2023-10-27,S-007,P-007,1,900
9803c075-05cc-4f6f-9c3f-a2226a6818e1,2023-10-27,S-030,P-003,1,0
07201a5d-3fe9-4e2f-91d8-ff15f5117afa,2023-10-27,S-015,P-004,3,0
ebc84654-301e-4842-8fa8-8abc42fe1575,2023-10-27,S-008,P-003,1,0
d2ff5436-8a53-473a-98e5-a241788bdf68,2023-10-27,S-002,P-003,1,2200
e092140d-b6c5-4cc3-803c-2c063ee20366,2023-10-27,S-014,P-006,1,0
acd9d6a7-1978-4596-8580-05567be2da2c,2023-10-27,S-037,P-001,2,1400
49655f22-b258-45cc-a1b6-c43cff45cead,2023-10-27,S-015,P-002,3,0
d6cfb9a1-33c6-497f-98b8-ebc2ca67767b,2023-10-27,S-041,P-002,10,0
3ae21aa1-3417-44d8-96b1-c81ca511e4c0,2023-10-27,S-043,P-001,3,0
f636fb2f-3202-4ee7-99a8-8f247680dcc1,2023-10-27,S-035,P-002,5,4750
810d0dad-2c70-4216-a616-50a245f588cd,2023-10-27,S-012,P-002,1,0
abe2c2d8-618a-4d3c-8471-d8de53b161f7,2023-10-27,S-033,P-002,1,0
e52bdc06-65ab-4006-8893-181fa62a4abc,2023-10-27,S-031,P-006,4,0
43c015ea-1d28-4840-a677-94d0d23fee8b,2023-10-27,S-002,P-007,1,0
1786f216-a9e3-480b-b5ec-820993fa824c,2023-10-27,S-023,P-002,1,0
ceeebb91-d2ae-40b5-85bf-654a235859ee,2023-10-27,S-016,P-002,1,0
75f0785f-0b42-4c56-ba6e-9298e0fb814d,2023-10-27,S-017,P-002,24,0
a546822e-3b96-46ed-a4d4-94e0ea275032,2023-10-27,S-041,P-001,1,0
ceeb02cc-f239-4b36-987a-e5a7257efd0e,2023-10-27,S-007,P-006,3,2400
cadb3d9b-f3b8-4430-ad8b-1e16ae476c03,2023-10-27,S-044,P-005,5,0
2c656133-8426-474a-871f-6f7b333cb1c2,2023-10-27,S-020,P-007,1,0
ec4e4c6b-8f07-4055-b59e-ee18977da8a5,2023-10-27,S-046,P-006,1,0
1fe62a46-418c-4945-af40-d795dd02912e,2023-10-27,S-027,P-007,3,2700
bc325cb2-74d6-4617-9fef-3430d1c3649e,2023-10-27,S-047,P-006,1,0
427c182d-023e-4a6c-aa9b-46103a085e7c,2023-10-27,S-041,P-001,3,0
7ea05b33-e5e6-48f5-b961-910005b74870,2023-10-27,S-032,P-006,2,0
a79b2d12-5d9a-41ea-9721-3570943a161f,2023-10-27,S-024,P-005,3,0
20235b5d-3ab2-45a0-9760-805fad9e4145,2023-10-27,S-041,P-001,1,0
814e34c1-7eb0-486c-a18e-f95e56e8784e,2023-10-27,S-043,P-007,1,0
f3dadfa9-6761-445e-8276-3500490634f5,2023-10-27,S-005,P-004,4,0
bce8d5fe-5971-4438-ba96-6f8946dedab7,2023-10-27,S-043,P-002,2,1900
541439b5-fc37-4877-b46e-3319717c454d,2023-10-27,S-038,P-003,1,2200
d8ea3b62-9031-4abe-b496-754a8f2ad979,2023-10-27,S-008,P-007,3,0
c28aeea0-ec56-4af0-b7c8-eea05f8eb841,2023-10-27,S-005,P-002,2,0
7afa048d-294c-492c-98b8-bd62bee71dfb,2023-10-27,S-001,P-003,5,0
ddec2ac4-d9d6-4331-961c-a93c18d70f4d,2023-10-27,S-048,P-005,2,0
f08182a1-8e5b-445d-8bc9-d5fadbcdca2a,2023-10-27,S-050,P-005,4,0
7368c706-b4a0-4f21-b9fd-489683a34242,2023-10-27,S-010,P-007,2,0
407b308f-de5a-4f94-b948-1fc0959778f8,2023-10-27,S-005,P-003,4,0
85df99a3-e917-46cc-92a4-22186a1b0aaf,2023-10-27,S-008,P-006,1,0
3bea1abf-bf65-4f89-b6eb-b8fa26d6062d,2023-10-27,S-006,P-006,1,0
4a105565-7260-417f-916e-f481de0dbcae,2023-10-27,S-024,P-007,2,0
b1fc818e-e833-47ae-a2c4-592b2f3a84a9,2023-10-27,S-050,P-002,1,0
9e322050-7a2f-4dfb-aafb-cab5ab17b8a8,2023-10-27,S-030,P-001,1,0
e2af9712-fb5b-42f3-a626-9d10fe9fae5e,2023-10-27,S-019,P-006,2,0
1938bb06-4d63-4387-a4e4-7b9423ecaa78,2023-10-27,S-002,P-003,2,0
fbb86ab6-3f28-4a09-9f6e-4569144d2836,2023-10-27,S-033,P-003,2,4400
56b57c2c-1134-4533-a38e-838ce346a534,2023-10-27,S-040,P-006,1,0
a3ed2645-4357-4fb8-b20e-f4d845475af4,2023-10-27,S-035,P-005,1,0
ce9fd43b-681d-4659-af7f-cd4596132397,2023-10-27,S-037,P-002,1,0
7ed61544-b063-4d0f-b334-899b903640c7,2023-10-27,S-002,P-006,3,0
bc213a88-a905-42d2-a8e5-59e0db44c02b,2023-10-27,S-031,P-005,2,0
1903f696-f5ef-4111-ae65-23d65528a4b4,2023-10-27,S-017,P-006,4,0
499c55c2-462f-4379-8579-64c84a1e857c,2023-10-27,S-045,P-007,5,0
866ac197-1502-4827-80d3-d014ea59ac57,2023-10-27,S-035,P-006,4,0
7bd1a87b-cc31-4db9-9b05-40ceebf1402f,2023-10-27,S-010,P-005,1,0
97dd8c7d-a719-4bb6-b756-87242a7cab0e,2023-10-27,S-030,P-004,1,0
ed701289-02d8-4a5c-b764-56c9f8ebabe5,2023-10-27,S-040,P-007,2,0
8c67f9ae-1dbc-4436-a005-804a15545207,2023-10-27,S-035,P-002,1,0
a38dad93-1702-4593-a522-7c2865ca8968,2023-10-27,S-048,P-003,1,0
9cd7f749-b73b-4ed6-b4f6-cfc849d1ada1,2023-10-27,S-003,P-004,1,0
84610e23-b876-4ecb-a9e1-e24ff2f1add9,2023-10-27,S-035,P-006,3,0
1fe8ec12-0cf3-4f0c-843d-e0c339d4afa1,2023-10-27,S-045,P-002,1,0
a470c82f-3f3f-4b75-8a8c-237d2e480158,2023-10-27,S-033,P-007,1,0
5d163d81-5b5c-4832-afe3-d75df696da8a,2023-10-27,S-048,P-006,2,0
bf726333-c944-4001-ad96-09b824aca06b,2023-10-27,S-020,P-001,1,0
facc62e1-4260-4198-a4f0-1a866922180a,2023-10-27,S-018,P-007,3,0
eece58ae-9061-420e-aeaa-a82f97bd9641,2023-10-27,S-032,P-002,1,0
ea6980fd-49d4-4a95-92ff-8160a30a6c3f,2023-10-27,S-027,P-007,2,1800
50a1b9d4-8bde-498e-ab7a-f48df1bf0c3a,2023-10-27,S-018,P-004,5,0
ece5bf0b-81c6-499a-a4c1-fc80c25c9f9b,2023-10-27,S-036,P-002,5,0
739dbaff-13af-4502-a2ff-9f82e005515b,2023-10-27,S-002,P-005,1,0
5b2b44b7-2b98-4d5f-a14a-982a968ab603,2023-10-27,S-013,P-001,1,0
ea136511-5553-4b32-9ed3-091eae422ce2,2023-10-27,S-013,P-004,1,0
67bd8400-58b8-4eb9-96f4-31a65574a6f2,2023-10-27,S-049,P-007,10,0
8346a3ca-6571-4387-82a3-9a5afffc3edb,2023-10-27,S-046,P-003,1,2200
e47e54a1-7a89-4a12-b867-3a73b49ae9d5,2023-10-27,S-007,P-001,1,0
8fb8e8fa-cb67-4fe1-bf9f-00634cbc03f2,2023-10-27,S-050,P-003,5,11000
ac8164f5-70f7-4db5-9221-2c61c821d5b0,2023-10-27,S-005,P-006,2,1600
e3696300-fda5-4ba9-a70e-294402ddb162,2023-10-27,S-036,P-005,2,2100
3cbe8b63-686c-47e8-94de-20ed36a62c96,2023-10-27,S-024,P-003,3,0
1d51afa6-dc6f-46bb-8e43-4762151c6a4a,2023-10-27,S-044,P-001,1,0
2d1d8daf-2dc2-4a0a-b506-07e2f7d9fa24,2023-10-27,S-047,P-006,1,0
00d2e9f6-f303-4fb4-9b49-bdff2ff8f442,2023-10-27,S-010,P-003,1,0
59a7bdc3-5721-438b-9547-5d26ab2dc117,2023-10-27,S-023,P-004,10,10500
ab993f48-f594-4b25-9235-b01464f2dd4f,2023-10-27,S-013,P-002,1,0
89babaa9-39d9-4801-b771-017075acdafd,2023-10-27,S-013,P-007,2,0
e6751041-2fd6-4dd5-8347-501be0cdf9f7,2023-10-27,S-050,P-002,2,0
edae6010-5037-41be-82b7-bb1da8786773,2023-10-27,S-016,P-005,1,0
c4e99513-8e93-4698-8f28-4c0e1ec7a151,2023-10-27,S-034,P-001,1,0
9a5571df-53fa-45e7-95ad-7c76546e1a1f,2023-10-27,S-038,P-005,4,0
0572a950-522e-44a1-958f-a803f233d35e,2023-10-27,S-002,P-005,1,0
2334e65b-5144-4ddc-a8dc-4dca7fe5c319,2023-10-27,S-005,P-003,2,4400
e8b05276-c14b-4f92-ad00-0c77df976d1d,2023-10-27,S-042,P-005,2,0
b51ed52d-233d-43e1-a136-d9113ff54949,2023-10-27,S-002,P-001,1,0
81cd984c-5e0d-44c6-87c2-776506c0d9a1,2023-10-27,S-046,P-005,2,0
fe3de202-9783-48c6-9e7f-2a4209612cc6,2023-10-27,S-015,P-004,1,0
1581944d-4ca1-41e1-b7d5-6486856d1bf5,2023-10-27,S-017,P-005,2,0
4ff393ba-c170-4863-b36d-c0031bd57fec,2023-10-27,S-003,P-007,2,0
e5e5e7cf-94bf-4de8-af65-eb42ca9a913f,2023-10-27,S-047,P-002,2,1900
6e47711c-2445-451a-9500-1f9c20418b86,2023-10-27,S-006,P-003,1,0
eca78b14-e7d0-4130-b378-21710c7b7983,2023-10-27,S-010,P-006,1,0
4af222ea-4fcb-49cb-b751-6dbd08c2a4c0,2023-10-27,S-021,P-001,2,0
b2a4cada-16e9-453c-8cee-4709ff9710c8,2023-10-27,S-033,P-001,2,0
1491411d-4a46-4008-a96a-6da8298ed39a,2023-10-27,S-003,P-005,1,0
e9e4c73f-606d-44ea-8c36-9525814b358d,2023-10-27,S-038,P-005,1,0
7b48ea52-2bd0-4c81-a49f-6a921dbc3c39,2023-10-27,S-003,P-001,2,0
3c7cab11-b75e-4adc-9c74-cc595833dad2,2023-10-27,S-030,P-007,1,0
fd5c9d89-aa5e-440f-b3ed-83bc4bb13d75,2023-10-27,S-017,P-005,1,0
261a25e3-9556-4535-bfa0-dc5991449e6a,2023-10-28,S-042,P-004,1,0
257fd35c-a1e9-4478-b890-11620048c0bd,2023-10-28,S-041,P-002,5,4750
09c32614-cdfd-4afb-997e-00f062f04bca,2023-10-28,S-029,P-007,2,1800
5317cbf7-b423-436d-b330-91dd69268d16,2023-10-28,S-040,P-001,2,0
a41873a2-c1e0-4930-b03d-bc0ccebea1db,2023-10-28,S-047,P-002,2,0
5ebe99ba-92de-4f43-b582-c22aa7671c69,2023-10-28,S-047,P-006,2,0
67f03931-1e90-4216-9186-c890ca698206,2023-10-28,S-031,P-001,1,700
dbb66819-2f33-4ce6-80ab-54bd8b109f80,2023-10-28,S-050,P-006,4,0
30fcaef8-d361-4680-a82f-b0003d731261,2023-10-28,S-032,P-006,1,0
c149ec67-032a-4e6b-a5f7-53e368a7a775,2023-10-28,S-041,P-004,5,0
0c689539-e7d8-4412-b968-f7fe674502ea,2023-10-28,S-048,P-004,1,0
7fbb63de-ec66-4ffc-b2b8-4db7061de396,2023-10-28,S-048,P-004,1,0
ed09c261-4f0a-44b9-8bde-527dbcc818d2,2023-10-28,S-021,P-004,1,0
e0aeb6f7-73f3-4e25-ad19-c7531affa7fc,2023-10-28,S-017,P-006,2,0
306b1e48-6d87-49eb-9e87-0e99cca7e61d,2023-10-28,S-020,P-007,1,0
b5ff4451-e4f4-4037-a475-402cef28d5a4,2023-10-28,S-006,P-001,2,0
e9b51c64-d993-48df-83e7-c8d5f6647504,2023-10-28,S-032,P-005,4,4200
1b0fc60c-9d52-458a-8882-ad4ea6e800fb,2023-10-28,S-050,P-003,2,0
02f91410-85c2-4458-8482-c348b5a3c4bd,2023-10-28,S-046,P-007,5,0
80da5137-7022-4157-99f2-bdf845a2cbce,2023-10-28,S-010,P-006,1,0
41b955b1-3dd8-414e-be3e-b030c41e4fff,2023-10-28,S-024,P-003,5,0
e5b9eac2-13dd-48ed-9c19-43e049f05ed5,2023-10-28,S-026,P-001,3,0
72ddfe18-2ae3-44c2-a69b-712f7ecb155c,2023-10-28,S-010,P-005,2,0
a32a786a-2b7b-4f0e-8ca3-d00ede466dea,2023-10-28,S-017,P-007,5,4500
a870af37-52d9-47e4-ae72-fd35947081da,2023-10-28,S-027,P-004,2,0
7006935e-b851-4bde-808e-981452d75bcb,2023-10-28,S-035,P-001,3,0
025635a8-1389-40e1-9a21-5608931e8cd5,2023-10-28,S-022,P-001,2,0
812010ae-5f09-47c3-95f9-68bfc1320c9a,2023-10-28,S-004,P-002,5,0
40803d12-2ecc-463a-bb7e-52a7b15b403b,2023-10-28,S-023,P-002,1,0
b2c0283a-e876-4452-8bb4-8a099e282053,2023-10-28,S-046,P-003,1,0
bebea11f-9c8a-446b-a068-040f7cc2d2df,2023-10-28,S-043,P-005,3,0
66b20022-045d-4ff7-98bc-edc8bb8b8b49,2023-10-28,S-050,P-003,24,0
9031b39b-8ebb-40a0-93af-9145bc2591a5,2023-10-28,S-019,P-006,1,800
17b9f282-be01-4ef0-a894-0af78dfb7070,2023-10-28,S-015,P-005,1,0
45d7a9ab-1dad-49ba-91d4-e408e3af34ae,2023-10-28,S-021,P-004,1,0
7e3bc28d-468b-48b5-902f-37427d309180,2023-10-28,S-040,P-004,4,4200
1cb61191-22be-4f71-8307-27ece31dd659,2023-10-28,S-015,P-001,4,0
94569ae3-730a-4baf-9876-2593d5140c47,2023-10-28,S-011,P-006,1,800
830c123a-1489-4228-8af5-e585292c95d7,2023-10-28,S-023,P-002,24,22800
396627ea-e0ee-47e1-ba59-54c63db100f8,2023-10-28,S-033,P-005,10,0
9da7bca9-b39d-459e-95f2-5c6e2a7a9225,2023-10-28,S-027,P-002,1,0
d67ce321-4b20-486a-9245-68322516dc74,2023-10-28,S-048,P-006,1,0
4e2a2eec-c1a0-4c39-bccf-773ebd5e70dd,2023-10-28,S-011,P-007,1,900
64272344-781c-453d-99d0-c7e4be4dbf86,2023-10-28,S-015,P-001,1,0
e3585285-c182-48c0-9824-4a88ea76ccbe,2023-10-28,S-041,P-006,2,0
9a5a7f23-d914-43b7-90e9-5f8768c0a3cd,2023-10-28,S-049,P-002,1,0
874424b4-274e-4a28-9d84-413ddc97f62f,2023-10-28,S-018,P-007,2,0
c2750c2f-a9c6-480a-b838-f4fc0210f15b,2023-10-28,S-042,P-001,1,700
003161f6-9f53-43ed-bd56-8d977eee6522,2023-10-28,S-010,P-006,1,0
7dd0ad8c-7bd0-4c7e-ad3e-f14fa583fbfd,2023-10-28,S-020,P-005,4,0
57b653f3-1a4d-4d55-8d15-f1aa58006a23,2023-10-28,S-025,P-004,1,0
49a86f18-7e19-4a19-87ec-ac2fc3fa81bc,2023-10-28,S-027,P-007,2,0
6f315dc6-ac3d-4f44-9441-02c6b6ff8fcd,2023-10-28,S-044,P-007,4,0
583c6a9b-80be-40fb-8925-618d5c09a9e5,2023-10-28,S-027,P-005,2,0
9fd10e16-2be5-4b60-9feb-6aeff7d32402,2023-10-28,S-042,P-007,1,0
abbc12ee-92c6-4bdd-90e8-09431adb335b,2023-10-28,S-011,P-002,1,0
78dc0cdc-ff3b-4d19-8a54-cf4df5f18e42,2023-10-28,S-024,P-002,1,0
d66715ef-82c3-4dac-82f2-b69e9cff2861,2023-10-28,S-003,P-006,3,0
d44eaa62-e567-42ea-bae3-873cc403e8a8,2023-10-28,S-019,P-003,2,4400
8472dcd2-a385-4294-a200-76857609e83d,2023-10-28,S-030,P-002,1,950
3cd31f84-caa4-4b92-8433-6fd30e9102a6,2023-10-28,S-033,P-007,2,0
984af58c-957a-4294-bf2d-2cc8993b7c3e,2023-10-28,S-026,P-006,2,0
7130a170-634f-4716-bfd1-7e4c3805d520,2023-10-28,S-031,P-001,5,0
1f339f18-1874-4cae-a90a-c9a18edc421e,2023-10-28,S-014,P-007,1,0
051b6785-7a01-410f-91ec-874361a22855,2023-10-28,S-049,P-006,2,1600
1833f901-4171-4ed8-a56f-11533e938542,2023-10-28,S-022,P-001,1,0
7842857c-3a82-42b6-b2c1-09c033e6f2b8,2023-10-28,S-014,P-003,4,0
3efc7f49-2f69-4ab3-a196-7b0dbaf7bf9d,2023-10-28,S-007,P-006,1,0
489f620b-9ab8-4033-98c3-13dd6b5b5aca,2023-10-28,S-022,P-004,1,1050
f7037e4d-6f8f-4de4-a775-e6d87c136ae9,2023-10-28,S-018,P-001,3,0
72764f09-79da-4159-9e4f-4a3b5313036c,2023-10-28,S-025,P-003,5,0
e3cabd80-75f6-4581-a427-f75bd885e354,2023-10-28,S-037,P-002,1,950
39c54519-27b6-46f9-9a52-11e90dd9fe7d,2023-10-28,S-001,P-006,1,0
dac3c196-f735-4a0d-b12e-78267e29d824,2023-10-28,S-008,P-006,1,0
162c32b1-2584-49a9-a56b-9cacf4909bfb,2023-10-28,S-007,P-004,1,0
8f34fe3c-f431-4523-af3e-c546caa2def6,2023-10-28,S-047,P-002,1,0
791a724c-0b7d-4a91-a8eb-5870a1178bb1,2023-10-28,S-034,P-003,1,0
593dac3f-ff39-4ed4-9835-91151175de66,2023-10-28,S-014,P-006,1,0
d5f6b45b-8a4f-4abf-91f9-729e809cc0eb,2023-10-28,S-039,P-003,1,0
3d42f54b-a111-476f-9615-5178b80ec56c,2023-10-28,S-033,P-003,1,0
f7302ecc-7829-4d7d-8851-83adbcdf80e5,2023-10-28,S-011,P-004,1,0
6d71060b-6544-40f5-82fd-ef9f23c7fa29,2023-10-28,S-045,P-004,1,1050
aa2eb778-57d2-4f20-9054-bf8bf3c971f7,2023-10-28,S-038,P-005,1,1050
5c2cda9e-ad58-4466-a905-b0a10f56b0ab,2023-10-28,S-022,P-004,3,3150
bc89b695-d706-41c0-9eaa-20044748bd5b,2023-10-28,S-038,P-005,2,0
1fce3679-23d5-4021-b7aa-fbc8b03a12a6,2023-10-28,S-041,P-006,2,0
efa31759-a9f8-46bd-afef-eb8876cfd84c,2023-10-28,S-034,P-005,1,0
01cf9477-824a-46e2-929b-1156ae395c10,2023-10-28,S-025,P-005,4,0
c7efa2a3-e8fd-4b18-8033-af4d52a0dc16,2023-10-28,S-019,P-001,4,0
2bb224db-c234-42d9-ab3d-1eadaa76b556,2023-10-28,S-017,P-002,1,0
5a3baf11-1a54-4b26-a0be-d66167080ef0,2023-10-28,S-042,P-006,5,0
c379159d-4a13-43d5-98be-1d6e0f15369d,2023-10-28,S-007,P-003,2,0
9a10b047-cf0c-4467-9a0f-98145073de1f,2023-10-28,S-022,P-004,1,0
2fe01551-45f5-4b73-8b63-b30c66c005b0,2023-10-28,S-043,P-002,2,0
e8ec9c5f-c30c-4b18-811e-397089acf680,2023-10-28,S-021,P-001,1,700
27d437cf-6e8e-48f0-8d9d-aaccea7a1c1e,2023-10-28,S-004,P-001,3,2100
07401043-1821-4c58-8d6a-62b68c0e5f8b,2023-10-28,S-032,P-005,10,0
7e52448f-65ce-426c-bb03-f8ab291878ba,2023-10-28,S-009,P-003,1,0
bcd9b72b-eb51-4e16-a7b9-bd39c542531a,2023-10-28,S-021,P-007,4,0
146bd7f9-d521-49e4-8848-f14c719d55c1,2023-10-28,S-041,P-007,2,0
71df4b9d-88d2-4fea-9277-d3b4a536d216,2023-10-28,S-026,P-003,2,0
7414ca31-f730-4ea7-b77d-dbcf830be71d,2023-10-28,S-019,P-004,10,10500
c00178c7-7d80-459c-862b-6f61fbf00abf,2023-10-28,S-030,P-002,4,0
0b1d539c-f22d-4980-ae77-9f3bf9a98db1,2023-10-28,S-003,P-006,4,0
7063d6c6-e27e-47c2-a6fd-9a24e9da8f2a,2023-10-28,S-013,P-007,1,0
4630c8a6-b580-4137-b647-0692944454ca,2023-10-28,S-039,P-002,3,0
ef6b13cb-280a-4706-8bfd-0fda342b706d,2023-10-28,S-035,P-006,2,0
1c71259f-a66e-48d2-b3f9-039dfa6a6be5,2023-10-28,S-038,P-007,1,0
734f8b63-1879-4c0a-b4b3-62b6761cdebd,2023-10-28,S-040,P-001,1,0
a2f756bc-f93b-450c-a5d8-1984250b0c22,2023-10-28,S-030,P-006,4,0
07e6ec5c-1745-4a41-bf5c-2ac5de50a17f,2023-10-28,S-005,P-007,1,900
dc90810e-fd57-408f-ac16-8228b30d9d93,2023-10-28,S-009,P-005,1,0
16b10e12-3419-4fd3-8b33-44ce5c87a7d1,2023-10-28,S-038,P-001,4,0
40a295da-a72d-45a2-a718-308cdbd3ffa6,2023-10-28,S-016,P-007,5,0
57624d7c-cc99-4799-8cc1-a742df124acb,2023-10-28,S-029,P-004,2,0
e96be196-e621-438d-a5db-71a7e6abc346,2023-10-28,S-036,P-001,4,0
61bce771-0bb3-44da-b9b8-e6510e0f0811,2023-10-28,S-003,P-004,5,0
95e3c3bc-94d4-4c19-88ab-b7cbed91b210,2023-10-28,S-003,P-004,1,0
12a32b85-dfe8-40fa-a822-0cbb780b9e76,2023-10-28,S-004,P-007,24,0
82c67c75-7bdb-441a-ad60-213944a9d9fa,2023-10-28,S-043,P-003,2,0
88d59dc7-1519-4107-9ff1-94e268c90270,2023-10-28,S-046,P-003,1,2200
dd2f3e23-6096-47d9-8948-da796302a603,2023-10-28,S-024,P-001,4,0
1c7e0afc-37c5-44c2-a1bb-f4926c60b4e2,2023-10-28,S-020,P-002,4,0
6936ef57-8cec-4a24-9fd6-e5f4d204f9e7,2023-10-28,S-009,P-005,1,0
d28ff443-ee20-4d8b-9466-55bdae335967,2023-10-28,S-023,P-001,5,0
d158ed3d-a482-4dea-8f44-6ff309f5d4dc,2023-10-28,S-038,P-004,1,0
c31f3270-c3d8-4292-b731-cec2f731e04b,2023-10-28,S-028,P-002,3,0
cbe6718b-013f-4b87-8f0b-441330b3050e,2023-10-28,S-005,P-004,1,0
04361a51-fcf3-4a5a-a951-f25ccb862531,2023-10-28,S-027,P-002,2,0
779d128b-4857-45ad-9916-e2c6b9abb7c9,2023-10-28,S-001,P-005,4,0
c15c1444-3bf2-4aa3-bc47-75c9f52e216f,2023-10-28,S-002,P-005,1,0
95cde491-abd8-4c9a-a18f-ab3fbbd6764d,2023-10-28,S-011,P-001,2,0
629c72eb-19fc-4733-8db9-b9dc9164cb43,2023-10-29,S-043,P-006,3,0
e42ac2ef-cdf6-4d07-9b82-3d7ff3142c24,2023-10-29,S-034,P-007,2,0
8d772256-b03c-4eea-acbe-bedb8117a450,2023-10-29,S-025,P-004,5,5250
93adf48b-42f0-4e86-8cd3-461d5ef5e7d3,2023-10-29,S-035,P-003,3,0
b27717b7-875f-4e01-964a-e21674a03c8a,2023-10-29,S-014,P-004,1,0
6c5ef54d-89b5-4850-afe7-36ae370aa25a,2023-10-29,S-036,P-004,1,0
5632c369-690c-4294-9938-23f0778dd8a5,2023-10-29,S-045,P-001,2,0
d4a0477a-f236-4c29-8ef1-a1baf5d9b954,2023-10-29,S-026,P-004,3,0
1ca19c80-ee37-4ac2-9723-53c0cb769ee3,2023-10-29,S-041,P-006,1,0
101dac50-6d3a-463e-9dff-3ce31352d1fa,2023-10-29,S-037,P-006,2,0
5739dfdb-09a0-440e-9967-a16a655f9f6a,2023-10-29,S-042,P-001,3,2100
be299ea4-9a88-4c8a-827e-7c8db1d40f9a,2023-10-29,S-005,P-007,1,0
09dd846e-483b-437d-8746-98785f8422e2,2023-10-29,S-038,P-003,1,0
351c61e7-01ed-49fc-b0ff-bfd73dffbc1c,2023-10-29,S-049,P-004,1,0
67efabb6-6140-42e4-bb3d-34789eb52faa,2023-10-29,S-024,P-005,10,0
b8ed067c-4b14-445d-a690-ae7c48d4243a,2023-10-29,S-028,P-007,1,0
0c120a65-ea52-4d07-884d-001cf48571f8,2023-10-29,S-012,P-007,2,1800
a7e5f157-569d-4863-98f3-f097e7f6cbc3,2023-10-29,S-004,P-001,1,0
da470fb4-fce2-4fd6-a095-9869444d3cb2,2023-10-29,S-036,P-006,24,0
1617d388-4c97-4f8d-844e-8bbe55a30d8b,2023-10-29,S-043,P-001,5,0
02240110-c5fd-4e9a-8c76-aab73011029e,2023-10-29,S-014,P-005,1,0
60c35c5a-ae57-4f3b-957e-55fd060d916b,2023-10-29,S-030,P-005,1,0
b9098f6d-7f43-4cd7-bc90-ed55fe33fd9e,2023-10-29,S-014,P-002,1,0
d2904b5c-25ce-4702-b0d5-ffbcb66a934e,2023-10-29,S-012,P-006,2,0
c57581a6-1a6e-44bb-90d9-577196e9092a,2023-10-29,S-036,P-004,4,0
1be46f9c-3f3e-464e-8ab9-939d03d2aa49,2023-10-29,S-017,P-005,10,10500
667456f6-56c1-4d80-918f-f5864ed6ec24,2023-10-29,S-004,P-003,1,0
758b267c-2f60-4b18-ac20-820b8449781a,2023-10-29,S-020,P-005,1,0
d7c1f870-8091-4e73-b01a-65507a898055,2023-10-29,S-039,P-004,3,0
8b034388-033d-4821-bf85-669dd2ddf6d9,2023-10-29,S-036,P-006,1,800
8c917ffc-8080-4d3f-a77e-3b71ddf9b057,2023-10-29,S-045,P-005,2,0
bd9d1943-d527-4eab-83bf-419cdfe42a60,2023-10-29,S-019,P-001,1,0
2b39ead6-6c47-41b6-b9ea-5e170a45a589,2023-10-29,S-011,P-005,3,0
6a01fb89-4200-4392-939a-3a577a96709c,2023-10-29,S-003,P-003,3,0
07930f61-b10a-4780-b9aa-6de1185753fb,2023-10-29,S-037,P-007,1,0
6cbd3bfc-772d-48f5-82df-1a307586e6ba,2023-10-29,S-030,P-003,1,0
63876253-0669-4158-9020-b763f56fa53a,2023-10-29,S-008,P-003,24,0
1f91f7bf-8782-49d8-a5d6-ca04439862b5,2023-10-29,S-042,P-002,1,950
2f4db9e3-a1de-4aae-a984-1a963a7fe6fb,2023-10-29,S-044,P-004,5,0
d8a44072-c7b0-43ae-b337-dd5720b7e230,2023-10-29,S-048,P-004,2,0
a1e46f94-f456-48c8-b531-e547b300215f,2023-10-29,S-041,P-002,1,0
d0586390-deb7-4dd2-b8e7-380c5992f112,2023-10-29,S-004,P-007,3,0
c3c60cfe-d9a9-4eee-95b8-ff59bcc07adf,2023-10-29,S-014,P-003,3,6600
f53076ba-14bb-41d7-ba7e-34f73709b81f,2023-10-29,S-037,P-001,1,0
6c5ac373-2a3a-4e92-9775-454364fef775,2023-10-29,S-042,P-004,1,1050
dea38508-664c-4b9d-953a-f022dde6973f,2023-10-29,S-050,P-003,1,0
e5069295-5f18-4d48-80b4-afd8b87eeff4,2023-10-29,S-010,P-001,2,0
d1fd88d2-6185-4baf-bb28-c673b82fd099,2023-10-29,S-048,P-001,3,2100
b45a40ad-6268-466b-8de1-c1f1821bb34e,2023-10-29,S-021,P-001,1,0
cf91ac99-a5b3-4b28-9155-2e1cc33294df,2023-10-29,S-017,P-003,4,8800
dc2ef37d-cfa2-434a-af1a-af345d8fed3e,2023-10-29,S-013,P-002,1,0
77232b81-2c03-414e-bd52-2c65aba176ea,2023-10-29,S-015,P-004,5,5250
2be579d1-882c-46b2-8b76-a5f5822daa8d,2023-10-29,S-001,P-005,2,0
dd22319b-e409-45d9-a878-ca136c58fd77,2023-10-29,S-019,P-007,1,900
1089e7b6-0f06-4789-91ad-4c4a91c08a7c,2023-10-29,S-047,P-003,3,0
d33659ce-9a3c-420f-91c1-874372cd2e19,2023-10-29,S-044,P-005,4,4200
0a5db05e-bf68-4a1a-a2d3-bda7a4d775cc,2023-10-29,S-009,P-006,1,800
46c4907c-0a72-47fc-9893-172b253ceb20,2023-10-29,S-046,P-001,1,0
29ac6a62-a25e-45bd-a507-f1be0eb98766,2023-10-29,S-024,P-003,3,0
5888222b-a440-4663-8dcd-65ba9df8412b,2023-10-29,S-014,P-003,2,0
0f630504-3d5c-4440-8e3c-cef92aa974fb,2023-10-29,S-026,P-007,4,0
03ca07f5-22ac-4621-a04c-0c9f443c807e,2023-10-29,S-038,P-003,1,2200
e30f9a35-f337-46f1-a599-10c86ef8fefb,2023-10-29,S-028,P-001,1,700
d801c549-e254-45c7-8904-f950be3ad29b,2023-10-29,S-030,P-007,1,0
0b80ec10-6c8e-4a2e-a184-a1c78640cbd0,2023-10-29,S-031,P-006,1,0
25ff4edb-3235-4d1a-af3a-d14d30f5458e,2023-10-29,S-045,P-002,1,0
1d66f600-31fc-4b35-bbde-d4ae50485523,2023-10-29,S-029,P-001,1,0
a690f56f-3d02-4103-8a42-1b1da53dfcb7,2023-10-29,S-019,P-004,1,0
506b16a9-8c89-4d5c-abdf-ea4066180c60,2023-10-29,S-048,P-005,2,0
07bb6a9c-52f5-40b9-a03c-00d5269f4532,2023-10-29,S-013,P-006,2,0
82c3df1f-25c4-41e3-bfa5-c20d80472ab4,2023-10-29,S-042,P-004,24,25200
8cf49729-9e12-4d2b-9498-064e493eb5bd,2023-10-29,S-026,P-003,4,0
671099ce-ccfb-4543-83da-e88d4f0901a0,2023-10-29,S-032,P-004,1,0
b20f7199-2c63-4869-be2c-5c08e9cc6350,2023-10-29,S-016,P-005,2,2100
6ddd2f3a-ba34-454f-8472-ec0cca2ff1d1,2023-10-29,S-026,P-004,1,0
7be8c6a4-172d-4509-830e-2b74602f160e,2023-10-29,S-009,P-003,1,2200
f3ea3a7c-dd81-41e6-991b-b8a9814d513c,2023-10-29,S-034,P-001,1,700
72594b23-4781-4173-a530-23217293005a,2023-10-29,S-048,P-005,2,2100
c7cb04b9-9af8-4063-a752-39273e944622,2023-10-29,S-040,P-004,3,3150
2e301423-886d-44ad-86f1-3221c89f2302,2023-10-29,S-016,P-005,4,0
0fd55312-0cae-4be9-b41d-be57ca395fb7,2023-10-29,S-030,P-007,1,0
c6930d01-5632-4b75-ac09-3067cd69c08d,2023-10-29,S-008,P-001,1,0
02257e9a-df57-481e-b7f1-46d845b71e14,2023-10-29,S-021,P-002,1,0
3818bfb8-2282-4edc-a014-7804e1a36e58,2023-10-29,S-044,P-002,1,0
428d1b5b-1961-49a7-838d-8acef657fc90,2023-10-29,S-028,P-001,1,0
e37141cc-255e-488f-ab09-e5a9a6701719,2023-10-29,S-043,P-001,1,0
1bed2773-a702-4282-9a72-41725dec9132,2023-10-29,S-024,P-007,4,3600
a8c17fc1-e0e0-4666-a1c1-26a20223caab,2023-10-29,S-026,P-002,1,0
301733ea-2f53-4212-9fb8-9e5781a77e50,2023-10-29,S-038,P-003,1,0
92eb5c43-48ab-4fb6-b8d0-33fbcfe37e8a,2023-10-29,S-016,P-006,2,0
b236c46f-a7a9-435f-8ca3-c585f0fade4e,2023-10-29,S-010,P-007,3,0
0e7b3152-4851-4eb8-a961-11e49b4da700,2023-10-29,S-008,P-001,3,0
1ee2f73a-03cd-4f99-aef5-1ac88480406a,2023-10-29,S-025,P-001,1,0
35041e56-c088-4bb3-86ce-b2d10f54c993,2023-10-29,S-005,P-001,4,0
0b1671ee-b975-44a8-b441-af6c6e1c5974,2023-10-29,S-044,P-006,1,0
3f93958b-2ec7-4d09-9186-2a7d4f86724a,2023-10-29,S-039,P-001,3,0
7af0a977-6bf6-4972-9cf2-7cbff892b970,2023-10-29,S-028,P-004,3,0
f49d187a-3750-467c-a016-93a2987015c9,2023-10-29,S-006,P-002,2,0
b9c06f8f-810d-4c23-904a-0b63ab799b87,2023-10-29,S-003,P-003,1,0
7fba15ac-22c6-4fe7-9fd1-ef59326be009,2023-10-29,S-013,P-003,10,0
e39aea96-e69c-42bf-9054-f0a0bcdce611,2023-10-29,S-017,P-005,4,0
51d41c0c-cbc2-482e-8453-6d0fdd360e6a,2023-10-29,S-036,P-004,5,0
5e9885f7-0c3e-45e6-b15a-efe0740c2350,2023-10-29,S-047,P-004,1,0
be78d4f6-6455-4aea-ba00-7f82809063d2,2023-10-29,S-008,P-007,2,0
ab258680-45d6-4127-9cb7-f18984b57a09,2023-10-29,S-029,P-002,1,0
402096ab-b849-4926-a831-32ff5c0d62ac,2023-10-29,S-019,P-001,1,0
0b0be679-0a61-408a-815f-3aec7e707117,2023-10-29,S-018,P-002,5,0
c9fa3172-c1ec-4b00-852f-90906fa3e95e,2023-10-29,S-028,P-005,1,0
1d6dadb0-b524-4f39-9268-43da34ad8d16,2023-10-29,S-033,P-002,1,0
9c0c3ea3-fd92-42a9-b6c4-38221b32752d,2023-10-29,S-020,P-007,1,0
a9ccc413-dec0-48ec-8b4e-d60ac8f7baca,2023-10-29,S-015,P-001,1,0
a4bdb1cc-cbbc-4fc1-b743-5cb559689a11,2023-10-29,S-014,P-002,2,1900
048e1521-986a-4302-9fbb-0d63baafc2ab,2023-10-29,S-025,P-006,1,0
33975a64-1fa5-4f88-9bbb-e0322de0a6c8,2023-10-29,S-030,P-005,2,0
5183f4b1-60bf-424c-9bbb-36d14f2a51ef,2023-10-29,S-050,P-007,1,0
46329194-5cc8-4344-9c55-2340ee4fb4ec,2023-10-29,S-019,P-007,1,0
28b5ad16-57d3-48ec-9a59-e03fac4b50bc,2023-10-29,S-013,P-004,1,0
8f5f35a2-abae-4862-9243-2cb7d49e263d,2023-10-29,S-025,P-007,1,0
f4bbd136-8de6-4cad-93b6-0cfeaebcfddc,2023-10-29,S-002,P-004,1,1050
65eeba07-7e34-478c-b8e5-1a0a20e321c6,2023-10-29,S-006,P-004,1,0
27d0ab94-e231-4c59-b6d0-e54cd82749a5,2023-10-29,S-006,P-007,2,0
834ce257-1e22-4c99-a310-8eea3969e72e,2023-10-30,S-018,P-003,1,0
06c783a3-d882-4a06-9c70-b799a601596d,2023-10-30,S-031,P-002,1,0
2721d439-8408-4607-b065-c1797c85db90,2023-10-30,S-043,P-006,1,0
ae3d73e2-080b-4e16-9148-fb1375e93d5d,2023-10-30,S-032,P-004,2,0
3bf2d746-364d-4f13-b347-b5e8b4c0b5e3,2023-10-30,S-014,P-001,2,0
a49431c3-8b7d-471d-9abe-c234c389595e,2023-10-30,S-023,P-003,2,0
3f70a70d-1ff9-4b9e-98be-6f0278e9beb9,2023-10-30,S-006,P-001,5,3500
7dc29f8d-73ba-46cc-9b66-52e5cc8b7b92,2023-10-30,S-047,P-003,2,0
a231759a-d302-453b-a3ce-38a13e1f3fdd,2023-10-30,S-045,P-003,4,0
c8d88916-40df-4c0b-aed4-56a55f2a21eb,2023-10-30,S-018,P-003,1,2200
d19fad73-2e8b-41b6-883e-bb21d6c99f57,2023-10-30,S-017,P-002,3,0
83d16be3-a945-44db-84e7-4a35b4cd5531,2023-10-30,S-008,P-006,2,0
f86a0fcc-eddc-48e0-a240-e0042f1072e1,2023-10-30,S-038,P-005,1,0
29cd8640-f274-40ff-bb36-c8d798719a2c,2023-10-30,S-001,P-003,2,0
ced885b8-2b83-4457-aa8c-2f13a45c123f,2023-10-30,S-049,P-006,2,0
bc4fab7d-3463-42ea-b804-ee66a91bed47,2023-10-30,S-007,P-007,1,0
0121e63d-7f31-4f63-9af5-b858d50fa422,2023-10-30,S-004,P-005,2,2100
8776883d-b924-4ddb-b6e4-e68685a8b309,2023-10-30,S-035,P-007,1,0
d1292048-e2cc-4cec-aa7f-2dd59876b0df,2023-10-30,S-033,P-005,3,0
62450947-1760-4836-b0ab-e356f01a5cf3,2023-10-30,S-045,P-004,4,4200
3a662b34-67c9-4a6b-9e09-e94a701df1c8,2023-10-30,S-013,P-001,1,0
11baa470-cb3d-4801-b797-5ab3c84ba8f0,2023-10-30,S-042,P-001,4,0
f387c0a7-3557-46ab-9b49-1ba12fb08bfa,2023-10-30,S-031,P-002,1,0
14a929d1-9fdb-4408-9458-76d001bb10f3,2023-10-30,S-027,P-004,1,0
52c516bd-ae63-44e4-af64-14ebd870db0c,2023-10-30,S-016,P-004,2,0
f354bb96-0d44-4d21-9ac0-8bc3ee206880,2023-10-30,S-017,P-006,24,0
48430a44-b374-4df6-911c-31106ad0f708,2023-10-30,S-038,P-001,1,0
bb5fdb2f-fddd-4646-a473-1073d4b60cc0,2023-10-30,S-004,P-006,1,0
57583d36-8c27-4a7a-816c-3375750334f2,2023-10-30,S-008,P-003,2,0
691863a9-c4b4-4856-be1a-c7759bd40e2e,2023-10-30,S-037,P-003,2,0
506c458a-bdfb-4cf1-a684-8eb047feea84,2023-10-30,S-026,P-005,1,0
9f2da16f-7574-4d1b-b03a-f09a3d3f3923,2023-10-30,S-022,P-007,10,9000
c59a64ec-af8b-442f-8409-ee6ac15d8b32,2023-10-30,S-016,P-005,1,0
ffd8bf8d-b23a-450a-856d-07ed44a0c8c1,2023-10-30,S-049,P-006,2,0
b10a1c6c-6337-4597-8db5-26099cbdd932,2023-10-30,S-021,P-007,3,0
195b3513-434a-4d7b-8b3a-26950ea74d39,2023-10-30,S-044,P-004,1,0
eb1c6b48-7915-4cf8-a705-2d4e9de6da7a,2023-10-30,S-013,P-003,1,0
313a2320-8f4c-49b1-a45d-8918d585907a,2023-10-30,S-048,P-002,2,0
59c57193-4796-4c64-b0b6-4f400d3f50c2,2023-10-30,S-018,P-005,3,3150
e559e4fe-a448-45ea-9710-f8db8c70ce13,2023-10-30,S-013,P-007,10,0
b9056dfb-de6c-48d9-8719-dc11c9b00ee1,2023-10-30,S-028,P-005,1,0
a9ae93c5-d698-46eb-b1e8-8df2885a2f38,2023-10-30,S-031,P-007,1,0
c4b55989-ff36-4de9-9691-37ed09a37605,2023-10-30,S-042,P-001,5,0
58a01be3-c035-4d40-ac4a-43ceee99a66c,2023-10-30,S-020,P-005,1,0
135f4039-474b-4ee0-bcaa-3f7adbb1a617,2023-10-30,S-014,P-005,1,1050
d53ecf15-8bad-492b-9a32-3d84580e32d7,2023-10-30,S-024,P-005,1,0
7f7005b8-7f0b-421f-a800-e7494768d37f,2023-10-30,S-008,P-005,1,0
d0a1e36b-0e36-4826-b686-e9aefaa00610,2023-10-30,S-021,P-003,1,0
a4219747-1c5d-4b2b-a426-4d2a2126f1a3,2023-10-30,S-017,P-004,1,0
5d78afc5-bac5-4ab9-84ac-adf55955a806,2023-10-30,S-010,P-006,1,0
76f38125-8cd6-4806-b38d-74208b7e8d53,2023-10-30,S-037,P-001,4,0
0328bef3-8e89-48f3-8927-c2e81e5f460e,2023-10-30,S-003,P-002,4,3800
8d9a917e-cd4b-490b-9aca-4f04e46149bd,2023-10-30,S-046,P-006,4,0
bcace1b5-1fab-4ce4-b8f2-eb14087cd92e,2023-10-30,S-045,P-006,1,0
ef6d60c8-21e4-457f-bc24-db811d98334e,2023-10-30,S-033,P-001,1,700
f8f87843-a3c9-4ff4-9e5e-3ed2fc36cbad,2023-10-30,S-004,P-005,1,1050
95711166-58f4-458e-ac9e-4642ab764f7a,2023-10-30,S-029,P-007,2,0
340691f8-1181-4fb9-a6a1-7a0b1ff1412f,2023-10-30,S-009,P-006,1,0
8b93fb5c-ecef-4615-84ea-06897583c394,2023-10-30,S-038,P-002,1,0
58929359-486b-4864-acdd-4d98cff8386a,2023-10-30,S-050,P-002,4,0
3c0641ae-5ca8-4a5e-bf0e-ab55194d0a76,2023-10-30,S-020,P-004,1,0
fadcb028-5916-42a0-8de3-e2a57b1ce908,2023-10-30,S-020,P-005,1,0
9f809264-29dc-4c53-a2f7-25c351c986b0,2023-10-30,S-026,P-006,4,0
9e18c005-6b2a-472b-8634-82a14b497347,2023-10-30,S-023,P-006,3,2400
d4a13612-3720-48f4-abb9-e6b304bd7eff,2023-10-30,S-003,P-005,2,0
be69beaa-ae3b-4678-8bc0-e95e53b3d97a,2023-10-30,S-021,P-004,3,3150
ee7bb345-e613-4385-b291-815f97fcd68c,2023-10-30,S-006,P-004,24,0
b27efa6e-14b9-42ee-b6a8-b5b59080b786,2023-10-30,S-012,P-003,10,0
3a3da5c9-3dbd-4036-b832-2041fdb9264d,2023-10-30,S-009,P-005,24,0
6701241f-94e6-4b09-9ba1-12eb612c9d50,2023-10-30,S-009,P-006,5,0
74c4f594-1a60-4a98-9947-11db9a6bfbc8,2023-10-30,S-001,P-001,10,7000
32ff063f-33e1-446f-b24f-64655753cd80,2023-10-30,S-048,P-005,1,0
6507d5cb-c919-458a-8595-3278afd0d15d,2023-10-30,S-035,P-001,1,0
c99d64d1-ceeb-42a5-af3b-4492a11a29cd,2023-10-30,S-035,P-006,24,0
cef58811-3476-4a2d-a4d0-d9efa656ede4,2023-10-30,S-044,P-004,1,0
f10aa882-92e1-45a8-8483-81f429c9ba8e,2023-10-30,S-042,P-003,2,0
09f5021a-7cbc-416e-9624-2f976e4bf6ba,2023-10-30,S-044,P-005,2,0
d2b867ec-7eb3-4c01-85be-beb821ae152c,2023-10-30,S-029,P-001,1,0
46550483-1e9b-4229-af4f-faaa540db23c,2023-10-30,S-032,P-001,3,0
4dba71c0-ee4e-4b67-a322-00a7cf3fcd95,2023-10-30,S-028,P-004,1,1050
d77befaa-b7b0-4361-8515-c7ea1581259d,2023-10-30,S-011,P-006,4,0
fec2b718-09b0-4052-aa8b-4e04a0070576,2023-10-30,S-033,P-007,4,0
98dc4ddb-bac7-43b0-b58d-fb29716985d8,2023-10-30,S-032,P-005,2,0
8bf225a0-29d1-4e9f-a7e9-b856816b5f23,2023-10-30,S-018,P-001,1,0
fa867851-4391-4efe-aff6-7f984468acf0,2023-10-30,S-010,P-007,2,0
410e1075-6134-4064-9c61-3a1e030c300b,2023-10-30,S-006,P-004,3,0
8683897e-0941-4035-b64c-0bc5966fbee3,2023-10-30,S-035,P-003,5,11000
02b1759b-253b-4633-8922-04ea43d72a7d,2023-10-30,S-005,P-007,2,1800
3a1025cc-e375-4be5-9a97-6d4ffef00dbc,2023-10-30,S-013,P-006,4,3200
41de4b98-fb42-4837-b285-15cf86add9cc,2023-10-30,S-035,P-002,3,2850
1f5ec09c-9529-400e-977a-d71e0285281b,2023-10-30,S-047,P-005,5,0
7dc324aa-9a2c-49a0-9c38-70544cebf19a,2023-10-30,S-013,P-004,2,0
1d49a778-8948-4a7b-8f55-8d707d945fa4,2023-10-30,S-004,P-005,24,25200
0577a55f-79ec-46bc-9830-e79a4cee7d22,2023-10-30,S-028,P-001,2,1400
4d05e1f9-6e40-45f6-abee-96b0078821a5,2023-10-30,S-043,P-001,2,1400
46283c5f-b520-4509-a5d1-1c96c7d19942,2023-10-30,S-046,P-006,4,0
a3767065-146d-45b4-80d3-5f8ccd496bd8,2023-10-30,S-023,P-007,5,0
9ee42703-dc9e-4d74-a3fe-4d7a3e56de23,2023-10-30,S-049,P-006,1,0
fc78d040-551d-4be4-ae94-a9a21fe597c4,2023-10-30,S-035,P-006,1,800
4028e49c-4800-41ee-ae75-c4daa5475a93,2023-10-30,S-040,P-007,10,0
98e1a5b1-143e-4426-b381-a421df3eacf0,2023-10-30,S-047,P-002,3,0
4a937496-a10e-43f5-9d68-b2d8afc7fc7b,2023-10-30,S-008,P-001,1,0
b49d0779-4f76-46dc-a2c5-8f0b1f8c5a01,2023-10-30,S-037,P-007,1,0
57936c19-05b8-495e-b715-43d5f522d3f3,2023-10-30,S-047,P-007,1,0
8ddde580-3ed5-4c5e-9e96-27729210fa7a,2023-10-30,S-045,P-005,2,0
f102504e-18a8-4f83-b1c3-8d567cfda913,2023-10-30,S-034,P-007,1,0
c4f452c7-bed3-4298-912e-89d5905d9102,2023-10-30,S-015,P-006,5,0
88cf7dd7-07ce-455f-b629-a93efb5c43b5,2023-10-30,S-034,P-004,1,1050
bc6c9e2b-35a3-48f7-8baa-3edc9d2306b8,2023-10-30,S-040,P-002,1,0
e072116a-20b9-449d-981d-4d4fa836aa37,2023-10-30,S-039,P-004,2,0
7cd9bff3-aecb-410e-a078-07b75770e2dd,2023-10-30,S-017,P-003,1,0
c02109e4-d92e-4716-b135-3147cf9cfa44,2023-10-30,S-004,P-006,1,0
74bce626-ac7f-4f6d-8bb1-f26914092ead,2023-10-30,S-010,P-002,1,0
9d057722-a5b0-41bf-93ee-ffcdb6593048,2023-10-30,S-020,P-007,1,0
af8a12d8-6d41-4e96-b80b-4b70c4ef1179,2023-10-30,S-044,P-004,1,0
f51e8d12-07df-48e3-8e6a-6f8e94e25927,2023-10-30,S-027,P-006,1,0
d9cc2f7b-2518-4707-8a87-a900ca9f6d8f,2023-10-30,S-040,P-006,1,0
6fa889de-7770-4846-be86-87f16b64e7c4,2023-10-30,S-004,P-003,5,11000
3efd67f4-5db8-413d-bd97-e9ea774c7e95,2023-10-30,S-008,P-007,2,0
20d51f10-33c7-4e48-ad1d-2ee7aa96ff51,2023-10-30,S-043,P-007,1,0
210de0ec-2ee1-45d6-affb-3d842a15c998,2023-10-30,S-009,P-006,4,3200
11229241-3e1d-42d1-8c7e-2fea47e7a9d8,2023-10-30,S-046,P-005,2,2100
6df252e7-0a3f-4c6f-a041-ebf17ea72c0a,2023-10-30,S-045,P-003,3,0
c31237d8-ee5d-48d2-860e-50cffd291deb,2023-10-30,S-019,P-005,1,0
65d71baa-fc11-4063-a801-c5172e90c4d1,2023-10-30,S-007,P-001,1,700
41fd5faf-5623-4ee2-bcfc-cbc65ca01180,2023-10-30,S-043,P-002,3,0
917a235c-fe83-40a1-b5c8-3efec37b3955,2023-10-30,S-003,P-007,3,0
bd133842-1818-4771-b7ff-42f748d2f953,2023-10-30,S-025,P-002,2,0
c9f84635-67f8-47f6-aebb-1a2b1c606a26,2023-10-30,S-027,P-006,4,3200
75dd2370-c51e-46a9-9bd7-87918816a0e8,2023-10-30,S-019,P-002,2,1900
159ff748-36ec-475c-a299-b2cd95ee72f8,2023-10-31,S-030,P-003,3,6600
3e5f6eb0-e7af-4729-906c-0e15b8dcaeda,2023-10-31,S-026,P-004,2,0
730f6a14-54ad-4858-8260-c7019a256e22,2023-10-31,S-048,P-007,2,0
bc154eb4-3daf-426b-bc2f-47311278fc0a,2023-10-31,S-022,P-005,4,0
614f45fb-9c98-42c5-bdbf-d45ca3a8d1bd,2023-10-31,S-015,P-003,1,0
efe67a60-fb3e-48d6-a27f-5a2e4895f92d,2023-10-31,S-008,P-001,4,0
e3b1f641-a920-4b9e-bbab-5045331d6af6,2023-10-31,S-014,P-001,1,0
243be1c4-3a14-4c30-b2e2-608a8c5779a1,2023-10-31,S-046,P-003,1,0
416d6207-4be9-48b2-aebe-4cce0198f4ff,2023-10-31,S-033,P-002,3,2850
e96e17f5-2b59-4610-a984-007caaa7f431,2023-10-31,S-009,P-001,3,0
70e3219e-2b2a-450b-81b1-15ed65a8dc08,2023-10-31,S-028,P-007,1,900
a1610fce-2165-4bee-89f9-0751b4e7211a,2023-10-31,S-041,P-006,1,0
79d99866-01e8-45b8-8373-1809be5f45d3,2023-10-31,S-047,P-004,3,0
dce989c8-0c60-4a45-aa57-86e27ecba145,2023-10-31,S-019,P-005,5,0
795bde15-5a58-4daa-8355-d69148f7730e,2023-10-31,S-038,P-003,1,0
52ecaba3-0f25-405c-89d0-d3c3f9e78ce5,2023-10-31,S-036,P-001,2,0
9e6da137-6cfc-4c23-8ccb-e897662c5da7,2023-10-31,S-012,P-005,1,1050
06a292c4-f4fe-4a48-8357-319014950aa7,2023-10-31,S-022,P-006,3,0
95550cce-716f-4a34-8f58-83c5c0438bd9,2023-10-31,S-044,P-003,1,2200
bd768a1e-5b3a-40bc-a00c-4c85372c9f5d,2023-10-31,S-023,P-005,2,0
bdf86c5a-2d00-43fd-853b-bfb0a7bd19c0,2023-10-31,S-045,P-006,4,0
fe4f79c4-7f5c-4a12-9165-0f2a15ae95bf,2023-10-31,S-029,P-006,2,0
9473a5db-c32e-4090-8972-55f180ef60a1,2023-10-31,S-046,P-002,1,0
b6a456f5-9488-4d81-81d7-de7bcc7cc1f4,2023-10-31,S-030,P-005,2,2100
449db0cf-97c3-4024-9848-4e8d0531c65f,2023-10-31,S-024,P-005,1,0
104de56b-d368-40f4-8556-8ebb0e602f90,2023-10-31,S-039,P-002,1,0
4a49d12a-76be-470b-b739-1384c98b405b,2023-10-31,S-049,P-005,1,1050
3f4e141b-2282-4c64-bc1d-89946764877e,2023-10-31,S-034,P-007,2,0
f1fa5932-0f87-4fdf-ada1-d0f989ff27dd,2023-10-31,S-034,P-003,4,0
52a17f24-709e-4bb4-a728-0bb9aa070441,2023-10-31,S-041,P-004,4,0
de053818-d2fb-47a8-8294-886d16c3877b,2023-10-31,S-046,P-003,5,0
e6bb2f3e-114e-4588-bb00-26c69b51ea9d,2023-10-31,S-050,P-002,1,0
30bf34c7-253f-42a1-9bc7-3b8f10fc34a4,2023-10-31,S-047,P-002,1,0
78dc205c-a217-40cf-bef8-522e79100ffa,2023-10-31,S-037,P-005,2,0
89d2d6a3-7049-4e8a-80bc-5f26a38835f1,2023-10-31,S-035,P-004,4,0
8881f5e9-71c2-4d65-8964-1d0efe77a911,2023-10-31,S-042,P-002,1,0
b7d3f228-759a-4156-a836-c72049866314,2023-10-31,S-038,P-007,4,3600
14cf8f2a-7361-4afa-90da-92a4e085f54f,2023-10-31,S-032,P-003,1,0
bf098653-87e0-4913-82b7-a3a94f47084a,2023-10-31,S-026,P-002,5,0
870f6693-ff3e-4423-869f-3f432cac34ae,2023-10-31,S-049,P-001,3,2100
f4979d3b-beb8-4b6a-9129-22061ba57fee,2023-10-31,S-017,P-005,1,1050
47a3789a-7390-4d20-a1ba-bb334eff43ab,2023-10-31,S-030,P-005,1,0
6a499a42-303d-46bf-99ad-98aa53451d60,2023-10-31,S-007,P-001,2,0
83c79a52-02c8-4de1-bb44-f1fac0945345,2023-10-31,S-021,P-001,1,0
5529a40a-5af1-4adb-b4dc-5cd504bc3e14,2023-10-31,S-027,P-002,10,0
96afacbc-10eb-4723-ac0d-02bf3b14c283,2023-10-31,S-024,P-004,4,4200
8a1f5ba4-95db-4587-adb8-54efe6c8db82,2023-10-31,S-024,P-006,4,0
aaac4871-c18a-4e36-834b-19f4cbdc1130,2023-10-31,S-013,P-002,2,1900
b3e9e3e1-4ce2-4a51-a247-dc899cc3db30,2023-10-31,S-004,P-004,4,4200
6b886b5c-1edc-4b0c-a14c-71061987f330,2023-10-31,S-044,P-004,4,0
d88a36b4-51c8-47c1-9308-92d81fb59867,2023-10-31,S-023,P-002,3,0
7bc4bc60-2931-42dc-939a-518457fa923e,2023-10-31,S-037,P-002,2,0
09835ed7-2cb3-40f0-b5f8-2750e936a440,2023-10-31,S-041,P-003,1,0
0d6daa27-0d62-4385-9851-a973fd8677ba,2023-10-31,S-012,P-003,1,0
42d8478f-4877-423c-9b3d-c26e1f3b6e45,2023-10-31,S-045,P-001,3,0
07886d88-12a2-407f-a125-20757cce0a92,2023-10-31,S-030,P-002,1,950
394865e2-778d-446a-b098-65b763481deb,2023-10-31,S-049,P-003,1,0
0002f21d-0786-48e0-bc8a-32bc9ae49f69,2023-10-31,S-027,P-003,2,4400
c8c175a6-2d01-4909-9f38-28319d7ffe53,2023-10-31,S-003,P-007,1,0
8251d732-11b0-40dd-b06e-c8951035294e,2023-10-31,S-002,P-007,2,0
e63cc9ae-a5f8-4d60-9f5c-23bf347e400c,2023-10-31,S-047,P-004,1,0
8b84d330-6a5b-49ef-bb3b-9b6d8dc84bab,2023-10-31,S-043,P-002,1,0
ef137dd4-8262-425c-b8d4-acd7cff9a532,2023-10-31,S-039,P-002,2,1900
e52d3a02-db81-4a25-a63e-94a4da204970,2023-10-31,S-015,P-002,1,0
5ff66a6d-ca7e-474a-a3f7-93372cb9ec80,2023-10-31,S-006,P-005,1,0
0b006884-a4bb-463d-af3c-7abd6fa0b353,2023-10-31,S-012,P-004,1,0
05bdd430-a7dd-45c4-a919-a494e245d725,2023-10-31,S-015,P-006,1,0
e8916781-1c32-4fef-b5c5-34e2daa268b7,2023-10-31,S-008,P-004,1,0
e9ffd2a7-b62f-44cb-84dc-7a9b0e752136,2023-10-31,S-042,P-003,4,8800
ee11e163-42f9-4085-8536-cd332e89270c,2023-10-31,S-033,P-005,2,2100
45b7deb7-5249-433f-a157-30c1a2a2a5cb,2023-10-31,S-003,P-007,4,0
bed0ee87-7495-4baa-905b-618a755bc5c4,2023-10-31,S-026,P-002,4,0
22d3a157-53d8-435e-a01a-3af43a0f4286,2023-10-31,S-003,P-003,3,0
24b8fab9-3ccb-4de6-a80c-85e0be31e746,2023-10-31,S-009,P-004,1,0
7610980e-5ef5-40e8-9533-39a708ce570a,2023-10-31,S-001,P-005,1,0
9a962899-368d-4dd3-80a0-17e4db57e5b9,2023-10-31,S-003,P-007,10,0
a3dcfae2-f4cf-4a1d-96ae-4b33842d5c3e,2023-10-31,S-028,P-004,1,0
a57f37ae-fb76-4f22-9b11-f389003a4d9a,2023-10-31,S-009,P-001,1,0
15b275aa-20ec-4035-814a-7722b5758857,2023-10-31,S-028,P-007,3,2700
f5506d8c-d9e0-4c7c-9c71-363e8e68d1fc,2023-10-31,S-026,P-006,2,0
f3729de5-8257-4f0d-93a8-9b643d2c66cd,2023-10-31,S-005,P-002,2,1900
af7b0b8a-76e2-4cf1-8fc9-110ff88b4445,2023-10-31,S-014,P-001,1,0
c081d3b7-8967-4697-b72d-9ac5c99da943,2023-10-31,S-016,P-003,2,0
a76b839e-3df4-45d8-8cfa-afe1969bdf7c,2023-10-31,S-036,P-002,1,950
e68cfd49-5516-492a-9b3c-59092e78af3b,2023-10-31,S-044,P-007,1,0
10122649-a3ce-4879-834d-77c03a426d13,2023-10-31,S-017,P-002,4,0
a8f38ccb-0a98-43f7-9698-e83bdaa5ec25,2023-10-31,S-003,P-004,3,0
3595923c-2fea-4fa5-b0e3-46c9365e327d,2023-10-31,S-016,P-004,4,0
90ea6a4a-9bf2-45a0-83a4-e283b270c4e4,2023-10-31,S-043,P-007,24,0
8e297719-4563-428a-a79b-45518470d689,2023-10-31,S-022,P-001,5,0
dc4b15f1-5d48-4f58-adcb-e2f62fc77c89,2023-10-31,S-011,P-006,1,800
4243d036-1732-4867-91a3-175f31d8facc,2023-10-31,S-032,P-003,1,0
5c8da0c6-bc19-42ed-a8b6-7cc4fd885ea6,2023-10-31,S-021,P-002,1,0
482a276e-537c-43c8-8548-d4d82a8bf1d4,2023-10-31,S-024,P-004,1,0
6645da93-a9df-43c5-ab8d-1f7d45d54321,2023-10-31,S-025,P-007,2,0
95aab94b-1ca6-496f-893a-adce0e268221,2023-10-31,S-048,P-007,2,0
8e71ff69-8bc2-4c07-88f7-ca2bfe9c5a5e,2023-10-31,S-016,P-004,1,0
3e482f2e-50f9-424d-8007-d3e2d930f02a,2023-10-31,S-032,P-002,1,950
5ffb9165-87e4-441d-818b-886e8653b147,2023-10-31,S-023,P-004,2,0
7379ebdc-0d97-40eb-b8e0-18cb3badd4f4,2023-10-31,S-046,P-005,1,0
e7ed6dd9-107d-402c-8d88-d33f4f5cf3e1,2023-10-31,S-014,P-003,1,0
2f7c4579-40da-4aaf-a22a-556b7ddc1b0f,2023-10-31,S-002,P-002,1,0
5b369044-12b6-4368-bf2c-b74d293b4f21,2023-10-31,S-013,P-007,2,0
289d936d-c49d-4e80-ac65-f54daf20fdc2,2023-10-31,S-031,P-005,2,0
00a5164d-dfd6-4594-a507-6c6674686707,2023-10-31,S-016,P-003,2,0
3eb67118-a43c-4368-b61c-00e85e5b4bac,2023-10-31,S-020,P-004,4,0
d0c4a5dd-94f9-4ac2-acfc-5c12823becc8,2023-10-31,S-002,P-006,1,800
8ba9ec0d-2ced-454d-a64d-789804c9f991,2023-10-31,S-016,P-003,2,0
b37fb44a-0454-4482-ae14-765a263f2f90,2023-10-31,S-029,P-006,2,0
0cfe42b1-19e5-4d5a-860c-60d65a88b049,2023-10-31,S-035,P-007,4,3600
ec54a368-133c-4713-8bf2-fb8a4dea244b,2023-10-31,S-001,P-007,24,0
916048c2-3f3b-4a9f-a8ba-b1ab7047c7e0,2023-10-31,S-031,P-003,1,0
bc9e1939-53fe-4ccb-aa8a-2c405dee8670,2023-10-31,S-031,P-002,1,0
c790cc48-87eb-4a53-baed-a51b0e851415,2023-10-31,S-044,P-007,1,900
4e6049aa-c4a9-4381-905b-3911a1858e16,2023-10-31,S-049,P-006,2,0
31f0600a-4a51-42ac-bf20-de29cb260a72,2023-10-31,S-028,P-002,1,0
6f1e8ea3-152d-4105-807d-ef945aca93c2,2023-10-31,S-002,P-002,1,950
ef237abc-43e0-4463-b2a9-504ad03bcad4,2023-10-31,S-040,P-002,4,3800
b7991d07-34cf-4821-883d-d520c7827fab,2023-10-31,S-035,P-002,4,3800
993376ed-c102-4130-a0e9-f7517d4cf4f4,2023-10-31,S-015,P-006,1,0
d18e4203-8bb1-4968-928a-195d30307715,2023-10-31,S-041,P-003,2,0
2dc517c1-c53a-4456-aef8-b5d442b8aa0c,2023-10-31,S-041,P-005,2,0
f23cfb94-0762-4d3b-97c2-742745487c9b,2023-10-31,S-005,P-005,1,1050
11478d91-9515-44e5-8cd5-c9fe1f80b0c3,2023-10-31,S-021,P-005,4,0
ed41bbdc-35d1-4142-9089-3b92933e26bd,2023-10-31,S-024,P-003,5,0
5495b23d-bcbb-421f-a905-834a8456b6fd,2023-10-31,S-027,P-006,3,0
c75a31c1-2391-4d01-bc76-63e48f9e7074,2023-10-31,S-047,P-002,1,0
8f73795f-e0da-43a2-96ec-d982312e3e47,2023-10-31,S-033,P-006,1,0
74c7c179-0136-4cd1-8eab-75e80079c1a9,2023-10-31,S-003,P-002,1,0
ca4fc07b-bd73-40ed-8328-c3aa5af6e4dc,2023-10-31,S-002,P-003,10,22000
32ca6b8b-43d9-47c6-a30c-afcd0f65c263,2023-10-31,S-020,P-003,3,0
e326040b-9adf-4abf-9dc6-01a187d1d965,2023-11-01,S-022,P-003,4,0
eecaa68c-579e-4a07-ab25-429e989f1ef1,2023-11-01,S-046,P-007,4,0
5b2e4bd0-d976-43be-88fe-1d17a2d646fe,2023-11-01,S-008,P-006,3,0
b90537d6-87d8-4324-a118-527883db9605,2023-11-01,S-049,P-003,2,0
3cc91c99-58ee-4cfa-932f-c9abe9199c46,2023-11-01,S-019,P-003,1,0
316b7d54-56de-421f-965d-f7b739012ab8,2023-11-01,S-006,P-001,4,2800
dbf305ce-2242-4118-a197-06f4678b3001,2023-11-01,S-035,P-006,1,0
25e9bb1d-3e97-4456-a87c-29e301e677d4,2023-11-01,S-030,P-002,1,0
cb35692f-c8d3-46a0-a6fa-89d691a5c0ba,2023-11-01,S-030,P-006,1,0
43250009-73e0-49e4-866d-3887a48daffc,2023-11-01,S-036,P-001,2,0
76b3e977-9afa-4c44-85de-f27035b7cda8,2023-11-01,S-010,P-004,2,2100
8c55a77d-3d5d-4253-bdcc-5d40faf1d9f7,2023-11-01,S-024,P-006,1,800
037074ae-841a-490c-9cf8-61173ccf093f,2023-11-01,S-018,P-003,4,0
7bfabe1b-dc24-450a-98df-90d58646099c,2023-11-01,S-021,P-002,1,0
062bc361-e5be-4c10-93ae-a6f6fac1dc2a,2023-11-01,S-045,P-005,10,0
d7733f88-3e02-495d-bc32-25e54a9c1c73,2023-11-01,S-002,P-004,1,1050
9e405e9e-f5d7-48e7-b728-a94a5d233832,2023-11-01,S-003,P-002,2,1900
83b7eb14-105b-49d2-b1ad-71d9d31a8102,2023-11-01,S-013,P-006,2,0
d55ccb98-e10e-4ab0-875f-d04770b2037f,2023-11-01,S-049,P-003,1,0
9a5ce0de-4774-43ed-924d-1ff52f1c56a0,2023-11-01,S-039,P-005,1,1050
0062fe41-76c3-44a7-b516-16e927a8127b,2023-11-01,S-017,P-004,1,0
91de98cb-a8ec-45d9-8c4a-35cee360a3a3,2023-11-01,S-003,P-001,1,0
da11d6bd-1052-40ef-a1b1-38e644373b46,2023-11-01,S-044,P-003,2,0
546a7ccf-2d96-45a2-852d-55767afe8269,2023-11-01,S-004,P-004,1,0
63c9cd67-f054-4fa1-ac07-53bc6eb40d3b,2023-11-01,S-013,P-005,1,0
bb20218b-020e-417d-99ad-7d2cfff86075,2023-11-01,S-043,P-003,3,0
da894b5a-48b5-46be-98c7-34675a82a4b4,2023-11-01,S-007,P-005,3,0
5388f582-f1d8-4f87-89a5-feea82164730,2023-11-01,S-042,P-007,2,0
79bcd312-da7c-4fbd-a5e1-eb5e1d6683ed,2023-11-01,S-003,P-006,4,3200
887c6f24-20c8-4a78-a74b-7d83997a0a23,2023-11-01,S-019,P-004,1,0
f7772b41-04f6-4f9d-b1dd-71b0b04388df,2023-11-01,S-045,P-001,2,0
8f06487a-83cd-4e9f-9b5d-8811639d734e,2023-11-01,S-038,P-005,3,0
c3dc214e-e451-4806-b364-697cbaf244a8,2023-11-01,S-036,P-005,10,0
508b5546-54aa-45c5-b4d6-1beb292ae162,2023-11-01,S-045,P-002,2,0
14f5f724-7f5b-45aa-865f-d8034e192716,2023-11-01,S-002,P-004,2,2100
4aa4bd88-97f1-4690-ae98-ff52a8d9b142,2023-11-01,S-008,P-005,5,0
2924046a-e50d-455c-8ca6-6ddf5b19c3f7,2023-11-01,S-049,P-006,4,3200
619a0d01-e45c-4bdc-9da1-1a10a5400af7,2023-11-01,S-047,P-003,1,0
9fd6d2cd-a011-4310-9fb2-39ca053810d9,2023-11-01,S-003,P-004,1,0
7e47bb4e-e2ee-4744-a4f4-1de7af2d9e75,2023-11-01,S-001,P-007,3,2700
e49d55a7-2079-4e45-813b-e038b07afc71,2023-11-01,S-022,P-003,1,0
9478d593-69d8-4b7d-8ef5-127c62190b71,2023-11-01,S-041,P-001,1,0
4779147b-1f80-4232-aab2-79b8b2534c8e,2023-11-01,S-026,P-003,1,2200
77fc319a-76d7-482f-ad40-1b9272ff2c11,2023-11-01,S-024,P-001,1,0
3ac2d77f-0a62-4e3c-b513-27132bf7fd86,2023-11-01,S-006,P-005,1,0
259f051d-6840-4ae2-8143-d80176644b7d,2023-11-01,S-041,P-001,2,0
1bfa3dd6-2f39-4e1a-a32d-a64ef8bf3ef0,2023-11-01,S-022,P-002,1,0
581265fb-2d0f-4fc7-82d6-bb3839d18485,2023-11-01,S-011,P-004,1,0
d5108d9d-bccf-4f82-8558-93e38982e13b,2023-11-01,S-047,P-006,2,0
1f6437ad-a261-4eb9-9954-e1c9411304d5,2023-11-01,S-046,P-003,3,0
caca8205-aaa5-4da4-ba4f-ec509e7e9649,2023-11-01,S-024,P-002,24,22800
4d185cdc-c97e-4b92-bf22-1659c6c6a7b6,2023-11-01,S-035,P-003,4,0
ca28c852-2146-4e54-9bab-ecd07316c453,2023-11-01,S-018,P-001,1,0
a4fc3024-88fd-4a56-9bab-aae3aa663dbc,2023-11-01,S-040,P-004,1,1050
0f9f87b2-9f35-4bce-a2ba-c0cf06ecf2fc,2023-11-01,S-043,P-003,1,0
4cd21d6d-dded-4ecf-873b-1976e2aaf472,2023-11-01,S-034,P-005,1,0
5ad6e4f8-bed2-435c-b414-c7b3aa561969,2023-11-01,S-042,P-002,1,0
baf7903a-dfae-4652-a9f2-3d5741513092,2023-11-01,S-024,P-004,2,0
6f0f25ff-f78a-4a51-9d2f-138f0b9eba50,2023-11-01,S-018,P-002,2,0
408a39f4-cc4a-4c40-8222-296b933ada73,2023-11-01,S-044,P-006,1,0
6c7542ef-ead4-4d0b-9d12-bbe9c4739cb7,2023-11-01,S-002,P-006,2,0
44d19b55-eafb-4d8b-b7a4-4c4d1d683e24,2023-11-01,S-034,P-003,5,0
c4647405-6e4a-4ed3-826b-bb2a53ab2d2b,2023-11-01,S-029,P-002,1,0
82c86992-6b6b-4af5-bb5d-6827003da997,2023-11-01,S-008,P-006,1,0
561bccd3-623f-4335-b2e9-cb4778015f2b,2023-11-01,S-042,P-003,1,0
0a20fc00-04a0-4a85-a993-0d03e7407abd,2023-11-01,S-004,P-005,3,0
af98d34f-32c2-4aa2-bffe-ff93326b24d4,2023-11-01,S-007,P-003,5,0
f786b5f3-a224-4934-9909-40a89ed8883c,2023-11-01,S-017,P-004,2,0
b63b3da1-35f9-4ed8-ad2c-f998ee91f567,2023-11-01,S-004,P-007,4,3600
3facc1e1-e5ca-485f-9deb-797016f35a28,2023-11-01,S-034,P-006,5,4000
7e5acbe8-324f-4bc8-b957-e570a1bfa9a2,2023-11-01,S-046,P-003,1,0
5e215dda-dfa4-44a8-bd7e-893964834f8f,2023-11-01,S-015,P-002,5,0
04226af9-5dff-4eb7-b8ae-631d77aab51d,2023-11-01,S-044,P-002,2,0
d8cba004-8525-4474-9acc-5892995848af,2023-11-01,S-043,P-006,1,800
ecdb9265-6dc2-45bc-9987-d746fd71026c,2023-11-01,S-002,P-003,1,2200
3b98fc73-2926-4cd5-aaeb-9291c7acbaac,2023-11-01,S-023,P-005,3,0
ff243fd0-b1e6-4427-a179-badbd360434c,2023-11-01,S-039,P-007,2,0
4354ef8f-9e99-4826-99ff-d4b903f22cfb,2023-11-01,S-025,P-006,1,0
61bc9ee7-aa5d-4361-b041-133d0fd548b0,2023-11-01,S-034,P-004,1,0
5a15e7a5-d88c-418e-bd3a-5b6f0ad573d0,2023-11-01,S-007,P-002,10,0
1e6ec41d-eea5-4b7e-a927-ea5634de8174,2023-11-01,S-022,P-004,4,0
02c76c90-fc2d-41cb-b142-b2ed51b37f15,2023-11-01,S-014,P-001,5,0
40802750-d4ad-48f8-94c2-8c608cf9388a,2023-11-01,S-002,P-003,3,0
309c88ae-88b1-4159-bec0-17026dbf8122,2023-11-01,S-042,P-005,2,0
19f00fbc-6311-4c49-b83e-adeb25fdd4df,2023-11-01,S-039,P-001,2,1400
f1bfe305-21b2-43a5-8abd-c550e4bb5ef8,2023-11-01,S-007,P-004,3,0
46c5d787-da3f-4ddc-91c5-fd9041575292,2023-11-01,S-020,P-006,3,0
d203c311-700b-44ad-abd4-85c35a3bc44d,2023-11-01,S-046,P-003,3,0
d47e11aa-ae7b-4f3d-951e-066ecfc94382,2023-11-01,S-005,P-004,4,0
2a879ac8-9d85-47ae-9531-254f8f9d11fa,2023-11-01,S-034,P-003,1,2200
4cbf5b0f-37c3-45d0-bf58-f1b8561c9d18,2023-11-01,S-024,P-005,3,0
36d90ed0-c3ee-4deb-902b-96c7dc099a4a,2023-11-01,S-029,P-001,1,700
cd9933bf-1bf6-4c03-a919-b0d200c53506,2023-11-01,S-019,P-007,1,0
5aea29e0-9cf1-488b-9964-d0c05af80f37,2023-11-01,S-011,P-004,1,0
4a8fffd7-0f61-4e68-a915-694b7ae44959,2023-11-01,S-044,P-005,4,0
eb97906c-b431-4ed5-82ea-0aaf4ac97c7d,2023-11-01,S-015,P-003,1,0
6d80ef17-1906-4c50-bde8-b45924c0b2fc,2023-11-01,S-038,P-003,1,2200
b5c43188-c746-4d93-a19c-d9329ab3e2d1,2023-11-01,S-014,P-004,1,0
534b06fc-fcb9-454a-9047-854b4718e51e,2023-11-01,S-020,P-006,3,0
650e3b95-f450-481d-9ae6-0f30e707b6b4,2023-11-01,S-030,P-002,1,0
39c7e8e9-a415-4dfc-904c-21af82951712,2023-11-01,S-010,P-004,1,0
e6a709fd-860f-46d6-b2e0-37272fd66fe8,2023-11-01,S-042,P-003,1,0
52fc60d4-bbd1-498c-bdf8-4821718bff0b,2023-11-01,S-026,P-002,2,1900
5f60c2a5-ba41-45ae-a08f-34fd6fdf1c5e,2023-11-01,S-016,P-004,1,0
c04a17ca-5781-4c4a-aa1c-61ac096a9fff,2023-11-01,S-049,P-007,2,0
1286bf0d-245d-4338-8b67-b19953717157,2023-11-01,S-006,P-005,1,0
42a96257-923b-464d-8894-57bb58ced0f3,2023-11-01,S-048,P-003,2,4400
a138c60a-97a9-4f54-890d-d73e3445aab1,2023-11-01,S-013,P-003,2,0
86f6b20b-37c0-4039-8ccd-0eedc8e27a82,2023-11-01,S-049,P-005,1,0
841268b6-48d9-490f-9b73-5e5a354c1dfe,2023-11-01,S-021,P-003,2,0
9fb19b22-686c-4518-a75a-7ea0133538ad,2023-11-01,S-006,P-007,2,0
29f9e259-9fda-4ca1-ba85-c7d78affd590,2023-11-01,S-040,P-006,24,0
606fcd37-386b-436a-8f2a-c1ec8694bcd6,2023-11-01,S-024,P-002,24,0
bd278ab5-b257-41d8-bfb4-9602f8c420c5,2023-11-01,S-010,P-004,2,0
d7380b97-79f6-4565-a1e3-603ed9082bb7,2023-11-01,S-029,P-004,2,0
20c83dab-4ee4-4847-898a-4564443fc102,2023-11-01,S-049,P-002,1,0
8f804595-22f3-4788-bc3c-63f259ee0f61,2023-11-01,S-021,P-007,1,0
69a28d1c-d1a9-429c-b270-2fe8071eb588,2023-11-01,S-040,P-003,1,0
e68d3165-73ca-4f5f-9bcb-c4a812f47f16,2023-11-01,S-032,P-005,4,0
647776e8-bcb6-40b9-bfc4-e4d3ac1f9b3f,2023-11-01,S-035,P-003,1,0
dbbe434a-5926-4619-8470-d41595c53c78,2023-11-01,S-021,P-003,5,11000
b8744e66-3eac-4cd7-b97c-9cfa35ff6ba1,2023-11-01,S-004,P-002,1,0
9055ad23-6e5d-4322-8f36-742a2f9ff9ac,2023-11-01,S-020,P-005,3,0
95604c78-b5b0-40b2-b817-1930bbd761dd,2023-11-01,S-049,P-005,4,0
1514918f-f56a-4c33-8e8b-eb5e0466abaf,2023-11-01,S-040,P-003,1,0
dbb020b7-2ca7-4414-82ed-985bebad1a65,2023-11-01,S-001,P-003,10,0
18823297-8882-418d-a01b-e9537f0c9a69,2023-11-01,S-012,P-007,2,0
1eb4c102-e1df-4f7a-afad-5f0adc01adce,2023-11-01,S-031,P-004,1,0
3320112a-1024-43b8-9cc3-028f05626db5,2023-11-01,S-012,P-006,2,0
17b843e8-2b3d-44e7-9285-bae986202410,2023-11-01,S-025,P-003,1,0
8b7335bb-e29c-4670-8197-cb41d237eb51,2023-11-01,S-038,P-006,5,4000
da52792f-881e-4d87-b3b5-2b0101d8ab09,2023-11-01,S-021,P-005,1,1050
5c2ebe1f-280c-4841-ab0b-621110711cb1,2023-11-01,S-023,P-001,3,0
1a32043e-143d-4336-a1ea-abf972aed858,2023-11-01,S-030,P-004,1,1050
1cdd88dd-4c84-455f-a4df-30b0b78e0f85,2023-11-01,S-006,P-002,4,0
c9b1f1a0-d740-4fe5-99b8-1fe1bf80e838,2023-11-01,S-036,P-001,1,0
3caf88b1-8252-4b41-9532-82b346addaa8,2023-11-01,S-039,P-007,1,0
42c21978-7c19-4685-8f84-412dd01c64f5,2023-11-01,S-001,P-007,1,0
e181449d-32e9-44c4-9d55-0d0acf3c29d7,2023-11-01,S-048,P-005,5,5250
4cf283d8-3a73-4ce7-8579-d969a99b8d0e,2023-11-01,S-035,P-005,2,0
56b91b74-a3d0-4032-8b2c-30c006912f2d,2023-11-01,S-042,P-001,1,0
0f516f70-0551-443d-92f3-1fa733240d8b,2023-11-01,S-006,P-001,4,0
6624712f-123d-4630-a8fc-2364338731e6,2023-11-01,S-028,P-007,1,0
19c9d797-e0c9-4e7d-a7a2-4c7a786f8171,2023-11-01,S-047,P-004,1,0
e4e6b51c-2ab9-484c-b043-c25e57259a97,2023-11-01,S-040,P-001,1,0
e4780eb1-b5b4-426e-a2c6-172d3a40e2fd,2023-11-01,S-028,P-001,1,0
52aef787-5d92-4957-bc5f-a5d2c5209692,2023-11-01,S-024,P-002,1,0
bcd7cbc8-0833-408e-9cd1-972b5f849982,2023-11-01,S-046,P-007,2,0
c3be6354-89e8-4c71-87ac-9b76ccc1c04c,2023-11-01,S-021,P-002,2,0
e07ccac7-d3ea-4cb3-bacb-8ac23b938e7b,2023-11-01,S-014,P-004,24,25200
96753fee-9045-4176-b92f-ffbab5aacdfd,2023-11-01,S-050,P-007,4,0
fd127b30-2dec-45ac-bba3-5ebf224ce127,2023-11-01,S-049,P-006,5,0
e87f5ad1-2f38-440a-8626-0d88157d6d61,2023-11-01,S-022,P-003,4,0
6fbec6c4-ea2c-498d-a710-a8f9a1e6a6d8,2023-11-01,S-037,P-002,1,0
b2288a3d-32c7-44cf-94c5-114c25e69f1a,2023-11-01,S-032,P-005,1,0
d540747b-9f34-412a-b77a-b6f5a6cfd79b,2023-11-01,S-021,P-003,3,6600
025185ee-4cc8-45a7-b693-f21ea208dfa0,2023-11-01,S-011,P-004,1,0
f5e9749b-2f2e-4d44-ae86-c763970080de,2023-11-02,S-011,P-007,1,900
8cc09076-a37c-4df1-ac9d-624459f0e069,2023-11-02,S-030,P-007,4,0
12bb23ee-b900-43ea-b709-d1b90c2dab0f,2023-11-02,S-008,P-006,1,800
c13b8a86-b868-4abf-b548-6976cc3e2e32,2023-11-02,S-018,P-002,4,0
b809742c-642e-46a2-86b7-f157d7d7f580,2023-11-02,S-015,P-003,1,2200
dce7bb34-271f-48b2-96bb-bc0462db952b,2023-11-02,S-009,P-001,1,0
36679404-f809-4342-aed8-648f8e89d6be,2023-11-02,S-049,P-001,2,0
7abb5482-b101-429c-a4ee-b0e9aaaaaaef,2023-11-02,S-018,P-007,1,0
848114ff-0702-444f-b55e-e44dc6c83b67,2023-11-02,S-010,P-006,3,2400
79f07054-0e7d-4eb3-9232-24ba677ecce9,2023-11-02,S-017,P-006,2,0
44b67748-e95e-46c1-b963-79cbb582ecae,2023-11-02,S-044,P-004,4,0
a98f1b63-5fe2-47d6-98a0-149fe7bbf061,2023-11-02,S-008,P-004,3,0
2e66a629-1152-4aec-89fa-0b382c2b7494,2023-11-02,S-024,P-006,1,0
9073c6ad-e668-4e0b-8bd4-d0f59defc751,2023-11-02,S-046,P-001,1,0
eac9b38f-ed00-45b1-ac74-5ca243ffb8a0,2023-11-02,S-005,P-006,2,0
c84a281d-495e-4d86-867e-033de0cf3e21,2023-11-02,S-046,P-007,1,0
b70646fa-795a-4071-ba40-fc44bb45b426,2023-11-02,S-040,P-005,1,0
fbf90e41-7084-4702-82dd-dd65c587a83d,2023-11-02,S-014,P-007,1,0
23317b3a-9357-4994-99e2-91c0a7810688,2023-11-02,S-026,P-001,2,0
9fa7d0f8-17d8-461a-8e00-578fbd56de4c,2023-11-02,S-038,P-004,2,0
5917f33d-6ed2-49b4-9c25-395c68bc9dce,2023-11-02,S-009,P-004,1,1050
ab444e2b-7316-4e4d-8a6d-1af9d6e60cab,2023-11-02,S-002,P-005,10,0
1a10e3f4-05ba-4047-95f0-d9be40d7f274,2023-11-02,S-020,P-003,3,6600
2bd0b0e1-21b4-47d5-84d8-1d3e3352fb54,2023-11-02,S-036,P-005,2,2100
746c7fd9-0ce3-4da1-82d5-bcb7d8b0cdfa,2023-11-02,S-002,P-005,1,1050
b4aa1920-cdaa-4ee5-b5a7-227c4d4dd921,2023-11-02,S-031,P-007,5,0
a7f7139c-c922-4a6e-a0be-6fc722d59599,2023-11-02,S-038,P-006,2,0
63968f4b-5883-4a99-b444-f56e0ae05add,2023-11-02,S-033,P-006,1,0
a90aa164-b19d-4deb-a174-0d0a8af5d218,2023-11-02,S-025,P-007,1,0
3992203d-d576-4c04-b65d-924514007686,2023-11-02,S-006,P-005,3,0
76d58784-c48c-4121-bc80-174b4dea96fe,2023-11-02,S-050,P-003,4,0
96426141-b43d-4015-a3f6-6b78b0cf509d,2023-11-02,S-023,P-001,1,0
16340f85-5e61-4834-983b-0630161e73ba,2023-11-02,S-022,P-003,2,4400
b877ad3b-e8d7-4abe-87ce-86e889ae69de,2023-11-02,S-014,P-006,1,0
8c0f5e10-e990-4d03-b7cb-3b9b2439eb69,2023-11-02,S-048,P-007,1,0
2b1fa7a9-f839-49e8-83c2-22b4b3634dde,2023-11-02,S-010,P-006,5,0
a4778b2a-c36a-48a7-8656-d44f9858f4a7,2023-11-02,S-004,P-005,2,0
5e4592cc-0e67-4ccb-8a73-11fa7f5a6e8c,2023-11-02,S-031,P-007,5,0
1286143f-4ee9-4066-8d1c-11fe9b0ff4c2,2023-11-02,S-036,P-002,4,0
910c5190-474e-4753-9c2a-f03c840799ef,2023-11-02,S-001,P-007,1,0
96e5b4b2-9086-4120-ae57-1c0e64268387,2023-11-02,S-035,P-002,1,0
9cce1ecb-735e-450d-b7d9-34c1d9b42f1e,2023-11-02,S-009,P-005,24,0
d151a604-8285-4b26-af24-f2adb9ee001e,2023-11-02,S-032,P-006,2,0
2ee45e3e-9e6f-4645-a709-f901f8604fa6,2023-11-02,S-001,P-006,2,0
03f4ed08-a434-4a5f-ae4f-5a8f1f56d49f,2023-11-02,S-040,P-007,4,0
6b5385e2-6b23-4277-a865-6edd1c371d09,2023-11-02,S-022,P-003,1,0
2a682df6-62ac-4143-af10-fc796f4331cc,2023-11-02,S-013,P-002,1,0
ff29ae38-7783-4996-b061-3ac25c744218,2023-11-02,S-012,P-006,4,3200
08fcf5a5-0796-4763-889b-15407302bc42,2023-11-02,S-013,P-006,1,0
f344a44f-c05d-469a-bca2-62f13ed02c8c,2023-11-02,S-043,P-005,2,0
d3f5873e-9dd1-48af-8bb5-06aff4eecc2c,2023-11-02,S-037,P-007,1,0
9a972432-fdef-4e1c-acc0-ad5daf3a3fe1,2023-11-02,S-026,P-002,5,0
35e544a0-2391-4d7d-a774-0327b2543873,2023-11-02,S-006,P-004,2,0
ac051539-58f5-429b-bce4-9bc78646e8ae,2023-11-02,S-045,P-003,1,0
85630801-656a-4785-847d-4c3378ed781a,2023-11-02,S-023,P-004,2,0
82a826a2-5391-49f0-bcae-2c433526e370,2023-11-02,S-044,P-005,3,0
54f9a4b4-58cb-4785-b7cd-88a63bc048c3,2023-11-02,S-049,P-007,1,0
376df944-106f-4871-b9e3-45276dc448fa,2023-11-02,S-003,P-004,5,5250
e0b5a6a2-1148-4509-9cbd-cc8b57e51e9b,2023-11-02,S-028,P-001,2,0
a2122c7b-f7f8-4a60-a8eb-43ab72272fc2,2023-11-02,S-037,P-001,1,0
e6a8f410-e7e5-4a9b-9feb-4434df1ebdd3,2023-11-02,S-001,P-005,1,1050
6eb53422-1120-402a-a956-9148493c2639,2023-11-02,S-012,P-002,3,0
e1419196-263e-4fdd-ab0a-906fb916e8e9,2023-11-02,S-024,P-004,2,0
7f119fb2-3e9e-4f29-be52-eff28851f588,2023-11-02,S-003,P-001,4,0
2549bd8a-6dc6-46e4-8a7a-6135055b1a3e,2023-11-02,S-006,P-007,2,1800
e66a9af9-1473-4dca-b9d4-497fbd7e792f,2023-11-02,S-045,P-001,2,0
2112479c-1667-4032-8319-c5a1d3b3c641,2023-11-02,S-037,P-005,1,0
4ebcb95a-8483-46b5-81b2-8b9a3df01237,2023-11-02,S-044,P-003,2,4400
015a0c5d-e5c5-4e99-819b-3904fb4e1ade,2023-11-02,S-043,P-004,1,0
70f05be8-c30e-416d-bb26-a63716b182e6,2023-11-02,S-040,P-004,1,1050
6cadf1c4-4d23-4436-8f43-46c80ce08b6a,2023-11-02,S-001,P-006,1,0
bc95e816-303b-452d-a68c-94173237a3ae,2023-11-02,S-033,P-003,2,4400
4a5fdd89-56d9-4319-9341-e157a8a47cc6,2023-11-02,S-027,P-007,3,0
7e125afa-1310-4e2a-b6cf-0f5dc5ce5691,2023-11-02,S-048,P-001,1,0
575464a2-ec83-46f2-9a63-a33135eee1e4,2023-11-02,S-031,P-006,1,0
17ddde0d-2131-433e-9395-dd925cbf03c1,2023-11-02,S-022,P-002,1,0
a37acf5b-1dfb-4bff-aecf-04362eab6405,2023-11-02,S-012,P-002,1,0
a6cc1642-3a7f-4bfe-977b-c6b2b329a43f,2023-11-02,S-017,P-005,1,1050
0bb320fc-5c38-409b-aaa5-b1a7e64f5a9d,2023-11-02,S-046,P-005,1,0
06431cd9-7faa-4fcc-a80c-477829929f05,2023-11-02,S-022,P-001,2,0
57f24253-5e0a-444d-8a90-10aebae1c705,2023-11-02,S-020,P-004,1,0
bd4ac11e-7891-4ad7-8a8d-de2aab365e0e,2023-11-02,S-033,P-001,1,0
ff7dc7a6-4bad-402a-b877-1c7f1fa56b2c,2023-11-02,S-013,P-001,10,0
11e8f11c-0688-41e2-ba4d-baa700a136bc,2023-11-02,S-003,P-004,2,2100
f41b4571-18c5-4431-aeb6-efd7999ff402,2023-11-02,S-027,P-002,1,0
db870e2e-acc5-4909-9661-ef78001d22ed,2023-11-02,S-005,P-006,4,3200
94a0fa82-8056-4f53-b678-de01d26b5c57,2023-11-02,S-031,P-001,3,2100
8e6e45aa-d559-4c86-9ecd-078232cfc12a,2023-11-02,S-010,P-003,1,0
77832589-67d8-483b-a95b-cc052b909cf4,2023-11-02,S-020,P-006,1,0
f27b0b88-0de4-4596-9cf0-f00493795f36,2023-11-02,S-040,P-005,10,0
abecf66f-c2d2-4d7a-8957-8b9e81906b1d,2023-11-02,S-043,P-001,1,0
bbdc868c-2b80-4386-ac66-182280d21780,2023-11-02,S-030,P-003,24,0
60ec5d31-877f-4f40-a63c-92b863f4b89e,2023-11-02,S-024,P-005,1,0
d5253d4a-bf54-4c95-8a08-de6dacfa26d2,2023-11-02,S-037,P-004,1,0
fc4f11ec-f81e-4339-94ed-c311d003b0a8,2023-11-02,S-025,P-001,5,0
fe7007aa-eed8-4d01-9e94-553ffaf60c46,2023-11-02,S-020,P-002,4,0
204b9dca-021a-45ff-90d5-d58e5c6b8693,2023-11-02,S-016,P-006,2,0
7b226efb-edec-490d-86ba-440c00271d6c,2023-11-02,S-013,P-004,1,0
33d1000e-2875-4e01-9205-a96757fe0d81,2023-11-02,S-003,P-007,1,0
9dc957f3-9fd8-4401-be8b-f98de5a56ae0,2023-11-02,S-029,P-002,1,950
8eb90475-8587-4326-896c-600b463e833d,2023-11-02,S-021,P-007,1,900
28637851-775d-4f5e-9c29-d29af9303e59,2023-11-02,S-024,P-002,2,0
d36377ce-d414-48e4-8688-8391d430ba3a,2023-11-02,S-018,P-006,4,0
5dbc1227-9a2d-4a1a-aef0-d0d5d224d845,2023-11-02,S-042,P-004,1,0
f95f3a5f-1247-476c-8d83-07afa8aa92bf,2023-11-02,S-014,P-006,1,0
3dcd152c-5a53-419c-bfaa-ce6499d48216,2023-11-02,S-024,P-007,1,0
d3f142a3-8713-48c0-8d8d-06d29aa7131a,2023-11-02,S-011,P-001,3,0
3c0e9478-7e00-4e02-a2d7-cd0418fe2f2d,2023-11-02,S-021,P-004,1,0
de2e25fd-615d-41f0-8c53-53a31fea93ae,2023-11-02,S-013,P-001,1,0
2e299ce9-dfca-49f9-b3a7-99b98aada515,2023-11-02,S-046,P-006,1,0
105fe747-1925-4e3c-8017-14a72a06d57c,2023-11-02,S-026,P-001,1,0
4897e191-0825-43fc-b8d3-004829b8bdf1,2023-11-02,S-003,P-006,5,0
178d597e-accb-490e-82f2-3042a95a6d12,2023-11-02,S-024,P-006,2,0
27ad3e00-9312-4227-8934-f743445a1a5d,2023-11-02,S-009,P-003,3,0
c5f9a221-219b-4b56-a740-b2fbc3127b8b,2023-11-02,S-040,P-006,1,0
d3c86e8a-e2e5-4b40-a28b-b96228da2885,2023-11-02,S-014,P-001,4,2800
77f53556-083a-43f3-9609-2d9fd0cde3ed,2023-11-02,S-026,P-006,2,0
9ab6fae2-de0c-4bf2-987c-db3d3ae61d7a,2023-11-02,S-038,P-007,3,2700
5adee11b-c4b7-4854-86aa-471d048117aa,2023-11-02,S-038,P-003,1,0
0daa729b-70e4-44f7-8824-f024d7a8ca93,2023-11-02,S-029,P-003,3,6600
4a923509-9a4f-4086-aed9-9ea58738df4a,2023-11-02,S-020,P-003,1,0
8b974b1a-5b6d-4da1-98f7-8b69ee88113e,2023-11-02,S-042,P-005,2,0
4f18646e-8738-4fff-bf7c-151d8c6d60f4,2023-11-02,S-007,P-002,1,0
8ef04bb4-6ca9-4b78-af6c-2626d64159b2,2023-11-02,S-049,P-004,1,0
118c78d6-5a96-495b-a417-fad20e6e40bc,2023-11-02,S-011,P-001,3,0
2e1d101f-4db1-4124-abd7-269e2245a745,2023-11-02,S-049,P-004,1,0
4821ad7b-cc27-4aa4-baa6-14447a13b677,2023-11-02,S-050,P-007,1,0
cd939775-40e9-4c79-b762-157941e8f637,2023-11-02,S-035,P-004,1,0
89d7b2c2-0fe8-4bac-8146-09edaac47226,2023-11-02,S-018,P-003,4,8800
152b42b5-aff6-4567-8f57-f80bfca01527,2023-11-02,S-023,P-006,5,0
49aad58c-14dd-4a8c-9ea1-79cdf3b49db1,2023-11-02,S-009,P-005,1,1050
e245a338-f8ee-491d-881c-fe1cc3f90771,2023-11-02,S-043,P-001,24,16800
6dc8db68-92c2-49d1-9d68-44d8092ca8e8,2023-11-02,S-036,P-006,1,0
4a3dd636-f4c7-45de-87cd-f0b9faaedb05,2023-11-02,S-047,P-003,2,4400
b5e15d93-65b2-4600-91e9-2f38c957224a,2023-11-02,S-038,P-001,24,0
f03281cc-18de-446e-9f0f-c17b312cb226,2023-11-02,S-015,P-002,1,0
80e046f3-49d8-4121-9486-d1dd88e09872,2023-11-02,S-043,P-003,2,0
b0306f94-0439-4fd1-ae3f-6df6420cdbb4,2023-11-02,S-015,P-002,1,0
40d7928e-b0bd-4ee1-91dd-333dfc0f414e,2023-11-02,S-015,P-007,1,0
cf7d4757-4d6a-4092-ad0e-dbdb900335c7,2023-11-02,S-037,P-007,10,0
fa56486d-f225-4502-bdba-a43e1084d8d2,2023-11-02,S-033,P-004,5,0
a8fba7a6-ad6a-4702-b240-0274ff34b84f,2023-11-02,S-025,P-003,1,0
b2a6e76b-5e0d-485a-8d11-9334daabc815,2023-11-02,S-024,P-003,5,11000
da4e8aaf-0576-4c20-9849-e3cb0fbfb82d,2023-11-02,S-030,P-005,1,0
19c63422-f5cc-4126-b3a6-516dffabfb2a,2023-11-02,S-035,P-006,1,0
42937bbe-db34-4c6c-9b05-a43b616f1707,2023-11-02,S-023,P-005,3,0
e1df8f7a-1ee5-4824-bdd8-e93f06999ee2,2023-11-02,S-004,P-001,3,2100
2ebee1b0-62a9-4224-a5b4-116f48c94c23,2023-11-02,S-041,P-006,1,0
af5951ed-5655-426b-9a82-4bf306d0ac61,2023-11-02,S-049,P-007,1,900
cf841ea8-2e69-4d72-882a-49c4e861a5a8,2023-11-02,S-024,P-005,1,0
f892cac7-9f5e-4de5-9e07-895b170820b6,2023-11-02,S-043,P-007,1,0
a60163a3-7555-4e87-bf35-a28f87c15dd4,2023-11-02,S-003,P-007,3,0
d1d27b45-4be5-42f3-944f-c772c0f8a7cd,2023-11-02,S-027,P-007,2,0
92c0fe9e-0e42-4733-ab14-46fb65ed0824,2023-11-02,S-016,P-006,10,0
a9e2ecfd-7248-4c3e-9f34-b87877bfa1f4,2023-11-02,S-011,P-002,1,0
39cf6db8-6e27-4531-ab14-a736601f0a0a,2023-11-02,S-011,P-001,24,16800
6c7fec9f-7538-47be-b8da-84f6b4dcc893,2023-11-02,S-013,P-006,2,0
2130a5ac-378c-4ec0-a318-aee4c9f501dd,2023-11-02,S-032,P-007,3,0
33af5982-ef09-4ee3-a845-fe97f6909226,2023-11-02,S-034,P-001,3,0
55a4876d-7331-4fe2-a78c-e3225e79562c,2023-11-02,S-013,P-006,1,0
608387db-1b66-4706-87a1-866c5efecccd,2023-11-02,S-025,P-001,3,0
64670456-e4e3-4a1c-a99c-60f215c1100d,2023-11-02,S-026,P-003,1,0
d6f50abd-284b-46c1-b9a5-3a20575c6dab,2023-11-02,S-041,P-004,1,1050
62e20a2e-564b-4077-8c0d-8cbcc8f814d3,2023-11-03,S-010,P-006,3,0
ca7559a0-5fb0-4583-8a04-4dc6e4297919,2023-11-03,S-007,P-003,1,0
65229b76-b021-46eb-a545-f43d15ed94ff,2023-11-03,S-040,P-002,2,1900
53f70882-d545-4ee2-a206-7f5e6f269c48,2023-11-03,S-027,P-003,2,0
ed2b4ac7-fe9b-4bbd-9f0c-0a9ee22b45d8,2023-11-03,S-026,P-005,1,1050
21dd26ab-64d4-4d25-8324-639780e5576e,2023-11-03,S-031,P-007,2,1800
0bf07b3a-a017-48c0-91d6-ae0512ad8e4f,2023-11-03,S-006,P-001,24,0
3472239e-646c-4020-a932-ea988142dc26,2023-11-03,S-008,P-003,10,0
eee26ab9-56d5-48b0-9f4e-4ef088c575a1,2023-11-03,S-002,P-003,3,0
6795c2ba-1b1b-40da-be79-bb6be2150a68,2023-11-03,S-006,P-004,4,4200
c2696fd2-7b0a-4c53-b579-c66f88188e57,2023-11-03,S-018,P-004,1,0
f3d14197-4b14-4ef3-896c-d8df6b19d178,2023-11-03,S-013,P-001,24,0
259a7466-4afc-4bed-81da-161856afbb03,2023-11-03,S-018,P-005,3,0
4de98ca1-dc71-40a6-aeac-1015ad52856a,2023-11-03,S-014,P-001,1,0
7e15fbf7-ead1-432d-af37-0f2110155b7a,2023-11-03,S-011,P-004,1,0
c25d6926-9ecf-4719-970f-18e0c047e9b3,2023-11-03,S-008,P-002,2,0
dc07b64a-f8bf-4724-aad3-e933daab636d,2023-11-03,S-017,P-004,2,0
74bc6527-ebe4-42fc-a986-2f01325fa335,2023-11-03,S-033,P-006,1,0
5084328d-fb05-4a9b-b2de-be14be0b1fde,2023-11-03,S-012,P-002,1,0
262151b2-61bf-4bfb-8f93-a7694e767e99,2023-11-03,S-040,P-001,2,0
c68e58d8-c071-465f-9030-1aab4887441a,2023-11-03,S-014,P-004,2,0
d3afd800-8997-4823-9df8-5320bc078a75,2023-11-03,S-025,P-005,3,0
01f971ed-5c44-47be-8da5-e9cc8d6d9c27,2023-11-03,S-019,P-007,2,0
e5e94547-4682-49d9-bc07-89700dea702c,2023-11-03,S-009,P-002,2,0
0e6c6526-12de-4dc7-a0c4-6cabd03f6fd8,2023-11-03,S-045,P-004,4,0
d407e22e-97a4-4e19-8a8f-480372716ff1,2023-11-03,S-034,P-003,1,2200
dbbaffd8-50e0-4742-8d5f-173d36928129,2023-11-03,S-047,P-006,2,0
cc6bded8-8449-4c29-8c80-f3eb9e808572,2023-11-03,S-029,P-005,1,1050
d13041b1-26ec-4596-9c69-bcb752bc1573,2023-11-03,S-001,P-002,1,950
10c46e62-7052-4df5-b2d8-5e072c970edf,2023-11-03,S-045,P-007,4,0
db333f97-0a2b-4bab-a78a-06dd97df9932,2023-11-03,S-018,P-007,1,0
438d61b2-c494-43d2-af6e-f140cc99c54a,2023-11-03,S-045,P-002,1,0
950177ab-bddf-461b-b507-1d2e7bf6d5ef,2023-11-03,S-047,P-006,1,0
165bb3a9-5579-409a-9a30-41a1c96b8cd0,2023-11-03,S-011,P-001,5,0
09026a67-a8ec-45c7-adab-9f3754dc9a49,2023-11-03,S-037,P-001,1,0
bfafb947-89fb-42d6-ba3d-c78678dc10e1,2023-11-03,S-036,P-004,10,0
3027231d-4bbd-4e09-9d98-880663fd21bb,2023-11-03,S-029,P-003,1,0
386f83d2-d2ce-49dc-be58-a702b83d22ff,2023-11-03,S-038,P-003,2,0
3ef5d79a-477a-4c3c-ac0e-f4951e145c71,2023-11-03,S-035,P-004,2,0
987ee279-2cfb-44b9-922c-1c735956c110,2023-11-03,S-004,P-007,5,0
614e5d9c-588a-4cb3-889c-c82f823fb73c,2023-11-03,S-028,P-006,2,0
f6c1ced0-48b8-4737-ba65-f78fa168fff0,2023-11-03,S-022,P-001,1,700
ea3707ed-b837-4125-bc7e-f07967984d18,2023-11-03,S-002,P-006,5,0
298919ee-8fcb-4b34-b74b-81350dd6fe40,2023-11-03,S-023,P-005,1,0
d73cd6fc-771b-4e7b-a9a9-eaeb8ddf5a97,2023-11-03,S-017,P-007,4,0
aa6aa2de-e935-4a48-aac9-b3db005541a7,2023-11-03,S-021,P-002,3,0
81a0264f-5f6d-4383-80ed-b8196f830070,2023-11-03,S-018,P-001,1,0
e577b0b6-f7da-4e1a-9c45-ab9833d60bc1,2023-11-03,S-027,P-007,1,0
197f6fae-8dd7-4f05-b742-3d23593e59e7,2023-11-03,S-029,P-007,1,0
f10ec545-ec19-436a-a7c8-3f77151d9538,2023-11-03,S-046,P-007,4,0
8c9a7fcc-a54d-4439-b3e3-959602e8e2ca,2023-11-03,S-021,P-002,24,0
f4f1d304-b4d3-43a0-841a-17fc8455811b,2023-11-03,S-034,P-004,1,0
8d614e4b-3c67-444c-8347-abc9f24324a2,2023-11-03,S-019,P-003,2,0
8b5210f8-b16e-4733-8950-49d60203b2f6,2023-11-03,S-006,P-003,1,0
6f73bebd-9397-490a-a0b4-a66fba884c6a,2023-11-03,S-026,P-001,3,0
b629e918-b210-4b25-b3aa-1d498f376e58,2023-11-03,S-001,P-004,24,25200
099b2675-fc7f-48f3-8e61-a7436c22e1db,2023-11-03,S-026,P-002,1,0
a099dc7c-5370-4f43-b96c-19df5e30124c,2023-11-03,S-020,P-003,2,0
3dd18969-0262-4802-b2f8-0146dca54c6a,2023-11-03,S-006,P-007,2,0
5f2aaaff-deeb-4508-ba58-f5b5d9bdfdab,2023-11-03,S-049,P-004,1,0
f5cb4b88-7981-4e16-a230-7b651023a042,2023-11-03,S-035,P-002,1,950
8605530f-c136-4f16-9b03-5e20759d42e4,2023-11-03,S-043,P-006,1,0
63d4d968-1b03-4949-8c6b-a9e73d346ec1,2023-11-03,S-013,P-002,1,950
fd02b4ca-ab5c-4ac7-b295-cfd64957dbb8,2023-11-03,S-031,P-002,2,1900
95c9129a-ba27-421e-9f70-6da0a50352af,2023-11-03,S-030,P-004,5,0
c69ec93c-abdb-4fd3-84ab-7ad4d0211793,2023-11-03,S-037,P-004,1,0
33006ab3-50cb-4a2a-a1e4-5724ac329c77,2023-11-03,S-017,P-002,4,3800
d6df965d-c8af-4d8c-aa22-022f2f35e841,2023-11-03,S-050,P-002,1,0
7a0f4b3e-75cf-443c-89ce-1f558c3081d8,2023-11-03,S-045,P-004,1,0
dcd0f935-a302-46fb-9d49-c6ab13c93c97,2023-11-03,S-033,P-001,2,0
3a7cb698-5a42-4de3-a6bb-9ad8fd6abfa0,2023-11-03,S-028,P-002,1,0
03f04410-b47a-45e6-a86a-72cfe178d515,2023-11-03,S-009,P-002,5,0
aacfdd60-1081-471c-9f6d-5ddf061cea0a,2023-11-03,S-005,P-002,2,0
b561eb1a-456c-4fca-bf2a-45f8c93a175d,2023-11-03,S-046,P-001,1,700
a5e3587e-6927-4229-88f3-a127a87f96fe,2023-11-03,S-003,P-007,1,0
2d0b451f-0546-4bc2-a8dd-ddaa2ed44f0e,2023-11-03,S-035,P-005,1,0
786b2cf3-f5af-4039-8b8a-7b2eceadefb8,2023-11-03,S-011,P-004,4,0
ba64876a-4994-494c-b0cf-a2ebe617be23,2023-11-03,S-028,P-003,1,0
748e392e-d346-4e9b-9788-9af76421f70f,2023-11-03,S-022,P-003,1,0
bf65e92e-420c-43f5-b093-02cf3aaf0147,2023-11-03,S-032,P-001,1,700
47fda689-6a4a-4245-9bc3-0ab18d542845,2023-11-03,S-014,P-001,5,0
ee9e1bbe-19ee-4b31-8183-8beb1ffb4244,2023-11-03,S-046,P-002,4,0
be22620a-2d08-4a54-8ea8-0fefc473ae26,2023-11-03,S-011,P-005,1,1050
6a503547-e618-493f-90ca-59334cdc1523,2023-11-03,S-007,P-007,1,0
cd582d42-cc6f-494c-9adf-f1056df8334c,2023-11-03,S-022,P-007,1,0
787b0b13-4cce-4c77-8dd5-ffa4e2559339,2023-11-03,S-032,P-002,1,0
0a24c9d2-ba30-4f95-b30f-16d16841c8dd,2023-11-03,S-032,P-004,1,0
29026ad7-4722-44e0-9c1d-9572dda6f7f2,2023-11-03,S-012,P-001,1,700
e900280d-73b5-412c-885a-7f9ca61970e1,2023-11-03,S-015,P-003,5,0
863c783e-554b-49ef-b4c4-a378647c4f5e,2023-11-03,S-039,P-003,1,0
2cb3379d-f6f3-4578-aa4c-f3c669f8157c,2023-11-03,S-036,P-005,3,0
93c5c213-ff64-4405-8839-a124f1e2937d,2023-11-03,S-011,P-005,3,0
48c347ef-507f-4dc0-9140-3eebea26635b,2023-11-03,S-026,P-002,1,0
4d6bdce4-d957-42fb-8713-6877543ba9e3,2023-11-03,S-015,P-002,2,0
d4e7cbb1-5e5f-4438-b3d3-ea8832899154,2023-11-03,S-042,P-006,1,800
a423df00-a3d7-445e-8f03-178f0fa95a03,2023-11-03,S-017,P-002,2,0
522a2fa6-8091-42d2-9d8a-7229dc9be437,2023-11-03,S-038,P-002,1,0
584e1bcc-87cb-4916-ad31-b1ae645920ce,2023-11-03,S-032,P-001,1,700
5b4fb7f4-d573-4417-9c1d-0e8182aeecde,2023-11-03,S-002,P-006,1,800
8150570e-fe00-43ea-afa4-ba7a8ca04207,2023-11-03,S-017,P-006,1,0
65d884ae-6ef9-40d0-af0b-3957cec3a8ed,2023-11-03,S-040,P-003,1,0
c252f358-19d0-4edf-92d3-343fd0bf798b,2023-11-03,S-016,P-006,3,0
f1298982-4887-4849-92aa-0839606119e8,2023-11-03,S-008,P-003,1,0
f519b012-75f8-43ec-bef2-c2c281e8bea5,2023-11-03,S-004,P-003,2,0
7ed23df4-0b55-46f9-a91c-523e13ace326,2023-11-03,S-043,P-001,1,0
6fd3ec1c-8de2-4cf8-92ad-bb624e4958d9,2023-11-03,S-046,P-003,1,0
08a9b5e5-64df-489b-9c9a-5b348d101dc7,2023-11-03,S-015,P-002,1,0
f376621c-a896-43f3-b589-71e054548413,2023-11-03,S-024,P-002,5,0
16831182-9edf-41f3-abc5-46c7186391d9,2023-11-03,S-023,P-006,1,0
6b8671c4-0ae7-496f-8253-0883e763ff37,2023-11-03,S-033,P-002,4,0
2c2bc7e9-3ea4-4641-90da-acfc7a8c4b85,2023-11-03,S-019,P-004,1,1050
820cf89b-fc10-4136-abb2-2440d5a9fe83,2023-11-03,S-038,P-004,1,0
ddd679c9-515c-4956-a821-5988ddc79123,2023-11-03,S-010,P-003,2,0
dfc15f09-d0a0-44d3-9838-0b07303b202b,2023-11-03,S-036,P-002,3,0
7c3553ad-1b26-4a38-a306-c91013b1d884,2023-11-03,S-048,P-003,1,2200
0f368cac-8e01-4f40-b93c-98d435ccfba4,2023-11-03,S-022,P-005,1,0
4e645943-3ffa-4783-bff7-bc0dfa10bb75,2023-11-03,S-048,P-002,2,1900
a7a487c7-04ae-4d33-8f36-4c3ee389e20e,2023-11-03,S-023,P-005,1,0
993bb3aa-a264-4d0c-8cd2-271b13720252,2023-11-03,S-042,P-001,1,0
729e66e7-27a2-4c7b-bfb8-098e56100e14,2023-11-03,S-043,P-001,1,0
e881d4d5-7aa2-4e72-a311-10b86729a46e,2023-11-03,S-010,P-007,1,0
29fbf628-da68-454b-85ff-08f2897f908a,2023-11-03,S-049,P-007,2,0
7ba5411a-4418-4ccc-8b89-442dc8d1bf18,2023-11-03,S-050,P-003,1,0
3b86bf17-eea2-4599-9673-45b2d41f8eac,2023-11-03,S-013,P-007,1,0
3a46efa1-6e79-440f-b10a-e3a2099c3b1c,2023-11-03,S-046,P-005,5,0
c21dd701-2ff6-4ba7-b023-7ac9ffef4e4d,2023-11-03,S-008,P-005,1,0
c90503a5-832c-4f6b-9873-b6c667623da8,2023-11-03,S-018,P-006,1,0
c33465a6-7f23-407a-a8dc-9de86d3f12b9,2023-11-03,S-034,P-006,1,0
e54e58e9-95fb-4dad-aad1-a1e28c5ac708,2023-11-03,S-020,P-002,1,0
e334239c-7961-4454-a3a7-d151604f5bb9,2023-11-03,S-007,P-003,1,0
2f3e7214-2bf3-4259-885f-18b324595628,2023-11-03,S-004,P-001,2,0
a8609b9f-5f8f-49f7-ba36-1c2bc5d5cbcb,2023-11-03,S-014,P-003,3,0
9c4eb600-d9af-4cc1-bc19-bd127259ef86,2023-11-03,S-011,P-007,1,900
873646d9-8374-4175-83c0-9b14a0f64cb8,2023-11-03,S-015,P-001,1,0
9648aead-57e7-4c09-bd15-e0214e2fedf3,2023-11-03,S-030,P-002,3,0
b21a7274-4171-41fb-b7fc-0941d0b5a336,2023-11-03,S-017,P-003,1,0
e5e04051-5fbe-4696-8a43-c152f54c0d02,2023-11-03,S-046,P-002,4,0
9a8cda9b-41a6-46f1-b219-d20db8b4e9db,2023-11-03,S-021,P-003,24,0
e47551fa-dd89-4963-ba1f-658a1c5adf09,2023-11-03,S-034,P-001,2,0
1ba68895-3fce-4102-ad31-6c4c814e808b,2023-11-03,S-023,P-004,1,0
de75f4c8-a795-428c-bb31-f6207f5c4287,2023-11-03,S-020,P-002,1,0
d2ff9b42-38f7-42c2-afb8-ff845456ff27,2023-11-03,S-041,P-005,1,0
82425d8d-6bda-44ec-942d-c954437773ec,2023-11-03,S-009,P-003,1,0
357c4225-caa1-4f76-a49c-56f8ad26a431,2023-11-03,S-045,P-006,3,0
4a6e8ec4-01ff-431e-a93d-06c860d07a39,2023-11-03,S-002,P-004,2,0
166fe9c7-43b8-487e-b593-5f1c19bb2bbe,2023-11-03,S-025,P-005,10,0
aa5ef7dd-3f77-443d-b2dc-5b72a1d13077,2023-11-03,S-003,P-003,2,0
a627aff1-9332-4624-81da-dec799fc7a01,2023-11-04,S-022,P-006,1,0
076fe724-0a18-4d33-b6ab-4d7a648ab34c,2023-11-04,S-039,P-001,2,0
02813e82-2294-47a7-a843-399776a39dd3,2023-11-04,S-025,P-001,1,0
e34a5306-4924-4c85-8c52-99368a741bf0,2023-11-04,S-045,P-003,1,0
3c62e2fc-b0cc-4e7e-a34c-08edc0dbd1a9,2023-11-04,S-022,P-006,5,0
dab0402c-ae5c-45a8-b77c-129ba9d13968,2023-11-04,S-010,P-007,1,900
d5024ee0-f9e7-44ed-99a4-8aa7af043264,2023-11-04,S-041,P-004,1,0
d9108e95-4886-4a1c-aa82-aec7e3042ff2,2023-11-04,S-026,P-003,2,0
4975e50b-33da-4889-8ee6-fd64ccc871c3,2023-11-04,S-033,P-005,1,0
1dbc9195-80db-4fcb-8162-abf67ef08ab7,2023-11-04,S-007,P-005,2,0
d79dfabe-d61f-43b7-9b41-f7b410039a13,2023-11-04,S-019,P-003,4,0
b004a67c-eb76-4381-be6e-18f9d8ee8d0d,2023-11-04,S-014,P-007,1,0
4a9a63be-44f3-4a32-957e-393f1a92d1e2,2023-11-04,S-008,P-006,2,0
41905c50-7df8-4fd2-a4f4-c3aa3672d4e2,2023-11-04,S-003,P-005,1,0
c206c687-e92e-4d97-b018-0cdfe9a88ff4,2023-11-04,S-048,P-004,1,0
022ba773-29ae-4625-abb6-3213ba6a15d5,2023-11-04,S-003,P-004,2,0
71a6e4ce-f67b-4eb5-aabd-8263354ebe22,2023-11-04,S-034,P-007,1,0
7638492e-445e-46ab-9d60-d4d1652d63ff,2023-11-04,S-031,P-004,1,0
702b23db-8d57-4bc2-8572-98203946a8df,2023-11-04,S-004,P-006,1,0
68f8fe3e-366b-498a-aed6-5ea66ebc8df8,2023-11-04,S-034,P-007,4,0
6744af26-c1cb-43f2-854c-59c19654a7ab,2023-11-04,S-026,P-007,2,0
f6ab2f4c-0b98-4467-9414-4b0379eef9c0,2023-11-04,S-045,P-003,1,0
1bb43671-0d47-4f8f-91f0-45a930756bd6,2023-11-04,S-019,P-007,24,0
a70a4fe6-9071-4e17-bef7-6b38e664e0f5,2023-11-04,S-013,P-005,10,0
d84d1a74-3dc8-4f15-9aea-5a2b9610783a,2023-11-04,S-012,P-003,2,4400
7dcf8be2-e6fa-45fc-9a81-bcd132d3e5f3,2023-11-04,S-043,P-006,1,0
6a2083cb-c81a-4233-88af-e894122fe8ab,2023-11-04,S-047,P-001,2,0
57c6de5b-eeec-46fd-b008-500862a6033b,2023-11-04,S-025,P-006,1,0
0bf710ea-e733-4de9-a5e9-23f9c5992bcc,2023-11-04,S-045,P-003,1,2200
4d7edf45-ca29-44c9-98ab-769a4b74e1e9,2023-11-04,S-012,P-006,4,0
4c4e806c-f9ab-4fd0-8aa9-22fc39179388,2023-11-04,S-034,P-003,1,0
8f430843-5b41-4a8d-8c41-1e001af812fa,2023-11-04,S-010,P-005,2,0
85f408c1-8074-4890-be92-6f8ec4f42675,2023-11-04,S-031,P-004,1,0
fe67d1ac-dfac-4c5a-8c96-0d97f9045d2b,2023-11-04,S-022,P-005,3,0
6777bcd2-d91e-4896-b2fe-6dba72dfc9aa,2023-11-04,S-038,P-007,4,0
70f4b96a-a5b9-4d90-9e2a-86eed2433411,2023-11-04,S-020,P-005,10,0
fc728717-2653-4721-9393-cf532f0b2854,2023-11-04,S-034,P-001,1,0
00c0428e-d5d8-4514-aeeb-e24e69b0cf55,2023-11-04,S-043,P-005,1,0
9d3b127b-7bc3-4c08-ac32-3d37158661a7,2023-11-04,S-033,P-003,1,0
c9d6a916-ae15-4ebc-8d17-1a7c4921f5cb,2023-11-04,S-042,P-007,2,0
df344b27-7404-43bc-9fe8-de76c538b46b,2023-11-04,S-020,P-006,1,0
83422a6e-b560-46c7-a21f-81bbe7090782,2023-11-04,S-024,P-002,1,0
892aaf52-32c6-44b7-b488-b43124aa76f3,2023-11-04,S-043,P-006,2,0
3f5f29ac-2a78-40a6-aedd-65ad31ff088a,2023-11-04,S-012,P-004,3,0
b63c1d40-9687-4cf1-b510-5809d2a4a5a5,2023-11-04,S-001,P-007,1,900
8d29c83f-c01b-4436-b226-cbe15dcd8826,2023-11-04,S-010,P-001,1,0
e282705d-5168-4968-8893-9eed25a3cbde,2023-11-04,S-016,P-002,10,0
619e8f55-a25f-442c-a67b-df8e43db5282,2023-11-04,S-048,P-001,1,0
a69246f4-0136-4d93-9b19-4d908e0c6067,2023-11-04,S-049,P-004,4,0
0f491625-fdd1-4ea5-a08f-0f7666b4e942,2023-11-04,S-007,P-001,2,0
a507e8f3-871a-43c4-be5c-317459177373,2023-11-04,S-040,P-001,1,0
aec4ce1a-98a7-4e00-98f1-e1830af28ce3,2023-11-04,S-014,P-001,1,0
a31d4ab6-7182-4ad5-b4ad-d12ddb601128,2023-11-04,S-001,P-001,5,3500
dd7aaaf3-b94b-4687-86bb-1727358063f8,2023-11-04,S-048,P-007,5,0
08d9704c-0649-4310-8fd3-b38a9c6e24c4,2023-11-04,S-022,P-004,4,0
8be9df45-411b-471f-8fdd-8abc71b5aa4b,2023-11-04,S-021,P-004,1,0
603ccc71-457d-4f4e-b1b6-2536874bf885,2023-11-04,S-002,P-007,4,0
dc984665-2742-4771-bda3-1e39d78ff103,2023-11-04,S-012,P-006,1,0
30741bda-b1a3-4d23-87a3-bdd4a14e8026,2023-11-04,S-035,P-003,3,0
784c42fe-2ca0-4543-8f8a-d8291b9dc47a,2023-11-04,S-014,P-002,1,0
228beed0-142d-4fed-9030-5c8837ff9b3f,2023-11-04,S-002,P-007,1,900
dd319c60-6918-4089-a3f2-0d29e797483b,2023-11-04,S-013,P-004,1,1050
6be8e2a8-8e4a-4e56-a085-cdb70ed0cb9e,2023-11-04,S-002,P-005,1,1050
8faa3e1f-ab22-4caf-8510-c7b610501712,2023-11-04,S-020,P-003,2,0
09c89a26-9589-486f-a008-bcb8b9cfb5a2,2023-11-04,S-015,P-003,1,2200
2ceb0448-2913-4736-9dbb-423155c9106b,2023-11-04,S-007,P-002,1,0
84399c2e-e695-4071-b2f7-a63fb0b0318b,2023-11-04,S-015,P-005,1,0
969f7b6a-0947-45f4-9abc-8801c24e8d84,2023-11-04,S-016,P-004,4,4200
617e26d9-9c87-4b21-ac2c-8487375dad74,2023-11-04,S-006,P-005,2,0
82c6f225-3e5a-4a1d-9eed-83ee7a0683e9,2023-11-04,S-033,P-002,3,0
ddbdcb8a-57c8-41b6-8ef6-fbce0c5fc251,2023-11-04,S-048,P-005,2,0
25299a97-ad00-4a19-bb76-857420b0998f,2023-11-04,S-011,P-002,2,0
5a32f860-7c99-4c42-ae72-170379a5bbb6,2023-11-04,S-048,P-005,5,0
7d7fc661-447e-420c-8800-1dbd1e7dd0c8,2023-11-04,S-035,P-004,3,0
c22a9782-f271-4de4-9159-32de153da833,2023-11-04,S-029,P-006,1,0
9df47500-70ce-4a28-8dc2-d369a1dd8cb4,2023-11-04,S-036,P-004,1,0
0f4ef6f0-5248-4e33-90be-6b36b20b4c7a,2023-11-04,S-019,P-004,1,0
2af2de38-c02b-4129-bda7-4cd7f5c14927,2023-11-04,S-049,P-002,1,0
e6993e63-fede-4954-b710-319a92cd5205,2023-11-04,S-042,P-003,1,0
7cb226bc-93d7-4bc4-a569-10e0c7cad234,2023-11-04,S-037,P-002,24,22800
25a27143-af0d-4a91-bb10-630b671246ec,2023-11-04,S-032,P-001,4,0
76051014-9c48-4708-9f9e-eab678cd799e,2023-11-04,S-020,P-003,1,2200
fdd87ab1-4e37-4286-a5fa-43909ab0b98b,2023-11-04,S-040,P-003,1,2200
95deab40-42cc-46b2-9af4-16dd2f792dbe,2023-11-04,S-018,P-005,3,0
1d7cf31b-c2c8-46fb-8550-866f038cfdf5,2023-11-04,S-021,P-007,1,0
6fc02303-cbd4-4742-8f91-e5431fb598c3,2023-11-04,S-036,P-003,1,2200
dda4a10e-4fb9-4c32-9c48-90d128b71684,2023-11-04,S-036,P-007,1,0
2413bebd-8a6f-42fa-a272-a357313201d9,2023-11-04,S-046,P-006,1,0
fb2b4430-f548-4a20-b0a7-09f2e42fb3bc,2023-11-04,S-011,P-004,1,0
74f2c0af-3c99-499d-8f15-0facaeca775d,2023-11-04,S-038,P-005,3,0
196cd8fd-9407-4e6b-b47f-e7120d393804,2023-11-04,S-035,P-006,1,0
fc1210df-5af9-41d5-9ccd-073d3b8780fc,2023-11-04,S-033,P-005,2,0
17113b3c-3942-4002-a93e-846f48ef9c06,2023-11-04,S-016,P-007,1,0
3ce37bd2-45ae-4afd-ad35-b8a32fc79d52,2023-11-04,S-026,P-003,2,0
9d5a3f45-f48c-4f27-8f19-3b6d1723530b,2023-11-04,S-030,P-004,5,5250
eb537693-4eb3-49a7-9511-ba146aea902a,2023-11-04,S-028,P-005,1,1050
0dd1871a-7437-42bb-b27b-633a76a54c59,2023-11-04,S-042,P-007,24,0
95b53caf-0de3-4c2d-a496-1f024f794aeb,2023-11-04,S-024,P-007,1,900
51d1bb59-9a13-45b4-946a-f0178078e311,2023-11-04,S-010,P-007,1,0
7c5d526d-c963-4995-9c02-561f783e6eac,2023-11-04,S-039,P-001,1,0
12b7b7a8-3810-4c6e-8ceb-4f906dc983ca,2023-11-04,S-008,P-006,3,0
f5d87f66-c93b-4eca-82d4-50034022af82,2023-11-04,S-010,P-004,3,0
f0fe5749-4998-492f-bc1d-e72b7d308883,2023-11-04,S-037,P-003,1,0
c4f9c640-1cae-43d1-8f6e-57cc9ee24325,2023-11-04,S-006,P-007,1,0
51bfed1d-0d95-4057-ba7f-7f00f7aec1fb,2023-11-04,S-014,P-002,1,0
6f946893-8253-4e85-a5cc-63a7c3e0980e,2023-11-04,S-032,P-001,2,0
84a8af68-34f8-45de-abb4-84fdcce8a03b,2023-11-04,S-045,P-003,1,0
84c5d4e1-56cc-42cd-81f3-39671c6ed6e6,2023-11-04,S-015,P-002,3,0
f61d134a-ea8e-4ac7-950b-be208a5da819,2023-11-04,S-004,P-001,1,0
bc476b31-c580-43f9-a839-fe6ed0932301,2023-11-04,S-008,P-001,1,0
c666e5ad-0da5-40a1-b7a4-05ff67e66e2a,2023-11-04,S-031,P-003,1,0
8797896b-a5f6-4067-b03f-e3d6c6e01e16,2023-11-04,S-018,P-006,3,2400
694330a4-86cf-434d-aad2-264de7616590,2023-11-04,S-032,P-005,1,0
7775a896-c9e6-4509-852d-9bb12fe8f9e9,2023-11-04,S-035,P-001,3,0
e2e5262e-2cee-4a98-9680-412b132eab6f,2023-11-04,S-012,P-006,1,800
79e1d5c9-0e97-4400-9286-5063f8860d86,2023-11-04,S-023,P-004,1,0
109a872a-c78e-456a-b401-a05705d87eb9,2023-11-04,S-045,P-003,1,0
b1da3d0b-377e-45b3-8f37-33c1b5bb3b1e,2023-11-04,S-012,P-002,4,0
75bb66bb-b687-4f49-a838-534428dc0745,2023-11-04,S-039,P-006,1,0
38661a0c-0b37-4306-b384-d65101317ca3,2023-11-04,S-043,P-002,1,0
fba696b4-3251-4d73-97ca-e797e47e46eb,2023-11-04,S-029,P-004,1,1050
c5561bcb-fb9c-4508-8911-967836576f79,2023-11-04,S-027,P-005,1,0
e1fee3f0-4161-46aa-a702-005a84dab18e,2023-11-04,S-030,P-004,2,0
0444c22a-c884-4923-b7f5-ddc47057ea27,2023-11-04,S-041,P-005,1,1050
ae807a0d-22eb-4149-a826-b4fc74f458e9,2023-11-04,S-006,P-007,1,0
7f67fa83-9ecf-41cd-990a-d541d8bfeb73,2023-11-04,S-012,P-007,5,0
9fddd09a-7e4c-4c57-a6f5-26bedcb7a071,2023-11-04,S-008,P-003,2,0
f55db05e-33a0-4339-9295-711e89593106,2023-11-04,S-027,P-006,3,2400
bbe9eb4c-be89-4a58-9b34-4f642266e1d3,2023-11-04,S-026,P-005,3,0
36ffad36-5df9-4e64-90ca-27d2244177a2,2023-11-04,S-022,P-003,3,0
e36a352a-f24b-4485-827a-fcb47c5f0dec,2023-11-04,S-031,P-004,4,4200
4360c07b-f314-4926-b3b7-0357ed0e3634,2023-11-04,S-017,P-002,1,0
37012176-5a46-4f6b-8942-4e675f357726,2023-11-04,S-043,P-004,1,0
148a833e-4b88-4ea5-b3ec-e0b8a5b04fbc,2023-11-04,S-011,P-004,2,0
b145ff8b-7b49-4626-827c-4f41f1ff996e,2023-11-05,S-049,P-002,3,0
f2975fdb-0ac3-477b-a63b-d59ba8b82235,2023-11-05,S-029,P-001,1,0
f9895717-31b0-474d-924a-ba204d775e16,2023-11-05,S-032,P-006,4,0
e9e9bc66-1414-4679-8167-efb6da235a96,2023-11-05,S-041,P-001,1,0
3d30c58f-3fcf-4f3e-9e47-9969cb5bb049,2023-11-05,S-017,P-004,1,0
c6ddbf13-698d-4e36-ab44-1d29f54072d0,2023-11-05,S-011,P-003,1,0
0e67eab1-b9f5-440b-8df8-fc88fb154233,2023-11-05,S-012,P-006,1,0
79921702-601d-43f6-b567-2168b1f76dd4,2023-11-05,S-014,P-007,1,0
2390155b-4dc5-4cbb-ba50-f861de3914ec,2023-11-05,S-042,P-003,3,0
0c8126e6-82cd-40d0-b856-2b4802303f88,2023-11-05,S-011,P-004,1,0
5d7c9cb8-2461-4812-8ab3-b5a8989f67f4,2023-11-05,S-004,P-002,1,0
423a0401-9468-4fab-b518-ee29bfc81a4b,2023-11-05,S-003,P-006,1,0
abf9e457-9bc0-4df9-b03b-e26a1a71fb45,2023-11-05,S-035,P-004,2,0
a3496dc7-d91a-4a3c-b061-6e8c2e7bbb12,2023-11-05,S-032,P-003,1,0
ea4c78ce-4084-46b1-8c4d-b1cad45fad0f,2023-11-05,S-008,P-005,4,4200
a29cdb32-0ebd-43ba-8f04-80bb07648a12,2023-11-05,S-017,P-001,5,0
1b87431a-836e-4102-ab9b-2f3dc0f06b0c,2023-11-05,S-020,P-005,1,0
4938e211-ada3-4974-a42b-93eb16436e84,2023-11-05,S-002,P-003,5,0
071596a3-97a1-4c4c-869b-09a548e20330,2023-11-05,S-009,P-004,2,0
112159a3-4c47-46e9-b2c2-d4379e8b5ece,2023-11-05,S-049,P-006,1,800
6dc768a8-66db-451d-9338-039079129a72,2023-11-05,S-027,P-006,1,800
5c0e64b8-b0fe-46c1-9def-4aa4d34c2295,2023-11-05,S-020,P-003,1,2200
307ed367-43ce-409d-9469-9e9f2c260e8d,2023-11-05,S-015,P-003,4,0
b5a4ed8b-c99a-44c9-ba2e-f0b78089d421,2023-11-05,S-021,P-003,4,8800
13ec9890-1a73-4d83-ac6a-54318e5d871f,2023-11-05,S-024,P-001,1,0
d51c1729-5e8a-4a90-87b5-ac1fca8cb274,2023-11-05,S-016,P-007,2,0
a893807e-9e36-44b9-8372-8dec1232485f,2023-11-05,S-047,P-006,1,800
ea61e283-6405-4cd8-8cea-fa95d1b60d15,2023-11-05,S-044,P-007,1,0
7a3d7ce8-eb54-476f-8149-d816a2da5148,2023-11-05,S-031,P-007,1,0
9bb44ce9-6c9e-4846-9b0b-cf229892c1dd,2023-11-05,S-004,P-004,1,0
4c32b36b-ebf4-4b45-a86d-f40d932de949,2023-11-05,S-018,P-001,2,0
fc4d488c-ec68-45de-853a-4af67d69ffdf,2023-11-05,S-021,P-007,10,9000
21b99384-2f0c-4cb9-9b09-a28ea00ddf30,2023-11-05,S-016,P-004,1,0
da1b1e50-5f7c-47a9-8d27-44bc702e8900,2023-11-05,S-022,P-007,1,900
26c8713e-b383-4cf5-a4c3-c2b4d101cf9c,2023-11-05,S-037,P-002,2,0
210f4ba5-7c6e-4725-92f3-740132b05b70,2023-11-05,S-042,P-006,2,0
b979782a-6df9-41d4-860d-a4dc418310f7,2023-11-05,S-013,P-004,1,0
85628b69-c3d4-4dbc-a44b-cfe99befc6f4,2023-11-05,S-030,P-006,3,0
a791f77c-2bca-4dc1-b046-6ed0fdb1fda6,2023-11-05,S-035,P-004,1,1050
a9caf426-10a9-4f19-869e-eb765136273e,2023-11-05,S-044,P-006,2,0
63f0908f-fa49-416e-87a8-3d9e8aa41398,2023-11-05,S-020,P-004,1,0
e978d006-98b4-4ce5-ae5c-e956b1150be7,2023-11-05,S-002,P-003,1,0
a1746a83-e6f3-4dba-9ea9-4d98b321f9f9,2023-11-05,S-019,P-004,2,0
9693382c-e7a6-4eab-accd-cfe163b342ae,2023-11-05,S-039,P-001,1,0
69f19918-856b-44d5-91c9-825900fbb29b,2023-11-05,S-008,P-001,3,0
a25e76fb-32e1-49d1-a8e3-3250a5455bd5,2023-11-05,S-015,P-006,2,0
c1ccd826-7ef1-4525-8446-4f0d83ce879a,2023-11-05,S-001,P-006,10,8000
227a3d48-500d-41de-ab5a-3f3797f77f4e,2023-11-05,S-050,P-001,1,0
149e4971-3509-4b4e-9b4b-be52e5473e8a,2023-11-05,S-009,P-005,3,0
fe0d9a27-a3b3-4138-91ad-7cebce88f319,2023-11-05,S-026,P-001,4,0
c5a695e7-4b47-4e0a-aa7a-b599c2d7529e,2023-11-05,S-041,P-002,24,0
7dcf5824-6c1e-415f-9001-76b5c972c6e6,2023-11-05,S-017,P-002,5,0
ea084c28-6bbc-42a2-a6ba-3bdaed077de2,2023-11-05,S-021,P-003,4,8800
6e4693c1-563a-4e38-abf9-2dd34f960737,2023-11-05,S-040,P-003,24,0
a472f613-7bc1-4f55-914e-b7a1ee773c79,2023-11-05,S-037,P-004,1,1050
62ef80fc-d2f5-4f59-8bba-10b78002a509,2023-11-05,S-033,P-006,2,0
9128a402-3bb7-4a61-bb7a-a6363e8cc3df,2023-11-05,S-026,P-004,2,2100
eefd8ce2-5af3-4b02-a446-72e5060da603,2023-11-05,S-047,P-003,2,4400
422cc93f-827f-4862-b003-88bd25cbc1ea,2023-11-05,S-007,P-003,1,0
1732f7ca-eda7-4ce5-9f64-29374143eb1a,2023-11-05,S-012,P-003,3,0
24dc3882-a208-45dd-8cfe-56a721cd8fa7,2023-11-05,S-026,P-005,2,0
db9f3d61-f1ee-4521-89e9-2cdebee62b5e,2023-11-05,S-002,P-006,1,0
d0028552-2c85-493d-a8a5-39f7894a9a6b,2023-11-05,S-045,P-002,2,1900
38e414dc-4839-4588-80fe-4f860a105abd,2023-11-05,S-037,P-005,1,0
227ffa4f-6ec1-4a41-8fc7-5aea664300f9,2023-11-05,S-029,P-007,1,0
0d2fce54-52c6-4cd6-a289-643b5c745543,2023-11-05,S-029,P-002,4,3800
b40fd6d3-de8b-47d9-9c9d-13d7693c7cf4,2023-11-05,S-007,P-001,5,0
a9407b20-c8c6-4e58-a2e2-e87bd3849e7e,2023-11-05,S-021,P-003,1,2200
a73d58e2-d386-4414-adf8-5238865d4221,2023-11-05,S-037,P-001,2,0
03764410-d3a7-4a1d-9e83-2227b9bd273f,2023-11-05,S-045,P-001,1,0
90e46a8b-46b9-45dd-9b3f-4a4a7e21561d,2023-11-05,S-032,P-006,1,0
fa2e1f4a-00ce-4aea-b2f2-60ffdc22e951,2023-11-05,S-032,P-001,1,0
535a5bb5-70a5-484a-86e6-39044053a626,2023-11-05,S-044,P-003,1,0
190e4dd2-f5c9-443e-9e96-62219cedd59a,2023-11-05,S-014,P-004,2,0
f01e8049-a415-4811-ae7f-873ce6d45c10,2023-11-05,S-010,P-003,1,0
d5d48120-f86e-426b-82b4-71fb4f40d06a,2023-11-05,S-027,P-002,2,1900
165579f9-2a39-467d-927b-28d0a3451f4a,2023-11-05,S-042,P-007,1,0
cedd6969-e8ec-4407-89dc-a3e19e348c8b,2023-11-05,S-036,P-005,1,1050
986255a5-dbb2-41ec-a1cb-f78006007a63,2023-11-05,S-035,P-002,1,0
c67a5341-b1de-4e95-9ae6-9fc1b9ac9ec6,2023-11-05,S-023,P-003,2,0
28ea6161-9a9e-49f1-b616-4e20b959033b,2023-11-05,S-047,P-003,3,0
2c2043e4-d522-4b7d-94ca-730f0ae454fa,2023-11-05,S-021,P-002,5,0
5630c6aa-5e13-4d59-9a7c-34f0be9fb9b9,2023-11-05,S-024,P-002,1,0
1479fe64-d0c8-4631-b76b-cbb27e4c1849,2023-11-05,S-047,P-006,1,0
6e390cd4-481e-470f-ad8f-1d41ada37952,2023-11-05,S-033,P-005,1,0
a788418d-3558-4595-88e5-489baa01bc57,2023-11-05,S-049,P-002,1,0
0e396705-70ad-46cd-b7a8-cc59fe4729d4,2023-11-05,S-031,P-004,1,0
1a19b413-570b-4634-87c3-139c8ed28ed5,2023-11-05,S-031,P-005,2,0
c9a94fc9-fe04-4239-8891-c37cd5595944,2023-11-05,S-043,P-003,1,0
aedeca53-f9e0-42da-9ab9-7e7cf7b58cfb,2023-11-05,S-048,P-007,1,900
5184d03a-9126-415c-9f81-6ed0b5982fad,2023-11-05,S-014,P-005,1,0
a1ceca8b-d191-479c-8b16-1d5fbb24814f,2023-11-05,S-021,P-007,3,2700
ad737750-ff3e-486d-ae8d-03af322e1cc2,2023-11-05,S-038,P-001,3,0
33c25540-c4df-4f48-bc47-d706470deb5d,2023-11-05,S-049,P-006,3,0
50bf7584-cd67-47ab-a977-2c5220ccb586,2023-11-05,S-013,P-005,2,0
0617ad55-f566-4037-9d65-8f0fdbf3c896,2023-11-05,S-022,P-003,24,0
d14f4480-a0af-42b7-98cb-efaaa42dcff8,2023-11-05,S-046,P-002,1,0
2725632e-18f7-45ab-bde5-918326bb17d3,2023-11-05,S-038,P-003,1,2200
489e224e-5256-4d5d-8647-28c033f1e9af,2023-11-05,S-045,P-006,4,0
b15c4d97-8943-4c91-a69c-06360341ec95,2023-11-05,S-039,P-002,4,3800
7f4f4ac3-5099-45f3-b3f8-31a6a99b796f,2023-11-05,S-025,P-007,4,0
22e6d78f-e520-4e36-a70d-f26aa01833fc,2023-11-05,S-038,P-002,1,0
49b08276-89d3-4889-9c10-3153997c4cf8,2023-11-05,S-013,P-007,1,0
1de78852-f588-482a-86ea-f70cb39a05f0,2023-11-05,S-020,P-005,2,0
f3ea64fd-3472-4aab-8bcf-048f1a7485de,2023-11-05,S-041,P-005,24,0
94e2c302-aaf3-47bd-b2e6-fb177fcf7d29,2023-11-05,S-010,P-006,4,0
90f75db7-a81e-4f08-914c-75be2e4a8fe2,2023-11-05,S-039,P-007,1,0
85fccb08-19f3-4b6b-873e-d553422e79a0,2023-11-05,S-026,P-002,1,950
3c045466-796c-4e8b-81ec-ce84ac91eaf8,2023-11-05,S-022,P-002,2,0
b3e4b032-955f-420f-9e6e-7a8ca0d15fea,2023-11-05,S-027,P-004,1,0
78a96cf8-a96a-43a2-85a9-8cb46c5c3054,2023-11-05,S-030,P-001,5,3500
33c53908-fedd-4de9-9e4f-caddc1f44290,2023-11-05,S-004,P-003,2,0
24e2b701-584b-4ab2-ad69-f86f08a7ec2c,2023-11-05,S-050,P-002,1,950
57a19663-ff17-4905-a2ea-a7a1569421cf,2023-11-05,S-017,P-007,2,1800
5d90487f-f4ec-4f93-af51-72f33a60af69,2023-11-05,S-029,P-006,2,1600
b994c84d-d201-414c-b637-8a494730f062,2023-11-05,S-040,P-002,1,0
c583b202-ac53-4f7a-a770-cbd85e27c2e6,2023-11-05,S-011,P-007,2,1800
da44ad9a-c106-4d2f-bd38-c8dadd89ac14,2023-11-05,S-005,P-002,4,0
033df131-304b-4844-998c-466b0c069d32,2023-11-05,S-026,P-003,1,0
ce0e416a-86a6-4c46-860e-093d886cdae6,2023-11-05,S-033,P-003,1,0
b3bf2f2b-7c68-4066-b252-4e3a978a6bba,2023-11-05,S-016,P-001,4,0
de0c7477-c471-4f8d-9f00-cc850f6d0a51,2023-11-05,S-017,P-001,1,0
f862a49e-157d-4161-98f0-0539c757997b,2023-11-05,S-036,P-006,2,0
81cd866f-fdd2-4405-9b3d-6663510aac5b,2023-11-05,S-034,P-007,2,0
b694536d-fdb6-4e17-b71b-c1270dcd7df4,2023-11-05,S-020,P-003,4,0
63315ef4-c883-4ccc-9082-2a8bfc96490b,2023-11-05,S-014,P-007,10,0
46e7bde3-976b-404f-9fab-f2b8194fdfbc,2023-11-05,S-023,P-005,1,1050
f99f1750-fbca-4942-818c-f7bbd802af80,2023-11-05,S-023,P-005,5,0
aaba1900-d9e7-474d-a9f2-9129515c0c4b,2023-11-05,S-005,P-005,2,0
3d9405a1-67fe-41e4-84dc-2d1e69655a25,2023-11-05,S-025,P-007,2,0
48cd7940-7c48-46c1-88c8-140a4be92e52,2023-11-05,S-043,P-003,3,0
4727b4a1-3b98-4b64-a337-eef6517484db,2023-11-05,S-032,P-004,1,0
8ef27a83-d6c4-4317-afd8-00406a47d6f2,2023-11-05,S-042,P-004,1,0
77676b7e-10aa-40e4-ae68-091b990b7e1b,2023-11-05,S-011,P-001,10,0
17007a31-c860-4d07-9f00-4f6d01b5fc5f,2023-11-05,S-034,P-001,1,0
8c0ceffb-640a-459a-a6a9-b7897b049a10,2023-11-05,S-026,P-004,2,0
35c15eda-c682-403b-9372-4e224afd354b,2023-11-05,S-040,P-007,2,0
1b6ec620-1573-4edd-af40-b24d4ffa7bc7,2023-11-05,S-036,P-006,1,0
aff080fd-dcbe-47ea-9a84-bbba26aff045,2023-11-05,S-048,P-001,3,2100
25d369fb-dc22-48c6-9a69-9976c87073da,2023-11-06,S-022,P-005,1,0
7f27cb97-92b5-4bd1-ae0f-48d9165c5a80,2023-11-06,S-027,P-004,3,0
650e1e8d-1595-4b5e-bd9e-582282cdad3a,2023-11-06,S-026,P-002,1,0
8b3fe57a-ecb0-4310-9399-df53e1e28a83,2023-11-06,S-043,P-004,1,0
48948535-1774-454e-bd46-40b4cae45e00,2023-11-06,S-045,P-006,1,0
16f3cb1f-295d-47ae-8bca-ab096ef4270a,2023-11-06,S-041,P-007,3,0
4515e8f7-5cfd-4f65-80f3-2d0f2448e7b5,2023-11-06,S-014,P-001,1,0
e07cf80b-28cb-4b2f-a548-22ddbfb1ce14,2023-11-06,S-001,P-004,1,1050
bb6d38a8-5e62-4451-ab5d-2accbafd0ca4,2023-11-06,S-045,P-005,1,0
645f0bc8-b712-4112-8224-4f92164bf8af,2023-11-06,S-031,P-001,2,0
104828a4-406e-48f8-9435-5f327a8cb2b8,2023-11-06,S-030,P-003,1,0
96574a0f-b6d1-4989-98f0-bcf22286fb57,2023-11-06,S-018,P-003,2,4400
826f4cef-e0be-4bb9-8c19-d86624524509,2023-11-06,S-020,P-002,2,0
30757194-1835-40d7-9e06-6b24252ff364,2023-11-06,S-003,P-005,1,0
b630f30b-505d-40ff-8372-b9bb28a84a71,2023-11-06,S-024,P-001,2,0
afd69a98-e1f9-4a81-8fc3-9dd44b8ed200,2023-11-06,S-022,P-004,3,0
cf955388-547a-4918-9611-c159897b7b09,2023-11-06,S-010,P-002,1,0
609f5ac1-771a-4305-92ed-9a5d9faac312,2023-11-06,S-021,P-002,1,0
638038b7-2f97-474d-93c0-a97d9d78136c,2023-11-06,S-045,P-005,3,3150
cbf660fd-f340-45b7-a6a3-2c3924060751,2023-11-06,S-019,P-005,3,0
5b9432a2-6a7f-40f1-80eb-74d3d797a6b8,2023-11-06,S-038,P-007,1,0
de216358-bcdf-4313-9152-8adc4558ec4c,2023-11-06,S-030,P-005,1,0
17eb26e3-7f56-44bf-bf00-ec2d28b14087,2023-11-06,S-011,P-004,2,2100
053e87bf-eff3-4fde-a0c2-ac955ffe9dc3,2023-11-06,S-012,P-003,24,0
9cff1daa-090f-40e1-9d1e-f5a5b67d7ccf,2023-11-06,S-031,P-004,1,0
813958cd-4466-4e51-8184-3cf804e5c023,2023-11-06,S-015,P-001,5,0
2c9d4c18-70bc-4bb2-9a0a-e93aece48919,2023-11-06,S-033,P-006,1,800
7ed4f27f-f936-4798-83f9-39cb233d2e62,2023-11-06,S-048,P-007,1,0
bcc491e8-e161-4417-b2f9-642fa591fde2,2023-11-06,S-016,P-001,1,700
1f5dc57f-7bd7-42a7-9466-04ab4b08f8bc,2023-11-06,S-050,P-004,3,3150
24777c9d-b4ba-4a41-8817-1929aa7dbfc4,2023-11-06,S-011,P-006,1,0
229daee9-c185-4eb4-ae86-af301c3b465e,2023-11-06,S-040,P-003,1,0
f0142c27-4e3d-4e22-811f-1abe6a29ded0,2023-11-06,S-037,P-004,4,4200
ec83ca13-6ac6-4d52-83ed-9bbd4068a255,2023-11-06,S-015,P-002,1,0
4c7313c8-9313-42bc-a7c7-698610fc9053,2023-11-06,S-024,P-006,4,3200
5e430a7f-273b-4b13-981d-dfe3dca6030a,2023-11-06,S-007,P-006,4,0
5ca71f27-2b76-4994-9580-18da778280f6,2023-11-06,S-038,P-003,1,2200
0edc4f56-2501-4006-aba0-d62d4ecc3d3f,2023-11-06,S-017,P-006,1,0
0a94722b-628b-4864-b840-aaebd910abc2,2023-11-06,S-012,P-005,24,25200
9ab799a5-cd9a-4a08-b399-20a8e30ed2fa,2023-11-06,S-034,P-005,1,1050
aa68540a-5871-490e-99ff-bc1ff2747373,2023-11-06,S-048,P-007,1,0
2da54268-ac79-45ad-a9a7-e2d89708465a,2023-11-06,S-047,P-001,2,0
89a24592-3f3f-43dd-9729-69bcba6590d3,2023-11-06,S-026,P-003,1,0
9258c144-6480-4ffe-9d77-3c119f54eb4f,2023-11-06,S-001,P-004,1,0
de015a25-b009-4d43-bbd1-c33cde421fc1,2023-11-06,S-001,P-001,24,0
9767cf5a-79f0-42d8-b59c-c4fe59477c43,2023-11-06,S-030,P-006,1,0
cae3c152-ea9f-4778-acd1-116d9d4fdde6,2023-11-06,S-033,P-003,1,0
24a4a70a-fc03-4144-a8a3-7c2efa1efa18,2023-11-06,S-023,P-002,4,0
e8c707a8-8818-4f55-811d-d86c9a7be52e,2023-11-06,S-025,P-003,1,0
926624bd-3958-4d64-b91e-0af408627872,2023-11-06,S-029,P-005,1,0
213fd1f0-e4d0-4d29-8cb6-22432d0970bd,2023-11-06,S-046,P-003,1,0
f66ec14b-d826-4004-850c-cfe6459972cf,2023-11-06,S-016,P-007,4,0
7d0691cf-55c1-4eb1-a2ac-1406091ba3d7,2023-11-06,S-042,P-004,2,0
2547ce8f-d9d5-4c9c-8d76-b2fdfe174829,2023-11-06,S-045,P-007,1,0
77969b02-a710-42f7-8315-9cce5b2eeccd,2023-11-06,S-034,P-005,5,0
654a91c0-c562-4687-b5ef-a4d4f84fd632,2023-11-06,S-021,P-007,2,0
1b505571-ffdb-429a-b718-1283fed69b9f,2023-11-06,S-024,P-005,1,0
645b2976-9af9-4916-aaea-40d5f08eb204,2023-11-06,S-048,P-007,1,0
e3ab0257-7c76-46b5-a8a1-a60b3e7d6ee2,2023-11-06,S-041,P-002,2,0
b4ff19be-77c3-4a1e-83a3-5481faaec703,2023-11-06,S-044,P-007,4,3600
49bc1987-69cd-418e-b9fb-738dbb5dda49,2023-11-06,S-006,P-001,1,0
906feda0-fdcf-44bd-b591-8b41c9f32ef9,2023-11-06,S-013,P-006,1,0
c648ffe7-14fa-4e5b-9c3d-26511e5234be,2023-11-06,S-040,P-003,5,0
8924ff7a-602d-432f-adc2-ee5ccd9445ea,2023-11-06,S-022,P-002,4,0
95dc15f1-238d-4488-b03f-7a515d0c5f73,2023-11-06,S-012,P-006,1,0
0e4f5312-c88c-4cff-af12-41aa39002510,2023-11-06,S-013,P-004,1,0
9d556110-0570-42d3-a365-cfd2019dc96e,2023-11-06,S-007,P-003,2,0
4dc97c51-7be5-4f1d-826e-3e3b97b55116,2023-11-06,S-014,P-001,1,0
1b0f5742-0d54-4c41-843e-4dcf14acf445,2023-11-06,S-015,P-006,5,4000
6be79091-eeec-4ae6-bc85-bf09bf7c4b8f,2023-11-06,S-048,P-004,2,0
4bb42fb5-9709-43e1-bb17-adb25338868e,2023-11-06,S-044,P-007,1,0
d92c847c-c582-48df-add3-0ecd6c77fd7e,2023-11-06,S-033,P-003,2,0
0f2f6409-2391-4658-99b7-6ca3b67730fd,2023-11-06,S-048,P-007,1,0
58e4c703-504e-4994-b0de-959042ce0fb9,2023-11-06,S-014,P-006,1,0
d28fbe7b-b5ff-4ee2-9199-b3786284ddfd,2023-11-06,S-013,P-004,1,0
15eb8722-a266-4115-9024-4435f37971ca,2023-11-06,S-025,P-003,3,0
faf01c4b-ec7f-4945-afae-6bd4215efeb0,2023-11-06,S-039,P-001,3,0
569720a1-4cfc-4743-ae4e-552c4d79c7ce,2023-11-06,S-043,P-003,1,0
11c07792-b48c-4a50-9e32-cf8c194b2171,2023-11-06,S-039,P-005,1,0
78079fbb-3815-42a6-ba37-906d41a2987c,2023-11-06,S-032,P-003,1,0
4cb43548-f985-4b0d-b27c-56ae2bac395d,2023-11-06,S-039,P-002,1,950
1dd2de3d-a164-48a6-84fd-5458e6d0b8e7,2023-11-06,S-027,P-001,2,1400
658ef9bb-5cbf-492d-ae0d-73c28fe613ae,2023-11-06,S-049,P-003,5,11000
94833134-1948-47bf-ba90-db1de03bad17,2023-11-06,S-038,P-006,1,0
4aef9f7c-6015-4f9c-85c0-a528fb0beba7,2023-11-06,S-016,P-002,3,0
846874ab-d323-4412-8eb9-89c7a05ea79e,2023-11-06,S-013,P-006,1,800
8fc5e393-ee36-434c-b992-52c82e2a0cf9,2023-11-06,S-038,P-001,2,0
3c1f9745-5b59-4ea7-8391-7fd2cfd6c501,2023-11-06,S-031,P-004,1,0
8e5e4311-72ea-47b5-9819-7ce9495d632b,2023-11-06,S-012,P-003,2,0
69f2752c-a8c9-4d9b-8244-c6654661af99,2023-11-06,S-042,P-006,1,0
5e30e1ad-ab38-4061-b000-bc895e92b5f1,2023-11-06,S-001,P-003,3,0
3b5c7774-767b-4998-9e48-4a6bc1d6821c,2023-11-06,S-019,P-006,5,0
5c47afcd-4dcf-4083-866b-6a604df8a300,2023-11-06,S-034,P-001,4,2800
e3fb3c0a-5681-44cd-bebd-1f7f5f0e4028,2023-11-06,S-013,P-007,10,0
ff273cde-1a6b-4870-9542-e0fd468ad25e,2023-11-06,S-026,P-004,4,0
aee37671-badf-41c6-9ce5-4c96e96634f5,2023-11-06,S-044,P-007,5,0
733e1847-a7aa-4ef0-8917-dee05328af8c,2023-11-06,S-042,P-003,3,0
01fdc1ff-5a04-4b32-8ee0-faf28a9e3ec4,2023-11-06,S-046,P-004,2,0
d23dd025-7c4f-4d29-ba25-071999cac647,2023-11-06,S-006,P-005,10,0
6cd4236b-6a6a-42f9-9372-21bd6173e2d3,2023-11-06,S-029,P-005,5,0
d355101c-7fb5-47e9-aafd-a1fd453e543a,2023-11-06,S-042,P-001,1,700
4464207d-979e-46c5-b253-837dc33d6450,2023-11-06,S-048,P-002,4,0
d30efdb7-eec4-49ce-89f8-2715ea6becb5,2023-11-06,S-032,P-002,1,0
c004b4a7-2e16-4f93-8d0f-ae966bb995d8,2023-11-06,S-044,P-006,1,0
e041583a-9e0f-476a-87a5-dd6f53678e04,2023-11-06,S-031,P-006,2,0
388dabf4-4d93-4d9b-83b0-bf4330c135f4,2023-11-06,S-024,P-006,3,0
a849a92c-9743-400f-ade0-e19e7e45c9b6,2023-11-06,S-033,P-007,1,0
82342dbd-187d-4818-9f7e-b5fe30fad865,2023-11-06,S-011,P-006,2,1600
b5de54f3-1042-452d-8a26-d83c4e41b83c,2023-11-06,S-050,P-004,4,4200
30f66430-aa76-4772-a629-5c33ddbe4345,2023-11-06,S-026,P-001,1,0
de62e875-20b2-4d26-ab70-fd06f1f3ec4f,2023-11-06,S-050,P-007,1,0
afbde959-1383-4c08-b6d7-79fd34684405,2023-11-06,S-013,P-001,2,0
7528c49a-88cc-4867-b584-f684da4e2f43,2023-11-06,S-047,P-003,1,0
9fbb4f07-b20e-4a50-bf06-334c8a266170,2023-11-06,S-038,P-007,1,900
4b225112-a149-4520-b0b5-5ff95ac2695d,2023-11-06,S-039,P-003,1,2200
5655d3cf-5c5a-408a-be33-e9186d894721,2023-11-06,S-018,P-005,2,0
7aeac5e8-e725-451b-adee-81b0cc57fe68,2023-11-06,S-022,P-006,1,800
c557fd85-4711-4f11-a3a2-f075ed6556f8,2023-11-06,S-026,P-006,1,0
954a151c-c1de-47d8-b873-5c47c12804df,2023-11-06,S-035,P-003,1,0
e51e96bb-c206-4897-b699-bfbdf54cbc5e,2023-11-06,S-043,P-003,1,0
faaeb9ed-a8d9-46f7-9d56-c4bd9fe0200c,2023-11-06,S-041,P-002,1,0
3386d4c3-84bb-42cb-841b-aeef9712e126,2023-11-06,S-026,P-001,2,0
dc92cb3e-c970-4eaf-bd34-2714f799134d,2023-11-06,S-018,P-007,1,0
5b7a4c0f-22ed-43d2-b78b-73ffe735d0c5,2023-11-06,S-043,P-006,1,800
bf51ad6d-15e5-4bd6-86c4-209551622b53,2023-11-06,S-023,P-004,1,0
1ec50d98-fcee-4b30-9326-14c1a1c85840,2023-11-06,S-034,P-006,1,800
1a88db93-189e-4f17-b42e-a44cf149b030,2023-11-06,S-023,P-005,1,0
1723fdf2-e627-47b0-a30b-1a4f58c99d20,2023-11-06,S-008,P-006,3,2400
0128be27-9684-4747-948c-eed3cef49aca,2023-11-06,S-044,P-007,1,900
8b930e91-74be-4bbb-9034-6ec38d3c3979,2023-11-06,S-020,P-007,2,0
f52296c3-1107-476e-8f7e-fc5372b3a4a7,2023-11-06,S-014,P-007,2,0
77592423-9a2e-4506-a972-55d5da1ef345,2023-11-06,S-041,P-006,10,0
edd62d8a-3a48-4527-a940-a00896a95d1f,2023-11-06,S-037,P-004,4,0
b42fe71e-3915-4373-895d-0886f41b7431,2023-11-06,S-019,P-002,10,0
4a2df11f-cd19-411d-a0c5-9a82baa4dbb5,2023-11-06,S-023,P-004,1,0
7003aacf-921b-4d6a-8d36-979834747f3e,2023-11-06,S-044,P-003,5,0
66ef9e3a-c1c5-4d73-b74a-f61da4f2947d,2023-11-06,S-016,P-001,5,0
8ced72cd-02f7-47b2-841e-45750ad5f2cd,2023-11-06,S-013,P-002,1,0
8dc735c0-0ea5-4794-a740-5a8b3dc18c6d,2023-11-06,S-012,P-005,2,0
7a5f8a2b-b7e8-432b-a666-1cae1eb0e84e,2023-11-06,S-023,P-004,1,0
4c0aae6b-fb4c-4b9c-be5f-befbee2525a4,2023-11-06,S-027,P-002,3,0
ecd251c6-03ef-464f-b9de-b0df919d1192,2023-11-06,S-046,P-002,5,0
f40825d5-7467-4afb-a81a-20663d94924f,2023-11-06,S-005,P-005,10,0
84d71593-2814-4a1d-8352-b1c628a3fa40,2023-11-06,S-045,P-006,1,0
17901047-9ad3-4cee-a47d-6c4680f38456,2023-11-06,S-039,P-006,1,0
b2ed1057-c98e-4cff-b16f-6156a50b19b6,2023-11-06,S-042,P-007,5,0
cb66ee39-28c8-4e5b-8166-d4328b5e63d5,2023-11-06,S-048,P-001,2,0
75abb080-41cf-401a-b314-bfab07d63b91,2023-11-06,S-005,P-001,3,0
55ce576b-06fa-4c77-8349-ff71ca009ade,2023-11-06,S-048,P-005,24,0
3458159d-25a3-4a73-9307-4506b4de5841,2023-11-06,S-026,P-007,1,0
e92d8863-aebd-4bef-b89f-86c5744ce9bc,2023-11-06,S-035,P-005,2,0
707887dc-afb6-45bb-9f52-62e7e912edd6,2023-11-06,S-044,P-003,1,0
3cdc811f-ef5a-4531-98d7-893efbc9520c,2023-11-06,S-049,P-002,1,0
2c7c9351-82e6-4edf-bcf0-71b4ea1ba0c4,2023-11-06,S-025,P-005,2,0
3d5cab56-74cc-4e57-b1cd-d565e229eb1e,2023-11-06,S-008,P-003,1,0
ca0f29ae-2ae7-4794-a07b-4cc7bf0aa5a3,2023-11-06,S-002,P-001,1,0
bc1e6168-e86b-40b8-8c80-cf6bf9f364c2,2023-11-06,S-020,P-007,4,0
2d709788-733a-4e09-8967-48f5550568ba,2023-11-06,S-047,P-002,1,0
78e9d98e-95eb-4a8d-a717-b594f49d3156,2023-11-06,S-004,P-005,3,0
c133b11a-8759-4eaa-a011-a091eed32482,2023-11-06,S-026,P-002,3,0
ed5183aa-84fa-4f72-b703-6629cc99ca2b,2023-11-06,S-049,P-003,2,4400
6b244d50-3495-46ea-b929-c0c43865974e,2023-11-06,S-030,P-003,1,0
451e049d-4a85-4d00-9cc1-343bbf3ac260,2023-11-06,S-009,P-005,1,0
126c9062-d481-447c-8b47-77ad5116bd07,2023-11-07,S-011,P-003,1,0
2218b8e6-9178-4f5a-9c18-85bd33bf5b0a,2023-11-07,S-025,P-006,3,0
511f4b63-0700-4eb0-beb0-cd09c27709a8,2023-11-07,S-034,P-004,1,1050
3618447b-f06a-442f-a406-3d27930b2182,2023-11-07,S-016,P-006,10,8000
708a53d5-e480-4a39-89a7-a7fa029b22e0,2023-11-07,S-010,P-006,4,3200
f05f42a8-aba7-4db6-9738-8540ff15db99,2023-11-07,S-014,P-007,1,0
bbd91085-471b-4f2a-b06d-5439f8e79bcb,2023-11-07,S-013,P-004,2,0
0896b700-f97e-4b89-a848-fa699ff7cdc5,2023-11-07,S-004,P-005,1,0
a4f0b607-16e4-468f-ad5a-4826f56080c5,2023-11-07,S-013,P-003,1,2200
af056a24-760f-4e4d-8bdb-e2901b677c08,2023-11-07,S-021,P-006,1,0
be452e9e-3706-4249-b558-5758de8afccf,2023-11-07,S-014,P-006,4,3200
8d30d73a-cc02-4405-b58d-c12ffd48de0d,2023-11-07,S-018,P-007,1,0
358af578-4a17-4f2c-8fc0-3e25d006b87c,2023-11-07,S-024,P-003,1,0
9da96540-5059-4f72-87d7-6c94d6c97254,2023-11-07,S-017,P-004,1,1050
711afe93-b5db-4f6d-8de4-77c265cf2f1b,2023-11-07,S-009,P-002,3,0
3d6e415c-09c5-487e-b040-ba65370f6454,2023-11-07,S-035,P-007,1,0
5e624fb5-3672-445d-9a11-9625e565071a,2023-11-07,S-045,P-004,5,0
acae1e3d-3874-47af-8a59-31a81451829a,2023-11-07,S-035,P-007,5,0
ca242778-ac6f-4d3c-8add-417c15bb9178,2023-11-07,S-002,P-005,5,0
fa06f1bc-d6fe-465f-94e8-d5f74f5d3881,2023-11-07,S-027,P-001,2,0
fd0fa918-051c-496e-88aa-2f4273604408,2023-11-07,S-028,P-006,5,0
462432d9-81aa-4ae9-a709-f9a07ea044cb,2023-11-07,S-010,P-001,1,0
8d7fffcd-a665-4a50-a4b3-2c3e86b8001e,2023-11-07,S-021,P-004,10,10500
8aea7ade-ec41-4046-a8de-6ec6cb614dfe,2023-11-07,S-046,P-003,1,0
fb64fd7d-5d17-42a3-a3a5-81092a55d1dd,2023-11-07,S-050,P-003,2,4400
48789e79-2a43-4f6c-b034-79c0ecc9153f,2023-11-07,S-050,P-003,1,0
1cc76288-905e-413c-8d07-281e9c8f08d3,2023-11-07,S-003,P-002,2,1900
9187691a-9dae-4ef1-aefb-787bdec7a857,2023-11-07,S-005,P-003,1,2200
2bbd6c25-1ab7-436d-addd-1e37a490c83e,2023-11-07,S-045,P-006,24,0
1e5ef2b5-5b41-4999-944a-a70df167c99b,2023-11-07,S-030,P-007,4,0
9a23b407-3888-4f12-9196-adfbd4059a1c,2023-11-07,S-032,P-007,2,1800
6804fb5f-5adb-4f26-90f6-ad569c995b4b,2023-11-07,S-045,P-004,4,0
11128fc2-3540-4f55-94f4-d349a4b84228,2023-11-07,S-009,P-004,2,0
a2053317-a6dd-460d-8ddc-adf50024841a,2023-11-07,S-049,P-007,3,0
1059f330-a69b-4e05-b136-5af259067c26,2023-11-07,S-048,P-003,1,0
c1fb08f3-5e1c-41bd-9b46-d8e84ae62042,2023-11-07,S-027,P-002,1,0
91ce167c-e924-4937-a7de-adfc41d3fbfe,2023-11-07,S-017,P-002,1,0
7199325f-6bd7-462a-9af7-6017c0aa2353,2023-11-07,S-041,P-007,10,0
0aadf3db-c7a9-4729-8e08-1f5cb63dd6aa,2023-11-07,S-020,P-007,1,900
1fba8146-a438-4914-8b5d-0b9e7ba06599,2023-11-07,S-045,P-005,1,0
cbdf857e-6142-4448-b179-1879ca5e149b,2023-11-07,S-043,P-007,1,900
9cddc787-7a65-4ded-9c49-9055291f5afb,2023-11-07,S-039,P-001,1,0
49cc3dd7-d4fa-4429-be17-fae7b43d25a9,2023-11-07,S-001,P-004,2,0
fc076184-f1b5-4d1f-b381-76e1d5f1fb04,2023-11-07,S-036,P-004,2,2100
3d3ad6fe-f57b-40fa-a107-da26ce26c7e0,2023-11-07,S-034,P-003,2,4400
5728d938-84dc-4e13-9d32-56dae3812228,2023-11-07,S-049,P-005,24,0
cbdcd662-91d2-46ee-b0b7-0b1c6150014e,2023-11-07,S-050,P-007,2,1800
e6140e53-fca1-4914-9a9e-17edca293888,2023-11-07,S-030,P-001,4,0
1c8d19ff-f8a2-4d36-a167-68ccfaaa4191,2023-11-07,S-037,P-007,1,0
91560caf-8d50-4683-ba65-00e985610ef9,2023-11-07,S-046,P-005,3,0
1778a211-e540-442d-9556-78f30df818aa,2023-11-07,S-024,P-007,1,0
d8832976-3103-4c24-ad4d-f8bbc77d4cad,2023-11-07,S-049,P-006,10,0
e77aeebe-06c4-4a3d-ab80-9b712338b878,2023-11-07,S-043,P-004,3,0
fb83e863-c810-493f-a464-d6b9d1bc530f,2023-11-07,S-006,P-001,3,0
7c990ea6-f111-43b6-8c57-e62f5b8f73b1,2023-11-07,S-028,P-007,4,0
6e7ac556-bf3a-424b-ae8b-1f40c1f9c032,2023-11-07,S-029,P-002,3,0
645b8ff0-9634-4a42-933b-2ef797c5d55d,2023-11-07,S-023,P-007,1,0
66c33774-1298-4c69-909f-f48ca323ca84,2023-11-07,S-018,P-004,2,0
3f872c66-d2fc-4d2f-9a95-a8d6a2eaa3aa,2023-11-07,S-047,P-007,1,0
9f6c6744-0dd0-485d-aacf-b63bc7db0259,2023-11-07,S-029,P-005,1,1050
56be14d5-75ba-4c3f-aa9f-f57fc0f7391e,2023-11-07,S-006,P-007,10,0
5b4091a9-7c95-41aa-89d5-e9eac5996e95,2023-11-07,S-020,P-003,4,0
031c1714-6ab3-4cc9-8779-3c9883dc7793,2023-11-07,S-043,P-002,1,0
ddb5c714-a75e-4f19-b258-c3358fae41d4,2023-11-07,S-033,P-001,1,0
9904632a-38a5-4203-9e26-c62387cc2efe,2023-11-07,S-017,P-001,2,1400
4c49043c-7bfe-46c8-ae99-d18d83e39892,2023-11-07,S-023,P-004,2,0
dc2100e6-6332-4d85-8bd8-3cff26c20483,2023-11-07,S-018,P-003,3,0
1bf2a7fb-eda3-4016-88b2-bd89c2196a74,2023-11-07,S-002,P-002,1,950
4bb0556c-e9ca-4f6a-b28d-26c41c0a377a,2023-11-07,S-038,P-002,5,0
bfd2cc23-9384-44bd-9546-1e27b36442b0,2023-11-07,S-011,P-001,2,0
0b119766-2362-4052-8f31-c68ee20c5cdd,2023-11-07,S-004,P-001,4,0
3cb9cbf9-a7a5-4fe5-8354-a1840dd72f9a,2023-11-07,S-035,P-007,2,0
843d6b6d-562d-4acd-b7e2-b66934244312,2023-11-07,S-030,P-001,4,0
2655383d-3711-4fde-ba73-b2521d713b7b,2023-11-07,S-018,P-007,4,0
24cffc39-3676-46d9-a5e8-cbbd269ca53d,2023-11-07,S-027,P-002,10,0
cf28c416-5830-438c-b155-3438a22315e8,2023-11-07,S-050,P-004,2,0
cd735e99-99b3-413f-9688-c2bfcc4f8489,2023-11-07,S-045,P-005,1,1050
2b376b3a-e249-435b-881c-3d227f55e86a,2023-11-07,S-046,P-007,3,0
d0934c8e-bb8a-4ab4-9289-79a82ec38d73,2023-11-07,S-045,P-006,2,0
ee769372-b2fe-4ff9-8af4-ea2c1b4e8858,2023-11-07,S-015,P-006,1,0
f75be4bd-579e-4080-9955-64bd4b831cf3,2023-11-07,S-037,P-004,1,1050
7199c24c-2542-4bcf-93b3-2561ba75fbc7,2023-11-07,S-026,P-001,10,0
3126688e-b4a1-48b6-b326-bd661c949465,2023-11-07,S-050,P-003,1,0
66651144-62f9-4b29-9ffe-9551fff3d55c,2023-11-07,S-033,P-007,4,0
31db1b01-74bd-4045-b35b-916c85992a76,2023-11-07,S-049,P-003,2,0
1533e38b-3dbf-4652-a12e-1741f78fc855,2023-11-07,S-038,P-005,3,0
dd710342-a083-40aa-a3b9-d55cfe51ae19,2023-11-07,S-014,P-007,5,0
4107ad3e-cf6b-484e-a69a-daedbd1efa1d,2023-11-07,S-019,P-004,1,1050
f1126409-ca64-4d9f-b624-7322f91e90ae,2023-11-07,S-035,P-004,2,0
51f5a7f1-b769-433c-b671-13d007844a0b,2023-11-07,S-018,P-004,1,0
50a4d31a-0dd1-4f4a-97d9-2f70b6fbf98e,2023-11-07,S-036,P-006,1,0
853ddbd4-8add-4cd8-96cc-027479acfda2,2023-11-07,S-008,P-005,10,0
72411bec-9afb-4a2c-ab35-f921540d1b9f,2023-11-07,S-044,P-001,2,0
4c41163d-fe45-48f7-90b5-8a7fe294aa57,2023-11-07,S-035,P-003,2,0
edc520f3-0cae-41b9-b192-3d9cee6f846e,2023-11-07,S-044,P-005,5,5250
597a8798-0a58-4866-902e-05c2de6b4104,2023-11-07,S-013,P-001,3,0
ae58937b-cd81-416c-9d27-f8198ed1ba32,2023-11-07,S-013,P-001,2,0
c3c10d4e-af21-4aad-886d-463b974010d6,2023-11-07,S-002,P-002,5,0
ef45d170-4424-4881-9101-66fe796bffaa,2023-11-07,S-016,P-003,1,0
2ab06efd-85c8-49f2-9acb-6b1b0464b471,2023-11-07,S-042,P-002,5,0
2c5ff852-f019-4af6-beef-1a6acb09ca42,2023-11-07,S-049,P-001,4,0
09fc9862-fd1d-423a-8e25-4522e46f8c37,2023-11-07,S-017,P-003,3,0
7bb6888b-e0dd-41a7-a347-c344b25be176,2023-11-07,S-048,P-007,3,0
99f6f9d2-1dc0-4e40-afb1-4ba4f67dcb18,2023-11-07,S-012,P-007,1,0
09a9afad-c755-4147-8be8-6f0ec953b415,2023-11-07,S-033,P-002,1,950
9a7e46e8-5049-447d-9509-2c495e24d7ea,2023-11-07,S-001,P-006,2,0
1bbabef0-a868-4cb4-84bf-9ea6d896c4cf,2023-11-07,S-016,P-006,1,0
75cecc0d-4642-43c1-996c-f3b75f73991c,2023-11-07,S-021,P-007,3,2700
30743c98-acba-46e8-a314-d83dc65dc5d2,2023-11-07,S-040,P-005,1,0
390093de-a196-4216-a75e-31246abd3f17,2023-11-07,S-044,P-006,1,0
7af4df5d-c358-4138-89b7-548fe86e6984,2023-11-07,S-042,P-003,4,0
481ca5e3-5a56-4e9a-bac1-8f9f65805f81,2023-11-07,S-027,P-006,2,0
6907442c-532e-4b76-bd25-305c2f3b995b,2023-11-07,S-037,P-006,1,0
691a952d-8e61-4ac6-8767-476571a2f476,2023-11-07,S-018,P-005,1,0
3485936a-eff4-46f6-a4b3-3778ac9ce204,2023-11-07,S-037,P-002,3,0
a9986248-1947-447a-b181-0d739bd2a1ba,2023-11-07,S-039,P-004,1,0
195fc6fd-6f02-44f9-8348-b4903be8c576,2023-11-07,S-019,P-004,2,0
ba861f4c-a3d7-4c13-b1dc-21ce10c1623c,2023-11-07,S-009,P-006,1,0
4253103f-489f-4b9b-996e-d6a5f1e35e07,2023-11-07,S-007,P-006,1,800
edf0c858-2510-45a6-9d70-ecbdb5ab75a8,2023-11-07,S-020,P-001,1,0
0168dd57-4250-4028-b6c4-0e72060d9b94,2023-11-07,S-003,P-002,1,0
f1abfd6e-2b9b-4c13-916b-6f2db6e205dc,2023-11-07,S-034,P-001,1,0
97b5d17e-f42a-415e-b7e8-8a85a6bcda3f,2023-11-07,S-013,P-004,1,0
97fb8d1e-92d3-4c3d-9f45-025e085f74f3,2023-11-07,S-012,P-006,3,0
a6611e80-5cea-46e9-b846-798004135bde,2023-11-07,S-001,P-007,2,0
28040d4e-c327-4589-a3cd-a91d32ec2db8,2023-11-07,S-028,P-001,1,0
41d05db2-8a7c-4df2-9b4f-e10d9ee33c33,2023-11-07,S-018,P-001,2,0
ac6bb1be-7fa7-4848-88b9-c81f0d01150a,2023-11-07,S-016,P-002,4,0
1cb3bbdb-a8a0-468f-ba00-aeba7be237a5,2023-11-07,S-035,P-007,1,0
98b4858b-bf38-4b91-b998-fa4d4edb5af5,2023-11-07,S-045,P-002,3,0
007e9a23-1736-478a-a300-2dd9e9ec6926,2023-11-07,S-048,P-004,1,0
1c41b700-c3a4-4446-9d51-feb64f4401d1,2023-11-07,S-048,P-003,1,0
a66620da-138b-4050-94f8-1d18a619b45a,2023-11-07,S-007,P-002,1,0
3cd1b734-6d2a-47cd-8a06-48e0abc68253,2023-11-07,S-046,P-006,4,0
745cab7f-82cb-46f9-ad4a-cb56f6e99ed0,2023-11-07,S-007,P-003,1,2200
882d1ff2-bbae-42c0-8a0a-bf446155de15,2023-11-07,S-029,P-005,1,0
882d517d-4a57-4543-a392-0fc6d2228e25,2023-11-07,S-029,P-004,4,0
bb674769-3370-432d-bccb-0fb9c2de3f6d,2023-11-07,S-031,P-006,2,0
148df620-1979-4f81-bf11-b4000b5e03a1,2023-11-07,S-006,P-004,1,0
9f06c136-1b40-4339-8c97-cc25a53d1bcb,2023-11-07,S-011,P-002,5,4750
ba0fd633-c5b6-4ee2-87b7-d450fb18e256,2023-11-07,S-010,P-005,1,0
a54540d1-f582-4eb6-bc08-6b456b24c3f4,2023-11-07,S-044,P-007,2,0
cc291414-5e24-41f3-b319-bf22cf297e91,2023-11-07,S-005,P-006,2,0
1d854d7c-7093-4f48-aad0-b40dde2e4a4e,2023-11-07,S-035,P-002,1,0
8112461a-6c58-4adf-b21d-8d0566ddb4a7,2023-11-07,S-001,P-007,1,900
e91974e2-ad13-4644-b9ac-cd8b0c6f25d4,2023-11-07,S-047,P-006,24,0
d4afbccb-84e6-4558-9cb1-86cd5877c5b8,2023-11-07,S-004,P-001,1,0
4d50efa3-a7ec-41ca-84fd-53bafecfd505,2023-11-07,S-022,P-001,4,0
6b0186b8-2fa1-4078-835f-86ccbbba8bcf,2023-11-07,S-042,P-007,4,0
464bd47e-6af3-4c0b-8b86-e4f4a08b1356,2023-11-08,S-023,P-007,1,0
3b49f989-2556-4a0e-ba61-03b3412e5d84,2023-11-08,S-041,P-002,1,950
b2e836e2-cf13-402c-8fcd-07556ba542ba,2023-11-08,S-032,P-003,2,0
26d339ee-e330-4b54-aa21-aeb27015d1b3,2023-11-08,S-042,P-007,2,0
c30369cb-2833-4f66-a8dd-2191f3f93e9f,2023-11-08,S-008,P-002,1,0
682b73b3-06ed-4eb1-b0e6-45545c7c09d4,2023-11-08,S-017,P-003,1,2200
424e39a5-d980-42b2-80c6-857cf05991cc,2023-11-08,S-004,P-004,1,0
cdafd6e9-ec9d-40f7-9069-e9f716115e00,2023-11-08,S-037,P-002,1,0
ee0c99e3-2ef6-4199-88f3-e4e0f39cc030,2023-11-08,S-029,P-001,1,700
e35b0a2c-6f23-4a03-aa68-797a73dacc5c,2023-11-08,S-022,P-004,1,0
53b15720-f829-4221-b26e-50182679aac8,2023-11-08,S-018,P-006,3,2400
ca77f0ea-98b4-43fd-977a-12da915086ea,2023-11-08,S-015,P-002,2,0
3ed4a526-f1e0-4d77-9cf2-eca8d83838b1,2023-11-08,S-009,P-005,1,0
4ebe2cd2-5133-4390-93e2-56663cc54276,2023-11-08,S-024,P-001,1,0
7b547b11-7ffb-4853-a13b-31c623f4b3ed,2023-11-08,S-048,P-004,1,0
436645fe-27f3-489a-a07a-cd52516230a6,2023-11-08,S-049,P-007,3,0
0fcc8589-cb4a-4f17-8bab-ead79ea8e2c7,2023-11-08,S-039,P-002,2,0
07486cd3-4d1e-4036-94c4-9181c12d12ad,2023-11-08,S-032,P-004,1,1050
29f31d6f-6324-48ec-b674-640a63fd0727,2023-11-08,S-045,P-005,2,0
43897de4-0e9a-42ce-b7c2-892dcdf4905a,2023-11-08,S-007,P-002,2,1900
13790d4f-dcaa-41a5-bd31-9166c5b7a66a,2023-11-08,S-001,P-001,1,0
b6a20570-10b1-42d3-ab5e-b718fda532aa,2023-11-08,S-012,P-006,2,0
f2d8b3c6-6586-4b9f-8be7-cfbb6835a803,2023-11-08,S-017,P-006,1,800
6a7dcc30-6a76-4960-8923-3b5a06ceb45e,2023-11-08,S-040,P-002,4,0
8c851158-f9e3-4a87-955f-b509983f202f,2023-11-08,S-048,P-006,2,1600
013336b9-b505-45d5-9cfb-0e29e4160097,2023-11-08,S-026,P-001,2,0
b89b430c-527f-4cbd-95cd-3c7fe07511bd,2023-11-08,S-002,P-007,3,0
f1d0d8b7-9c2a-4f9e-8332-02404f622d9b,2023-11-08,S-020,P-007,3,0
913871ed-6a75-44e2-85d7-bdc622d62173,2023-11-08,S-035,P-006,1,0
f626d219-f3ce-40e1-b621-cd9610c4024c,2023-11-08,S-050,P-004,1,0
23512dbe-e235-4f92-b982-7398c7b6c55d,2023-11-08,S-046,P-005,5,0
b84db99d-9093-45de-b05f-2bdb830562e0,2023-11-08,S-047,P-001,1,0
8bb4ac14-3173-4c35-ab6f-40813f7dffc4,2023-11-08,S-042,P-006,4,3200
7b40fe9e-0c15-466a-ab76-d651235193bb,2023-11-08,S-028,P-004,1,0
4c3cd3f7-8048-4f61-9420-d64e1f3d8231,2023-11-08,S-046,P-006,2,1600
40f572eb-81f3-41db-b9e1-0bfe83e4ea1c,2023-11-08,S-006,P-002,2,0
e0e2f3f9-356b-43f9-a0ac-3f16e4f5fa06,2023-11-08,S-017,P-003,2,4400
97dfb694-53f8-4337-a369-907cd953a8d5,2023-11-08,S-039,P-004,1,0
dd972f7d-6ba1-46d0-b796-2ba33bae87a2,2023-11-08,S-018,P-006,1,0
19d6efc2-3c2e-4074-909e-769c391f8689,2023-11-08,S-047,P-002,2,1900
b348d04a-f125-44c3-a38b-bb0c61cf1c22,2023-11-08,S-004,P-004,2,0
b2bdc7bc-e942-4fea-b987-ff622f30c123,2023-11-08,S-020,P-006,1,0
ca43e3a5-1890-456d-812e-37fd3ad7b3ec,2023-11-08,S-013,P-007,3,0
0e194489-54ec-4005-beba-73fc7d4d00fa,2023-11-08,S-024,P-002,2,0
a56fc4e4-fc0a-4a49-959c-9cc86aaaf4aa,2023-11-08,S-026,P-007,5,0
a8fb4f64-71b2-4132-bd4b-568ced62a100,2023-11-08,S-019,P-007,1,900
2ff2ed3b-bac8-4ad1-b94d-df514af4f795,2023-11-08,S-001,P-003,5,0
ec8a88f8-6612-4638-a1bf-abe852ac4dac,2023-11-08,S-002,P-007,1,0
e2cc57b0-6b8e-4304-bf1d-ece7e409b26e,2023-11-08,S-008,P-004,10,10500
ad086323-1928-4fb7-afa7-db58b8e7ef75,2023-11-08,S-049,P-001,2,0
f8489524-477a-4c23-84a2-6fede3a5bdee,2023-11-08,S-035,P-001,3,2100
d43fa2db-8c64-4483-9403-21c6ade6aeac,2023-11-08,S-023,P-001,4,0
5098c19a-4663-4f2f-93bd-d8cd820e5992,2023-11-08,S-049,P-007,2,0
d5d8ed5b-8700-4f73-84de-36df24071e94,2023-11-08,S-006,P-002,1,0
cc254a49-5e37-4b8f-993c-577ab27c5140,2023-11-08,S-022,P-004,3,0
60e85ece-5cd0-4e58-b70f-8ca7686e2577,2023-11-08,S-006,P-006,1,800
3e224b96-d7c2-41a1-8a54-64fd4c500bb5,2023-11-08,S-038,P-005,1,0
2ff83e34-8cba-486a-99a5-11431c2f978b,2023-11-08,S-021,P-003,1,2200
1f476562-b348-47fd-b1e9-627df92f3865,2023-11-08,S-033,P-003,2,0
578923db-4c84-42b8-8ba8-5f68161c61d7,2023-11-08,S-011,P-003,1,2200
a643e502-7a89-4218-9623-54366c8db830,2023-11-08,S-049,P-004,1,0
78dca4f1-a9d4-44c7-b238-24609c31a371,2023-11-08,S-040,P-004,2,0
3796e08c-7127-4c12-9f5c-88db5c7e6ef3,2023-11-08,S-025,P-002,3,0
1f3c9d2a-4be6-4898-9ff5-97447e37ab5e,2023-11-08,S-038,P-003,1,0
0f4f7fae-b87c-4091-95a5-b6cb0f838eb5,2023-11-08,S-032,P-006,1,0
86620773-7575-4580-9403-67e83f3e9d73,2023-11-08,S-039,P-006,1,0
696a66ba-699f-42c1-bf20-dcf8e14ab489,2023-11-08,S-038,P-006,1,0
90880950-6891-419d-b8d8-12d2ece0cab6,2023-11-08,S-015,P-002,2,1900
67753586-7ced-45c8-bb66-4ad79901f9b1,2023-11-08,S-026,P-007,4,0
2a6fabb0-df58-41bb-9091-63b8a72bbf5d,2023-11-08,S-044,P-001,2,0
7ef90b06-d246-4775-9378-e0f75b03bdf1,2023-11-08,S-023,P-003,3,0
fc48e5fe-402d-4adc-85fa-f7a404bb8ae6,2023-11-08,S-023,P-001,4,0
53ba7142-374e-4eee-8d86-a342c42bd08b,2023-11-08,S-044,P-002,4,0
5bc44d7c-0314-4ade-8584-2601435ec37d,2023-11-08,S-023,P-002,2,0
8bc01aaa-4f25-476a-9470-3598d6eb553a,2023-11-08,S-049,P-007,5,0
1b7aceca-4f31-4a22-a0a9-e0d3e85c5c9b,2023-11-08,S-027,P-004,1,0
9f88c471-46eb-4bb2-887d-0d7d26da3e31,2023-11-08,S-021,P-006,4,0
441f68bf-c51f-4604-83d9-ddd1ec0b78a8,2023-11-08,S-037,P-003,1,0
e7d1c5e5-236e-49ac-a673-acbd531d01fc,2023-11-08,S-001,P-005,2,0
ecee6ee5-f0b4-405e-bece-eabe3e19c5fe,2023-11-08,S-033,P-007,2,0
2d3c58a6-8c6e-4603-b6a1-e3ba7a5f53db,2023-11-08,S-012,P-001,1,0
4189fa33-fae4-4021-a0dd-3d9373e1735b,2023-11-08,S-024,P-007,3,0
cf3b84af-ec49-45c0-b7e5-402af789d56f,2023-11-08,S-030,P-001,1,0
8038d8a8-dca5-480d-b7ab-93b9aba0954f,2023-11-08,S-004,P-006,1,0
54772617-884e-4a10-851c-916d1e2ddc98,2023-11-08,S-026,P-004,1,0
b6e3024d-47ce-4d7e-8f5e-3ca1ff4b2e73,2023-11-08,S-010,P-001,1,0
0cd63f63-5d82-4bcc-b875-2f70e4efa158,2023-11-08,S-012,P-003,1,2200
9105e921-77dc-4db5-9610-9b06618f0a67,2023-11-08,S-016,P-005,4,4200
2dbc1aa5-b9bd-4803-b6e0-ee8e8b7c29e4,2023-11-08,S-005,P-001,2,1400
55f5abdd-91b9-4e31-87b7-17c71b81011c,2023-11-08,S-010,P-003,1,0
a4b8f460-dd3c-4e6b-8ac9-aec0d4dd2b21,2023-11-08,S-038,P-001,1,0
9bbeac6e-871d-442f-9513-28dc70a6e8bd,2023-11-08,S-021,P-002,2,0
0c6ee371-3ced-4ca5-b52d-1a1f1a9ec1dd,2023-11-08,S-046,P-004,1,1050
c8d18518-fa71-4161-939d-dbe1370c27ac,2023-11-08,S-035,P-003,1,0
ab5de17b-144e-4c5f-98c8-4406cc43a81e,2023-11-08,S-017,P-002,1,0
c82377e2-af23-457a-bba8-4b971c92a178,2023-11-08,S-039,P-004,1,0
d4634b48-5cf4-41c0-b5d9-c6758a18dba5,2023-11-08,S-037,P-007,4,0
542c5070-6f95-47c8-9f9c-a2d4016152d3,2023-11-08,S-016,P-006,1,0
8ef47d9b-f759-4085-8dfa-bd5935fdd1ca,2023-11-08,S-021,P-006,2,0
3163e1b0-bc37-4ea8-ac76-411b8c47dcd5,2023-11-08,S-014,P-005,2,0
f13fd936-1a34-4721-8ecc-86ec8502a2bc,2023-11-08,S-046,P-003,1,0
7ea0272a-4563-46bb-b475-04fc86a7386a,2023-11-08,S-028,P-001,4,0
53f025b8-0a91-41b4-8ec7-0d61645a543e,2023-11-08,S-027,P-005,2,0
558a0059-db48-4007-a4b6-363246726b1b,2023-11-08,S-009,P-007,3,0
de853b2f-0f3a-4fe6-8c51-b7cb21027869,2023-11-08,S-017,P-004,1,0
faedc3d8-83f1-4350-8479-6d5b33e34089,2023-11-08,S-018,P-005,2,0
243dfa6e-0628-4b54-9d7b-68691693338f,2023-11-08,S-003,P-007,3,0
b6087329-b0e7-4a0c-9f84-f95e1990b7cb,2023-11-08,S-026,P-007,1,0
d17e7d91-b5a5-4447-a21e-274269c6af15,2023-11-08,S-024,P-007,24,0
513382a2-0adf-45d1-b4a8-b6125abe304c,2023-11-08,S-029,P-003,4,0
342e14f6-6dcd-4724-8274-10d25df7a6d4,2023-11-08,S-016,P-002,1,0
fd5cc9e0-c674-40f4-9997-db423d1c6423,2023-11-08,S-042,P-006,1,0
492fe55c-1a80-47ae-9833-c56e03fe0d6e,2023-11-08,S-021,P-006,2,0
8fe0c737-b1c5-4d84-884e-0e405546fd55,2023-11-08,S-001,P-002,3,0
a32fda73-c06d-4eea-91a1-a5d33b7f32fe,2023-11-08,S-014,P-006,1,800
53fab51e-e01f-4de7-beef-1152be59332c,2023-11-08,S-003,P-003,2,0
f11c8f3a-68f9-48e1-92bb-4733f354dfe0,2023-11-08,S-017,P-001,4,2800
fbe47f10-0b0b-46b1-96b8-bcb1053a3ca8,2023-11-08,S-006,P-004,3,0
83ea3157-e9c8-41a3-98c9-076af735f460,2023-11-08,S-020,P-006,1,0
8e622faf-b41d-42b6-ae3f-b02264222220,2023-11-08,S-035,P-004,3,0
b48ca396-0794-4d06-a4e1-05ce25dd5ef3,2023-11-08,S-003,P-007,3,0
a83483aa-da47-412e-9207-422f5f8cb389,2023-11-08,S-035,P-007,5,0
db3a5f24-9a5d-490c-a4de-4536144558ba,2023-11-08,S-007,P-001,2,0
43b1e141-24a8-4624-b2ed-c13b1d66b188,2023-11-08,S-022,P-001,4,0
8e5492f8-1f5f-4a40-8589-0329bda2e37e,2023-11-08,S-014,P-001,3,0
1bd1ddd1-6016-4f3a-a5fa-7cc658a1cc5e,2023-11-08,S-015,P-002,1,950
d5952bfc-3629-496a-b408-beb91c9e2846,2023-11-08,S-011,P-002,3,0
33b470c8-ff0c-4d95-89c3-7c2ff60f4c50,2023-11-08,S-029,P-004,1,0
407eb23a-8848-4379-a0d5-1616c77c94e4,2023-11-08,S-017,P-005,3,0
be306e73-96b9-488b-94e0-1ec2e6c0a993,2023-11-08,S-030,P-003,4,0
35ec4993-f9cc-42a4-a971-d917d8e89dc1,2023-11-08,S-039,P-002,1,0
2cf40ea7-dda0-4841-b8fa-a0ae19866f97,2023-11-08,S-040,P-002,10,0
b8229bd0-307a-47c1-9ea1-28ab47d49cef,2023-11-08,S-033,P-006,1,800
a68e8956-8466-4af3-bb6f-497695645bd9,2023-11-08,S-037,P-002,1,0
6c39134a-ea79-4ee1-bdc8-02be05595d11,2023-11-08,S-003,P-003,1,0
312fe822-0ca8-4ce2-bb97-f20d4ad00ce8,2023-11-08,S-019,P-003,1,0
3877f62e-7186-4ea1-ad57-cf0be10af837,2023-11-08,S-038,P-006,4,3200
91ebda49-fbab-43f0-851b-6cf7c5afba68,2023-11-08,S-039,P-007,10,0
1b979447-07c5-43c0-bc1f-ba4ce37fda74,2023-11-08,S-009,P-002,2,0
42c1cbf4-326a-4e15-9b02-c0f46bbe415b,2023-11-08,S-050,P-006,4,0
2b37e7ad-25ee-493f-80bc-affba021735d,2023-11-08,S-026,P-003,1,0
9e098268-9057-4b24-b6aa-56c9c8394c86,2023-11-08,S-017,P-001,4,0
53bc5411-36dd-49f3-94a4-eeb558cfa4e2,2023-11-08,S-013,P-006,1,0
93662baf-5f69-4513-b741-95577320f948,2023-11-08,S-020,P-001,1,0
69acde8c-a907-4441-82fc-cd92e81d0914,2023-11-08,S-011,P-006,1,0
30b4bdff-5bc8-4256-920d-f0ce72828b16,2023-11-08,S-049,P-002,2,0
be8ec254-8ef1-464c-b7ba-c82fe22ff360,2023-11-08,S-012,P-006,2,0
95ceea20-c0bf-4159-bdf8-e4c5adfcf8a5,2023-11-08,S-018,P-004,1,0
437b7b4c-c070-4fb8-ba30-6cce36f2fbac,2023-11-08,S-022,P-003,3,0
5529ac8f-36ed-40f7-8b4c-b9dcd067cb0d,2023-11-08,S-006,P-001,1,700
abefd10a-ded7-4c00-b2f1-76795045401e,2023-11-08,S-046,P-004,2,2100
d8299cdf-2322-4102-af48-ae4cd4139a19,2023-11-08,S-009,P-003,1,0
126f7ff4-7b29-4abe-b0f5-34b4021ab41b,2023-11-08,S-004,P-005,1,0
9aad4901-50d6-4071-9a74-884b97ec50ca,2023-11-09,S-027,P-002,1,0
4da8842e-f01e-4d22-bc92-829c093cd827,2023-11-09,S-010,P-005,1,0
06e2dc0f-8dba-4477-9599-27665e4f29b5,2023-11-09,S-020,P-006,4,3200
46ea4e4e-a49b-4282-b97f-b29c10ef5cb9,2023-11-09,S-008,P-005,1,1050
6604b1a8-47dc-44f7-bd40-42673a747e5f,2023-11-09,S-034,P-002,1,950
072874bb-a70a-4f9e-bf7f-6880f134a352,2023-11-09,S-032,P-004,4,0
d35c391d-1f27-4429-b16c-c7fddae4a016,2023-11-09,S-050,P-006,1,0
d66b35ce-9c70-4822-a7d2-096175531ad9,2023-11-09,S-037,P-007,24,0
ec139d2c-07b8-4f9a-9360-d1c882c7baed,2023-11-09,S-041,P-004,5,0
42ed20c5-ca47-4011-8776-1957de8e3503,2023-11-09,S-050,P-007,1,0
68ee54bb-aff2-4e5b-9a69-d80186fa0bee,2023-11-09,S-049,P-002,2,0
f9f55d22-ee90-4281-8fe9-aa89dc56886c,2023-11-09,S-005,P-003,1,0
63b00667-47c8-4492-a176-4f27219f0826,2023-11-09,S-044,P-002,4,0
25418361-bfb6-4906-be07-5c6c0e38cf8d,2023-11-09,S-044,P-004,1,0
6c0a86b8-302e-42e3-9629-3c1833439cee,2023-11-09,S-010,P-006,2,0
545e9cce-d9f1-4863-9b32-b6b6b75acb74,2023-11-09,S-038,P-005,10,0
4045e95d-4f73-4ee9-bb74-00a4c952b1eb,2023-11-09,S-037,P-005,1,0
0effaa40-449e-4226-aaee-c18e5c978b56,2023-11-09,S-027,P-007,10,0
9388aa9d-5473-4671-9539-1a5d406cb724,2023-11-09,S-044,P-007,4,0
882af0eb-63ab-450f-8bcf-a9916196f146,2023-11-09,S-004,P-004,1,0
7b1e37e6-63ca-472b-8087-c345f5f37361,2023-11-09,S-033,P-006,1,0
3e0afc42-93c8-4b32-b9db-904fd2bb0bc1,2023-11-09,S-039,P-005,1,0
482c60e2-ebae-472e-a5c5-5bf07a176ab2,2023-11-09,S-003,P-004,1,0
2fcfbebe-f889-4291-b808-a23093d3368e,2023-11-09,S-014,P-007,1,0
183ca1da-5b31-4a52-8c5e-2bbe4af93263,2023-11-09,S-048,P-001,2,0
bc722ec9-41e3-4698-9319-a05ff5699ae9,2023-11-09,S-035,P-003,10,0
17a81c31-3536-46b1-8daf-e161591c9a3b,2023-11-09,S-032,P-006,1,0
60c2132b-0c6b-4d5c-a5c9-448d84871081,2023-11-09,S-024,P-002,1,0
4ced86b2-3e06-48a4-abb3-027147f8f9a0,2023-11-09,S-038,P-002,5,0
05a7e9b4-aadb-4d73-87d4-6d912b5cc7fd,2023-11-09,S-018,P-002,1,950
1a40096e-6ef0-4d22-8242-2830230abc48,2023-11-09,S-034,P-002,2,1900
fb3595da-f66f-4f97-96a3-d191b98bf41f,2023-11-09,S-032,P-002,2,1900
f688663c-7ae9-40e7-b17a-2018b55fe597,2023-11-09,S-006,P-005,1,1050
8bee55be-025f-40a5-8a88-f3300672f2e7,2023-11-09,S-009,P-005,2,0
82b21e7b-48ac-4c73-aef1-01a2ef0a61bd,2023-11-09,S-018,P-001,1,0
29a05076-79af-4677-9041-aa27d7909fe0,2023-11-09,S-031,P-004,1,0
93e08e53-1ca2-4561-a56c-1cce3737f6e4,2023-11-09,S-044,P-002,1,0
b243db76-e139-497f-8168-247b3ff7b50f,2023-11-09,S-039,P-002,1,0
74320143-39a9-4d3b-8232-694151d014c6,2023-11-09,S-009,P-007,1,900
570d5322-801d-4860-aa3b-e11fd9b8c587,2023-11-09,S-034,P-004,1,1050
9954b2af-8105-4fe0-88fa-cc63b8cc1a56,2023-11-09,S-039,P-006,4,3200
7a6c53dc-2ddd-4ca9-a566-910a57938394,2023-11-09,S-019,P-001,2,0
3bf681d3-02c5-475d-b28d-f5d6ee9b1482,2023-11-09,S-045,P-007,1,0
20bf6497-a667-49a9-a6b8-c236be6d7001,2023-11-09,S-041,P-001,1,0
d1970d3c-de0e-4923-8f56-4e483410adcc,2023-11-09,S-016,P-006,1,0
fa7ff223-2c6b-4eb8-9ed4-c8bbc6e629bd,2023-11-09,S-040,P-004,1,0
d0a37c2c-87d6-42ed-93f5-d6c73ed5ad74,2023-11-09,S-014,P-004,2,0
eb436e1b-afe3-4e04-9b9d-a4c63a9b08ee,2023-11-09,S-035,P-005,1,0
ff2d56a5-1f82-4036-8033-a0a3341add2a,2023-11-09,S-036,P-007,1,0
721e5c79-1cfe-4294-b3e8-e0de47bf8858,2023-11-09,S-039,P-002,2,0
14ef76d8-dbcd-4303-9533-4f6dbf5c2cf0,2023-11-09,S-026,P-007,4,3600
45d31000-6a22-49bc-98f9-a72f8f246f92,2023-11-09,S-005,P-004,2,0
7649389b-71e3-46eb-9157-f1ab93aa6b59,2023-11-09,S-007,P-001,3,2100
97f642f7-fcfa-4bce-ad0f-1040ac630c50,2023-11-09,S-006,P-007,3,0
aa9c167e-b4d4-40b1-b4f8-78a599d6c0ee,2023-11-09,S-049,P-006,4,0
5dd4af28-b3a3-4ec7-b4da-2f355835591b,2023-11-09,S-014,P-003,1,2200
8bd2c54f-eb7b-4314-83b7-3d7d3f45a258,2023-11-09,S-032,P-005,4,0
29d226c0-8880-4f5e-9410-efcb72e424d2,2023-11-09,S-023,P-001,3,2100
6be5d843-5801-4c70-8466-feb578fbbddd,2023-11-09,S-018,P-006,1,0
68a908d3-0e59-4992-91cf-e17739bafb5a,2023-11-09,S-002,P-006,2,1600
17d870e7-a6f2-43a8-b15d-37f13e9e0ce6,2023-11-09,S-005,P-004,3,0
dc20a6fb-4bbc-4534-9530-38939a1a0407,2023-11-09,S-037,P-003,1,2200
81ec3da8-93a9-4199-a660-5273b87e3386,2023-11-09,S-005,P-002,10,9500
c700360b-5614-43b8-97fa-65829e8f8c48,2023-11-09,S-036,P-007,1,0
d8d3ab26-8bd1-4f87-8fa4-e4ae3ebe7a36,2023-11-09,S-025,P-007,1,0
92d4eb72-ecee-47d5-b2b3-882a9dc4ef7a,2023-11-09,S-041,P-007,3,0
e8bd8077-2ef1-41d8-8557-28ee133e256a,2023-11-09,S-035,P-005,1,0
97dec5bc-57af-4424-b911-b7a148930514,2023-11-09,S-006,P-005,3,0
0055e8ae-f4a4-4928-8f78-cc6dda238442,2023-11-09,S-004,P-002,1,0
c4504011-f069-4694-a291-67492209b8d6,2023-11-09,S-001,P-007,1,0
c493e994-0f9d-4771-aaee-90055414ba30,2023-11-09,S-002,P-001,1,700
f265168c-ceed-4d85-b6d6-c70c23a6b524,2023-11-09,S-005,P-005,2,0
b95845e4-6179-4210-a2c1-2bcb5925ef0f,2023-11-09,S-044,P-007,3,0
5dd87299-7b7f-49fb-bfbb-7ae45dbc8ff7,2023-11-09,S-022,P-003,1,0
771308c8-236a-4cff-906d-f902480d107d,2023-11-09,S-038,P-004,5,5250
1116fd4e-611a-4a0b-9b2e-111f27924f9c,2023-11-09,S-023,P-002,1,950
4f13181c-4aa2-4dd2-8a85-69905805fd23,2023-11-09,S-003,P-006,1,800
554b9c49-214a-481d-b4b0-fa610164c715,2023-11-09,S-015,P-002,1,0
5c5d3db1-0e39-426a-865a-63158e7b5c90,2023-11-09,S-015,P-006,1,800
c0bb6dcd-8a07-4a2e-9701-4b075709df4f,2023-11-09,S-026,P-007,1,0
fce4fd02-f63d-44f6-a87d-cbadd51c0c67,2023-11-09,S-043,P-006,1,0
0be61200-e797-4233-b4b5-99e6ece71fed,2023-11-09,S-025,P-004,2,0
92735e20-9992-4686-82b7-68daf8935418,2023-11-09,S-035,P-006,2,0
9a32b45d-fa5d-467c-9405-bd31541b4ba2,2023-11-09,S-024,P-007,1,0
eeedfaff-8808-4abe-a13d-ab26bb7dc8ec,2023-11-09,S-003,P-002,2,0
e66bd2dd-d5bf-4ab5-8fd4-748f5b9e0ef2,2023-11-09,S-006,P-006,1,0
c1c5024c-6cca-4b10-b0cc-b56eb1f82aec,2023-11-09,S-044,P-005,2,0
03f5d70d-d952-480a-a728-e6478be8a5cd,2023-11-09,S-020,P-007,1,0
718608b7-956b-4070-935c-6391233d5685,2023-11-09,S-023,P-005,1,0
d97f077f-fcd5-45c5-bb94-1e8abc6100f4,2023-11-09,S-048,P-004,1,1050
0a9288a7-d883-42ad-8834-17f4e42b80e7,2023-11-09,S-025,P-003,4,8800
166e166a-3b14-490d-95e1-48326acac328,2023-11-09,S-024,P-002,1,0
b1db0cd2-933e-46ab-a77b-0ca27c0bcb62,2023-11-09,S-030,P-005,2,0
beca9085-d5d3-4249-9ef7-ae9ae77db0a6,2023-11-09,S-036,P-002,1,0
ff67fa0f-c37e-4e05-898e-b89be95620bd,2023-11-09,S-049,P-001,4,0
d9aa73ff-b28f-4def-8a70-acc043292fd5,2023-11-09,S-002,P-005,1,0
9ce851a6-0608-4d8b-8bc6-a4c62331ed49,2023-11-09,S-042,P-007,1,900
f386b545-6334-4582-9793-a066e564e7ef,2023-11-09,S-013,P-001,1,0
37584db9-03cf-40b3-9c93-80333fe725d2,2023-11-09,S-043,P-002,1,0
3c48857c-09d6-4241-8d2e-e97720f1aaee,2023-11-09,S-014,P-002,2,0
b072c2a7-0223-4a2a-978c-be633211eff3,2023-11-09,S-010,P-003,4,0
c26b80c1-f2a0-43ad-ad73-57b8bad0c14a,2023-11-09,S-006,P-003,1,2200
039b1d84-24c3-4e16-bad6-96317d1f6c0d,2023-11-09,S-024,P-006,1,0
18edd108-f88d-461c-978a-3aedf5b8d646,2023-11-09,S-031,P-003,2,0
bd04e25d-52db-4150-9d2d-e5806202f70f,2023-11-09,S-009,P-001,1,700
16cef11e-38cc-4c4c-a04d-de0f21bf81e8,2023-11-09,S-012,P-003,1,0
7b2b1323-eaf2-4f6a-8b1d-ebeaeca0a9b7,2023-11-09,S-008,P-001,1,0
24725b8b-bd74-4060-b28b-90ec85d7007d,2023-11-09,S-033,P-004,2,0
0164e42c-e5b0-4cfa-971e-4984b5d40f3e,2023-11-09,S-025,P-002,4,3800
195c02fe-216a-4547-bd91-2452fc6cc766,2023-11-09,S-043,P-003,3,0
80f73b05-599f-4fbb-9fbe-01222bd19464,2023-11-09,S-007,P-007,1,0
d43a4365-a62a-4039-9f47-bba95a84db35,2023-11-09,S-020,P-007,1,0
267191b8-2746-4346-a2ab-d08b456f3386,2023-11-09,S-014,P-003,1,0
d5dc885d-90e1-4bbd-af5f-5a57c2138a9d,2023-11-09,S-032,P-002,3,0
305b3ef4-4d5f-4e47-b471-ae5a98c4f5c5,2023-11-09,S-026,P-002,4,0
c8b2352a-8c5f-4fa9-8cd6-15df6b174332,2023-11-09,S-019,P-001,1,0
057456cf-85e8-40f9-9eae-c80baf2275db,2023-11-09,S-048,P-006,1,0
8125cb92-57f8-4dbd-85b9-75973fed105d,2023-11-09,S-036,P-007,1,0
65ae4c8e-f197-4519-8fea-9672290b8759,2023-11-09,S-038,P-001,2,0
55a2a7bd-fcad-4e31-a607-3ce285aa0a49,2023-11-09,S-018,P-007,1,900
fc6666f7-e279-4054-ba18-a015e3985f73,2023-11-09,S-037,P-005,24,0
a371a286-f946-4da8-9bfa-ad929d526854,2023-11-09,S-036,P-006,4,0
c59cfc83-0cce-4040-b844-5e81bf045b2a,2023-11-09,S-036,P-005,2,0
4ed2796a-443b-49fd-b5bd-593fc44feb92,2023-11-09,S-007,P-003,1,0
d53649bf-6068-4c7b-8beb-bdc19dfff50a,2023-11-09,S-005,P-001,1,0
4e50d23e-2c43-4ffe-946b-3b03ef3dee24,2023-11-09,S-043,P-005,3,0
22eb74d4-a25a-44d2-a3c2-8eaba7c52ab8,2023-11-09,S-011,P-006,2,1600
d9dfbdd1-7c7c-442a-9ff2-61c6df8988ed,2023-11-09,S-042,P-006,2,1600
e6a3b9f3-1cc5-4306-b796-9eaccd57a420,2023-11-09,S-043,P-002,3,0
503dd22c-b710-4dd7-9e0b-c7c35d265f97,2023-11-09,S-015,P-007,1,0
fe46b879-3d02-4428-98a0-57a304f2783a,2023-11-09,S-043,P-003,4,0
12ef3e68-2f22-4f92-b194-45890b2e6203,2023-11-09,S-018,P-005,2,0
703f1c3b-1588-4edb-93ef-f0c431c9a2fc,2023-11-09,S-004,P-007,1,0
9c3ff6d7-e074-4e4a-ad11-777a5188a9c0,2023-11-09,S-018,P-006,1,0
a8320396-9b49-448e-9b6e-6f53aa57a353,2023-11-09,S-042,P-005,3,3150
f1c92971-c503-4856-adcf-8e19eecdf3ad,2023-11-09,S-019,P-001,1,700
2208ca50-d376-4124-9786-8bc569a891f4,2023-11-09,S-017,P-001,2,0
35f04c47-1b06-453a-a832-2f446951e92b,2023-11-09,S-016,P-002,3,0
923be5ee-80ab-47a1-8eb8-44151803805f,2023-11-09,S-036,P-004,2,2100
5fea2c50-9372-45bd-8227-ad2ba4fd8625,2023-11-09,S-017,P-004,1,0
82601720-b7aa-4c45-8e7e-a63ed3bc0c21,2023-11-09,S-017,P-001,10,0
c321a880-f42c-424a-9135-d84233ef8b0a,2023-11-09,S-031,P-006,4,0
dc87fcef-27df-478d-a4a1-ad6fb8b6cc74,2023-11-09,S-006,P-004,5,0
f781d184-5b7a-4ff4-a591-1f26de6c8912,2023-11-09,S-029,P-004,3,3150
2792714c-bb8d-480a-b819-5fc6d828f433,2023-11-09,S-018,P-005,1,0
dd278778-f889-4b3f-bf43-eab90d4f62f5,2023-11-09,S-035,P-006,4,0
56ed8247-a1fb-4899-abd3-18236663db65,2023-11-09,S-021,P-006,1,0
f81cf0c0-f853-46b7-a302-ea1fdd6b2329,2023-11-09,S-044,P-007,2,1800
bd0a3822-af64-4605-b73a-249461c139d4,2023-11-09,S-020,P-006,2,0
68b3b4de-9f88-40ab-8593-7e316ca34717,2023-11-10,S-015,P-004,1,0
0a9bc89a-0a34-447e-bea4-fc2066f2589f,2023-11-10,S-014,P-006,1,0
2f91d744-30b8-468d-9b69-1fd7dc0ba3ca,2023-11-10,S-011,P-003,24,52800
94e6c2b6-c81a-4b58-a0c3-0af2a0e7f1a1,2023-11-10,S-044,P-007,1,900
ff3f9ba3-9407-43b5-92d8-0a54ff2af5e9,2023-11-10,S-003,P-004,3,0
bd2c2b7c-7e42-447c-9259-a82e3ddedc26,2023-11-10,S-029,P-007,1,0
e2f7840c-e5fd-4d97-a7ea-1bdfd70f823a,2023-11-10,S-042,P-005,1,1050
f2c03c58-94d9-4334-80e6-55754091025f,2023-11-10,S-014,P-002,4,3800
e357c7de-2603-443d-9350-417660fe48ea,2023-11-10,S-041,P-003,24,0
930abd94-3c60-425d-ad4c-f429e7002965,2023-11-10,S-015,P-006,1,0
f836a8fd-eab6-4f2a-bcbb-017581b61bd5,2023-11-10,S-013,P-007,1,900
ac80dbe4-5de2-4d0d-ba67-e4ac07f57974,2023-11-10,S-014,P-002,4,0
dac90478-7fcc-4ad5-95b2-590ebf411bb0,2023-11-10,S-002,P-002,1,0
6484a9e7-801f-4e4a-9623-204756b7ce2e,2023-11-10,S-021,P-005,3,0
02cb31cd-991f-41c6-98c3-87ebf02b450b,2023-11-10,S-027,P-005,1,0
87dff97d-a334-4c67-9af9-ef1dc394e693,2023-11-10,S-002,P-003,2,0
5b9a6bf5-6229-456d-8866-1f458b2d9fe1,2023-11-10,S-013,P-007,2,0
bdaef500-2199-46e3-8f66-2dc273708456,2023-11-10,S-004,P-007,3,0
0875cf34-c018-4834-98ca-247735fa3dd4,2023-11-10,S-011,P-007,2,0
d26edce0-df15-4de1-a45b-ef9c99ed7494,2023-11-10,S-022,P-002,5,0
8c93939d-4daf-4e33-87b3-7aa78fad9c9c,2023-11-10,S-039,P-005,1,1050
ae4fdcc0-557f-4581-8658-702dc960c888,2023-11-10,S-030,P-004,4,0
f816c92b-d4ae-4b73-87c6-5d3d8c96c1ca,2023-11-10,S-031,P-005,2,0
62570de2-9177-41fd-8960-df0b41396686,2023-11-10,S-043,P-003,1,2200
84dd409b-738c-4c74-985c-c91f9bb05aae,2023-11-10,S-011,P-001,1,0
497fb6b4-094c-4313-8077-5e80843793f3,2023-11-10,S-037,P-003,1,0
c1c53e3d-1b03-4228-9dd3-dd6beefd8e5d,2023-11-10,S-024,P-007,1,0
b0651d52-6fcc-44f3-94d2-677f217c1f33,2023-11-10,S-001,P-005,4,4200
57113010-6d67-4499-8e71-e23ec85ca407,2023-11-10,S-032,P-007,1,0
fab1b8dc-d550-4689-826f-234469f5ea39,2023-11-10,S-020,P-002,1,0
3a1666ad-90af-4e14-bfa7-a42f3a3b65e7,2023-11-10,S-024,P-001,1,0
ee418ffc-cc93-4cb9-acb3-8f3c36132d8d,2023-11-10,S-023,P-006,1,0
c66e78c7-926e-4254-bc68-7756c19d11b5,2023-11-10,S-007,P-007,1,0
f8361422-0ec7-4a33-af59-b765fb21acb3,2023-11-10,S-034,P-003,2,4400
9b567546-3eb2-45e8-a2f2-e24f40d0de37,2023-11-10,S-011,P-007,1,900
4aeca0ae-50b6-47a7-80a8-d3a0fda96812,2023-11-10,S-019,P-006,1,800
764d4e8b-a592-4068-a101-2b14d2b0596a,2023-11-10,S-030,P-002,1,0
19fb13b7-75dd-48d3-87c7-c414a91d7073,2023-11-10,S-047,P-003,1,0
dd711d43-1b01-443e-8767-e22d94e55c1e,2023-11-10,S-025,P-002,3,0
b1bf83b6-d568-4d08-96cf-07a6cc8e82d2,2023-11-10,S-031,P-002,1,0
25b65d55-bb15-4a28-86d5-4d8aa3444224,2023-11-10,S-023,P-004,1,0
41bdcd58-28ee-4333-88d2-40d8bd5ae5d7,2023-11-10,S-046,P-004,5,0
179f809a-04cc-4809-9bcb-56f55f085cc9,2023-11-10,S-016,P-007,1,0
8f178ad6-a47d-4404-bb42-9723348813e5,2023-11-10,S-007,P-006,2,0
43803bed-0f5a-4c76-8fd6-ed435366c1d0,2023-11-10,S-029,P-001,1,700
ec7d58b3-fb3f-48b8-bf4c-ae6e72cc2eed,2023-11-10,S-006,P-001,1,0
d853a490-7f01-4c98-bac3-d508f92e95b1,2023-11-10,S-033,P-002,3,0
94113403-01ce-45ce-bfac-547bbad13abd,2023-11-10,S-044,P-002,1,0
2847345b-0e45-4110-ad6b-adac951c7036,2023-11-10,S-022,P-005,1,0
3ce1752c-7b65-4b73-8b61-9571ee01c62e,2023-11-10,S-037,P-006,1,800
8b847539-eda0-4827-9e04-d67310aa75f7,2023-11-10,S-003,P-003,1,0
7b37553e-2be2-40f0-92d4-846e2cebaa7a,2023-11-10,S-011,P-005,4,4200
6259d216-b4c2-466b-ac9b-6329494d1bd3,2023-11-10,S-023,P-007,4,0
89b940c3-f3ff-438b-afbf-fae3b2033681,2023-11-10,S-028,P-006,2,0
d90f91d3-e97d-4120-bc71-5482349a8033,2023-11-10,S-040,P-001,1,0
97e6d0ff-480e-4b6d-be9e-9481616726a0,2023-11-10,S-048,P-001,1,0
1c4f1ad0-a091-4388-9a2d-e849e877d760,2023-11-10,S-016,P-001,1,700
d297cd6b-0156-4e26-87e5-75ff1ad0dbd4,2023-11-10,S-030,P-007,1,900
64f6a876-ee9b-4747-a3d5-c24346364a34,2023-11-10,S-001,P-004,1,1050
bb948a82-f9a9-497b-a4c8-f0764d607b35,2023-11-10,S-004,P-001,1,0
72f08c82-1a64-49fe-a266-34c4ed0f8469,2023-11-10,S-024,P-004,1,0
7c439ac2-08b3-4ab0-bc4a-3e250c185c6e,2023-11-10,S-016,P-003,1,0
0c4e6015-0fb9-46c0-b93b-39c8d31fd5c9,2023-11-10,S-035,P-001,2,0
f2dd8fd7-6c03-4c93-9bb2-9d2ba0144f04,2023-11-10,S-018,P-004,2,0
b5a6f201-2afa-437c-950a-9b6c8111d976,2023-11-10,S-011,P-006,3,0
26821bd1-a17d-4ee0-af39-93e1246b31c7,2023-11-10,S-013,P-005,1,0
48238229-d9dd-48fc-abc8-bb592bd14628,2023-11-10,S-022,P-004,4,0
63e37869-9fe5-4c85-accb-9b5e4e94b1dd,2023-11-10,S-050,P-007,3,0
37413f49-94cc-41a3-9637-73f5a2337a91,2023-11-10,S-035,P-001,2,0
5e187566-dfed-4823-b9c4-ca45d3609b07,2023-11-10,S-027,P-006,1,0
82f46cec-9cc0-4d3d-ba32-3a9287900e9f,2023-11-10,S-041,P-005,1,1050
51347ee2-6d02-4ca5-af0c-ee4863d79546,2023-11-10,S-046,P-005,2,0
17e97a13-1c33-4c52-99e0-4420c0bbbabb,2023-11-10,S-004,P-006,1,0
a50a36d7-86b2-4dae-8ef0-6dd114789c8b,2023-11-10,S-003,P-004,3,0
7e0bd875-2739-4d0e-95c0-ff695e6515ed,2023-11-10,S-044,P-007,1,0
10a4143a-4dd4-44a3-abcf-2ae5e955f62e,2023-11-10,S-029,P-007,1,900
3b99c664-d97e-4064-ba65-91d91b9c1641,2023-11-10,S-046,P-001,1,0
d3f9a64d-8c80-4b25-a321-71223e83966d,2023-11-10,S-009,P-003,4,0
19840a7d-3e4c-46bb-80a3-ce7be99b7c4f,2023-11-10,S-044,P-005,1,1050
a3edc3c7-c8de-4c2d-b371-0b9627028a67,2023-11-10,S-033,P-005,1,1050
cc7ccfe9-3057-419a-aaf0-3d026609074f,2023-11-10,S-035,P-003,3,0
fcd681e5-afce-4915-ad6e-7b8020c068e2,2023-11-10,S-046,P-006,1,0
f989cea6-e01e-4017-98ff-88a535d9d570,2023-11-10,S-014,P-006,5,0
4bc08463-0e06-437b-b3e2-158c62c471ee,2023-11-10,S-041,P-001,1,0
30b9d55b-1c84-4e06-9b73-5d6945a2a777,2023-11-10,S-044,P-001,1,0
fb0faf85-58b9-4895-8391-a9d8c9f6036c,2023-11-10,S-037,P-004,3,0
cb5edeed-b2b2-439b-94ea-72d1777a9667,2023-11-10,S-025,P-006,5,0
99829dea-3f88-453e-9747-a8c88f9ce5c9,2023-11-10,S-026,P-006,1,0
ac33078f-2792-423c-befd-81f84d4d53e8,2023-11-10,S-008,P-003,1,2200
cacd61c3-8960-4bed-9292-43514e07bf58,2023-11-10,S-022,P-005,1,0
69015b0a-6bf1-4ea3-8ccf-f64a19e90c0b,2023-11-10,S-012,P-005,5,0
fa9fe6bf-316f-4d4d-a2bc-3d83b7dcc2a2,2023-11-10,S-041,P-004,1,0
af4caac0-d107-42ef-8823-42deb4001940,2023-11-10,S-004,P-003,2,0
d3809af7-9a35-4502-b80e-c5f5ad6b9bf9,2023-11-10,S-047,P-001,5,0
ad455032-2342-4c5b-9ba8-f5d0d2215179,2023-11-10,S-025,P-006,1,0
132c09bd-05ab-4ce5-b88c-2aa21b738523,2023-11-10,S-015,P-003,1,0
ee8f04a8-e213-4f40-9491-f30596bf4fd6,2023-11-10,S-023,P-001,1,0
c89207d9-a162-4b38-bfa5-dd1e0f247876,2023-11-10,S-017,P-007,1,0
93d5ddd2-78f4-40fa-88d7-66879c3a1d6a,2023-11-10,S-045,P-007,1,0
33690f99-eb2b-47e5-bf58-2fb9ec9dd058,2023-11-10,S-043,P-003,1,2200
809b0e70-fd65-4c31-bbdf-958f522e71a2,2023-11-10,S-026,P-003,1,0
31588820-c2e8-497d-8d4f-b319b9970a30,2023-11-10,S-003,P-003,10,0
f82b16cc-a30a-489b-b720-320dcc3dbff6,2023-11-10,S-036,P-003,1,0
22a9c174-7f12-40e7-b886-db0dfdc39d4e,2023-11-10,S-002,P-006,1,800
de8b8e43-ed6a-4dca-8c76-26eb8722c191,2023-11-10,S-029,P-005,2,0
f54659fc-c9fa-4edf-a322-ec9384e618c2,2023-11-10,S-019,P-002,1,0
4d905563-4e1b-4f39-a2b2-2c445a403c54,2023-11-10,S-022,P-004,3,3150
b59442a6-fecb-4989-991c-4665f414407a,2023-11-10,S-015,P-002,3,0
edc75722-22f8-4b90-9c6a-be6ed155fa5d,2023-11-10,S-007,P-007,1,0
ea11ed2e-ab2f-42f2-90d3-2956b9266d43,2023-11-10,S-046,P-002,1,950
eac783c0-8d09-4b52-afef-cfab62334a45,2023-11-10,S-003,P-002,1,0
becc7907-f297-4275-8299-d55245b7bc5c,2023-11-10,S-033,P-003,3,0
6a5e7bf8-7966-4405-a013-83c5d75dd044,2023-11-10,S-013,P-005,1,0
14107d3c-5390-4626-bd80-4de25585a041,2023-11-10,S-015,P-007,1,0
ac3af53c-4d23-48cd-89c3-43e8ccab8560,2023-11-10,S-009,P-002,4,0
ee399b3d-17e2-4654-ad26-01a51d733b5e,2023-11-10,S-021,P-007,4,0
8e6aa96a-bbb2-4505-beb7-f1ca36513037,2023-11-10,S-035,P-001,3,0
e3129d13-e151-4659-9df5-23f4c75fff7f,2023-11-10,S-043,P-001,1,0
ef147097-8f29-4f5d-af75-fb8d1a2d9cb7,2023-11-10,S-040,P-007,3,0
aaf2b847-78e3-4241-8889-d9b41ae795ca,2023-11-10,S-010,P-001,1,0
b8887dba-da8e-4fd1-ae4c-b10efc2f61f8,2023-11-10,S-010,P-007,1,0
16e062ba-e873-4821-800e-c78fcb158056,2023-11-10,S-010,P-006,1,0
8f21f808-15d9-463d-adfc-f9c2f57c56dc,2023-11-10,S-041,P-002,1,0
b47d16f7-d248-4f05-b26f-e6de1a0dd97e,2023-11-10,S-018,P-006,1,0
3513005a-6a8a-44d6-86ee-d12c735e822a,2023-11-10,S-040,P-007,3,2700
c430c760-f455-4ece-8826-97481015b2d4,2023-11-10,S-010,P-006,1,0
bcf3b63c-e3de-49d0-b13e-d44db227fc12,2023-11-10,S-014,P-006,1,0
f81c5d48-3a10-49d2-b575-9cbbd973fded,2023-11-10,S-022,P-004,4,0
dce56b6e-8df3-4554-8d86-94c4bc7a00b8,2023-11-11,S-050,P-007,1,0
b78037d4-c166-4843-a717-b9f4c6de5fc4,2023-11-11,S-020,P-005,1,1050
7638200e-9202-414a-b9e9-b13306537158,2023-11-11,S-028,P-003,10,0
b588f242-9828-45d1-9155-b0b634f1d450,2023-11-11,S-029,P-007,3,0
c68d5787-e242-4cda-bd32-2bfb5a3b72e5,2023-11-11,S-034,P-003,24,0
162ec3a2-f3ba-4d0d-82d6-c3151dc4a1e1,2023-11-11,S-041,P-002,2,0
f60f6ee3-6ac6-49fa-afe2-22bfbf6ce98d,2023-11-11,S-016,P-003,1,2200
ea295758-0297-4a83-aae8-fef6207e730a,2023-11-11,S-024,P-005,3,0
d8c1c6a5-5757-4437-9ae0-745f918b1fea,2023-11-11,S-011,P-006,3,2400
53cae84b-b8ee-4be2-ac0e-b61c53aee30c,2023-11-11,S-022,P-002,1,950
820a5b05-b891-4c46-91ab-f6e9228dafdf,2023-11-11,S-006,P-007,1,900
7e1c386a-4e25-4368-a494-723b3417258c,2023-11-11,S-019,P-001,4,0
ce21df47-e4a4-4379-b492-cde38c33a030,2023-11-11,S-043,P-007,1,0
3e0ceb0e-4002-45fe-a596-a94acb5191f6,2023-11-11,S-026,P-001,1,0
dc5d3b6c-af76-4ddd-9ad9-cd27ddc65d7e,2023-11-11,S-027,P-003,1,0
bb263025-1a63-4879-a397-19cac1a85adb,2023-11-11,S-040,P-003,3,6600
852101c4-f42f-4681-9cab-2db666121ed4,2023-11-11,S-017,P-003,5,0
26459a57-ea08-41e2-8733-60393a5822c6,2023-11-11,S-008,P-004,10,0
72d2d744-1e8c-4e61-8882-76476117093d,2023-11-11,S-044,P-006,4,0
66b3b06d-0e85-4de8-aacb-65fe869eba25,2023-11-11,S-026,P-003,1,0
5f844203-c643-4208-916c-4316a3b5f309,2023-11-11,S-009,P-002,1,950
53a16ac8-fce7-4be6-8396-acc63de070d7,2023-11-11,S-035,P-002,2,0
6136ab94-0cde-414d-a2a0-a9b66a7fc608,2023-11-11,S-004,P-007,4,0
c4fed2dc-668d-49c1-84c5-09435ff28a68,2023-11-11,S-035,P-006,1,800
d8736625-0520-4fd8-beea-64acb72ffc93,2023-11-11,S-050,P-003,4,0
3ce11ba3-5cbe-46e7-8bc5-42dfcf920e7c,2023-11-11,S-039,P-003,1,0
c072ffd1-fbc6-41ba-8fb0-9897d98d08a5,2023-11-11,S-022,P-001,2,0
1936f855-8f66-42e3-9ed8-868e7e12ea7f,2023-11-11,S-045,P-007,1,0
a8dae9a8-f313-45cb-bcdf-dc45da5ef1f2,2023-11-11,S-005,P-005,1,0
627debcf-4640-4ddd-817d-5dd372225515,2023-11-11,S-050,P-006,2,0
29699c3e-37d9-47fd-bd3c-4d00b27d8001,2023-11-11,S-029,P-007,3,0
132eb517-8bf3-414b-b446-c75bd36aad0d,2023-11-11,S-042,P-001,4,2800
e6d1dc59-df47-48c2-9a9d-9f45bf1eaac7,2023-11-11,S-002,P-003,5,0
db049762-5d35-4a9c-94a2-1a0de4010892,2023-11-11,S-039,P-006,2,0
a0077693-0c9c-4fe5-86c6-4ee639c91588,2023-11-11,S-011,P-002,1,0
73d971c9-4e60-4b61-9b29-6366c0f319fd,2023-11-11,S-044,P-004,2,0
eaa9fae4-5a5d-4ccd-a4b0-f338c1a66b8f,2023-11-11,S-005,P-002,10,0
9aa25fb7-563b-4a31-b410-23bc037e8ba5,2023-11-11,S-007,P-004,1,0
9f2a3886-9cbf-491d-9fd4-659623b472e3,2023-11-11,S-012,P-006,2,0
d9252efb-7e17-4bad-856d-413ae6a60072,2023-11-11,S-042,P-006,2,0
de6ef92f-95b4-4fca-a681-6ee3ce876b5c,2023-11-11,S-011,P-002,1,0
1964cb7e-c709-4bb8-a55a-d554d6b3fde1,2023-11-11,S-001,P-005,3,0
c21dffb6-dda2-4f67-9cad-41fa4a8e4228,2023-11-11,S-037,P-006,4,3200
24af9912-d591-4f12-aab6-d0b6fba0b34c,2023-11-11,S-018,P-001,5,3500
10b8703c-b38c-435c-aa0f-53746620da50,2023-11-11,S-041,P-002,4,0
43b06a5b-f6e4-4a45-9946-5d9241c4d627,2023-11-11,S-015,P-001,2,0
c376dd49-3a6e-49a9-9ce7-ad458a50d717,2023-11-11,S-018,P-002,5,0
64e90999-e5e2-4b3d-9b11-4e3ef8445d8b,2023-11-11,S-013,P-003,1,0
82e29f00-e27c-4db0-b432-e4146217df62,2023-11-11,S-021,P-001,1,700
037183a9-23c8-4a11-bf31-36cd827293ac,2023-11-11,S-033,P-002,1,0
623218f7-9533-4765-80b5-d4fe60591cdc,2023-11-11,S-004,P-004,1,0
dedf8513-12d5-4e35-b163-e6d4bac148f4,2023-11-11,S-023,P-007,3,0
20c20fd4-9414-4420-9af8-ba3857c1ea8f,2023-11-11,S-047,P-007,4,3600
3f301b91-e106-480f-ab24-873cf76b710b,2023-11-11,S-024,P-002,2,0
56baa6a9-bc7c-4520-82ea-9b5d697e224c,2023-11-11,S-049,P-001,4,0
709bbec0-739d-430c-9c02-3730db2ff40a,2023-11-11,S-019,P-001,2,1400
3894e08c-e383-45d6-bbe2-67afe5a77c5a,2023-11-11,S-045,P-001,1,0
5d291584-c66b-42fb-981b-a1901f9959bf,2023-11-11,S-046,P-005,1,0
5c699ef0-1d57-4899-b145-0bd2b5487e3e,2023-11-11,S-046,P-004,4,4200
a26db3c8-cd5f-4cfd-bb00-1ad96baf83c9,2023-11-11,S-049,P-004,2,0
fec3c7e9-46fc-4cd8-bd01-cb4a93cc4a29,2023-11-11,S-004,P-001,1,0
e433b746-6094-4b5a-ac8d-f4a63a0a3636,2023-11-11,S-021,P-005,4,0
c7063817-f681-4d3f-8eea-0ea244a19da8,2023-11-11,S-033,P-003,1,0
e1a95187-bd3d-4e45-ae06-b4810b46d39a,2023-11-11,S-041,P-006,2,0
cdff59ef-90c1-4636-a28d-77744e5aa331,2023-11-11,S-008,P-005,1,1050
a8693ad7-8305-45c8-9846-591f4a9e3f83,2023-11-11,S-040,P-002,4,0
91f120b0-0c51-440b-a5b6-6b02b21e8796,2023-11-11,S-019,P-007,1,0
92a1b12b-6a90-411b-90d5-56b16abc751f,2023-11-11,S-002,P-004,4,0
d40508b8-c1e9-44d8-afca-e7865536583f,2023-11-11,S-047,P-007,1,900
b518f85b-8484-4e99-8a2a-9f9aa04da656,2023-11-11,S-043,P-004,5,0
ea9d4072-ce5a-4b55-b9fe-d92418533cc1,2023-11-11,S-015,P-003,1,0
b72f4ec0-6801-493f-97d8-c346ce658b01,2023-11-11,S-003,P-004,1,0
ad7bbd17-a4fa-413d-86e3-867c71e95919,2023-11-11,S-038,P-003,1,0
4a2a0a90-cf58-4d94-a9c0-2ee79a331912,2023-11-11,S-017,P-001,2,1400
e87050ab-da24-4038-9da6-5555cf02c6b5,2023-11-11,S-029,P-005,1,1050
37fa4a28-9966-4edb-8e28-e32723c5c763,2023-11-11,S-015,P-002,4,0
94de2d98-5a9f-4b1c-ac70-c39b12395141,2023-11-11,S-001,P-005,2,0
0d43ab4d-f979-4519-adab-52126d3a39c5,2023-11-11,S-008,P-003,1,2200
62c58e08-3dd1-4ad6-8eea-82de5ad7238b,2023-11-11,S-016,P-006,1,0
c732963c-753a-4983-84c7-32c4be53157e,2023-11-11,S-047,P-002,1,0
1bb36719-b395-4b18-b98c-7bb6e7174ea7,2023-11-11,S-004,P-007,1,900
e9a17667-da11-4124-8b8a-9acc1c04548a,2023-11-11,S-001,P-007,2,0
cffcc630-ff18-42e6-984c-01b0c25d9c28,2023-11-11,S-010,P-003,1,2200
be37e2b4-ae11-4d56-a1d4-054f628f21dd,2023-11-11,S-008,P-005,3,0
a4c7bcc0-1256-4b9f-b870-02c19950f5a7,2023-11-11,S-035,P-002,2,0
f165c0be-6645-47a4-8435-8fd3bea10fa7,2023-11-11,S-022,P-007,1,0
baf3695d-bf2c-48b1-8f83-88f44e11ab1f,2023-11-11,S-041,P-005,3,0
788a443f-fea7-467a-b516-ed5f4e5905f3,2023-11-11,S-020,P-003,1,2200
ee5080b3-2559-4f84-9394-1a71d3a7e01e,2023-11-11,S-006,P-001,1,0
26b5204c-c4e5-4eef-a76d-eab2e8fc9373,2023-11-11,S-039,P-005,4,0
b78e6d86-0ff1-4528-a42b-976373febfcb,2023-11-11,S-022,P-001,24,0
1f437810-0ec7-4d9f-9270-abef1d66e50a,2023-11-11,S-009,P-006,3,2400
9f47ce48-6a90-485b-a8f4-38710c3a42fe,2023-11-11,S-032,P-002,2,0
3a2f43dc-e267-4ce4-91a9-ce23f666cf04,2023-11-11,S-018,P-003,1,2200
2b7d0801-6374-47b0-9a48-01e35bb7ef85,2023-11-11,S-002,P-002,1,0
9e45a1eb-9667-48c1-9fbd-113193854299,2023-11-11,S-030,P-005,5,0
1d1db550-9d36-469f-ac82-83c7bfa5595c,2023-11-11,S-029,P-006,4,3200
ed75fe6e-ab9a-4f97-8697-b9dccde912f8,2023-11-11,S-032,P-001,1,0
864c1a62-52c4-4f22-9bc4-eeee6646adc1,2023-11-11,S-014,P-007,4,0
649bb822-f43c-4d85-bb86-722eac5e7cf9,2023-11-11,S-048,P-007,1,0
c01c8002-9f86-4045-ad91-8fcec37bbc64,2023-11-11,S-036,P-006,1,800
ad3305e6-1e95-4df9-8210-7f39558b5eee,2023-11-11,S-050,P-002,1,0
df2e9e23-e612-4bb1-bfcb-eafdfab28e98,2023-11-11,S-021,P-005,1,0
68b941a6-399e-47d9-aaef-22c763652005,2023-11-11,S-025,P-002,3,0
fab12adb-b273-46d1-ab91-31f870e01d7a,2023-11-11,S-031,P-006,2,0
aa7ad3c1-3abd-42a6-969c-5d9f8926ba2c,2023-11-11,S-029,P-005,5,0
5507879b-3500-4196-9a20-63c2a85c8706,2023-11-11,S-024,P-006,10,0
eeefdf20-7cba-4fcc-8266-dd204fcc6b86,2023-11-11,S-020,P-002,1,0
af8be1b0-5981-4622-9c40-ce5b74d9af6c,2023-11-11,S-039,P-005,1,0
ae06ca93-72dc-4533-b41d-9531c89d1084,2023-11-11,S-001,P-001,4,0
068a1a0d-1e9a-4f5a-a8c5-0029c7c4d6b0,2023-11-11,S-025,P-004,1,1050
cd11c62b-8f62-4096-9dfc-ac2b18c1bc08,2023-11-11,S-018,P-007,1,0
9861d598-e4eb-4862-81d8-55657ea58a7b,2023-11-11,S-042,P-004,2,2100
ef233485-ce0c-4cf7-a720-070f064cd328,2023-11-11,S-025,P-005,2,2100
16f666bc-2018-4af2-9628-d4f79622a3a1,2023-11-11,S-022,P-005,1,0
8f28dc68-d6b9-4c93-bc27-ebe79f990830,2023-11-11,S-003,P-002,1,0
b0188674-c6db-4ff4-8bbb-6862746307e3,2023-11-11,S-042,P-002,2,0
416d22c1-73c9-4158-98e2-27ca6be7e0c9,2023-11-11,S-016,P-004,1,1050
1a44f101-9915-4498-9b2a-88366a5f15db,2023-11-11,S-031,P-001,1,0
31fb96c9-ed5e-41a4-960e-cd1b1b2e0aa8,2023-11-11,S-032,P-003,1,0
1948bf73-0518-41b5-9fd6-4ab488d5e1fb,2023-11-11,S-019,P-005,1,0
1e74a272-ebae-4d42-877e-40e22b6455b5,2023-11-11,S-002,P-003,2,4400
7f79010f-940a-4d59-9427-132ac7b12379,2023-11-11,S-024,P-005,5,0
c4348fb2-970c-441d-9eb5-d5a66dc8802f,2023-11-11,S-005,P-002,10,0
ac2b9c66-b3e7-4c40-8c11-9a78b21847a9,2023-11-11,S-033,P-003,2,0
fc4e97ab-2436-4cb3-bd71-fc6cf98999b7,2023-11-11,S-031,P-007,1,0
75ca56f0-5f8c-4f09-93a3-ecc6d1d14dfb,2023-11-11,S-005,P-001,2,0
c7ab9ba8-4d31-42a9-a089-9f037473f2bc,2023-11-11,S-026,P-003,4,0
beef1def-f321-4015-9e9a-f32949ee7a82,2023-11-11,S-033,P-006,1,0
60b9ac5b-b93c-42c0-a465-20ea9ccc1c77,2023-11-11,S-037,P-001,2,1400
81fd0284-93a3-475d-ba23-3d1f59b9d410,2023-11-11,S-014,P-006,1,0
6988c399-ef22-4656-8610-5148aaaa05e3,2023-11-11,S-016,P-005,1,0
9dcde48e-d509-46bb-9d04-d6c0aee089cf,2023-11-11,S-031,P-004,2,0
07e1fbe6-fc14-49c4-ba0f-1b3848529d19,2023-11-11,S-026,P-003,2,4400
1e8d3402-2e9f-4d15-ab8d-73d6303b24d3,2023-11-11,S-022,P-007,1,0
7b13a5bd-83d4-48d7-9bdc-76debb00d5bc,2023-11-11,S-003,P-003,10,22000
5d296408-d25b-47b8-abbb-aa66a3c850ca,2023-11-11,S-017,P-006,1,0
f6d8dd28-c9ce-40db-b1fa-eccc27b384f0,2023-11-11,S-041,P-001,3,2100
05ce30db-90a9-4cba-8da2-d63c007bd456,2023-11-11,S-049,P-007,2,0
c4676951-307b-486f-9389-d622b5c6c7e7,2023-11-11,S-045,P-005,2,2100
1f1be67b-641f-4de6-98a6-816bb526ee7f,2023-11-11,S-031,P-002,5,0
d62cce73-44c6-4879-9b38-2664fc736446,2023-11-11,S-024,P-003,1,2200
8a5e6f61-ba4e-4c88-8b90-ba66b99951d5,2023-11-11,S-039,P-001,2,0
6bd03bfd-52e3-4062-b4bb-0c6818ab6baa,2023-11-11,S-013,P-001,1,0
2d6606fe-a5eb-44fb-ae9d-7dbaf37218aa,2023-11-11,S-036,P-004,4,0
71347c76-1e4a-4194-b70b-69650ca77f0b,2023-11-11,S-040,P-001,1,0
2c6180a5-b779-4590-b374-ad0fb8592fe2,2023-11-11,S-025,P-007,2,0
d18b3b80-eef6-460d-8c9b-78798cfdd752,2023-11-11,S-015,P-003,2,4400
95758070-9159-49b6-8abb-b284a5de492a,2023-11-11,S-004,P-005,1,1050
0fb134ba-0f22-436c-ab26-1fd47bb7a5cd,2023-11-11,S-029,P-006,2,1600
43241167-e380-47c3-8816-d2139e357ac0,2023-11-11,S-044,P-001,1,0
a811285d-421e-4c13-a572-d8003b288a8f,2023-11-11,S-039,P-007,1,0
f4b7f5b4-610b-4f23-a353-7955df5493a5,2023-11-11,S-010,P-005,1,0
582add4e-013d-4863-b16c-fadac4b81952,2023-11-11,S-017,P-004,4,0
6934ba1a-fbbc-4e8e-81fd-52a3cc2e6170,2023-11-11,S-050,P-005,1,0
cfe171fb-a4a9-4e4c-813d-37d37e2729b2,2023-11-11,S-025,P-002,2,0
bf68e7c2-568e-4487-966c-8ce3965bef40,2023-11-12,S-038,P-004,3,3150
694d8bd7-4118-40e0-b053-21feebb0b924,2023-11-12,S-020,P-002,3,2850
279b9b00-d4e3-480b-92ba-e6114a964e1d,2023-11-12,S-008,P-004,1,1050
e311b3f9-0673-47f5-aae1-60d994960215,2023-11-12,S-050,P-005,1,0
6c4c2e58-713e-48e8-8981-ceaf8f1f9918,2023-11-12,S-042,P-002,3,0
f1d91b78-8db8-49f4-958f-5729a9592227,2023-11-12,S-014,P-005,1,0
9833f49c-4c54-4df8-a2b1-4cd52e1407de,2023-11-12,S-045,P-002,1,0
e846b768-afb2-4745-af60-6c1ac57112cf,2023-11-12,S-026,P-003,1,2200
99eba67f-b3cc-4b97-8eec-3d77136264bf,2023-11-12,S-025,P-002,1,0
aab482fb-8abc-4192-9a1e-4b859b79c943,2023-11-12,S-004,P-003,1,0
e9cdb2af-26e6-4444-ac8d-3d21b8f47331,2023-11-12,S-044,P-007,4,3600
a46fa6c3-c91e-4e1c-b488-7c1e4a3b4727,2023-11-12,S-014,P-007,1,0
bca0cf64-5652-418c-885c-e7a1750d08b4,2023-11-12,S-042,P-001,1,700
de9b683b-b16c-417b-9e18-87547e28e3f4,2023-11-12,S-045,P-003,1,0
bb36a801-1764-4a15-963d-0c1ea51765f7,2023-11-12,S-011,P-003,1,0
ff23f564-de55-4314-a065-081b79bc382d,2023-11-12,S-018,P-004,4,0
288abc95-5dfe-48aa-b0f7-14148b7b6340,2023-11-12,S-042,P-004,3,0
a2850749-e352-4028-bdb3-c58ae3a48968,2023-11-12,S-015,P-003,1,0
1403d49c-e3c4-4b6b-b99f-ab1103c63f1a,2023-11-12,S-046,P-006,4,0
edf20f55-ed5f-400c-9bf6-6a72d1a4daee,2023-11-12,S-050,P-007,1,0
28e767e5-f1ac-4921-9056-ffa064c18655,2023-11-12,S-050,P-003,2,0
387ecb36-9ec1-4e43-9f39-42235795f26b,2023-11-12,S-039,P-007,2,0
17751412-627a-45c0-9bce-3688f0dd00bb,2023-11-12,S-015,P-001,4,0
6d0bce7d-1502-4afd-8ca3-69341dfd35f0,2023-11-12,S-034,P-005,1,0
9e358dab-d7e4-4cb0-a3fd-144de9a67541,2023-11-12,S-006,P-005,2,2100
1200734b-7fc7-4387-82ac-d4b985968875,2023-11-12,S-020,P-002,1,0
1de3f11b-46b4-4987-aa29-7f4753d19d56,2023-11-12,S-007,P-005,2,0
631cf00c-ba70-41ca-8421-c5d358f553cb,2023-11-12,S-018,P-004,1,0
3b3bc021-72bf-403e-9fd0-95b79445e728,2023-11-12,S-039,P-003,1,0
143d8c8d-7a92-41e7-9d65-4a171e7c2c6e,2023-11-12,S-028,P-007,1,0
2bd92eda-d0d4-4054-82b1-9a68f17b85c3,2023-11-12,S-029,P-005,1,0
66d69f13-9746-4555-bcd1-6be6b99cffc7,2023-11-12,S-048,P-006,1,0
0bf37d8a-d657-42eb-9d28-458aaea1204c,2023-11-12,S-011,P-004,5,0
9cad2c95-dc64-45a9-a329-8ba972910030,2023-11-12,S-036,P-007,1,0
fdf57478-8bad-4b9f-8f58-3ce18e491671,2023-11-12,S-019,P-003,1,0
09531ce1-d7f0-4ba7-a90d-15a1b8a603a1,2023-11-12,S-009,P-002,24,22800
881f9294-16d6-4aad-9b77-d401044f8aa3,2023-11-12,S-042,P-003,2,0
1ee38d81-6076-49d5-a1af-614710f7bc37,2023-11-12,S-015,P-004,2,0
e5081e6c-7e03-4132-8048-b3c44206b00a,2023-11-12,S-023,P-001,3,0
3145392e-f634-4881-8d83-49697b25c7be,2023-11-12,S-032,P-002,10,0
2532e605-c23e-45ed-9cd3-fc87df6b8434,2023-11-12,S-033,P-007,1,0
72adb96e-0570-43fc-a32e-495691530522,2023-11-12,S-031,P-004,2,0
7aa66513-2da8-4387-ac2a-dfffbe74c816,2023-11-12,S-019,P-007,5,0
2cb19751-3121-405a-b5dc-35a3eb9f1786,2023-11-12,S-046,P-004,1,0
228530d7-7743-47c6-99ae-dcf95afe82f9,2023-11-12,S-037,P-004,2,2100
86e2b3da-b40d-4f80-9298-303436c31360,2023-11-12,S-040,P-003,1,0
0a781bd1-5373-4b2e-aeb3-bf2e30be99b1,2023-11-12,S-041,P-003,2,4400
8e4c0141-a1df-44e5-8cac-c1262c2c3cce,2023-11-12,S-001,P-003,2,0
df447c52-c0cc-44de-95de-e24f71402b1b,2023-11-12,S-008,P-001,1,0
a28d7243-8482-42d9-bae9-8b7b1d1e3b02,2023-11-12,S-025,P-003,1,2200
6511913c-bd56-4bf0-b85b-4526179189f1,2023-11-12,S-043,P-004,3,0
858cfd15-aea3-41a0-b2b9-a23d2382e7f4,2023-11-12,S-050,P-006,1,0
d1458ce1-fd9c-4ff7-9c5b-de784d7cff18,2023-11-12,S-047,P-005,1,1050
e5f1f232-7fdf-4e0d-ac17-0978480a091f,2023-11-12,S-019,P-007,2,0
7d7e7694-f0b3-4397-bf3c-0f4a8d07a269,2023-11-12,S-005,P-006,1,0
69c7894e-143c-4984-b37b-8e80bbab3a08,2023-11-12,S-032,P-005,1,0
68c4aac3-798a-4271-aeaf-a6d447cb32ed,2023-11-12,S-036,P-007,1,0
db5bc5b0-1080-41d5-bc92-1999c30b08c0,2023-11-12,S-028,P-001,1,0
aea37d86-742b-4e64-a828-66038656c8b5,2023-11-12,S-035,P-006,2,0
6d623002-5dbd-47ad-a2df-5b1ddf7d7692,2023-11-12,S-036,P-001,1,0
4c299415-e3df-4b6a-94d0-4828da0d3b1d,2023-11-12,S-037,P-003,2,0
bc6652bf-4419-4fe5-808a-33467b9fb780,2023-11-12,S-017,P-004,1,0
8e4a9947-7904-451e-8045-0107e407f75f,2023-11-12,S-021,P-004,2,0
ad914ef4-236b-4d98-9f1f-77cc0f8ed838,2023-11-12,S-005,P-001,1,0
295de72a-e3cc-4969-832f-54a309e1e389,2023-11-12,S-032,P-005,4,0
a05cd983-c531-4084-b02e-be163f0738c8,2023-11-12,S-039,P-006,2,0
fd8cba20-77e5-4c46-ae9b-a46ba68ab004,2023-11-12,S-020,P-001,1,0
6901b8ea-770e-4acc-9f0b-db91582666f1,2023-11-12,S-047,P-004,1,0
f8269884-fbda-4627-ae37-ba8008f27b7d,2023-11-12,S-012,P-006,2,0
01cc59be-fcb1-4d4a-92fa-46286119efbb,2023-11-12,S-013,P-003,1,0
f0f01c7d-7304-4954-bd4d-06ad30262a53,2023-11-12,S-003,P-006,5,0
188aa4f1-bd83-4274-9fb0-e0add7377412,2023-11-12,S-011,P-005,1,0
73bedb5b-ee15-420f-b3c5-a5fbe41bef9f,2023-11-12,S-014,P-003,3,6600
80fd50b7-653a-4d31-a1e0-f4eb07daaf81,2023-11-12,S-020,P-002,2,0
37f0ff50-17d9-4ad9-945b-639cbf2029a2,2023-11-12,S-037,P-007,1,0
6f3e8f42-24ec-4d6e-ae6b-12fdccfaae71,2023-11-12,S-041,P-006,2,1600
8ba5a62d-4825-4d44-8658-486f28c2a122,2023-11-12,S-016,P-004,2,2100
4195ea4e-a97a-477d-a17a-7c75f8821e83,2023-11-12,S-035,P-001,1,700
16fce05d-5184-40f4-9b99-ea5826da6f5c,2023-11-12,S-032,P-005,2,0
4631067f-dd10-4ac9-89e4-b07dd2eb810f,2023-11-12,S-013,P-002,1,0
704bf00b-da62-44ef-b658-8d17f437c94a,2023-11-12,S-015,P-006,1,800
17b96678-56ac-4db0-be1b-c2b51b2c6bac,2023-11-12,S-011,P-001,3,0
f1b89056-bbf4-47c6-83a2-f96df6a820b0,2023-11-12,S-008,P-007,2,0
1813e7bb-1178-4a69-9554-b1adab7c0583,2023-11-12,S-024,P-003,10,0
77b5d433-d1b5-4eea-886a-f842f9d48667,2023-11-12,S-040,P-007,1,0
9455dbae-f069-4542-9195-5ebc37677e8e,2023-11-12,S-046,P-007,1,0
764f7213-172d-4d82-a8d8-3660b203f0ad,2023-11-12,S-018,P-002,1,0
dc97d6a6-638a-4bbe-9265-e8315532d2a8,2023-11-12,S-032,P-003,1,2200
2d88cb7c-83b9-4810-9971-229e9923ec41,2023-11-12,S-031,P-002,2,1900
c5337504-8ab3-4ad9-8d35-da7fbf07c997,2023-11-12,S-012,P-001,1,0
a94c82a3-0784-4251-96e4-a44b2ca4f6d6,2023-11-12,S-046,P-004,1,0
a4fc2614-c7b9-4d07-9d07-8925e199e968,2023-11-12,S-048,P-005,2,0
73dbed8e-62a0-489e-aa3f-4a4df4a4b7f1,2023-11-12,S-036,P-002,2,0
888807f4-8785-4522-99ef-472f56461dce,2023-11-12,S-036,P-006,1,0
38253876-439c-4810-a5c2-bea72f450896,2023-11-12,S-019,P-001,2,1400
5951c314-256c-45ce-9be9-e2ba82c80738,2023-11-12,S-013,P-002,4,0
f2b1c9ba-dfd7-430a-91de-d667dc935436,2023-11-12,S-042,P-003,3,6600
38aa0410-fb78-4106-933c-a6396306cae3,2023-11-12,S-026,P-004,1,1050
27c92ad9-814c-48f2-ac1f-512836496205,2023-11-12,S-028,P-001,10,7000
13823314-688c-40a5-b01e-44645fd11dc0,2023-11-12,S-045,P-003,2,0
57652b98-f1cc-4a94-a672-15c1782d10d9,2023-11-12,S-018,P-001,2,1400
84fbcb1f-104e-4649-a084-d7644b63b2b0,2023-11-12,S-021,P-007,1,0
3cc84341-4343-4a8f-8e75-cb3203fbe766,2023-11-12,S-037,P-002,2,0
12c60c30-c76f-4968-9381-d296bc205ae5,2023-11-12,S-032,P-002,2,0
db611695-c4fe-4692-9347-888d8425882d,2023-11-12,S-008,P-005,4,0
b75a3b00-8002-484f-8fb9-2419166ea2a5,2023-11-12,S-048,P-006,4,0
2895017c-1bfc-4f2e-a659-3c52e7ebf220,2023-11-12,S-022,P-006,1,0
e3c1a5d9-b0a3-4c8e-85f3-61b94c38fb9c,2023-11-12,S-031,P-001,2,0
1679c527-8e43-4e92-a52b-1e92a39869a8,2023-11-12,S-024,P-003,24,0
9032da79-ac3f-4e1f-8424-9b5e47a9655b,2023-11-12,S-031,P-003,2,0
4bd9f34f-b254-453f-81e3-5681dd52e1df,2023-11-12,S-049,P-001,1,0
6b376754-eb60-42db-aee7-9ba0fc1750b2,2023-11-12,S-035,P-001,2,0
cd6a15fb-43a2-4f3a-9cd1-b13a24a4348b,2023-11-12,S-028,P-007,24,0
5d84cccd-8380-44a0-b09d-23d6c8d4e7e5,2023-11-12,S-035,P-007,5,0
811143ce-1c6e-48da-9f30-0983da15bc6a,2023-11-12,S-005,P-007,3,0
10c617ba-3305-4617-9a96-7c78282bef94,2023-11-12,S-035,P-002,1,0
6f254ebf-2c1a-42b6-8827-9defd925c3c6,2023-11-12,S-009,P-001,2,0
a05e4567-7d05-4297-9df4-d7d8b1bab25b,2023-11-12,S-018,P-002,3,0
89b309b1-1e59-46f4-aae3-f8b3aee9e436,2023-11-12,S-029,P-002,1,0
30692bb3-49ed-494c-b2ab-b5282b229577,2023-11-12,S-033,P-007,1,0
60b46c8e-6325-44f3-9d6b-d2c19c3f1515,2023-11-12,S-011,P-007,5,0
67f7a75b-8c3d-4b47-96a6-57e8a65baf6a,2023-11-12,S-028,P-003,1,0
7acff2ff-a9af-4c0f-b198-cafeeb88097d,2023-11-12,S-020,P-005,2,2100
c38b4c5a-6d8d-4234-861b-2c0c4552d494,2023-11-12,S-014,P-001,10,0
e07bf447-e0b2-4041-8b1a-6c7682a01007,2023-11-12,S-045,P-001,1,0
077fbd58-ba76-43c9-8662-bf917af06e22,2023-11-12,S-017,P-007,4,0
173899e9-b8ae-4abe-b9d4-cdbfbf4b9d91,2023-11-12,S-018,P-006,1,0
9c5a1ad6-93db-4720-baed-49d78207b38b,2023-11-12,S-045,P-001,1,0
5486a21a-f216-4c80-b942-3dc16df49fa1,2023-11-12,S-039,P-004,1,0
856d6d35-e00a-43ee-83bf-eda51d273008,2023-11-12,S-041,P-005,2,2100
3982a1b3-d617-47b8-82f7-49cd1bf1d2ab,2023-11-12,S-015,P-006,2,1600
7d1c991d-e88c-4322-9e8d-d44b41c87d3f,2023-11-12,S-017,P-006,2,0
1762ea8d-d825-4290-8bf0-d3a44d22c63b,2023-11-12,S-007,P-002,4,0
9cd807b3-d961-43e7-af97-e55e7bcb21c3,2023-11-12,S-018,P-001,2,0
cb1c3be6-0079-4232-b49b-d33e5bbc0d12,2023-11-12,S-031,P-006,2,1600
26a8b822-12f3-4ed6-90aa-362f25e984cc,2023-11-12,S-045,P-006,1,0
af5af903-0a97-4ab2-bff7-34579dffbce2,2023-11-12,S-044,P-005,2,0
d10e486f-2edb-4f11-8cbf-cc1e8ede645d,2023-11-12,S-028,P-004,1,0
154baa9d-0fe9-4916-a74c-5158fbecf74e,2023-11-13,S-033,P-007,1,0
687b6946-400e-4f8b-97e2-98f05df69a0c,2023-11-13,S-050,P-002,1,0
710176a1-ba76-4858-9731-9b81a68a2750,2023-11-13,S-050,P-001,1,0
7772036e-436f-4548-b65f-5ab6a3ac32dd,2023-11-13,S-008,P-005,1,1050
1d9cae4c-61eb-4bec-a20a-a3ea884e7641,2023-11-13,S-011,P-006,2,0
350ab881-f221-4aac-9c63-270f09974f4b,2023-11-13,S-033,P-002,5,0
9afd44d5-a3fd-4805-864f-313d4d601ae1,2023-11-13,S-032,P-007,1,900
71baf18d-6838-4265-bce5-de6af87af8c2,2023-11-13,S-039,P-004,1,0
01fc95e3-c2f2-4cca-9240-6167b0055d38,2023-11-13,S-034,P-006,24,0
6675b86e-f451-4778-880c-12cf3e098b0f,2023-11-13,S-050,P-001,1,0
b61df648-2d1f-40e0-b16c-26f4b935284c,2023-11-13,S-045,P-004,1,0
21e32a45-5920-4169-a695-f8b9b765b721,2023-11-13,S-030,P-007,1,0
5ac5e0fd-59b4-4803-ac30-aa04e48a9ebf,2023-11-13,S-022,P-005,1,0
c252c137-70de-4dbd-83e1-09ed26233fb9,2023-11-13,S-003,P-003,5,11000
44a2f276-3fa8-4a9f-8eb2-cc49179390d1,2023-11-13,S-020,P-001,1,0
22115362-47ae-4661-bb35-e7b681c3e01d,2023-11-13,S-002,P-001,2,0
4cbf40af-36d7-4481-94c1-5c76c2fd8764,2023-11-13,S-007,P-003,3,0
ca2cbabb-a91a-4d7b-ad91-d32c5f0a840d,2023-11-13,S-021,P-007,3,0
a80052fe-4b83-4d71-9250-9b9d3d8ff558,2023-11-13,S-025,P-003,1,0
37a08ba5-c849-439f-8e90-07804ba9cb72,2023-11-13,S-002,P-005,2,0
5c1a2e8e-4ad3-4d8b-b500-6ebd7f42fcaf,2023-11-13,S-030,P-001,3,0
72197821-9f4b-4980-9d6c-95f225558d14,2023-11-13,S-011,P-001,1,0
5c75cf0f-2410-44a5-af3a-f9055ccdecfd,2023-11-13,S-020,P-006,5,4000
3becbc04-34a5-44b6-b045-ec25d1047329,2023-11-13,S-017,P-006,3,0
fb86fc4b-47d4-4644-ad97-6029eb1c6064,2023-11-13,S-022,P-002,1,0
df3b077c-8e38-476e-ad6c-e9872bf83b05,2023-11-13,S-032,P-001,24,0
c497832a-b1e9-4f23-bc9d-ffe1b11a8afd,2023-11-13,S-034,P-003,1,0
9b192011-916d-4d6f-96ee-08094a517881,2023-11-13,S-011,P-004,1,0
8bbe8d37-6d95-45ad-b305-45d5341c8668,2023-11-13,S-043,P-007,4,0
9dfa4bef-7095-4c7f-ae29-4fccf89b922f,2023-11-13,S-024,P-007,2,0
5f5a328e-343c-45c8-8ac7-e7e8e9cad233,2023-11-13,S-012,P-007,1,900
f1689ca0-9ee4-4f11-b142-0872df91756d,2023-11-13,S-010,P-006,1,0
9668f7af-840d-44d8-b74f-f10706374907,2023-11-13,S-010,P-004,2,0
8509667d-1329-4068-bd6b-a3691719b3e9,2023-11-13,S-007,P-001,1,700
a9bf1932-4a0a-4108-bc23-57982c43f987,2023-11-13,S-018,P-007,1,0
3ad4779f-3623-4c4c-a8d6-974fd9015cc5,2023-11-13,S-036,P-003,1,0
78261d0b-a44c-4326-8039-2e2bca49386e,2023-11-13,S-004,P-007,1,0
b1ed03ac-653b-41ba-8fb2-4eaa40db1a27,2023-11-13,S-047,P-006,4,0
b9b29e6b-8c17-447d-8ca4-dd4a33d7ef00,2023-11-13,S-044,P-002,1,0
b72bbd93-ce82-41ea-a5bf-b46ffa233f18,2023-11-13,S-039,P-003,1,0
8bbb87a5-91d8-4361-8163-00ee31cfe221,2023-11-13,S-032,P-004,5,0
7260ec3c-1c3c-469c-9624-d910d2820df1,2023-11-13,S-043,P-001,4,0
8103f9f6-d217-4aa5-b12c-ed88af436c05,2023-11-13,S-013,P-005,2,0
a7fd66e9-877a-4aed-91d8-a71a6332e13a,2023-11-13,S-006,P-004,1,0
22c3fb9c-3a4c-42f4-9d84-cabf4c3e3576,2023-11-13,S-009,P-001,1,0
74dedd1c-346f-4a0a-9e2c-0a9e8684efbf,2023-11-13,S-002,P-001,1,0
311f1280-2672-436a-a4a5-7c2a9066feec,2023-11-13,S-016,P-005,1,0
7ca566c7-ab5a-4669-8315-b76a84d1d911,2023-11-13,S-046,P-007,1,900
144243ff-3c09-4ebf-b616-7d9c8e62d118,2023-11-13,S-023,P-006,2,0
c7de6253-6eb6-4804-b517-b1daa01cc207,2023-11-13,S-007,P-004,2,0
590cc35a-a7cd-4d27-98c1-d4482292eca4,2023-11-13,S-045,P-007,10,9000
a9a75e62-5e18-467b-8d1c-615a01ccec16,2023-11-13,S-038,P-001,5,0
857635d9-ace1-49df-977c-34f1ca63628c,2023-11-13,S-028,P-001,1,0
32044e62-f9d8-4a7d-acf3-d27407d460c1,2023-11-13,S-035,P-001,24,0
28188925-6414-4c2c-87e1-7e6cd26c9539,2023-11-13,S-027,P-001,4,0
d4a4953f-fbd6-40c7-be0e-67fa5d55989a,2023-11-13,S-036,P-002,2,0
17b1cf31-e49d-4d3a-b3f4-44db6f81ba58,2023-11-13,S-041,P-005,2,0
a8e32d88-fb32-4185-b65a-db2ffb3553cd,2023-11-13,S-024,P-005,1,0
4598de77-e5d6-4f49-87db-038ad2e9c2d6,2023-11-13,S-007,P-005,1,0
43c1bdf5-9a5d-455c-bc96-615e2f0a9279,2023-11-13,S-049,P-005,1,0
fdccb583-94b7-4635-bcc5-90f12dd4f7b5,2023-11-13,S-016,P-003,1,0
0b533299-8c55-49a3-9058-77d0dbe523aa,2023-11-13,S-006,P-007,2,0
03dfdcfc-753f-461e-a145-77032e1c6353,2023-11-13,S-004,P-001,2,0
9b1f0ae3-4d93-4ccc-bcd4-f61eb015befc,2023-11-13,S-050,P-004,4,0
3fe25a7c-c76e-4a1f-a363-9cfb30866264,2023-11-13,S-027,P-003,1,0
fba15a7e-97da-48ca-a66b-aa95067fe889,2023-11-13,S-025,P-006,2,1600
3c2653cc-04a7-4541-b7a9-5a080ddef4ae,2023-11-13,S-003,P-004,1,0
d53aef09-9c37-416d-bd49-923f354f8500,2023-11-13,S-034,P-005,2,0
8ecc6203-163a-4c7e-a303-61cf1540ef1e,2023-11-13,S-028,P-002,4,0
bad348d7-9083-41a3-ae48-22c3a707ce26,2023-11-13,S-005,P-001,3,0
c2ccf22f-da28-474f-b8ec-cb4cbf0b8adb,2023-11-13,S-045,P-007,5,0
b2651bba-4893-4dca-8339-9859d93c5941,2023-11-13,S-028,P-006,1,0
99280ab4-b616-4c5f-8abe-00f7971f0765,2023-11-13,S-035,P-004,1,0
6e1128ea-6d19-4807-b871-7f28b49d38b7,2023-11-13,S-010,P-003,4,0
7e75f059-4b30-421b-af28-e784c72a67e6,2023-11-13,S-041,P-003,1,0
7c6cb225-256c-455d-a3c1-80a7b67b3078,2023-11-13,S-025,P-006,4,0
2686b178-6f8f-4528-a29a-65b07abd934c,2023-11-13,S-034,P-004,1,0
f35a84ae-0473-4854-b2ab-ac7cb8c68de2,2023-11-13,S-007,P-005,1,0
3a5ea581-5999-476f-b53d-d5e453185877,2023-11-13,S-018,P-006,1,0
62246f1d-51f6-447e-807a-146c500f19a5,2023-11-13,S-002,P-005,2,2100
7d28de61-4dc6-4e0d-bca3-fbfc183d6015,2023-11-13,S-017,P-006,2,0
2030b2a3-cad7-41b1-aff8-2ea6837e80b3,2023-11-13,S-043,P-001,1,0
801218da-832c-44f9-afbb-30da1f0fa8be,2023-11-13,S-021,P-007,1,0
210e4dd7-ee5a-4e6d-b1c7-7374f5abf73a,2023-11-13,S-044,P-002,10,0
071412af-b5b1-45f4-a5b0-8fb576a8535d,2023-11-13,S-041,P-005,4,0
279598d2-f743-461a-9f3f-b765e51cca6f,2023-11-13,S-032,P-003,2,0
317ab6c1-9fd8-44e5-b9c3-eaa7c8728c62,2023-11-13,S-026,P-003,1,2200
4c403330-3d25-4475-98db-073d9140c83c,2023-11-13,S-049,P-004,4,0
a391ab16-2818-4502-a93a-3d0bb1722d81,2023-11-13,S-019,P-005,1,0
d703e409-6a24-44fe-ad03-59d21941bf5b,2023-11-13,S-049,P-001,1,0
51d165e4-159b-46b2-9deb-dc1e9e14bfe5,2023-11-13,S-016,P-001,1,0
1b15bc33-0b26-494e-82b4-3153fb9c22aa,2023-11-13,S-049,P-001,2,0
a8dc20d6-a60b-4993-9446-db82ee92896d,2023-11-13,S-007,P-006,3,0
ce4cbebe-e143-49c8-ba45-1eaa34eb102a,2023-11-13,S-001,P-002,4,0
ae17e7bd-498b-482d-ac7f-edb1161f34fe,2023-11-13,S-031,P-001,1,0
88d44819-dd1e-4ebd-955a-c63c7cf3ea08,2023-11-13,S-027,P-004,2,0
671784cf-6c87-4da8-ac75-27cc8c2f9a25,2023-11-13,S-031,P-004,1,0
9fddc424-b1c0-471e-b878-e00e45c24cad,2023-11-13,S-046,P-006,2,0
e9c6cbbd-803f-46d2-984d-526a62061211,2023-11-13,S-005,P-006,3,0
5cc08b5e-e52d-424a-8f95-fe8afb2637cc,2023-11-13,S-027,P-005,1,0
dfda8714-8498-41c7-9cd3-ea8aa8303b84,2023-11-13,S-029,P-002,1,950
7dd5e5ef-a8bb-49f1-92d1-13b5e22aaef8,2023-11-13,S-002,P-004,1,0
f884a70a-f937-4a52-8492-4a09e5006bcd,2023-11-13,S-041,P-002,2,0
2572395b-a7ac-40dd-ba0b-748625d26089,2023-11-13,S-001,P-003,2,0
ff9ffef7-eedc-4684-bedc-938b619bb900,2023-11-13,S-035,P-003,1,0
cb677822-f9c6-442b-bc1c-da3ab205ec17,2023-11-13,S-024,P-001,1,0
163da117-1f83-4758-a156-a4bd626488d3,2023-11-13,S-001,P-001,1,0
b9a0448e-1a41-4e63-a067-1bd8be26a962,2023-11-13,S-038,P-006,1,0
7b786f6d-fd46-4de6-b6fb-5e9e7030fe44,2023-11-13,S-043,P-005,4,0
54f6164d-eff5-42b4-a0ac-42e396f5aa4f,2023-11-13,S-035,P-005,1,0
c7f5fd52-c2d1-46c4-b829-7cfc13f2f249,2023-11-13,S-047,P-002,1,950
27429fdd-5c77-4c2e-9c83-eea6e91375ce,2023-11-13,S-046,P-001,1,0
3857163b-2db6-40a1-b116-9e6673da17d9,2023-11-13,S-018,P-004,3,0
ab5dc147-f6c7-4252-8197-d1463118dde2,2023-11-13,S-032,P-007,1,0
50d0bd15-ea79-4f79-9af4-9971b46106c4,2023-11-13,S-014,P-003,2,0
2adcb053-8e58-4d0b-bac0-dee11761b141,2023-11-13,S-030,P-002,1,0
98263b4e-8939-4225-aab2-e04c652ae052,2023-11-13,S-050,P-005,1,1050
d2fe78f8-d921-4e97-98e1-6e334f95e720,2023-11-13,S-002,P-005,10,0
4c6cc4a7-fdb7-42d6-b786-a647bd404c9b,2023-11-13,S-007,P-004,1,0
6e0c3d61-66c2-40e8-96d6-b80bb86e787a,2023-11-13,S-007,P-006,1,0
beaf658d-4777-492d-aff8-7bf8be1757e3,2023-11-13,S-004,P-006,5,4000
c9766374-2fc3-43d3-8e93-c5f4e60b4664,2023-11-13,S-004,P-007,4,0
b46a9d36-fca5-4da6-a0a4-0746405da1e5,2023-11-13,S-043,P-002,2,1900
b8e6b9a1-e321-4e34-8345-3a53c2faf4a3,2023-11-13,S-030,P-007,2,0
d5d4ebad-4ca7-492c-8c1c-5a5872d95acb,2023-11-13,S-008,P-005,1,1050
8aa0041b-a89b-4397-b991-647b6e5a8bb2,2023-11-14,S-018,P-004,3,0
7851b1cf-8633-40c7-8ed8-7ce8f70b6b21,2023-11-14,S-010,P-002,1,950
d04995df-afd1-4991-ba28-2d7467b54b28,2023-11-14,S-035,P-005,3,3150
cfe9718e-8f04-494f-a07f-e399e837796f,2023-11-14,S-049,P-004,3,0
d74f7c01-47a5-4a15-96a1-af1963b4f864,2023-11-14,S-044,P-004,1,1050
e34f6cd6-29d4-4f74-85c2-98ab26f83dd6,2023-11-14,S-032,P-007,1,0
08eac5c7-eede-4cb8-9696-910966ba48b4,2023-11-14,S-026,P-006,1,0
4b4229e7-4cd5-4dbc-9408-1936506e4a62,2023-11-14,S-008,P-001,1,0
cd36218a-4adc-45fb-9eb4-b71eb94ce632,2023-11-14,S-008,P-004,3,0
480fbb78-6272-4352-a1fb-d7810122e420,2023-11-14,S-026,P-005,3,0
5c92e481-c407-4c5d-a881-233e2e48cd62,2023-11-14,S-028,P-002,1,0
daa8a110-288b-44c0-8912-e897002a5210,2023-11-14,S-028,P-007,3,0
369c78e5-ae4a-4c80-a6dc-cc31a62607d0,2023-11-14,S-003,P-002,1,950
79b6b4c4-3a82-4f30-924b-2995074feb7a,2023-11-14,S-019,P-006,24,0
72e4a43c-5774-49ef-b309-2a3d0b08a49b,2023-11-14,S-029,P-006,1,0
5649c544-99f5-462b-a5e1-c835dc86f05d,2023-11-14,S-039,P-004,5,0
28834d0c-5a08-46c9-8f73-95e275d1c7c1,2023-11-14,S-002,P-001,10,0
2d678ed5-0c2e-43d8-95b1-86af5fe47807,2023-11-14,S-014,P-007,2,0
7f1b27a7-6b54-482d-9e37-091e7c05ae49,2023-11-14,S-042,P-001,5,0
e2cfbc5b-ed0e-4507-bbb8-372cb44bc1c9,2023-11-14,S-042,P-006,1,0
04ef7b9b-a124-44b6-bd9b-63ca5688291e,2023-11-14,S-046,P-003,1,0
e3a4f75e-c022-4cbd-afad-020f6c2e5942,2023-11-14,S-015,P-006,2,0
2ba573e1-a8a3-49ca-a3d6-4f02d5ccedf6,2023-11-14,S-028,P-006,1,0
96f03f57-ba16-4323-b35f-73e63918c523,2023-11-14,S-031,P-006,2,0
c2f1fdd7-67b6-4711-a9e3-c3c0eac2d73b,2023-11-14,S-046,P-002,1,0
81b3d6c7-fba3-4984-8f3c-71702d99bba2,2023-11-14,S-021,P-007,4,0
743e0b10-fa24-4ebb-bbbb-5b936d014aab,2023-11-14,S-048,P-001,1,0
f0ae1674-1804-4711-b896-96493168e0de,2023-11-14,S-030,P-003,1,0
96960536-e2e4-40e2-9e4f-539e766af704,2023-11-14,S-002,P-004,1,0
ef885490-bfbb-44e2-b56b-1a9ec03a2005,2023-11-14,S-011,P-004,1,0
0dedb87d-a855-4244-b8f7-9fd6405a3bc2,2023-11-14,S-032,P-006,1,0
e71c9db5-5469-4e1a-b201-560e01776079,2023-11-14,S-017,P-002,3,0
718ea38f-ddcf-4238-ab53-245d2074c5d2,2023-11-14,S-010,P-001,1,0
c5f0838d-8d6a-4723-93eb-c90f3d31c146,2023-11-14,S-038,P-007,1,0
9100b15a-839b-4de5-bebe-082f54e30a84,2023-11-14,S-020,P-001,3,2100
6d740bd2-2ad5-447e-88d8-986bc1692ea9,2023-11-14,S-003,P-003,1,0
22c04a28-c4ff-4897-ac26-377c71a43613,2023-11-14,S-046,P-004,1,0
a2c1152f-8ccf-4e5f-b878-2786e593ef6b,2023-11-14,S-023,P-001,1,700
1e056a77-7982-4f0a-92c2-1f576b320d41,2023-11-14,S-046,P-005,2,0
09ca097e-72bc-4639-933b-b23a34a43cb9,2023-11-14,S-040,P-001,24,16800
fad08964-dde7-4e85-811a-44e1c6216d4b,2023-11-14,S-044,P-003,1,0
82ea29cb-88e1-4693-9469-9d8d4a011346,2023-11-14,S-024,P-007,1,0
37317d08-2c56-4579-b2f3-823d1fd30e68,2023-11-14,S-039,P-004,4,0
adcb12e2-7503-4982-8a18-72af488faacd,2023-11-14,S-001,P-006,4,0
c6450d3e-4f83-475c-a757-53a3bf4c121e,2023-11-14,S-041,P-002,1,0
49decaad-6ca5-4112-9a83-17359d8244c6,2023-11-14,S-026,P-006,2,0
7cebe6cb-de07-4298-8ec7-fdb6ed239017,2023-11-14,S-042,P-002,1,0
6876b940-1cb3-42cb-aa23-cc6bb5183357,2023-11-14,S-048,P-007,1,0
85f6db09-dbe5-44da-8cc6-cf73496247be,2023-11-14,S-018,P-001,1,0
5d442524-1299-44c3-af51-da5e5ac608f2,2023-11-14,S-019,P-004,2,0
8ade00fa-a937-4ae5-99d7-34d982114f24,2023-11-14,S-040,P-003,2,0
766ff8d0-ecb3-4f4e-a660-6aefab406b5b,2023-11-14,S-030,P-005,1,0
99d1ac62-7716-44d1-8de4-85996bc40fa4,2023-11-14,S-021,P-005,10,0
21bc0c53-58a1-4b7f-ae30-97c1d23b4608,2023-11-14,S-041,P-002,1,0
6a554711-40a3-4af1-87d0-406bf2b1b6f6,2023-11-14,S-018,P-002,5,4750
52646360-bde3-4812-b81b-8ae540b9c545,2023-11-14,S-017,P-001,4,0
ce96b2cf-5ab6-4ea4-9cda-6213895e38d5,2023-11-14,S-047,P-005,1,0
f2baf623-611e-4b97-9036-2537a2a276cd,2023-11-14,S-043,P-005,2,0
9a832db9-c85b-4e50-a217-e32def3458bc,2023-11-14,S-013,P-002,5,4750
d1f8e0f6-cd0f-41ef-9fec-a986d4935d82,2023-11-14,S-032,P-006,1,0
611eb55a-5483-45d0-a2b0-d07cb1901bc7,2023-11-14,S-028,P-003,1,0
341a3415-6e4d-4575-92af-7cc65ffdf25e,2023-11-14,S-008,P-007,4,0
f33dcedc-217b-43b5-b780-8b7b9345da1f,2023-11-14,S-006,P-001,2,1400
81496870-be0c-415f-8595-f46032949d9f,2023-11-14,S-006,P-004,2,0
1f71a4b7-f148-4efe-a687-b80870cfa691,2023-11-14,S-025,P-004,4,0
310d0718-942e-4010-8ff8-4f855c1cb2ee,2023-11-14,S-023,P-002,1,0
5d58213e-2184-462d-bb1c-7ee85cfe3ad7,2023-11-14,S-050,P-004,1,0
94b8b9c3-ecc4-4865-b7f0-b1fc9d9f1f0d,2023-11-14,S-042,P-005,1,0
c4d27b7c-8117-42f3-adcf-67796cdb3145,2023-11-14,S-001,P-003,1,0
e8a47a14-e808-44a0-991e-a28320fbe24b,2023-11-14,S-026,P-007,4,0
f280178b-6212-4ab6-b6bd-2949fa3d5d0b,2023-11-14,S-017,P-001,1,0
bce7daf9-2070-4c59-aadf-8f64d8beb488,2023-11-14,S-005,P-004,2,2100
4c254a23-26cd-45cd-ae21-f5b26e615b2a,2023-11-14,S-043,P-003,1,0
adc99dc6-46ce-4e1e-bd7f-58f93902411e,2023-11-14,S-040,P-006,1,0
6db21640-f300-4eaa-9aa6-8cfc64d9881d,2023-11-14,S-025,P-002,2,0
84c845a5-0555-429d-b9b4-92237078d905,2023-11-14,S-042,P-004,1,0
31838ba2-a2b8-4c24-b33f-3c260f29bc89,2023-11-14,S-034,P-002,2,0
1837a181-8007-4deb-b63b-4807e97fc4c2,2023-11-14,S-001,P-003,1,0
1783acfa-7b65-47f8-b1f7-1e5b1d77aaa7,2023-11-14,S-014,P-006,1,0
c0bd1f7c-8c43-4305-a13e-49b00bb25859,2023-11-14,S-045,P-006,2,1600
baac3202-1dba-4bf9-a5d9-c2022cca1e56,2023-11-14,S-028,P-002,1,0
28964b3b-3ec2-4ac4-967a-24c3a6f2aba7,2023-11-14,S-027,P-004,4,4200
89e3d989-5609-4e62-8842-e66fc08479ab,2023-11-14,S-039,P-003,5,11000
ffaba784-bcf4-475a-b5da-8aa0bbbe779a,2023-11-14,S-037,P-005,3,0
2b52b0ae-3523-48af-9012-674aa2f95f2f,2023-11-14,S-017,P-002,1,950
a773a5da-345c-4d6f-ab75-809289455357,2023-11-14,S-039,P-004,1,0
f7c7baf1-eb80-4539-867b-3e6f3bf6fe6f,2023-11-14,S-043,P-002,1,0
2535418a-4322-4c3b-9d05-658d3e5d2502,2023-11-14,S-039,P-006,1,0
dd7af8ef-279d-4e0a-b295-1c752d5805c0,2023-11-14,S-046,P-004,2,0
849e3591-b65a-4aa7-9c80-cca8f2268920,2023-11-14,S-048,P-003,1,0
b67770ef-6805-44fa-8998-0892070208eb,2023-11-14,S-042,P-005,5,5250
7531821b-c8e1-47ce-971a-96121fbc079a,2023-11-14,S-031,P-005,1,1050
651139be-1cb8-4cdd-8e8f-7d2e193f25f7,2023-11-14,S-021,P-004,3,0
dca24069-5a93-41d6-9020-89284dd68646,2023-11-14,S-039,P-003,1,0
63220db9-b35e-4cd8-9032-9d85b193c87b,2023-11-14,S-004,P-007,5,4500
425c3ad3-5494-4604-8155-fc33e8d87506,2023-11-14,S-001,P-004,2,0
d4973e00-53ad-4c3b-821a-d8d96b16eae8,2023-11-14,S-049,P-003,4,0
f9c3c06c-25eb-4054-b9ce-a4489e42dd36,2023-11-14,S-011,P-005,24,25200
faaced77-ea44-4baf-a76c-be752a676655,2023-11-14,S-026,P-002,24,0
970be52d-48db-4cb9-b569-512fd42338de,2023-11-14,S-016,P-001,1,0
9f60615c-6577-4640-8531-2c25e8eb4ac5,2023-11-14,S-013,P-006,2,0
440c0d9d-73b6-4440-91a2-44807e391952,2023-11-14,S-018,P-005,2,0
16df119c-2e3c-47bb-8f25-d2b35bce3676,2023-11-14,S-047,P-003,1,0
7150ca00-7449-4c35-9a3c-d45da614f598,2023-11-14,S-014,P-003,1,0
f37392d9-43c4-4cab-aeb8-93d39b3336df,2023-11-14,S-040,P-001,1,700
6879e81e-221f-4f04-ab94-b54c0c8a1470,2023-11-14,S-007,P-007,2,0
fd9900bb-2916-473d-9a74-c4f33e463c67,2023-11-14,S-042,P-007,2,0
47da5164-2cc0-49e4-b396-1c8756ea120b,2023-11-14,S-003,P-001,1,0
e20debc5-7d0b-42a9-86b3-25f44f536819,2023-11-14,S-027,P-002,1,950
20738e57-1ec1-4a6c-861e-3400d9fb51a4,2023-11-14,S-006,P-005,3,0
18f78169-4812-4b8d-97e7-c92f701a42ae,2023-11-14,S-008,P-006,1,0
c6987fd1-9e97-4d15-aa95-193ad70b58eb,2023-11-14,S-007,P-005,1,1050
72ee7c66-464b-4661-8251-70b8fe694997,2023-11-14,S-011,P-002,3,0
98b63b2b-e271-4a3c-a80f-2605beee3521,2023-11-14,S-022,P-001,1,0
a68341a5-50ae-4d6e-aa7a-f08e2c3afe80,2023-11-14,S-015,P-001,4,0
470685e9-b34f-4b63-9118-76a62ab53cb5,2023-11-14,S-045,P-005,1,0
db04e4f2-e0bd-48a1-bdbc-6292a0916032,2023-11-14,S-039,P-001,1,700
6f4002b3-bcd6-4675-8870-ddfc649a457d,2023-11-14,S-047,P-002,4,3800
d2c6f09f-7d70-4387-8314-66e7cdbbc569,2023-11-14,S-050,P-007,4,0
529f320b-7bab-4d13-984d-1031486575ec,2023-11-14,S-017,P-004,3,0
4d99f258-a286-44ab-820d-727f3663ce9b,2023-11-14,S-013,P-002,1,0
08fe8846-2bf3-4e83-aa6c-72854648c83b,2023-11-14,S-027,P-005,2,2100
f179fbd4-93db-42f0-b374-ab930681b902,2023-11-14,S-009,P-006,1,800
7e66f2b1-f5c9-4b9b-ac94-7fa3056c82fe,2023-11-14,S-039,P-003,24,0
bd7e48a6-7b29-459c-80a9-d2a81e2e40ed,2023-11-14,S-004,P-006,1,0
d28f1b90-5c05-4b76-9afa-a83c2b652191,2023-11-14,S-020,P-001,1,700
096a01a8-fb28-4cc7-8962-0b20aff21662,2023-11-14,S-003,P-003,3,0
f57ec164-a11d-4551-bb8b-f002d2b8eb6c,2023-11-14,S-033,P-005,5,0
4508fce3-83c0-40a7-8cc0-e3cf504e0438,2023-11-14,S-002,P-004,4,0
3e88cc37-c9d1-4f4b-a599-c5be9104d8a2,2023-11-14,S-008,P-004,1,0
7fbe1f4e-79cb-45a0-8377-cab973beaa05,2023-11-14,S-041,P-005,1,0
9c856d05-b3eb-4c65-9b4b-79a4ecff5c75,2023-11-14,S-036,P-007,1,0
f12a1bae-9472-4040-8ee6-f466b30f7c29,2023-11-14,S-017,P-007,1,900
88d62c68-e25d-4b94-b933-d5694baddd09,2023-11-14,S-014,P-003,4,0
45301668-2efa-4e91-bc81-9302148b778b,2023-11-14,S-018,P-002,1,950
c5dc67d2-8f08-4e0a-8001-01939d4552ae,2023-11-14,S-004,P-002,1,0
7b2498fa-6796-4adf-90b7-f17ce1444f03,2023-11-14,S-044,P-005,1,0
08e7fc4f-5cef-4ffc-a601-091cbb7da418,2023-11-14,S-049,P-006,10,0
a994757f-26df-47d2-ab7d-2d2aa1f58a08,2023-11-14,S-013,P-007,1,0
10b7b0bd-c043-4172-846e-c27e981a8a57,2023-11-14,S-050,P-003,1,0
2615df88-db1c-4238-b6ef-75d225c4e3c6,2023-11-14,S-048,P-001,1,0
7b535b49-7d6c-4bcb-9f83-85cf5d4eae3c,2023-11-14,S-018,P-006,4,3200
0e4d4d67-544e-4453-b391-82499fcedc7b,2023-11-14,S-036,P-005,5,0
189bd78f-a0e1-41ac-a3a9-1a838f1e966b,2023-11-14,S-027,P-004,1,0
5df1e98f-a125-49d6-bcad-68466e421c01,2023-11-14,S-013,P-005,1,0
c0f0edd6-ff1e-459b-a75a-4a318453f521,2023-11-14,S-024,P-007,1,0
aa34852b-91b2-4641-85fb-658b443f4b50,2023-11-14,S-016,P-007,24,21600
10a22af7-cc66-4f19-b027-7124928f98f3,2023-11-14,S-027,P-007,2,0
049f1089-2187-4d24-8711-af0bfe9ddd25,2023-11-14,S-031,P-001,1,0
a641dd3d-4262-4495-8e22-dea60579f081,2023-11-14,S-023,P-003,4,0
a28917a8-0ad1-4169-ba0c-b99830a48113,2023-11-14,S-012,P-004,1,0
3a696eb9-3e04-4218-ae6e-36d733c6f1cd,2023-11-14,S-009,P-002,2,0
6e7138ea-8de8-4bf9-810f-8e43c5285b73,2023-11-14,S-006,P-003,1,0
29205277-4312-4704-bdd3-0ab67e104dbb,2023-11-14,S-020,P-007,3,0
0fd7aed9-f1ff-4172-a33e-4445c3b4aa44,2023-11-14,S-050,P-002,1,0
9062dee0-0c33-4893-aefc-e72789ebe401,2023-11-15,S-030,P-006,2,1600
cf5335cb-901f-41b4-b898-44bb67951c99,2023-11-15,S-015,P-002,10,0
357df2bb-1d1f-4634-a88c-f5cd3d2deba0,2023-11-15,S-020,P-001,1,0
add807d0-05a8-4c45-adbf-c1226e950623,2023-11-15,S-011,P-005,1,0
ad961796-95e0-4357-8899-0005162c39b4,2023-11-15,S-003,P-004,2,2100
4aaae99f-aed3-473d-8887-5e21a904a0f0,2023-11-15,S-021,P-001,1,0
85efc013-83b1-44ee-90f2-a70aac3fe48e,2023-11-15,S-027,P-002,10,0
66e03326-df67-4eba-a367-5fa290dc799e,2023-11-15,S-025,P-006,3,0
187b96b6-2cbd-4074-aadd-d54f7b5ca325,2023-11-15,S-020,P-001,3,0
5f2a82b9-c8c7-4f3b-a053-bb93e3ede843,2023-11-15,S-049,P-003,2,0
c40ce596-b1df-4452-8c9a-b91df879a68d,2023-11-15,S-029,P-002,1,0
c2015a81-4ccf-489f-b782-7016636f7eaf,2023-11-15,S-002,P-004,1,1050
61a8e795-d64b-46e8-b26c-58c8f78c7646,2023-11-15,S-038,P-004,1,0
92566fe7-3d80-40d0-b38e-ae1569396929,2023-11-15,S-040,P-006,5,4000
bc458279-ffa7-480b-b65f-70f68eab37a5,2023-11-15,S-012,P-007,1,0
d4e48338-182d-42e1-b9f4-c25718f489e7,2023-11-15,S-018,P-006,1,800
5e31c9d6-b3cf-4028-a56e-63b58f12cc62,2023-11-15,S-035,P-004,1,0
a6b921ce-f3ed-48a7-bf95-02b8641e2158,2023-11-15,S-010,P-001,1,0
26d69a8e-7526-42d1-9af9-1dffa7a33723,2023-11-15,S-034,P-005,4,0
6357cf28-0966-4e01-b9bb-15780d11422a,2023-11-15,S-028,P-003,3,6600
d236f1f7-bf47-4d83-bb24-97d95a4e82cc,2023-11-15,S-020,P-003,1,0
bb52698e-53e4-4fa6-a735-48af2baeb4ac,2023-11-15,S-033,P-007,5,0
0427040d-d2bd-4272-a39b-38ccb3ff6589,2023-11-15,S-021,P-003,2,0
7db213de-733d-488a-9bfb-d7a2ee3fb658,2023-11-15,S-029,P-002,2,0
478398d2-f8a0-420b-8225-62368a05367c,2023-11-15,S-023,P-001,1,0
7c17dc19-9212-4730-82e4-bba906e907a0,2023-11-15,S-011,P-001,1,0
b3c0fee3-adb9-48a4-8347-79587567dc3d,2023-11-15,S-008,P-007,3,2700
7530f14d-022b-4b1b-b902-b55525722a65,2023-11-15,S-031,P-006,1,0
70a4bd7b-0677-4407-b6b5-f0acc1f8f39c,2023-11-15,S-014,P-005,2,0
c46d5e6a-9984-4c62-953e-0028fc4242c5,2023-11-15,S-042,P-006,1,0
3f225b96-0878-4436-b7e7-853cf59c3453,2023-11-15,S-029,P-007,5,0
46bf3cf1-881e-4664-90ae-38cff2608cd5,2023-11-15,S-012,P-002,2,0
71281377-b397-4dfa-83a7-ff38f84e6d11,2023-11-15,S-011,P-002,24,22800
aaa7c019-c330-4957-aee3-b5df08afb1d4,2023-11-15,S-019,P-003,2,4400
09b7c11b-563f-4a91-b056-8ff637608090,2023-11-15,S-032,P-002,1,0
72d39696-df25-4cd3-a271-8ea426f3d4ce,2023-11-15,S-020,P-003,1,0
1b81b389-ca7d-4d88-b66b-b62bc0c83acc,2023-11-15,S-050,P-003,4,0
7d39ea8a-8e09-49d9-a671-8d2c929c24ff,2023-11-15,S-015,P-005,1,0
579c1a37-d9bf-4bcf-904c-24f92e121277,2023-11-15,S-034,P-003,1,0
e6e401a5-bbdd-4cb2-8245-1e96123cf24f,2023-11-15,S-035,P-004,2,0
e9096fcd-82ee-4bc2-8c1d-e58479dfbc69,2023-11-15,S-049,P-004,10,0
fe1e5859-861a-4ace-ade4-84eb51652f9d,2023-11-15,S-018,P-002,1,0
a6b57a80-5fe6-46fa-8770-6cb267529f73,2023-11-15,S-031,P-006,1,0
9feb4a18-3f61-4f3e-a9bc-7dedc49f52e1,2023-11-15,S-049,P-005,1,0
3b93139a-0a12-44c6-9aba-8123c1bbe6c3,2023-11-15,S-030,P-004,1,0
b1b309cf-699a-4684-85c7-86dcb93f784f,2023-11-15,S-012,P-004,1,1050
67c60740-4a93-49a7-b257-7acb02fd93e7,2023-11-15,S-024,P-003,2,0
6dff3b99-2d5a-4bff-a742-694394f22361,2023-11-15,S-023,P-002,1,0
b3a572f4-97c4-4912-8851-a358840e45ac,2023-11-15,S-050,P-005,3,0
50bcee3a-99cd-489c-b6ef-b827664b0bc7,2023-11-15,S-015,P-001,2,0
173d5921-d3c9-4443-889d-048f2c14ec50,2023-11-15,S-040,P-005,1,0
4f2d2d88-16e0-4a0d-8cc7-fab6d78a0650,2023-11-15,S-022,P-003,2,0
adbb91aa-7778-4010-b938-3d6df67e2313,2023-11-15,S-011,P-003,1,2200
e65f84e8-5bde-4c15-9f18-6e36be1b1619,2023-11-15,S-015,P-001,2,0
be6fada1-93ab-438a-b7ea-ff3f90e28dda,2023-11-15,S-036,P-006,2,0
18e7a3c8-aaff-4564-8af9-a218a76a99b7,2023-11-15,S-006,P-006,3,0
efb15b27-b039-4a5e-9e9d-5ac0cf2d3765,2023-11-15,S-032,P-001,4,0
33d5bd54-648c-40fe-8ec1-6b9340da776b,2023-11-15,S-037,P-007,3,0
bc08ef88-d1f7-4085-8a5e-5871ac74e298,2023-11-15,S-031,P-005,2,2100
a377c32c-77c3-463d-94b6-2d347cced970,2023-11-15,S-025,P-004,1,0
cdda820f-222d-47e6-962b-399d4e05ef6a,2023-11-15,S-050,P-006,4,3200
8ea30579-3037-40a4-a006-94716595ab36,2023-11-15,S-021,P-002,1,0
4ff0462d-abaf-4171-a0ae-5953a8dccd00,2023-11-15,S-050,P-007,5,0
e9f72dc4-a078-41e3-ae5f-1f06b0e9f24d,2023-11-15,S-026,P-005,1,0
e794e2a1-6b22-407c-a373-fe3d90d1c31e,2023-11-15,S-037,P-006,1,800
aa870369-b4a5-4fb5-be3e-5dbcde67d1ad,2023-11-15,S-038,P-005,1,0
254a6e82-255b-4483-914f-392b03d3ff56,2023-11-15,S-010,P-003,4,0
8a7e90c5-60e4-4c53-824c-835a6c4b2063,2023-11-15,S-036,P-003,2,0
c9e8de4d-0da3-4a83-9b8e-ac09dea6ef66,2023-11-15,S-030,P-004,4,4200
fd9ff882-375f-4386-a39c-38381cc21899,2023-11-15,S-014,P-006,1,0
43ffc04b-1912-4de1-9d59-299427e6fac2,2023-11-15,S-025,P-003,1,0
debd4b76-6d70-42ae-8b8b-8e9d2419e286,2023-11-15,S-043,P-003,2,0
aff9e7b9-4f1d-40bc-8945-277b73a49374,2023-11-15,S-027,P-001,3,2100
2041d3c2-4939-416b-802e-26d03092c44b,2023-11-15,S-004,P-007,1,0
6a71698d-78a6-4425-8d4c-a6a6174937cf,2023-11-15,S-037,P-006,1,0
f8582732-6e91-403f-bf3e-94d36ea44c54,2023-11-15,S-050,P-005,1,0
de0adcf1-d1d6-4523-9c4a-96c987ced237,2023-11-15,S-008,P-005,4,0
ae0a1601-e49f-4bcf-91e8-489049f7fcc1,2023-11-15,S-045,P-006,2,0
c5d80f3e-4c2a-4cf1-867d-d3410ffbda5e,2023-11-15,S-007,P-002,3,2850
2f2c5633-f563-4a4a-b019-5c096fec0bda,2023-11-15,S-024,P-007,2,0
ba4ec985-ffaf-413c-a5d5-ceeb3d7d7bd0,2023-11-15,S-002,P-004,4,4200
17278aae-035a-4de1-b685-f243e7898cf1,2023-11-15,S-011,P-003,1,0
14f2ca04-2454-4ddd-b9a1-51e214c1e558,2023-11-15,S-033,P-004,1,1050
07a1e9ed-d3c3-4bc2-9110-54d288363a8d,2023-11-15,S-048,P-007,4,0
b1a29357-2b4e-42d1-a81d-f03fb898d3f2,2023-11-15,S-009,P-005,1,0
a30bc617-7021-4fbc-bca8-08c9e3921f98,2023-11-15,S-003,P-001,1,0
7c4ff993-603b-4f43-a682-87e4dc2b7eda,2023-11-15,S-010,P-006,2,1600
1048bdec-48ad-4674-8a3b-61bfb60f06de,2023-11-15,S-020,P-001,1,0
6a08b5e5-c14e-4d7f-a2e7-9611c88ce175,2023-11-15,S-034,P-001,1,700
0f92de4f-8439-4d12-aa9e-888002907083,2023-11-15,S-017,P-002,1,0
e2d0433d-c0ae-4a07-afe8-9d0b3ca37180,2023-11-15,S-033,P-007,1,0
da62d357-5f6b-4312-914b-0e80a905e572,2023-11-15,S-010,P-003,1,0
7f43cf67-3de9-4e62-a9e8-95741f34077e,2023-11-15,S-030,P-001,1,700
1ae22220-72da-469b-8093-2f00012bebb3,2023-11-15,S-026,P-001,2,0
7ce3538c-6fdd-44be-ab13-1daecfed1bc0,2023-11-15,S-029,P-003,1,0
92de1036-fe67-4bf0-be27-18037d350ef9,2023-11-15,S-022,P-002,2,0
3fcb6f19-f726-497f-9cff-56891660aa4e,2023-11-15,S-002,P-007,3,0
92095cb3-89d1-43d1-a177-603b06805b99,2023-11-15,S-030,P-003,3,0
bd01d472-0cc6-41ff-a70a-a2d962e7a418,2023-11-15,S-025,P-004,2,0
b5181436-ac1d-487a-abc4-a59956665fbf,2023-11-15,S-020,P-002,1,0
3fa6c502-2586-42ae-a288-293607f9ccbb,2023-11-15,S-032,P-002,1,950
1d7f8c9e-4ded-456f-9e82-1a698954e615,2023-11-15,S-003,P-006,1,0
b75aa2c0-b8fb-4a06-9727-ca9de8d2a466,2023-11-15,S-020,P-007,1,0
a2b5bc72-7a47-4e3e-a2d2-06641a207fc2,2023-11-15,S-007,P-003,1,0
617205e3-f89c-41af-b1df-9b9ff6f2c070,2023-11-15,S-040,P-005,1,0
5f66c7ac-97cf-41ec-b5fe-41511a413b7c,2023-11-15,S-007,P-002,1,0
7102c2bf-8447-425d-8fa2-95c4407d5e78,2023-11-15,S-043,P-006,3,0
a774ca96-5afe-44ec-a2bc-a4cf7156a899,2023-11-15,S-034,P-002,1,0
08c2b180-7a35-444d-bb01-3c2d59cc0cdd,2023-11-15,S-023,P-005,1,1050
ccd6c09e-dd35-47db-8dd7-e30629ece7d5,2023-11-15,S-029,P-006,24,19200
4d0eeeb5-493b-4c34-b77f-c2af2e5a900b,2023-11-15,S-045,P-001,3,2100
3205df1f-e7ff-4740-b1b0-a60621e64bea,2023-11-15,S-040,P-007,5,0
200a0791-3411-4f1e-86c5-c9610d162fc6,2023-11-15,S-034,P-003,5,11000
7241a4c5-a9cd-454b-9676-c8ef8059e0f4,2023-11-15,S-014,P-006,1,0
73dc2653-f271-49fb-9cb4-779467273646,2023-11-15,S-003,P-006,1,0
7851fbfc-5d74-4e1a-8ad6-c13c48af7477,2023-11-15,S-017,P-001,1,0
af5a3ff9-085f-49ce-b5de-8795dadb35e8,2023-11-15,S-035,P-001,1,0
f73b0216-95d8-4c1f-a75a-0b84a257cc89,2023-11-15,S-032,P-005,1,1050
da3f3e88-1ed3-4593-9230-16476fad488f,2023-11-15,S-035,P-002,1,0
ff213ce4-b6df-4e92-a5b6-3a15033f3f04,2023-11-15,S-011,P-005,1,0
3dbe8b0c-2ced-46a8-b863-d6667b1dd4e8,2023-11-15,S-048,P-003,4,0
3b9ef62f-87c3-4749-8abf-aa645756b0ca,2023-11-15,S-003,P-007,2,0
68ab6149-e8ba-423b-aa6a-d93de7c546fb,2023-11-15,S-050,P-005,1,1050
bf0a6074-4067-46c3-8f7e-dc6d69b17c81,2023-11-15,S-050,P-003,3,6600
e1f329fc-ed29-4381-a7f9-97f2eead038b,2023-11-15,S-032,P-007,4,0
00ed9731-4cae-4297-b006-07063dd37b99,2023-11-15,S-042,P-002,5,0
7af4f2e0-9431-4c4b-8076-673893aaeaae,2023-11-15,S-044,P-002,24,22800
85fc6a1f-0f5c-4ce2-90ff-fba5aa66f9df,2023-11-15,S-017,P-006,1,0
18fb853c-03c7-4806-8099-eacaf1f0d6d3,2023-11-15,S-037,P-004,1,0
2f8c765d-a152-45ad-9002-5de12ddf85e1,2023-11-15,S-044,P-001,1,0
31b72676-3f96-4af7-bbfd-5a5de9d19b6e,2023-11-15,S-010,P-003,1,0
95628fdb-325f-4213-92fb-2034c8f326dd,2023-11-15,S-044,P-004,1,0
801e92a3-a899-47ef-ab03-c9017bfe5261,2023-11-15,S-020,P-005,1,0
0145693c-04fc-4c76-8abb-1121ce591152,2023-11-15,S-011,P-001,4,0
070aed6d-5e58-474c-bb4b-f31ca94d2731,2023-11-15,S-025,P-005,2,0
98bd25a6-15df-4ef9-8480-3e224c2098d9,2023-11-15,S-003,P-006,2,1600
f71a46aa-50bf-482e-9f34-05bbb3f0f689,2023-11-15,S-029,P-006,4,0
03136a91-1c90-4aee-8489-429ce5a31769,2023-11-15,S-026,P-002,1,0
b001f433-da68-4d94-8314-048a452742de,2023-11-15,S-046,P-006,1,800
0b2bb0be-1adc-4927-a80d-e95e74309b6f,2023-11-15,S-038,P-002,2,0
a477181a-c1ac-41f6-b5fc-5775648e6515,2023-11-15,S-040,P-002,4,3800
e64d6a5e-acb8-40a9-bfad-47d37e9ba1ad,2023-11-15,S-036,P-006,3,0
4dcdfdb6-8023-47ff-a450-971c262a9ffa,2023-11-15,S-045,P-003,24,0
17040ce2-f996-4f7c-b2b3-2e16112e7123,2023-11-15,S-024,P-001,1,700
3ea3149d-c90c-4650-b284-b95477bd24cb,2023-11-15,S-007,P-007,2,0
b2397a85-a1bb-4ea2-b22b-6a6fe87370b1,2023-11-15,S-004,P-005,1,0
ab04479d-dc87-4160-a0e1-124377c7443a,2023-11-15,S-019,P-002,1,0
f3370de6-abd7-4aa9-bce0-28f744167311,2023-11-15,S-037,P-004,1,0
97d61d71-d2b7-4040-ae15-65ab900f6868,2023-11-15,S-017,P-005,1,0
b7656c9c-11f8-475a-8d33-200fcfd534a9,2023-11-15,S-027,P-006,1,0
783176a7-eb4d-4c03-b125-e0d81d6430e6,2023-11-15,S-027,P-003,4,0
64b2a3e5-a159-4515-9800-e3ec614726e5,2023-11-15,S-037,P-006,2,0
d1da26f7-83de-446d-84dc-480e05074dc7,2023-11-15,S-004,P-005,3,0
5fcc31e3-39c8-4932-941f-cf77bd85221b,2023-11-15,S-042,P-007,2,0
154e05f0-c8b4-4573-bae4-df4b5501fbec,2023-11-15,S-015,P-002,5,4750
baebbe0a-cb3a-4591-87df-1cb0abe5afd8,2023-11-15,S-026,P-007,1,0
4676304b-e90a-4d34-ad95-16806f49e793,2023-11-15,S-047,P-006,2,0
6c3242bd-7437-4e42-acac-e1d47e2eb623,2023-11-16,S-018,P-001,4,0
f90f765d-c4b2-4372-9337-44b1bbe1e57e,2023-11-16,S-009,P-001,3,0
5c60cd62-d8b5-45f1-85c5-a25a96964ba0,2023-11-16,S-034,P-006,1,0
73cd5ef5-b27c-4e36-9077-d0ad864ef38b,2023-11-16,S-031,P-003,4,0
fe200f9b-7256-49bc-a0e7-dfd6677becb1,2023-11-16,S-033,P-006,1,0
a89a5a97-ce25-43bb-be31-3f1d41c9db8e,2023-11-16,S-016,P-003,2,0
f1018c83-42a3-474f-b737-e1de6b373a0e,2023-11-16,S-017,P-003,24,52800
525296d0-a474-4b4b-ae7b-4978af137496,2023-11-16,S-039,P-004,2,0
c3a631ac-9a39-4ae7-8586-249e1f4475e3,2023-11-16,S-020,P-004,3,3150
a7695244-ed9b-4740-aa2b-9ef431e7d04f,2023-11-16,S-004,P-006,2,0
5f752478-1d06-452c-b843-9fc104625c85,2023-11-16,S-032,P-001,2,0
0972e9a9-e533-4ef6-9d81-5f5ed4a8121a,2023-11-16,S-027,P-002,3,2850
9e35a3b7-24fb-4260-a15e-fba12b7f8f55,2023-11-16,S-046,P-004,2,0
98745397-509c-4b5a-aeb7-fa4081ab6b94,2023-11-16,S-020,P-001,1,700
fd949244-3675-4f29-aa4b-536747b3b315,2023-11-16,S-042,P-002,2,0
4c93d27d-03ee-4146-938a-17ce1f401616,2023-11-16,S-031,P-001,5,3500
a007e316-13bd-4950-bf47-e74f97af134f,2023-11-16,S-034,P-005,3,0
fd047b19-2d9a-425d-9b2a-27b9adea1e09,2023-11-16,S-018,P-001,1,0
4cf65be9-857c-45d5-9009-cbfdcaffa1d0,2023-11-16,S-002,P-002,2,0
97ec801b-d527-46e4-961d-529a2a617417,2023-11-16,S-048,P-005,1,0
c53be7bf-ea54-45f9-bed3-74ce0065b2a0,2023-11-16,S-010,P-002,1,0
e36e81d0-dbe5-43c2-b4d2-8756a21984f7,2023-11-16,S-038,P-002,4,0
d9ccd628-8871-4b1f-bdeb-22ba66fe8ae0,2023-11-16,S-028,P-001,1,0
31f96797-0e39-445f-8542-4ff107d00e58,2023-11-16,S-035,P-004,1,0
85a8f6c6-062c-4fd6-b48e-fa4398316d46,2023-11-16,S-047,P-003,2,0
84a7ce00-802e-4a27-9521-f639f025f800,2023-11-16,S-024,P-004,4,0
ff067f55-d517-492d-9bb9-af8e8761376c,2023-11-16,S-034,P-007,4,0
43a34105-1b12-427f-a180-a3e3945fe82c,2023-11-16,S-031,P-006,1,0
674a0588-b041-4f0e-af9f-8ddb66ac38e4,2023-11-16,S-006,P-007,2,0
a4929bec-516b-4ceb-9337-b135e8eb0bde,2023-11-16,S-042,P-006,1,0
a480ce41-2996-49c9-88da-236e89af2630,2023-11-16,S-011,P-005,4,0
e572833b-2eba-489f-91f5-b900a18be237,2023-11-16,S-017,P-004,1,0
8ca72e75-b59b-4cda-9ea1-3d47296b21e0,2023-11-16,S-027,P-001,1,0
423f2444-ff61-48ae-b6b7-0202c165377c,2023-11-16,S-019,P-006,1,0
42e05a22-234a-40ca-9cdc-dd32a0e6505c,2023-11-16,S-038,P-002,4,0
dc7f559c-983b-4a8d-a299-898bafeb7d0c,2023-11-16,S-006,P-002,5,0
105cdc64-9ede-438c-ad82-c66c2e75419c,2023-11-16,S-044,P-007,1,0
0974f5ab-65b4-418d-891b-8dfe08d61e35,2023-11-16,S-007,P-004,3,0
59e5ed0c-6a85-4e38-bd7e-984182e6ae4a,2023-11-16,S-028,P-002,1,0
a340b1f8-988d-435c-86b7-9c7ea97b6a3d,2023-11-16,S-007,P-003,3,0
2d32960e-44b1-4644-9284-a24cbd961aa2,2023-11-16,S-042,P-005,1,0
a39f4d15-8587-4aba-bf20-e4b5bcecc9ff,2023-11-16,S-020,P-004,1,0
8137bffa-cf95-4915-8cf4-107683d3d982,2023-11-16,S-045,P-001,1,700
22a6add4-5fa3-4e95-a14a-50fda0f844fe,2023-11-16,S-048,P-003,1,0
e20e5988-77a8-4f1e-87f1-cbc4b442a895,2023-11-16,S-048,P-005,2,2100
51b0bc5b-c045-4633-9345-a7b57efb7170,2023-11-16,S-050,P-002,3,0
c146be45-d15d-4ff1-a561-b33594995d98,2023-11-16,S-034,P-007,5,0
af84422f-630f-41f1-9179-5329dccf044f,2023-11-16,S-021,P-004,1,0
76fb58fc-b7e2-4ea7-b533-4d23ed452fad,2023-11-16,S-044,P-002,1,0
c433498a-a3f1-4149-89f5-f1079d342fab,2023-11-16,S-023,P-001,5,0
6bc6edf3-877d-4b35-8a32-c6c42381d867,2023-11-16,S-046,P-003,5,0
47774d41-4d2d-4815-9bc2-d46d7a6503e6,2023-11-16,S-041,P-004,1,0
f2cbf0f0-2551-4b00-8739-c3e17a4042c5,2023-11-16,S-029,P-007,1,0
bc9f530d-e55b-4294-a0f0-3d2b3a2eee37,2023-11-16,S-028,P-004,4,0
26c65782-327b-42d1-9264-27081ae98f30,2023-11-16,S-043,P-001,2,0
e1ad73a1-a7d1-449a-8d0b-4ad0bdfe662a,2023-11-16,S-012,P-001,1,0
6c6c06f6-de69-4620-839f-b0fbb2486b19,2023-11-16,S-005,P-006,1,0
58829c10-1bef-41d9-8055-246d0dd901b8,2023-11-16,S-035,P-006,1,0
90cfcc6f-31f6-4654-9245-0ce847acb786,2023-11-16,S-032,P-004,4,0
a008a5ae-c161-4c6d-b8a9-8ce8c220ab09,2023-11-16,S-043,P-006,1,0
6298745d-bedf-40df-8d35-4375eb6a46b3,2023-11-16,S-038,P-002,5,0
83fd8b81-f120-4553-a5c5-53a9f1542a33,2023-11-16,S-038,P-006,1,0
05bb33b9-07db-44a8-a2f8-d1de11ba8c6d,2023-11-16,S-009,P-005,1,0
77acdd49-4e3b-4a83-9b84-9cc7d3c799ef,2023-11-16,S-019,P-004,2,0
506da446-f3e0-4bbf-adbe-b822a69e777e,2023-11-16,S-040,P-007,1,0
5dececde-4e7c-449f-bb92-fb29f309af3b,2023-11-16,S-006,P-006,3,0
73ab199c-0185-4574-a32b-88b8abbdeb01,2023-11-16,S-029,P-006,1,0
4b565be0-90be-41c9-b76a-71980bccd232,2023-11-16,S-042,P-003,4,0
356e6986-85cb-49f5-ada7-a44ce549f747,2023-11-16,S-021,P-003,2,0
4182b913-0df9-4987-97d5-f3ccc2cb7af7,2023-11-16,S-020,P-003,1,0
7d6db7e7-4f5e-40dd-a8b1-d3cfa9f02f42,2023-11-16,S-007,P-002,1,950
bd98159a-3f7a-48e8-a21b-6d3cda738ac5,2023-11-16,S-034,P-002,1,0
3ebafce1-dabc-475f-8e97-749f7be9048d,2023-11-16,S-016,P-007,1,0
56f51cb1-74a3-4a98-bd1e-162be53df6b8,2023-11-16,S-025,P-004,2,2100
08082a66-a806-4f68-b7bc-ffdab3cb5b1e,2023-11-16,S-046,P-004,1,0
8151b127-d6a5-47c6-b294-fc73ef345445,2023-11-16,S-040,P-005,3,3150
740bf0ef-357b-4b99-aa71-7a846f1ab97b,2023-11-16,S-032,P-006,5,0
79e5f76d-1413-4789-99f7-68402b3c79ef,2023-11-16,S-039,P-007,1,0
04ad1348-9299-40af-ae6c-e37df771582d,2023-11-16,S-014,P-004,4,4200
59f79ba3-a1cd-40a4-9c3a-b81ae412f094,2023-11-16,S-025,P-001,3,0
7e6886b3-7062-4894-8861-0a2c49cab6c3,2023-11-16,S-027,P-003,1,0
b787c2d5-9925-455c-ad9b-3287596b753b,2023-11-16,S-048,P-004,1,0
64a0b990-d2ef-4d27-9644-98bbfad7fe20,2023-11-16,S-040,P-003,24,0
9d6c0adc-0223-4511-9bd4-d5718703627b,2023-11-16,S-026,P-002,1,0
9d90ed4b-6f0b-4951-85e3-05fe9088ec11,2023-11-16,S-023,P-004,1,0
e53c274a-e304-4721-9373-f0927967dd28,2023-11-16,S-026,P-001,2,0
549a3d15-7daa-47ea-9348-b52c32195ce3,2023-11-16,S-017,P-003,1,0
b18f2b4d-ec8b-4e97-868f-38c6699b2053,2023-11-16,S-019,P-004,4,0
04ce9f65-096f-4394-95c6-d1d08ad9661c,2023-11-16,S-018,P-006,2,0
8fa4a7cc-e204-4e70-924d-99b3ef035279,2023-11-16,S-045,P-003,1,0
74df8e21-e1aa-44bb-aeb1-e501130df797,2023-11-16,S-021,P-002,1,0
6f74c0ca-eaab-4fec-b709-2595a96ae35c,2023-11-16,S-005,P-004,2,2100
4cac3af9-9e55-470b-972f-26dd0c3acbd7,2023-11-16,S-006,P-005,5,0
d3e4a2b1-9c55-4010-a898-dfef30bef265,2023-11-16,S-032,P-002,1,0
d60ee093-74dd-4c67-bbb7-5424376cb6de,2023-11-16,S-027,P-004,1,0
29376b53-4587-4ce9-ac7c-693beb4a89ba,2023-11-16,S-025,P-001,1,0
711e0547-c6bb-4b8a-ac97-9d848e0073ee,2023-11-16,S-015,P-006,2,0
af38d8d6-0000-42d6-bdfc-b2788d98081a,2023-11-16,S-027,P-005,1,0
1f4105d3-318b-4a89-8bc5-45e3e2dcdff8,2023-11-16,S-018,P-006,5,0
a8140f02-68f6-4a73-a90c-d740e680c27b,2023-11-16,S-050,P-004,4,4200
2b50533d-5e87-45c0-9ca9-dc5b41f2a090,2023-11-16,S-010,P-007,3,0
5da7e586-606a-47f0-9f2a-a877a14f758b,2023-11-16,S-041,P-004,1,0
b094adea-b073-4111-b059-73bce440ebb1,2023-11-16,S-017,P-005,3,0
0a34e239-41c4-473f-afce-54c1e59d717a,2023-11-16,S-021,P-005,2,0
ec00aaf7-1ba2-4c3b-bf5e-6e5e2230a80c,2023-11-16,S-047,P-001,4,0
2924bd1e-f3c7-4990-aee6-63f375b4188c,2023-11-16,S-041,P-001,2,0
4cf78add-eff7-42d5-b7c1-62a921bd5f48,2023-11-16,S-024,P-003,1,0
f6c4c79e-8655-406a-a372-cb27109ad558,2023-11-16,S-028,P-003,1,0
d7497d56-ff06-4632-a70b-d70efd39a1ad,2023-11-16,S-020,P-007,1,0
532d89eb-3692-456c-ab18-9559fa23aa11,2023-11-16,S-041,P-004,1,0
f893e663-351e-4ab5-aa85-b6d0682a8d0b,2023-11-16,S-039,P-004,2,2100
acc4d00a-0092-46eb-bc6d-c6571a5002e5,2023-11-16,S-041,P-003,3,0
03a50bd1-abba-4345-8dae-811c93f7ae54,2023-11-16,S-005,P-005,1,0
bb75adbf-0208-4785-85ab-48924f1d8995,2023-11-16,S-038,P-005,2,0
aa03dd33-eeac-45b2-af17-a853cb7033ed,2023-11-16,S-021,P-004,1,0
037660e1-ba44-4e78-98a1-9cb29443f7e2,2023-11-16,S-010,P-003,1,0
c65ffbb4-8263-464f-b409-ca4d61b255b7,2023-11-16,S-048,P-007,1,0
c9f3c420-fb95-474b-ae3d-815968917856,2023-11-16,S-001,P-001,2,0
aa52ff9c-ac34-4d1c-95a5-6cf221f84d42,2023-11-16,S-034,P-001,1,0
e61c16c7-79ab-4560-abe6-d02860dab906,2023-11-16,S-026,P-001,4,0
944e219c-f392-40cd-99c5-749027b54375,2023-11-16,S-016,P-003,3,0
41a3e09c-2024-4f58-a79c-11afce70e793,2023-11-16,S-007,P-002,2,1900
14f114d0-8f25-40a4-9b99-115d76c31df4,2023-11-16,S-025,P-004,24,25200
dbe2aeae-9aa0-4a2a-8f85-abf1ef25cde5,2023-11-16,S-019,P-005,2,0
e31dbd4a-8987-4852-8aa8-abeb46e05b3c,2023-11-16,S-006,P-002,2,0
bd01d316-f42c-473e-be47-8a10936c1b29,2023-11-16,S-022,P-006,1,800
4a2364ef-ba03-4d39-a4a8-71f459309a20,2023-11-16,S-035,P-002,2,0
44a64209-85b3-464e-b7f2-1c19c0625df7,2023-11-16,S-020,P-007,1,0
dc3d9a87-d4fc-4476-b7a5-3bc3165a259a,2023-11-16,S-040,P-001,1,0
e16ec127-8a25-445c-af09-7178b63c1cf4,2023-11-16,S-015,P-001,1,0
6e0841b1-476d-43f6-b668-cfdd9d80beb9,2023-11-16,S-024,P-006,1,0
a7b2dbcc-ebc4-4ead-bb32-3625a70bd7e4,2023-11-16,S-037,P-005,3,0
f9d4dcaa-38e3-4c22-8cc3-1208969c459f,2023-11-16,S-012,P-002,1,0
bc153a11-8571-40fa-958b-92b0a521d748,2023-11-16,S-036,P-007,1,900
f8c09b80-630b-44ca-9214-9b224fbe95e9,2023-11-16,S-009,P-001,1,0
91c1f85a-578c-403d-a4dd-3a41e5aa642b,2023-11-16,S-008,P-002,1,0
0b01f032-da6e-43dc-a13e-613474736253,2023-11-16,S-038,P-007,24,21600
5c59eb41-5f1f-4f11-901f-63d8f92b32a9,2023-11-16,S-047,P-002,5,0
cfb7215e-7057-4fca-a52a-6e33a1ad29f6,2023-11-16,S-046,P-006,1,800
cefce876-3498-4768-9cb8-a20960af3633,2023-11-16,S-036,P-004,1,0
e0dece05-8974-4114-8487-211a417e6b53,2023-11-16,S-012,P-002,1,950
2216f93a-561c-413a-94bb-a326dcbacac6,2023-11-16,S-040,P-004,1,0
df489f45-6bdd-46fb-ad47-8c333d7a9fab,2023-11-16,S-013,P-006,1,0
2101872b-8454-4ab6-8468-4fdc41de74ce,2023-11-16,S-004,P-006,1,0
fb879007-5eb5-479c-8804-adf8424e3ca4,2023-11-17,S-049,P-006,2,0
9bfcdd81-b70e-46df-98ee-52ad3cc70d6d,2023-11-17,S-019,P-007,1,0
1dd8627a-8e3b-4327-bb9a-10accb16eeba,2023-11-17,S-027,P-003,1,2200
1253fea0-bfae-4746-a7e4-52209bb54ada,2023-11-17,S-007,P-001,1,700
6949850a-86aa-49bd-abab-adb79f333dcb,2023-11-17,S-009,P-006,1,0
31a96064-b2ce-49d9-a18b-15476757113e,2023-11-17,S-040,P-004,10,0
23d03018-bb7a-446c-b64a-8994d1be72a4,2023-11-17,S-039,P-005,1,0
75caf115-fb0f-44bb-a660-a8ad3034bf37,2023-11-17,S-014,P-005,2,0
89c90116-a610-4692-b730-4f373d36299b,2023-11-17,S-028,P-003,3,0
fe06e046-15a9-44ac-ba10-2290ab92e803,2023-11-17,S-039,P-006,24,19200
de033c6a-5096-4790-bdf4-aaa754f88b23,2023-11-17,S-032,P-001,2,0
e887a6c6-5add-4afc-8ee5-f7e6b3f61f67,2023-11-17,S-005,P-001,1,0
46d39ff5-d63d-4a46-967b-99e960ef8045,2023-11-17,S-028,P-003,1,0
a248585c-60df-414b-836d-7050a3e48697,2023-11-17,S-023,P-005,1,0
416179c4-a996-4208-a6f0-3edf063cc07a,2023-11-17,S-021,P-006,2,0
f6b500e2-9a16-4753-b052-712509f16429,2023-11-17,S-041,P-002,1,950
2884d5f5-6b29-4e48-a3d8-2bf1d7907cde,2023-11-17,S-022,P-001,1,0
8f609f05-ab25-48af-8683-ee735ee574a8,2023-11-17,S-034,P-005,1,0
b569d1ec-3525-4588-abec-8627418dbd9e,2023-11-17,S-031,P-006,2,1600
e7c6d527-9599-4bc2-8d51-45006868fbfa,2023-11-17,S-032,P-002,2,0
9ae7c825-aefe-4bb5-9d2f-bea348559991,2023-11-17,S-026,P-007,1,0
a44e9be2-5fcd-4973-9cdd-2ce8942effe4,2023-11-17,S-005,P-004,5,0
a6f7a57f-1864-46b3-ae38-25e22f5de3f0,2023-11-17,S-035,P-002,1,0
07e66477-6a38-4038-9b71-7811179ecccb,2023-11-17,S-043,P-001,2,0
07347f8c-ec7d-4346-8183-7934aeebb4df,2023-11-17,S-004,P-005,3,0
d8cd443d-a06a-4def-aaa7-d13fe4fa7391,2023-11-17,S-024,P-004,1,0
3aa1d9a1-53b1-4c7f-9986-9c58ae89f82b,2023-11-17,S-001,P-006,10,0
30f6a0f1-cea9-4adc-b16b-4abc3c6f88b3,2023-11-17,S-041,P-007,3,0
8444109c-145c-48d5-9582-b6bd86cf5572,2023-11-17,S-026,P-001,1,0
085fb1e1-caca-42d0-b868-7d4a72f52d02,2023-11-17,S-016,P-003,4,0
8fe45609-a157-419a-a848-3689f74fcddf,2023-11-17,S-022,P-005,2,0
d654ff8e-3dea-44d6-a790-e3a368f8359b,2023-11-17,S-002,P-004,5,0
751d4ed1-f5c6-484f-aa34-2d44ed89ebbf,2023-11-17,S-022,P-006,1,0
86b1bf5b-5aa5-4279-8319-7c5ec72d0b70,2023-11-17,S-042,P-006,4,0
f9e139a2-e622-4fdb-a816-6d8bb22e1340,2023-11-17,S-048,P-006,1,800
9f0e9035-97cc-44aa-a883-4a97735d15bc,2023-11-17,S-011,P-006,4,0
5e53fa31-1b81-4b9b-a2f1-a77010b5ecfb,2023-11-17,S-047,P-002,1,0
3c34b056-722c-4589-a909-a1604628e031,2023-11-17,S-022,P-002,1,0
ac87cf72-41ee-477a-94d4-d8babba6ffa4,2023-11-17,S-007,P-004,1,0
5592f841-3e7d-49c5-82e8-018f87775ad0,2023-11-17,S-003,P-004,2,0
0a4eb647-de95-4689-9ffb-b89d9d12929a,2023-11-17,S-026,P-007,2,0
eff3adfb-21a9-4b76-b92e-4b5fedcaac6f,2023-11-17,S-001,P-001,4,0
81568c8e-af2e-45c6-92b5-356bc4250d97,2023-11-17,S-046,P-002,3,2850
83556a62-4e40-4ea2-b941-7ee0dfc88d64,2023-11-17,S-036,P-007,1,0
ffec56f9-5a87-4a79-b016-88f74b351e21,2023-11-17,S-010,P-005,1,0
f01cb707-c219-4808-8f38-ec1d7105f608,2023-11-17,S-043,P-003,1,0
42e6f42e-e2a2-4faf-a9b7-4ee1a68b8739,2023-11-17,S-043,P-002,1,0
c4283bf0-2d88-4502-8af6-0782a3cbbe68,2023-11-17,S-007,P-005,5,0
6b0fa351-0452-4158-a61e-7e4247bf9e59,2023-11-17,S-004,P-007,2,0
8cf2e8cb-0e12-4022-a287-065268e044e9,2023-11-17,S-050,P-006,1,0
7ad8d0bd-feee-48e1-b2aa-361c82ceb2a1,2023-11-17,S-013,P-001,2,0
a88b2227-e643-462c-8cf3-b8d6eb8df907,2023-11-17,S-007,P-007,2,0
28701094-dca6-425c-b2f3-65a20c80200a,2023-11-17,S-005,P-002,1,0
f2354b56-069c-46ad-86d1-dc8e892fd22d,2023-11-17,S-017,P-003,1,0
aa58688f-8c06-4672-8e5a-60136130a68b,2023-11-17,S-034,P-005,2,0
8722e01d-7752-4083-826d-03ae8bf9aa86,2023-11-17,S-010,P-004,1,0
9450cb60-9b69-4f2a-b064-2e2fd6494a51,2023-11-17,S-025,P-005,3,0
0a37480d-b039-4f6b-948a-fecb17acff8b,2023-11-17,S-050,P-003,3,0
072febc4-4213-4756-b489-d1f62405e462,2023-11-17,S-046,P-006,1,0
c567a8f9-d9ee-40f3-8bd0-87039725f744,2023-11-17,S-042,P-007,1,900
fdcbea4e-07e0-4e8f-a2ef-fcba4ff82119,2023-11-17,S-003,P-004,5,0
541790f7-c623-44c3-ba2a-bad4b0aeb104,2023-11-17,S-040,P-003,1,0
e5cf244c-945e-4e31-9fb2-a2dee6004d57,2023-11-17,S-012,P-004,1,0
d985c3a6-9016-419e-93e5-308ed75e0f1a,2023-11-17,S-045,P-005,1,1050
ab5ed3c6-d980-458c-b9b3-7669e655a6bd,2023-11-17,S-001,P-002,4,0
bedbe980-3b60-4e0c-8fc1-b843b99e0dfb,2023-11-17,S-011,P-007,2,0
0f3e9a81-1cfd-4074-b9de-4fde1941f3a1,2023-11-17,S-027,P-005,5,0
dffc3172-f792-4008-980a-4c15337be066,2023-11-17,S-042,P-007,2,0
62a1fedc-bd17-4e91-a9eb-cc65511d93a3,2023-11-17,S-021,P-007,2,0
d088e461-9a00-4da0-afed-d9556cfbe904,2023-11-17,S-041,P-007,1,0
eae22a8e-b02d-4f14-87b0-459fa0ba973e,2023-11-17,S-001,P-005,4,4200
6196074d-b05d-40b5-a6b0-839abb069fea,2023-11-17,S-032,P-005,5,0
84c07aa2-7706-4068-b8d4-9e8f6742921b,2023-11-17,S-041,P-003,4,8800
c986155f-c337-492f-87eb-c0850df42b9d,2023-11-17,S-001,P-003,2,4400
f274d869-b211-414d-85d6-b9d277e5f77d,2023-11-17,S-001,P-003,1,0
47999ca1-2c83-469c-9b69-0c9ff7130b11,2023-11-17,S-019,P-002,1,0
967bb658-0788-4bcf-afba-bf740a519f54,2023-11-17,S-042,P-002,3,0
10d4ece0-7a99-4d0c-9925-5cdf9cb081e7,2023-11-17,S-024,P-002,1,0
62c49ed0-e8bd-45e6-8ddf-746bdfcb6e37,2023-11-17,S-034,P-001,5,0
a0b4420d-b27f-4aa3-ab74-3f4a81ae0a5c,2023-11-17,S-003,P-004,1,0
bbe72e4c-6c50-49e8-9a18-55dbf65d9414,2023-11-17,S-028,P-002,10,0
18f064be-6959-4150-be8d-5c00f9228ea8,2023-11-17,S-024,P-003,2,0
58b341d3-af4b-4c55-8dc2-e084ce991d03,2023-11-17,S-002,P-005,2,0
a63c406d-e501-4c21-9338-c1005ae2cd51,2023-11-17,S-020,P-003,2,4400
75ecc349-90dd-4a29-8837-b5d106fdd06b,2023-11-17,S-014,P-005,1,0
e9bf8b5f-b591-4095-84b1-d62cb8491b54,2023-11-17,S-046,P-001,5,0
78a9a240-498b-4a94-b11c-576d51e963bf,2023-11-17,S-036,P-005,2,0
ffde4f9f-c2da-42a1-834f-c96dd654d086,2023-11-17,S-009,P-005,1,1050
1365d80a-969f-4c16-b487-a43f23687fc5,2023-11-17,S-037,P-004,1,0
92cca343-4027-4aa1-998d-168a3811853b,2023-11-17,S-050,P-006,1,800
e321d506-03d0-4a9f-9e7f-af38e17b4552,2023-11-17,S-027,P-001,2,0
d28e0472-7331-47da-9414-b6a162095b6c,2023-11-17,S-019,P-001,1,700
b6d071b3-063f-4650-a584-64df6112dc18,2023-11-17,S-045,P-004,2,0
6c36d9d7-122a-457d-8931-857b2b5a83b5,2023-11-17,S-021,P-006,4,0
6169175e-52eb-425e-bebf-b5c31479ae94,2023-11-17,S-012,P-002,1,0
02b3fa32-4325-4ff1-a3ba-b91773fd61ae,2023-11-17,S-002,P-004,1,0
fec2a265-59f5-436b-b92c-6573cd6431da,2023-11-17,S-010,P-004,3,0
e36efd62-5586-4a1a-8de2-3781deba92f5,2023-11-17,S-033,P-003,1,0
3435f6ae-4e36-4c9a-a764-a76363d4895d,2023-11-17,S-015,P-003,3,0
8fd42e09-ad1f-4ef3-8d3b-15e3c5bf2cff,2023-11-17,S-041,P-006,1,0
8bfe257b-5885-4f1d-a6ea-86b35d7a264b,2023-11-17,S-043,P-004,1,0
2342c59f-51cf-43a1-98a2-b2b1e06470a1,2023-11-17,S-023,P-005,2,0
e6ea5d15-90c1-4812-8b50-d9dcf1cb5639,2023-11-17,S-011,P-005,3,3150
83418ad6-6e18-4623-a4df-23777fdf879a,2023-11-17,S-041,P-003,1,0
fea78eaf-148c-4816-a451-44d8ee6132af,2023-11-17,S-035,P-005,2,2100
75ffd2a7-7dbf-47af-a145-11febb0430aa,2023-11-17,S-044,P-001,2,0
42c9b285-8168-4ad4-9968-b80a7278ba8c,2023-11-17,S-045,P-001,1,0
0b2197d9-6973-4b78-91a2-1ca0913ee36b,2023-11-17,S-022,P-004,1,0
0a6d7be9-66b9-4f9d-ac08-a33922ab59ef,2023-11-17,S-050,P-001,4,2800
77e4bd0c-41fe-459d-9ff3-a37de7577522,2023-11-17,S-023,P-006,3,0
5036e2d7-1276-4ed8-b8c4-df596fb5f3f8,2023-11-17,S-031,P-004,1,1050
9e794f69-35f2-466c-8158-9dda85efaa5a,2023-11-17,S-037,P-003,1,0
f19287ea-1b71-4bd2-b0ec-05298df69e1e,2023-11-17,S-021,P-006,1,0
1d11f338-f50d-4313-8260-fb4cb838559b,2023-11-17,S-045,P-001,3,0
ea114280-9a16-4647-abed-82d005a79c9f,2023-11-17,S-029,P-005,2,0
eab81d58-16df-41f7-8ff6-b257881c5ddc,2023-11-17,S-017,P-004,1,0
2f359ffc-a034-4aed-9e04-c0414d1a8b0d,2023-11-17,S-040,P-002,3,0
c9c52476-ee6f-477a-9d6f-dfd195bbea27,2023-11-17,S-026,P-007,2,0
dfdde95d-c451-468c-8fba-b8828820ec70,2023-11-17,S-028,P-001,24,0
176aaccb-22e8-4fe2-b0d4-97118d84048c,2023-11-17,S-037,P-007,4,0
3b4334d9-bbd5-45a1-8e5c-cbf9c97037af,2023-11-17,S-049,P-004,1,1050
c71619ae-e201-400d-978c-49e1971cbc9b,2023-11-17,S-009,P-001,1,700
5f78e77b-20a4-4246-9d0f-d6a7b5e8c338,2023-11-17,S-033,P-003,1,0
7057929b-74d3-4636-8858-5a815d0ad143,2023-11-17,S-039,P-004,1,0
b65658bb-efca-44ea-9aa9-2e5a5cbebdd5,2023-11-17,S-022,P-007,2,0
5346f1d0-0731-4a6d-9bb0-52f57e7c150c,2023-11-17,S-004,P-003,5,0
2e1ec9e4-0825-4ff2-abbd-b72aa8037f74,2023-11-17,S-026,P-002,1,950
80a2b975-db8b-4edf-a5fc-b4e805c17b24,2023-11-17,S-036,P-001,1,700
34466c15-4eff-43bf-8d34-285d2feb8892,2023-11-17,S-044,P-006,1,0
dcc88373-92cc-4d63-a3dc-0a83587a67ba,2023-11-17,S-028,P-001,1,700
64e3a321-e89b-4a9e-a848-b6523e8ad1b0,2023-11-17,S-034,P-003,1,0
3338d08a-7dd9-4e96-ba2b-bb0ab341cdbc,2023-11-17,S-037,P-004,2,0
feb2f055-cd33-4cae-be5c-b0794e8df2a5,2023-11-17,S-035,P-001,5,0
43ce8e34-a49e-4eff-baf8-c9fafcd918fe,2023-11-17,S-030,P-001,1,0
c431394f-5c71-48d2-9a4c-7fc7feea0d29,2023-11-17,S-044,P-004,4,4200
2a1fbb30-881c-4c79-a078-58b0850eb5f1,2023-11-17,S-016,P-002,5,0
6a46c3c5-7483-4571-8cf2-2d80d3a1b7dc,2023-11-17,S-043,P-004,1,0
f1b3e147-57df-4dd5-aeef-353bf22e3648,2023-11-17,S-018,P-003,1,0
4fd315a4-99b3-4e25-aaf6-6b850679b996,2023-11-17,S-027,P-006,5,0
92989dd2-2191-4f30-ab39-fde02e5ef4f5,2023-11-17,S-049,P-005,2,0
f0998911-ef19-4aa5-bb1c-e55ab4a1420f,2023-11-17,S-031,P-003,2,0
5a60db4f-ec53-48e4-b0c8-2767c52643b5,2023-11-17,S-043,P-006,1,0
e80220f5-9f04-4d60-ba24-42c7042f9223,2023-11-17,S-024,P-003,10,0
6284ac3b-949a-4227-9111-981b9e48dd96,2023-11-17,S-033,P-004,24,0
24c72774-cc03-4da1-aca7-5c528aca1ee3,2023-11-17,S-003,P-007,1,900
d206bd13-37cb-442b-85e6-944a20a2c8a8,2023-11-17,S-047,P-003,2,0
30cbfd29-89f2-4d95-8a5b-eeda67552aff,2023-11-17,S-044,P-005,3,0
2158fb06-87f8-46fe-940e-8eafe047d9f2,2023-11-17,S-012,P-002,1,950
fd43504a-e69f-4c0e-8abf-3df8c4a6e209,2023-11-17,S-049,P-005,3,0
7f19006b-25e2-4a98-9c21-e30896e84715,2023-11-17,S-049,P-007,2,0
7cfa3452-1552-439c-ae9c-b1eb44a0ba2b,2023-11-17,S-005,P-002,2,0
9994246a-3814-4d79-a454-9158da215702,2023-11-17,S-043,P-007,2,0
d384b27a-971c-4f32-af8a-b7b7d5928a93,2023-11-17,S-001,P-004,4,0
a173873f-86bb-4ebe-96c9-eb994f0aa1ee,2023-11-18,S-021,P-007,1,0
0f1743c0-242b-4bd9-856e-97c39356fa84,2023-11-18,S-037,P-003,5,0
07718dc9-38af-479a-af3d-9a8067644336,2023-11-18,S-001,P-002,1,0
8c5cd258-f8c3-445f-8d0e-9024d2958a4e,2023-11-18,S-045,P-001,4,0
a779b4ac-612d-4f1f-9191-b65d262efb56,2023-11-18,S-013,P-003,1,2200
86bb5c99-bdb4-4194-acbd-a67dad75f03a,2023-11-18,S-008,P-002,4,0
66e5c5b4-b312-43c6-a114-e108fec0daed,2023-11-18,S-015,P-001,3,0
7f1a858a-98c8-43f4-8283-398dc8a9f383,2023-11-18,S-009,P-006,1,0
4e39f184-7da9-48a2-8448-9f81a9c0c6a6,2023-11-18,S-048,P-005,1,0
11618ca3-a4cd-4e21-b4ff-4ce96a7d9e49,2023-11-18,S-042,P-007,4,3600
d7287b72-17b4-4f2b-9e43-80a57de0e963,2023-11-18,S-007,P-006,1,0
5d6136af-69e1-4495-9bf3-f8f66c86dc94,2023-11-18,S-042,P-003,2,4400
6503081e-327f-479c-a47e-aa54d6836250,2023-11-18,S-016,P-007,1,0
b96c5dc1-d1ce-4ba3-a3ad-13a8f023c61b,2023-11-18,S-002,P-001,1,0
fba2cc3f-985b-4784-8274-254b4b31eb81,2023-11-18,S-007,P-001,1,0
82ca76da-32ed-4292-9b88-f5fd1d302b78,2023-11-18,S-026,P-007,1,0
948dcea4-730c-4c83-b875-645dc76e64b0,2023-11-18,S-008,P-005,2,0
d0457828-c31d-4c75-bab5-0d5c935ccc91,2023-11-18,S-019,P-004,1,1050
0ff63237-1500-4e73-8d62-dadba1c28f97,2023-11-18,S-002,P-007,4,0
1f54bfe5-a23f-4784-9d74-39f203d59cd1,2023-11-18,S-005,P-001,10,7000
70d233a4-84a7-4cc7-aae6-2a1acf566c04,2023-11-18,S-030,P-002,1,0
186cd87a-e330-489e-ad32-7ec6825502cf,2023-11-18,S-042,P-002,4,0
0decae89-dbe4-499d-b8ed-b1f7a9216223,2023-11-18,S-001,P-005,2,2100
5e8cdfe0-8b5c-458a-ac6c-81cb7faadd6c,2023-11-18,S-015,P-007,2,1800
93ba27ac-b2c6-4d27-b968-400ccbbe0344,2023-11-18,S-020,P-004,5,0
b537036e-4659-401e-be2e-92307209ee77,2023-11-18,S-003,P-004,4,4200
8d7ab2d7-ebd1-4323-845d-24d5d5c083af,2023-11-18,S-040,P-002,1,950
74e2a92d-0d57-4daa-9edd-3b44f1b927aa,2023-11-18,S-040,P-007,2,0
fd020b63-fa89-4e91-9f26-262772fb31f8,2023-11-18,S-039,P-002,5,0
364a0d19-524e-438d-856d-696327d5fd19,2023-11-18,S-017,P-002,1,0
e35ec5f8-ceb0-43e1-b6bf-ee8a143a5442,2023-11-18,S-042,P-002,10,0
494e288e-7b74-499c-b087-a6701d686d00,2023-11-18,S-025,P-003,3,0
0eeec8a0-62d1-4807-bb45-2561c5233ec9,2023-11-18,S-033,P-006,1,0
6142ac7b-ac19-4f0f-be07-3cf775ff5331,2023-11-18,S-042,P-006,1,0
3bb7616e-1b4b-44a3-98f2-7426a3c54263,2023-11-18,S-044,P-006,3,0
7d7244e5-8801-4ac5-8930-41fbb5d71c22,2023-11-18,S-016,P-006,5,0
73199330-bbaf-40f1-a726-e281d371bac2,2023-11-18,S-010,P-007,2,0
7c73ab5f-5570-414d-9dbd-74b39b39daa3,2023-11-18,S-016,P-007,1,900
8daeedfb-98d5-42f6-8e90-d75b4419f8ba,2023-11-18,S-018,P-002,2,1900
63a6825e-3465-4aca-95a7-948efb2f304d,2023-11-18,S-015,P-002,1,0
e046555f-1330-4d5e-ae1b-c142c8d4b2ce,2023-11-18,S-010,P-004,1,1050
ff6caa04-11fe-4fa4-a046-9dd2105e5f98,2023-11-18,S-001,P-005,3,0
5075661e-a44b-4308-b4ab-c8aae3b1d70f,2023-11-18,S-032,P-005,3,0
eb9d0b53-6060-4c69-9314-444f7c09372c,2023-11-18,S-003,P-006,2,0
39a81d42-68a7-4e1f-9536-1bdceafd99b5,2023-11-18,S-041,P-003,1,0
dea5a2db-457b-4319-a17e-9703ccd3a395,2023-11-18,S-010,P-002,1,0
afaf993b-cd2d-44e3-94ef-8e87c275868d,2023-11-18,S-008,P-002,1,0
2d9e1825-2806-4755-81b4-05df9731698e,2023-11-18,S-029,P-005,2,0
502244fb-9252-443d-af6a-8d80bc7db127,2023-11-18,S-033,P-004,1,1050
e8f4956a-97d4-4c14-a154-daa9a671363e,2023-11-18,S-042,P-006,1,0
ec3f601f-a5b7-4191-9992-0784b3c5ece0,2023-11-18,S-025,P-004,1,0
a875c526-be32-44a3-aaeb-4b563243d5d8,2023-11-18,S-040,P-006,3,0
5ccfc61f-0c40-4822-94d2-ef73dbeac4b6,2023-11-18,S-017,P-001,1,0
b9db4239-58a6-4f4a-a45a-7d065bd21e1c,2023-11-18,S-016,P-004,1,0
e93737ec-3b03-4bf2-b1bd-178014c24b35,2023-11-18,S-040,P-006,1,0
dc761fdb-dfe0-457a-a43f-7c472d923225,2023-11-18,S-008,P-007,5,0
9f19bc8e-97d1-44fa-b38f-c79175c03e9b,2023-11-18,S-025,P-007,1,0
51275095-259f-4ef6-847b-0e77f5db84d5,2023-11-18,S-015,P-005,5,0
ae72d768-f6c4-48bd-a287-3b803822b80d,2023-11-18,S-030,P-003,1,2200
92a10607-c1df-44e6-96f2-53eefb80a827,2023-11-18,S-044,P-007,10,0
2e609a3e-59bd-4182-a332-4698d4968a5a,2023-11-18,S-028,P-007,1,0
d0325b05-53ae-441e-b339-e7a1bada0c53,2023-11-18,S-022,P-004,2,0
6fd7d05d-5908-46e9-9cf7-187c95d205f5,2023-11-18,S-041,P-004,1,0
f0aba6d7-f173-4b9e-9620-e2b82de888f2,2023-11-18,S-033,P-003,2,0
99200470-dee9-42ec-b12d-a4480ff62cfd,2023-11-18,S-016,P-004,1,0
8ab61687-a957-4e0e-8c10-2264eb2f2ae0,2023-11-18,S-045,P-006,2,0
60285dea-c6dd-43c5-986d-fbb0235b8e48,2023-11-18,S-009,P-003,10,0
cf4be58a-aef6-4ade-999b-028ec5afac97,2023-11-18,S-013,P-007,1,900
ebd1dd74-9bda-4539-8238-a0c2a555d212,2023-11-18,S-026,P-001,1,0
b6a10029-8e06-46ad-a1cd-50fb1b20c87a,2023-11-18,S-041,P-003,1,2200
8d2ec0bc-24b6-4d21-baf4-9c9e121adebb,2023-11-18,S-005,P-006,1,800
70946c95-f450-4ff6-a7ab-536d77d23d0b,2023-11-18,S-043,P-005,1,0
d5b31516-1846-42e2-9e5a-e5052a52ecc3,2023-11-18,S-023,P-001,1,700
bb77e64f-3cd3-4451-b104-379e1d40259d,2023-11-18,S-026,P-002,1,0
dcf638d1-d2af-4593-b033-386bfc8d0549,2023-11-18,S-002,P-005,1,0
60ee1a22-4821-4a5f-801a-5e076aadbd63,2023-11-18,S-041,P-001,1,0
dc84491d-f7b2-4a37-86c9-797eaacf0592,2023-11-18,S-045,P-001,2,0
b508e385-06d3-42bc-8a74-c6230cd96399,2023-11-18,S-019,P-004,4,0
80af33c6-6fad-4fb2-ade9-58d0139d3fd8,2023-11-18,S-036,P-004,2,0
67282ce0-e9cd-4514-821f-335bdaac9fd5,2023-11-18,S-008,P-003,1,2200
4d131419-7589-4fd7-94fc-9e26ff2bb39e,2023-11-18,S-033,P-002,1,0
8776177e-ad04-4d50-88b5-1ea7ac56bfb5,2023-11-18,S-009,P-002,1,0
4ee93023-965d-40b3-b38d-0b3381e0646f,2023-11-18,S-007,P-002,5,0
e056f01e-ef9e-4ee9-9910-a8276f735a00,2023-11-18,S-013,P-001,1,700
95496158-571f-4683-94ce-207f9ed64289,2023-11-18,S-004,P-007,3,2700
f65735e3-8579-47a8-936b-22cc12305d49,2023-11-18,S-005,P-004,1,1050
7dc937fb-000c-4ab4-8008-a4c0f1e35135,2023-11-18,S-034,P-007,1,0
a4c28f70-1c86-4c96-b04c-79315727f8d7,2023-11-18,S-025,P-001,2,0
7e1f987a-7684-49d9-a2b6-4186f71b44e3,2023-11-18,S-049,P-004,5,0
f9a5bee6-7b06-4ca6-b12d-e1ad1c9dae84,2023-11-18,S-025,P-004,1,1050
2e0faf5d-f3ab-4f68-94bf-336fe2ea46c4,2023-11-18,S-002,P-003,1,0
bbefa575-6761-46c8-ae26-cc6f2b55455a,2023-11-18,S-016,P-003,1,2200
03974fd3-7af6-4ea7-8904-60e581f3c0a9,2023-11-18,S-048,P-004,1,0
18c36497-6d4a-4f0b-9a6c-befc4d86f58b,2023-11-18,S-032,P-004,1,0
bb445886-f7dd-4665-a81e-9d097bce4e9f,2023-11-18,S-040,P-004,1,1050
ea8e1f8f-886f-40cc-98ef-f4218660a541,2023-11-18,S-044,P-002,10,9500
a7fd138f-68a7-420c-8e93-280d71ec58b9,2023-11-18,S-007,P-006,2,1600
b07291a2-88a5-4c3d-8a7b-134c75b86cf1,2023-11-18,S-024,P-004,3,0
cfb3d351-9446-493e-b29a-43ec273233a0,2023-11-18,S-024,P-004,5,0
60b47208-f1a4-430e-b7f6-dc4c2b3167b2,2023-11-18,S-028,P-007,5,4500
fc597f75-fdb5-472d-9506-5afc9e15716a,2023-11-18,S-023,P-002,4,0
1cba13f8-2b38-465b-88fc-5ac79e30fe5c,2023-11-18,S-050,P-003,3,0
0992c341-d0eb-4945-bf2d-bf2e0d07fc47,2023-11-18,S-022,P-001,1,0
ef64f349-55a9-4d39-be9b-bd4b87acfa3c,2023-11-18,S-050,P-006,3,0
143b3716-74d1-42b8-aa58-74b6e61cd32b,2023-11-18,S-027,P-004,3,0
8b86fdf0-8e81-4a4c-83e9-aba3b6e95b40,2023-11-18,S-036,P-005,2,0
45914e18-1e71-45fc-8e87-b2a0ce49929b,2023-11-18,S-043,P-003,1,0
bbd9b874-4572-4a02-8a01-a96678160fcd,2023-11-18,S-038,P-007,10,0
691bc651-5d1b-492d-9144-dbb1670effdf,2023-11-18,S-006,P-001,1,0
e18bde9b-a377-45b3-95f8-747047cd3841,2023-11-18,S-025,P-003,2,0
6c5f9a41-4fe4-4a21-90bc-a5c5afd0613d,2023-11-18,S-043,P-003,2,0
fa7de7ca-d623-4367-bbb5-636929c82f47,2023-11-18,S-002,P-007,1,0
20ab30d6-c798-4e55-8957-5d808b8e6e81,2023-11-18,S-002,P-004,1,0
308c5d81-b99b-44e3-bec7-cdece393fb70,2023-11-18,S-003,P-002,1,950
cc81a4bd-5f33-4a13-8605-fbe6f154e824,2023-11-18,S-031,P-001,1,0
3d5bc0b2-a2ed-4907-af97-01dfa822b4ce,2023-11-18,S-016,P-002,2,0
5c324f58-48b5-45e8-a63d-52730e96bb15,2023-11-18,S-021,P-004,4,4200
ee661eb8-1c59-4ea0-a072-0ca3bd3dbd9f,2023-11-18,S-024,P-001,5,0
111b65ab-8ffb-4840-aff5-130f46a4f4ca,2023-11-18,S-013,P-003,10,0
0747c6ef-eee3-4b39-8208-310a967e2133,2023-11-18,S-011,P-001,1,0
4e84a0cd-872e-4394-ab9a-366d3cd378e5,2023-11-18,S-028,P-002,1,950
dc8f0f67-2554-4f81-9b78-e55d688f78c5,2023-11-18,S-045,P-001,1,0
57555382-1204-49f6-9d48-d546b3d4cb53,2023-11-18,S-034,P-007,3,0
f7cf8d0e-8100-46a3-9393-394559cfdc75,2023-11-18,S-011,P-004,1,0
ccc2bb95-8387-4b87-beed-93db20aa46f1,2023-11-18,S-012,P-007,1,0
220adbfe-9527-403c-b9c6-737dbeb6be21,2023-11-18,S-050,P-007,4,3600
983ac3e8-306f-4352-9d89-a39cf83cd598,2023-11-18,S-030,P-003,1,0
44a3b150-0429-4d21-8a68-8420b5e78b5a,2023-11-18,S-032,P-006,1,0
11a7827f-d330-47c6-a105-4e58e5cf2791,2023-11-18,S-046,P-003,10,0
8485dc5a-d892-4e4a-aa7f-8e4944667cd0,2023-11-18,S-044,P-007,1,0
a7554be1-aebe-4e54-ae08-1c55386d4d81,2023-11-18,S-034,P-004,24,0
39a9806e-88f9-46bb-b273-52896ab4a66a,2023-11-18,S-003,P-007,4,0
b3fa3e00-1fa9-40bf-b9cc-7f3e28c144d2,2023-11-18,S-030,P-003,2,0
7e700a84-3725-4443-918b-947aca7e796d,2023-11-18,S-039,P-005,1,1050
e613511f-a0c9-4a03-8eef-fe00878105c8,2023-11-18,S-027,P-001,5,0
99f24b29-daf7-450f-ac7c-614b0fd4ff0a,2023-11-18,S-030,P-003,2,0
53d8a3f7-fe45-4994-a7f0-fd9a7404bb22,2023-11-18,S-029,P-006,4,3200
a40551b8-058e-49c9-ae4c-5fa838ff2028,2023-11-18,S-004,P-007,2,0
1c15fa18-4039-443e-ae7e-5a23dfe0e9c4,2023-11-18,S-035,P-005,4,0
0d1bfd4d-3d3d-4eaf-a731-4d5806c0b3de,2023-11-18,S-036,P-007,1,900
997acf03-b271-4815-8243-3690ea5d7b5b,2023-11-18,S-005,P-007,1,0
4de4de02-ce2a-4ae0-83ef-f661f943a193,2023-11-18,S-049,P-004,3,0
2183107d-7d77-4754-ba50-bd46e394aa6c,2023-11-18,S-007,P-002,2,0
418898ab-9995-45a2-9b4c-6e98e4d42077,2023-11-18,S-028,P-001,1,0
52acf62f-c736-4ded-94d4-ce35775cf576,2023-11-18,S-041,P-007,1,0
8b85096f-296e-4733-b2e5-ae6dfd04b9de,2023-11-18,S-040,P-003,1,0
83a6ebab-e89d-4e22-a3be-dd6431679985,2023-11-18,S-020,P-002,2,0
f2563805-3220-4f9a-a717-e923d77908d6,2023-11-18,S-027,P-007,1,0
9ad0bb11-f777-4452-a9ca-e66ac57097a9,2023-11-18,S-027,P-006,1,0
e6dcb731-6d75-41b6-ae1e-bbf0f680c0ef,2023-11-18,S-005,P-001,1,0
c7ece609-148f-4b71-b5af-95eae22d4977,2023-11-18,S-023,P-005,2,0
e9600d88-6348-47ee-81fa-99cc5ad6161e,2023-11-18,S-004,P-001,1,0
82943d4a-b362-43a2-a9fe-2402c14b12fe,2023-11-19,S-018,P-005,3,0
d4363881-53c7-4e97-aa64-e9d637361680,2023-11-19,S-031,P-005,3,3150
588952a9-4981-462c-8b33-9fdb87c970da,2023-11-19,S-007,P-003,2,0
e343b095-c365-412a-8f76-3b2d7fd104a3,2023-11-19,S-048,P-001,5,3500
b01a23b3-d4bc-4477-9740-6201454fd96d,2023-11-19,S-047,P-003,1,0
b136e70d-5509-4719-b70e-8a6d8df11a99,2023-11-19,S-048,P-003,4,0
3d32cb00-daec-40be-9aea-9cbf22c28804,2023-11-19,S-033,P-002,2,0
0f45d2d7-81be-46ef-9f72-40ae93c36f75,2023-11-19,S-038,P-007,1,0
b2d5beee-ffb6-416b-ad69-1d9920818d1f,2023-11-19,S-002,P-004,2,0
8d44ce0a-8134-4987-9855-46fe9f4ffad2,2023-11-19,S-031,P-004,1,1050
4e7adadd-c1ab-4250-a068-347225177bff,2023-11-19,S-023,P-003,1,0
3da6cd0b-4c43-4597-b05d-1e2117e521be,2023-11-19,S-046,P-007,2,1800
eba497ed-d171-4e82-b936-4ed73c01ec25,2023-11-19,S-037,P-006,1,0
027f7da0-f03c-429a-b356-a8659e26cb5f,2023-11-19,S-016,P-005,2,0
ff59f8c2-929e-4707-81a8-2c9618354019,2023-11-19,S-008,P-002,1,0
cd29a4e5-055d-4e3b-8adc-97f72cb8b4ab,2023-11-19,S-008,P-005,1,0
85c00faf-036d-4574-b72d-457e5a473088,2023-11-19,S-041,P-002,1,0
23e27b9e-6cdf-4fbe-9af8-eb7bc1d5b48f,2023-11-19,S-013,P-001,3,0
32dccbf0-c31e-40c0-9829-11b99da19e89,2023-11-19,S-005,P-003,2,0
7c349bb2-5cd1-45ca-82ce-c272501d1064,2023-11-19,S-026,P-002,1,950
68a55d85-bcb2-48c8-a021-50e734d68742,2023-11-19,S-019,P-005,4,0
8f52a2cf-245c-40c4-9d53-7b17c9daf3d6,2023-11-19,S-031,P-001,2,0
de34cc05-da8f-4c06-8ae2-0e78d0427c9d,2023-11-19,S-002,P-005,1,0
48657fa0-9707-4c88-9e34-8c6d87699b6e,2023-11-19,S-036,P-007,24,0
d6d06c78-1417-4e87-adf2-03cc7a399a25,2023-11-19,S-048,P-007,2,0
3a5f4f69-2538-4af5-9392-c02b3564d84c,2023-11-19,S-006,P-006,3,2400
5234b227-ab46-4975-829d-fd3d79c7b651,2023-11-19,S-039,P-003,2,0
25892d8b-b448-4608-a4a3-7333686c1144,2023-11-19,S-013,P-005,2,2100
d606ba52-9fac-456b-b4b7-946c1de3419c,2023-11-19,S-017,P-005,2,0
dbdd1e13-18b7-4929-b1ee-953ccd8a804f,2023-11-19,S-023,P-004,1,0
d2502884-2ed3-4b1f-a0cf-55d0b57322b4,2023-11-19,S-038,P-003,1,0
88034d24-72c9-475c-b965-078c8b15efd0,2023-11-19,S-036,P-003,1,0
4c238bd6-447e-440e-ac3c-d2d1ea2211aa,2023-11-19,S-045,P-003,3,0
d712f984-a191-42f1-a778-843e3dbb7376,2023-11-19,S-034,P-006,4,0
b384ea9f-c3ef-4de6-9b27-cd047d1f629b,2023-11-19,S-010,P-006,10,0
617d917e-7531-4ba5-9532-b18675aa19b8,2023-11-19,S-011,P-004,4,0
631139de-c594-416a-8810-fae4c2820361,2023-11-19,S-047,P-004,3,0
dcd54a87-ec12-4dac-9af4-17293bf5cece,2023-11-19,S-027,P-002,1,950
d0cbb4e7-3c3b-403b-826b-dbebacf909fe,2023-11-19,S-021,P-006,3,2400
b68b1769-c2b0-4c42-9ff9-6663ee4e685d,2023-11-19,S-022,P-002,1,0
cd06804b-24e7-48d6-be6e-b478a46b41bc,2023-11-19,S-042,P-002,1,0
2a7a378e-aac4-4a52-a166-a6f710d8b10c,2023-11-19,S-050,P-005,1,0
6b1942db-e03e-4fc3-ad02-0ccfd4dd5c68,2023-11-19,S-001,P-007,1,0
b0a34f8e-345b-4df1-97f1-32726e3a428e,2023-11-19,S-031,P-005,4,0
90f627a3-9d53-43e5-b0d3-3e56add73e77,2023-11-19,S-008,P-007,1,0
1d4d84f9-faa2-45e1-a01f-82e85ad140e0,2023-11-19,S-001,P-005,1,1050
e8ff8883-c8c9-420c-9075-1b390e0a3792,2023-11-19,S-029,P-007,3,0
489791ae-cefa-4e3d-91d8-fd3b934d98d7,2023-11-19,S-028,P-003,1,0
40bcad10-ba7d-4ff1-9ff4-919fa264d65d,2023-11-19,S-031,P-003,2,0
b91083a3-a804-4d45-bc7b-bcce061f7038,2023-11-19,S-022,P-004,1,0
eed3def5-1f94-4351-9e22-90e537334664,2023-11-19,S-033,P-002,1,0
46627db5-fb48-4378-8e7b-e485d6fbad47,2023-11-19,S-019,P-004,2,0
20c60ac2-09b8-4bfa-93c2-b5097ce4a404,2023-11-19,S-027,P-003,1,0
acc9cac9-9237-4bc2-af02-ac1e4358a272,2023-11-19,S-026,P-004,1,0
c7b58a56-3c9e-4c84-b049-6018415a301d,2023-11-19,S-015,P-003,1,0
b4080ddf-9418-46fb-a15e-b0aece13eb2a,2023-11-19,S-008,P-006,1,0
0ba1610c-1243-4615-ae2f-00650e7c7a6d,2023-11-19,S-045,P-003,3,0
2458f3a4-c760-43cc-984c-94a0e79a99d4,2023-11-19,S-034,P-005,3,0
0936ff28-99a6-409a-92ca-8be2804c7e70,2023-11-19,S-036,P-001,1,700
6d48cbf2-2755-4668-889d-43cdeef525ce,2023-11-19,S-005,P-003,1,0
1359e953-15ba-4689-9ad8-5d7181ac15c5,2023-11-19,S-028,P-006,10,0
87c2f456-afee-4abe-96f0-8c9785ed3009,2023-11-19,S-035,P-001,1,0
81a4e7e5-27ed-41ba-b35d-7124068337e8,2023-11-19,S-015,P-005,2,0
3d5a2006-ca77-4174-831b-14d7f63695a4,2023-11-19,S-042,P-003,2,0
8ff1af5a-b385-4f2f-a756-8f9e86522963,2023-11-19,S-015,P-002,1,0
d953c5ba-cf5e-4587-bf30-c43d5c702186,2023-11-19,S-041,P-007,2,0
30e780cc-478f-4660-bf32-b2382b6fa1f9,2023-11-19,S-027,P-002,4,3800
fd3cf5ae-40a6-4de4-8045-01d90647fec5,2023-11-19,S-027,P-007,4,0
a4200f8d-03eb-41dc-b90f-ac7aa8fc3e97,2023-11-19,S-030,P-007,1,0
ee0abdc4-3cb1-4c3b-984c-a603df9ecd19,2023-11-19,S-007,P-005,4,4200
ae3f2777-b8eb-4022-bbb1-ab8e1e9e46aa,2023-11-19,S-006,P-006,1,0
6b089d27-a020-47d9-8553-b1ab2eaba580,2023-11-19,S-001,P-004,1,0
f03fa483-acb3-4f5a-a847-3b262becb8b5,2023-11-19,S-032,P-007,24,0
8954a2bc-e5e0-449d-90bd-fa1199be177f,2023-11-19,S-017,P-006,1,0
1b892857-9f62-4ee0-9236-ebf20811ccce,2023-11-19,S-037,P-006,1,0
33796ef4-58ea-4dbf-9abc-c2ce084e1c01,2023-11-19,S-045,P-007,3,2700
8c04dffb-c962-4c41-8aa3-ac1746d6fc61,2023-11-19,S-049,P-004,1,1050
b64782b5-c44c-46db-97fd-ee553a987b96,2023-11-19,S-024,P-007,1,0
c2dadc64-d53e-4fd4-a5de-2a5bb569a711,2023-11-19,S-039,P-002,10,0
f20c657d-e11c-4483-bf6d-3c100f2dd9be,2023-11-19,S-017,P-005,1,0
76ecb6d7-a731-41f9-8710-649b1c66ea2e,2023-11-19,S-034,P-004,1,0
8999bd18-e250-4654-b567-22c4bde3b8c4,2023-11-19,S-020,P-006,1,800
d2a7a993-567a-4ba2-8136-42b3581eff1c,2023-11-19,S-028,P-004,2,2100
9c88e6cb-8e3d-490f-8ad6-77024b426048,2023-11-19,S-004,P-001,1,0
a4fb4d0a-6e57-44b7-9aba-b8a7f8bad201,2023-11-19,S-007,P-002,1,0
e279148e-94dc-4387-9372-d391cb4081eb,2023-11-19,S-025,P-006,2,1600
3d5a5457-0073-438a-977e-c6078cf4168c,2023-11-19,S-032,P-006,4,3200
b3d98824-09d8-4233-8873-d6013b2a0ee3,2023-11-19,S-001,P-005,4,4200
b6f8daa0-1850-4bde-abd5-374d08a78578,2023-11-19,S-046,P-003,1,0
6e02e15b-0c1f-4c4b-8015-02fc88e575d6,2023-11-19,S-047,P-006,1,0
6456ecfb-52fc-4782-b2d4-34da0cbea45d,2023-11-19,S-006,P-002,1,0
2ef894c8-4d74-424e-b1db-f7ad0687a5d8,2023-11-19,S-050,P-001,2,0
65cec742-8428-408d-9cec-fbd518bbc5dc,2023-11-19,S-011,P-007,1,900
7bed9b6f-46ec-4abe-88d0-2fe38f609511,2023-11-19,S-005,P-001,1,0
007eff3c-9662-4e6f-ad93-afe60549749c,2023-11-19,S-029,P-003,1,0
7eb44132-ed1f-485a-acf7-a4075e68307f,2023-11-19,S-031,P-007,1,0
0ac6b7d1-6abf-496d-8d4f-9eb914f7ed3b,2023-11-19,S-019,P-007,2,0
60bc1488-622f-43f1-820d-1416adfa5fcd,2023-11-19,S-037,P-001,5,0
a44ee79c-7f85-4e53-b2bb-2ccdd3aeb37f,2023-11-19,S-007,P-002,1,0
a47c1eb2-67da-4118-ab42-96bf390a5daa,2023-11-19,S-018,P-005,3,3150
25aec4b5-ff50-406d-bb0e-46f2267eff76,2023-11-19,S-030,P-007,1,0
fa6f7766-31ba-4fa4-986b-259cd70ad105,2023-11-19,S-022,P-002,1,0
c58d4bd3-d110-46b2-bd6d-4d80bb95731a,2023-11-19,S-048,P-002,4,0
f6ea4adf-69f2-4078-9449-22a1c621e3ab,2023-11-19,S-005,P-007,3,0
03dc25a8-efb1-4295-87a8-201b645e6cb2,2023-11-19,S-047,P-002,1,0
8b828bf0-2dd0-4ef6-af8f-10719f208b6b,2023-11-19,S-033,P-001,1,0
c0562f62-472c-4cc4-ab22-1d8eedb6f785,2023-11-19,S-032,P-005,1,0
1c95feec-7061-42ce-a480-2bb23f39892c,2023-11-19,S-015,P-006,3,2400
ebd1bdfa-dee7-4f84-b96e-1268e83cb17e,2023-11-19,S-040,P-006,2,0
80cf3629-c523-4b69-8b7d-07401bb871cf,2023-11-19,S-009,P-004,3,0
9bfe7f43-68d9-4e6a-8a3c-0d463ee80718,2023-11-19,S-005,P-007,3,2700
19907edb-74fc-490d-9664-6ee66470ff4a,2023-11-19,S-039,P-005,1,0
65a52af2-e102-422d-9939-af75783058cd,2023-11-19,S-046,P-004,1,1050
350eeeeb-9c74-4279-94d0-13025206a1d5,2023-11-19,S-050,P-003,2,0
572d07e3-128f-4abd-b1fe-6f9208130699,2023-11-19,S-030,P-004,1,0
4ea2804e-25ec-4d5d-8069-3ab09d8240e6,2023-11-19,S-024,P-007,2,0
14580693-5d08-454d-b683-19f1979352d8,2023-11-19,S-004,P-007,5,0
6dd10d03-b459-43bc-b47d-d3993bde1e3a,2023-11-19,S-042,P-003,1,0
9dda306d-aa28-4913-9455-c5682d4928f3,2023-11-19,S-025,P-004,1,0
861dadec-4c76-4d99-85b7-d550a44b8e8e,2023-11-19,S-021,P-006,3,0
bc126699-5264-4d49-b75e-59a4b277c3c9,2023-11-19,S-037,P-001,1,0
e512fbdd-b6cc-44b6-8dd7-eb385f09f4ab,2023-11-19,S-045,P-001,1,0
097c76f1-246b-4326-9794-d2fc9ea71e16,2023-11-19,S-031,P-004,1,1050
385669be-78c2-4726-975e-b785838a6c03,2023-11-19,S-032,P-004,1,0
dcbb3fcb-e5ff-4bdd-a065-015a303c3df1,2023-11-19,S-023,P-002,1,0
b09d8cab-cccb-41e5-b58b-6b3690a2a80c,2023-11-19,S-031,P-001,2,0
43fe9412-5177-4964-bd11-60e9d7a56f4f,2023-11-19,S-013,P-004,4,0
2e6d7c34-cc00-44d9-9026-3a5c108199bb,2023-11-19,S-037,P-007,3,2700
d8910dce-b8ed-434a-90ce-a78bc9fd8471,2023-11-19,S-032,P-002,2,0
b5d4956b-74e5-430d-ac6a-adb454dc86d9,2023-11-19,S-047,P-007,1,0
0d3da2c8-2aa1-43c8-913f-10b107f79e95,2023-11-19,S-013,P-007,1,0
79b331e9-0dc2-4542-a099-df551257819d,2023-11-19,S-034,P-005,2,0
ccb049ad-07ee-4b3b-83f7-2d9abeceaab9,2023-11-19,S-002,P-006,4,0
f97f6666-2c15-48a5-8c9a-fef8b7c5a11e,2023-11-19,S-018,P-007,2,0
a5bd2c24-c64d-4597-abb1-d9fa73b7fdc0,2023-11-19,S-024,P-004,4,0
4ad69e1e-1f1b-4155-a03c-cb40cf7d4bf6,2023-11-19,S-029,P-004,2,0
9141ce97-4e35-4e97-893b-b5fea124e060,2023-11-19,S-033,P-002,2,0
e77f323b-fe65-4f5c-9bf4-9121e4d1a746,2023-11-19,S-003,P-003,1,0
e9cece32-9bb8-4deb-a4a7-ac1017e51f7a,2023-11-19,S-046,P-005,4,0
a63a4eae-3101-4746-83d0-008cb576de74,2023-11-19,S-012,P-002,2,0
5774a053-9012-44bb-b3d0-29277d3091d0,2023-11-19,S-026,P-007,1,0
97ad104c-7027-4c9f-9928-c7a5194c469f,2023-11-19,S-001,P-005,2,0
692d2505-22b1-4b4a-971a-bda53174e7d5,2023-11-19,S-040,P-003,1,0
c5fb5164-ebf5-4ad8-bac4-f43d238def1b,2023-11-19,S-015,P-002,3,0
36bfebdd-f6ab-4e1d-a492-6d08f1c90caa,2023-11-19,S-036,P-006,2,0
1f303de8-5290-4c50-9bd7-ae3e99d39950,2023-11-19,S-010,P-007,2,0
bd7ee3ab-a036-4cca-8d9a-86a69b496aef,2023-11-19,S-012,P-002,1,0
c2e7d166-baf5-4a73-beec-ab5598e2f8b2,2023-11-19,S-010,P-007,1,0
7173d525-7fc5-4ed6-87db-2e2143bfe40b,2023-11-19,S-006,P-001,1,0
e39c90a8-ddda-421c-b7a7-56a94ac97330,2023-11-19,S-039,P-005,1,0
ec92f88a-d043-4096-8b53-f09df19516c7,2023-11-19,S-030,P-004,1,0
b4244f2a-54bd-468b-aadb-d1dfec7498e0,2023-11-19,S-031,P-002,4,0
85bbf065-b7fb-4ed3-937d-b277981c6e47,2023-11-19,S-022,P-003,3,6600
6fd28d29-de90-4629-9e0f-c8792fb939c0,2023-11-19,S-014,P-002,10,0
941e8a70-e61c-4dd3-9312-89011dbead02,2023-11-19,S-033,P-005,1,0
b89aa7c0-efd9-4269-9f6c-0c829aff983d,2023-11-20,S-050,P-004,1,0
3e5f0d5a-8516-4660-a2e3-1e58a5dccd92,2023-11-20,S-035,P-007,3,0
b07a7df9-869c-411e-8577-a2a1d9f2762f,2023-11-20,S-039,P-005,1,0
1ecd9efc-4e17-4bc5-aa79-aee56210ac9c,2023-11-20,S-022,P-006,2,0
8cdd2cf3-5b35-4376-8719-bc6d08c8431b,2023-11-20,S-034,P-001,1,0
1cff48da-70e1-4ff0-8795-1b8f04a571ba,2023-11-20,S-012,P-006,4,0
78289235-5a6d-461a-a8cd-b9b378fc70b8,2023-11-20,S-029,P-005,4,0
d73ba2e5-85c0-410f-882d-795c93d259c1,2023-11-20,S-038,P-004,24,0
426699f3-b72a-458b-8722-43c32dab411b,2023-11-20,S-011,P-005,1,0
14268837-d364-42a5-a4ce-3b7a15126788,2023-11-20,S-002,P-003,2,0
9cf23990-acf2-49ca-a1db-efaf6664e3ca,2023-11-20,S-036,P-007,1,0
c560ed2d-eba9-4ee4-b5af-0dcbb26e7a1e,2023-11-20,S-005,P-006,5,0
bd5090ea-ddcc-4924-aec6-56ce3237b938,2023-11-20,S-043,P-004,1,0
26451f6c-d3d5-4cb8-8f0a-78d684ee2577,2023-11-20,S-004,P-006,5,4000
2600dbc0-f9b2-48f8-8b96-691769f6d1f7,2023-11-20,S-001,P-003,4,8800
0ea34770-4113-479f-bb68-baf4929eb3a6,2023-11-20,S-010,P-003,1,2200
dce2cfc5-13b5-43b0-9112-4001232b13b1,2023-11-20,S-008,P-001,2,1400
346941fa-d423-4631-9c8f-669ed65ef1e2,2023-11-20,S-015,P-005,2,0
fd188d3b-7fe2-4beb-ac61-bb64272d28e0,2023-11-20,S-045,P-006,1,800
7bce1e83-fd4a-42b1-bbfe-2d862c9eece4,2023-11-20,S-005,P-006,3,0
7d67ec0e-52a9-4db6-ad2d-0a42384f1397,2023-11-20,S-029,P-003,1,0
27ff1c6b-4bde-4136-b707-2fb33ca82a9f,2023-11-20,S-036,P-004,1,0
b4b2ec14-472a-4290-aa0e-7a8cc824db34,2023-11-20,S-028,P-003,2,0
569bee90-f0ac-4fee-98eb-9b9f9b460eb7,2023-11-20,S-009,P-003,2,0
0584a553-45fc-4aa0-943b-4e7a1d0191a4,2023-11-20,S-039,P-005,2,0
92a519a6-7c45-4607-919a-105433bb1d52,2023-11-20,S-017,P-006,1,0
d4f93e9c-ffec-426e-acfa-363acb6006ef,2023-11-20,S-002,P-006,1,0
7ead2e48-0e24-4328-9dc1-1b3b017899cc,2023-11-20,S-025,P-004,3,3150
d05a49b4-ade9-4507-a89a-267a29855d10,2023-11-20,S-030,P-004,2,0
492648f7-32af-4f73-a1db-4f1c1f4fe17c,2023-11-20,S-010,P-001,4,2800
647fdeb0-8c43-40c6-a140-896609f5cfbd,2023-11-20,S-029,P-006,3,0
754f834a-5637-46c8-a93f-223a398ca8a3,2023-11-20,S-034,P-007,2,0
2e1ce06a-e4b4-4847-82fd-4b231f114918,2023-11-20,S-020,P-006,1,0
fc6fe0d9-ebd4-40b3-8fc2-d422186b6950,2023-11-20,S-044,P-004,4,4200
72fd670f-82b4-4592-b7be-cac07a35d975,2023-11-20,S-023,P-005,3,0
70f693c8-7cc2-415b-89a1-c80d1127fcf8,2023-11-20,S-042,P-001,1,0
e146a115-f4d0-47ac-bdff-10b95db8aa51,2023-11-20,S-015,P-004,1,0
58ce29de-354a-4103-8e61-740bdb3f9e1c,2023-11-20,S-029,P-005,4,4200
858ebcd9-e28f-4370-b9bf-000975eb0750,2023-11-20,S-046,P-005,1,0
548bf232-4777-4e62-abb2-b3d56c005ee3,2023-11-20,S-001,P-004,2,0
21f54660-fbf2-4fa2-8b67-349989a3a379,2023-11-20,S-011,P-001,2,0
70c3575e-6b90-45df-8ca7-e84663983d14,2023-11-20,S-039,P-005,1,0
e9655076-5744-402c-9969-a809eb619d44,2023-11-20,S-024,P-001,2,0
914e2b3d-fac8-4b16-9dea-829460b174d1,2023-11-20,S-036,P-004,2,0
bac5f4c6-0390-406c-881d-491b10a72777,2023-11-20,S-041,P-004,4,0
4b277703-689f-4499-9d4e-6506e6494491,2023-11-20,S-030,P-005,2,0
b139c61e-f7a6-40eb-af14-fc6a8e66d8f2,2023-11-20,S-009,P-004,1,1050
52fdf3d5-5a71-4fa7-a7ce-e4d15427910b,2023-11-20,S-047,P-002,1,0
3067c71f-adc5-4b1b-ab68-feaabd7278b5,2023-11-20,S-018,P-003,5,11000
67b85497-5673-4c7c-99ba-96ff2c10d2a1,2023-11-20,S-042,P-006,4,0
2316c2f9-5d13-4c2e-87d9-9e0597848b53,2023-11-20,S-007,P-003,2,0
780f33d7-20ba-4758-b7e2-0f190f98f6fd,2023-11-20,S-031,P-002,1,0
39f405d4-cfb1-44f4-ae95-d81e940feade,2023-11-20,S-007,P-005,5,0
637a9ef3-c95f-4421-ad2a-0ccdc5fcda4e,2023-11-20,S-001,P-006,1,0
0f44ad47-1095-4ef0-aa38-f52e746501e1,2023-11-20,S-037,P-004,10,0
3fb44514-e29f-46c1-bf64-22835166ede4,2023-11-20,S-009,P-004,1,0
037029b8-7500-4aa6-b9e3-d0b11d42206c,2023-11-20,S-005,P-007,4,0
ec1fd106-3a86-40eb-9dc2-bdbe1923b1e9,2023-11-20,S-041,P-004,2,2100
cf64e1cf-bb33-4821-9d16-d09722174318,2023-11-20,S-033,P-001,1,0
da004e13-8e20-49ed-a748-a22e3d9e23c3,2023-11-20,S-042,P-004,5,0
8b30f274-7996-4111-aafe-7570c5e28f2f,2023-11-20,S-016,P-006,5,0
c3cfd895-a46f-4991-9289-399535e03f9d,2023-11-20,S-015,P-003,1,0
8a63f68d-243d-4436-b72a-2db7d6b808d9,2023-11-20,S-009,P-005,5,5250
4e66dd1c-97a6-4bb4-99cb-0882422f84bc,2023-11-20,S-025,P-003,1,0
3cb73a99-590c-4f10-8fd7-ac0e9e15d1ec,2023-11-20,S-005,P-005,2,0
7c01fffc-7cc7-443a-92ed-d376518b2121,2023-11-20,S-046,P-003,1,0
e8fcbfaf-a775-4fe3-b0aa-e524d1ce7da6,2023-11-20,S-044,P-001,1,0
16a9e49b-526f-4cc3-8089-789a28eb3bd0,2023-11-20,S-010,P-002,1,0
f1c1f111-254f-43ad-b2d9-dec58ec4bdb5,2023-11-20,S-044,P-007,1,900
5d3d3706-70b3-4ef4-b832-c341570f1689,2023-11-20,S-011,P-002,2,0
7db749c6-d675-4938-8a90-427d5d77d80e,2023-11-20,S-028,P-001,10,0
a1ffe03c-d7c5-493e-8181-c7d3a43342f8,2023-11-20,S-020,P-002,5,0
d84d3cc1-1d84-425b-b5a9-e50f1f83a4d6,2023-11-20,S-028,P-001,1,0
1b4202f7-31d5-4626-9fd3-27340c8bc229,2023-11-20,S-011,P-003,4,0
c8f4e8d5-a7a1-4387-ac38-163d349ddc3c,2023-11-20,S-006,P-004,2,2100
3fe6acaf-6b83-42e0-bb21-3c06267b7e92,2023-11-20,S-034,P-002,1,0
d826d4a1-228d-45d6-9c65-0cc8180ac88a,2023-11-20,S-037,P-005,2,0
bb513b52-a21e-42e9-b874-891805dbc37f,2023-11-20,S-005,P-003,2,0
333e2744-51d9-48b5-9f47-fd8ac49eef22,2023-11-20,S-046,P-004,24,25200
e343ecf3-2a7c-47eb-bd78-1ee4e0f85d85,2023-11-20,S-008,P-006,2,0
2704cd4b-aa3d-4786-b714-dd3d7c2bf02d,2023-11-20,S-003,P-003,1,0
09f0dc6e-373e-4659-92af-800ad3bac9a4,2023-11-20,S-020,P-004,1,0
bd93aa02-2890-40f4-9893-7bf963998fe6,2023-11-20,S-007,P-005,24,0
7f345946-670b-49e9-80d2-d755f099c36f,2023-11-20,S-007,P-007,1,900
f09aec38-6bc3-4c2e-8c0f-66dc67f23f28,2023-11-20,S-020,P-006,1,0
20024751-c810-4bc2-a54f-9f9aedd9d1af,2023-11-20,S-018,P-002,3,0
9af91ca6-0297-4b23-acc1-5619c55cb5e8,2023-11-20,S-018,P-005,4,0
a9845046-2768-45ec-92ab-06d7c8daaa58,2023-11-20,S-001,P-002,2,0
d977aa83-1c5f-4056-94c6-d8cf41c9e1fc,2023-11-20,S-048,P-004,2,0
f8b25587-39fa-47fc-b996-509466dffded,2023-11-20,S-008,P-002,1,0
16a5f702-589d-4add-a865-58bb18a95d58,2023-11-20,S-015,P-005,1,0
ccd45220-5119-4e5c-9fb9-3e86b6425c15,2023-11-20,S-044,P-005,2,0
39833973-fee0-4a39-89ba-660b1119c385,2023-11-20,S-019,P-001,1,0
cc3dc920-2960-4b8f-837c-e73550f40728,2023-11-20,S-012,P-003,1,0
7314f538-75df-48bd-96e3-012e9b6d4f86,2023-11-20,S-042,P-007,1,0
636531d1-5d3e-4c05-b6ef-64f64a12fd03,2023-11-20,S-007,P-003,1,0
74feab8a-9957-41b0-b8af-240939b48766,2023-11-20,S-022,P-003,1,2200
7905918f-3823-4b4d-9412-63c10b86a13c,2023-11-20,S-046,P-006,2,0
8eb1a90e-d953-4521-9d59-e8c3f9b54cba,2023-11-20,S-013,P-002,1,0
4d56eeac-0415-4dae-bfb1-0013b0f70c4e,2023-11-20,S-035,P-007,2,0
c1a1c974-faf0-40db-acc4-2e7e19ad7679,2023-11-20,S-002,P-001,2,1400
1ca72152-bf88-4807-b20e-96b3a3e61141,2023-11-20,S-013,P-002,1,0
e30e691f-f54d-48d9-89f1-5b80956dd19e,2023-11-20,S-044,P-004,1,0
764de4fb-08eb-40f3-917f-8802d3cc0f0a,2023-11-20,S-046,P-007,10,0
8eba7b74-c5ae-42eb-a197-729e13c925ce,2023-11-20,S-016,P-005,1,0
7722f496-8718-405a-8033-df9d625ed497,2023-11-20,S-047,P-002,1,0
191f9576-04dc-4f19-baec-f56247a35e7d,2023-11-20,S-017,P-005,1,0
5506a2e3-199c-468e-810b-9863af0bb448,2023-11-20,S-038,P-007,1,0
25ebe982-75ee-41c4-898c-69babf294e50,2023-11-20,S-015,P-002,1,0
66db4c8b-38fb-4e92-b8b3-505afc40fa9f,2023-11-20,S-042,P-002,5,4750
d30d0934-36a9-4fa2-bfcf-b4b6250bf780,2023-11-20,S-030,P-002,1,0
c2d52dcb-9f83-44a1-92a9-b00c9abc7023,2023-11-20,S-045,P-006,1,0
92546bb2-3849-44e6-b40d-5881c52de561,2023-11-20,S-007,P-006,24,0
7542baed-c477-4b79-945d-2d4df4c4ae40,2023-11-20,S-045,P-003,1,0
9bebb7cb-b158-4f1d-96c5-02fe0d82d734,2023-11-20,S-017,P-007,1,0
c3ae24a4-e115-4672-977f-faf75d2e665c,2023-11-20,S-017,P-001,3,0
90f2ebc8-fe2d-4b4f-aa4b-0a8573e96438,2023-11-20,S-011,P-004,1,0
87434bbf-ba73-4eae-b207-975a59aae3cb,2023-11-20,S-034,P-001,1,0
f956068a-4c37-42da-93f1-87f05b13caaf,2023-11-20,S-049,P-006,5,0
f53b5f15-b96b-4758-a211-7a8123ded5a7,2023-11-20,S-004,P-007,1,0
7b697c08-c92a-4a4d-b935-e2ccbb02dcdc,2023-11-20,S-048,P-003,1,0
a6cc9a4b-a8dc-46ad-af6f-d9ed4920db4b,2023-11-20,S-032,P-004,1,0
68e44173-48f3-4e46-9424-564bac11f11b,2023-11-20,S-011,P-001,3,2100
62f8c838-3fac-494e-8729-72ff76d97851,2023-11-20,S-040,P-002,2,0
13142c80-b80b-4ab4-931f-d6e79da5ac2c,2023-11-20,S-026,P-001,2,1400
247cea09-ab9d-41e7-96f2-559590895a29,2023-11-20,S-033,P-004,1,1050
0feece99-0f22-4426-b41d-cad06a189812,2023-11-20,S-015,P-007,1,0
1f023c30-1fba-4207-91f2-795fb1dd67e6,2023-11-20,S-008,P-001,1,0
51743aed-b77a-4515-a415-c158ad7fad36,2023-11-20,S-022,P-005,1,0
c34ea81a-fbfe-447e-9ed5-4ad5c4a9197c,2023-11-20,S-001,P-002,4,0
7fa3477b-73b5-4f0c-b347-2ab67f397b53,2023-11-20,S-033,P-002,1,0
d25913c6-71d5-43a5-a942-d650814a507f,2023-11-20,S-048,P-004,3,3150
e9438f1c-0c56-49e6-a9ff-c0fb3caea851,2023-11-20,S-027,P-003,1,0
096ad357-ff56-4eae-a111-0fea31a1e8f9,2023-11-20,S-013,P-006,1,0
4be2c5a5-711e-4007-a56f-6331eedc5510,2023-11-20,S-048,P-004,2,0
4bc52845-a50d-4771-b164-c996183a2c24,2023-11-20,S-043,P-006,1,0
01b3b78a-8475-482e-ac96-d9159e2c8521,2023-11-20,S-022,P-005,1,0
b2752839-3be5-485f-837b-006c26276521,2023-11-20,S-024,P-001,1,0
122978c1-03ed-48a2-a758-8b0001e0f08f,2023-11-20,S-044,P-004,1,0
41296244-e0a9-4757-bdcf-23f1d63234aa,2023-11-20,S-004,P-001,1,700
7fa81c91-e29d-4fd7-8e0d-967505db5eaf,2023-11-20,S-012,P-005,2,0
a1e67f3e-e8ff-44fd-be62-51c199a371fd,2023-11-20,S-017,P-007,4,0
07db871e-56b5-48c2-bda7-9e9ad34c8a20,2023-11-20,S-038,P-001,3,0
ca231592-e00f-4cc5-9aec-38ea3872ea39,2023-11-20,S-033,P-006,1,0
f7ddb748-edc3-4b22-8b52-9b90fb2286b2,2023-11-21,S-008,P-003,2,0
815fe501-665f-4367-bfc8-54fd620fff5f,2023-11-21,S-047,P-006,3,0
e2ca2c1f-d95f-4c94-b2bd-e5fa29cc2c36,2023-11-21,S-020,P-005,2,0
b7c91662-0662-4a87-9bc2-ef4fe82ad115,2023-11-21,S-010,P-004,2,2100
bbd2e513-fa57-4e25-8d6b-40b32c114614,2023-11-21,S-041,P-006,1,800
ab2310c6-31ac-40f4-b34f-cad4675ff38a,2023-11-21,S-029,P-003,1,0
9d9612ab-4129-460f-a0a0-b3863720626d,2023-11-21,S-005,P-004,1,0
e22b180c-d033-40d2-9050-5ea01e4d6f37,2023-11-21,S-016,P-005,1,0
c277380e-c5d8-4f74-be23-449e2c2a4105,2023-11-21,S-027,P-001,4,0
4b911350-c45d-4667-9b7b-00d9f49a4c36,2023-11-21,S-014,P-001,1,0
b74b4be9-040e-46f5-8485-90c7ae4e52a7,2023-11-21,S-018,P-002,1,0
b51ddb17-df92-41cd-8dc0-7c462a615af0,2023-11-21,S-025,P-002,3,0
966ed951-5f3c-4d2a-bb44-ef472e453553,2023-11-21,S-029,P-002,2,0
f6ed7f59-8578-4a31-868b-64c4f0ee8e4e,2023-11-21,S-044,P-004,1,1050
d751cf73-2a54-4811-a25d-4040cea606a8,2023-11-21,S-050,P-006,1,0
f670ad03-9eed-47ab-a9e7-531e5aa2a778,2023-11-21,S-041,P-006,1,0
b095d333-3e35-4d53-a101-b2e8cdcf33af,2023-11-21,S-032,P-003,1,0
bce7884d-fff3-4222-aa58-c42e5af269ef,2023-11-21,S-012,P-003,5,0
e0451915-ce1c-487a-850a-72d941903135,2023-11-21,S-010,P-006,24,0
71e047b3-b2ca-4f3c-8fd7-e71184a689cd,2023-11-21,S-008,P-007,1,900
ab67f0cd-72f8-4b3c-9a0b-47c859c0bd32,2023-11-21,S-018,P-003,1,2200
2e182ce0-ec49-4086-8355-a828bcd12e14,2023-11-21,S-025,P-003,1,2200
b751e903-2178-42f8-8edf-c2ae358cf59e,2023-11-21,S-005,P-005,24,25200
550fc9f1-4c94-45fe-b9c6-1538d92bdc73,2023-11-21,S-024,P-002,3,2850
52c1b288-acfe-4d41-b4c7-4341bb3e1d3f,2023-11-21,S-039,P-002,3,2850
21ccb5f2-3d9f-40c3-86c1-3aa306868e04,2023-11-21,S-044,P-001,3,0
b75de49a-48b3-4c2b-83e1-dd8259f52c1a,2023-11-21,S-042,P-003,3,6600
48e7993e-9801-4f08-8e5a-fe40e5313654,2023-11-21,S-044,P-001,2,0
591edb1e-db12-4138-a863-41e4667676fd,2023-11-21,S-046,P-003,1,0
03cdc82f-5680-4d43-bc87-5c2c4295ab4e,2023-11-21,S-032,P-002,5,0
87e7d192-3efc-4eb0-b022-030b244fb8d4,2023-11-21,S-013,P-005,3,0
e575c00f-22e6-454e-a3e3-fc2ae068f5b7,2023-11-21,S-002,P-006,5,0
f532b7a1-ab6d-4cda-ae56-353efb64765f,2023-11-21,S-005,P-001,1,700
0f5c72f8-d135-4850-8fc8-1df1d75a9257,2023-11-21,S-049,P-002,1,950
7eee5bb6-6270-4277-a60c-ded9ac98a8d1,2023-11-21,S-003,P-001,4,0
ffb0710c-7cef-42c6-a2bd-aba0e995415d,2023-11-21,S-021,P-004,1,1050
300d885d-94a5-4edf-985b-ed91cdf4b089,2023-11-21,S-041,P-002,1,950
628f053d-3d16-423d-a0bf-9109b3b6a746,2023-11-21,S-029,P-006,2,0
ff381e91-7406-48f5-8872-f4c179282fb9,2023-11-21,S-050,P-004,2,2100
ab37d297-029f-4a92-bf8e-122461af30f0,2023-11-21,S-003,P-006,1,0
b11e0ea2-1158-439a-b78d-b605ce182544,2023-11-21,S-047,P-002,10,0
acf779cf-395e-4f87-a9f4-2f689e13074b,2023-11-21,S-033,P-002,5,0
73a605c3-1228-4b89-8e80-5c8af52291ec,2023-11-21,S-010,P-007,3,0
1eaa1e13-8719-4f51-b814-3e3f889a8e63,2023-11-21,S-023,P-007,1,900
eb85eb88-a9ea-45df-abec-8dedc1204a9d,2023-11-21,S-017,P-007,1,0
715a791e-0783-46de-9674-ac9aeca9a2c6,2023-11-21,S-044,P-004,10,0
1e9cc45a-ce62-4357-ab5a-cc36713f80e6,2023-11-21,S-038,P-002,1,0
34bfde03-eeac-4ed4-ada7-85d36ab32441,2023-11-21,S-037,P-001,2,0
614de897-6146-4170-ab4f-2e8145574080,2023-11-21,S-004,P-005,1,0
d66a2cef-70b8-4572-ad26-5a026cfe39fe,2023-11-21,S-016,P-007,1,900
3da4554c-22eb-49fc-b6e1-d625b7e2d1bc,2023-11-21,S-037,P-001,1,0
42fa2d58-6863-4728-9463-b0fd88f7f36d,2023-11-21,S-019,P-004,1,1050
add27429-1d02-4d5f-b7f0-3feac86f928a,2023-11-21,S-016,P-001,2,0
6bcfedef-279c-4bf4-91fe-f0e77b1052fc,2023-11-21,S-028,P-007,4,0
b0329bd8-2876-4380-9e6f-0412c097e755,2023-11-21,S-030,P-006,1,0
bd7bb47a-b2b3-4459-aead-b927b14098c1,2023-11-21,S-006,P-001,3,0
0be1e1eb-2f3b-44bc-8e8b-7e1244dd8eb4,2023-11-21,S-048,P-003,2,4400
e79b5206-d605-43bd-afd7-58f3b7a9661a,2023-11-21,S-029,P-002,1,0
d92a66f2-e483-4ad4-be93-86a895667e0e,2023-11-21,S-033,P-001,2,1400
5c4be692-cbe7-4e14-9cac-d3f729c6f427,2023-11-21,S-007,P-007,2,0
4769bbdb-a0cd-4c4e-8048-96307baeb48b,2023-11-21,S-047,P-007,1,0
b4a6e045-b612-48c8-8dd2-7ed4853fbb72,2023-11-21,S-003,P-003,24,0
0279d2e1-a4e2-4c6e-893a-fe9c3775c1a5,2023-11-21,S-016,P-007,1,0
81f7bd5f-4b49-45d4-930f-7eae6f83f661,2023-11-21,S-043,P-002,1,0
0c6df045-9140-40d2-ab17-925ed1573e83,2023-11-21,S-009,P-003,1,0
e0d982aa-0a99-41e0-825d-14872c86fa85,2023-11-21,S-038,P-002,1,950
31c92d9e-136e-44fe-8f53-98c3b9e94812,2023-11-21,S-012,P-004,3,0
65eb27dd-b938-4d7e-8d0c-a0d67a823238,2023-11-21,S-040,P-003,24,0
b50a8b2d-5f3f-4940-92a0-d04c79d4ef55,2023-11-21,S-043,P-004,3,0
bf8012ff-e9c3-4a39-a4a5-a8582c00a35d,2023-11-21,S-004,P-007,3,0
938de8a6-6ae2-4b9b-b4ec-6131965ebf4f,2023-11-21,S-029,P-001,1,0
949f4b53-c601-4e5a-9086-288c6b300f50,2023-11-21,S-042,P-002,1,0
b70faff5-4b63-4801-a28c-8c05de66d655,2023-11-21,S-009,P-004,1,0
109d934c-009f-4148-93de-c02d24a5cfbc,2023-11-21,S-013,P-004,1,0
30e2d1db-60f1-4942-9863-133bff74f6b6,2023-11-21,S-036,P-005,1,1050
a6c5c097-6b21-407a-907d-c7428959a336,2023-11-21,S-010,P-006,1,0
7172e6cc-d402-4a46-9285-0258ed0b2d73,2023-11-21,S-001,P-003,1,0
24ce7ed3-82f4-41d6-942c-e8fbfa2b2f7b,2023-11-21,S-008,P-005,4,0
3222d38f-8242-4c31-80ec-ddf24d45ed1d,2023-11-21,S-046,P-002,3,0
2fc80b66-afe6-4c35-b856-48ab5a3f315b,2023-11-21,S-032,P-001,1,0
b2032043-d638-4dfd-b82b-b3995c79880a,2023-11-21,S-032,P-003,1,0
3186bade-40ba-4760-bd5c-997db38f2928,2023-11-21,S-024,P-002,1,0
1abad696-d714-488a-8a0c-c4059a1255fe,2023-11-21,S-009,P-001,1,0
1f748bad-4327-4cb9-b0d4-62e3b8c0be69,2023-11-21,S-049,P-006,1,0
6bf3d2d1-5b08-4538-bda6-e71832b9b578,2023-11-21,S-037,P-002,4,0
83a8119e-0723-43f9-9872-b228e6b00be0,2023-11-21,S-043,P-002,2,0
3b75aa83-1ffe-4984-b4dd-faa52511476b,2023-11-21,S-017,P-002,1,950
36bb78a7-6b84-4184-b783-15aeaa64f518,2023-11-21,S-008,P-005,1,0
3ca8827b-972b-445b-9e98-d498355d57b3,2023-11-21,S-036,P-007,1,0
eaa909b3-4337-4444-9f80-89d3b1bd7c19,2023-11-21,S-002,P-002,3,0
6e9eb29c-5ce5-4e08-8d17-75f5d7eea9a0,2023-11-21,S-033,P-004,2,0
30f3c7af-95ee-4ec7-b428-e73f6bfc18f1,2023-11-21,S-037,P-006,4,0
afb194e6-1df8-4aaf-897d-2510eb016fb4,2023-11-21,S-023,P-004,1,0
11c302bb-9004-4258-a746-0bc2545ab2e2,2023-11-21,S-040,P-003,2,4400
a59fd8ef-47de-4d50-9af3-b138365ab01a,2023-11-21,S-017,P-001,1,0
d77ff97a-9f7f-4b1e-9c4e-31e1b1563380,2023-11-21,S-006,P-007,2,0
6d6daf76-2640-4f41-ac6b-30f4ead6bded,2023-11-21,S-002,P-005,1,0
9e9ad96f-b80b-4a5b-b1ad-1e4e0510f221,2023-11-21,S-040,P-001,1,0
3936f585-3146-4789-b428-af81ea6c02c3,2023-11-21,S-040,P-005,1,0
f15fd435-dcd4-40fc-b7ba-18026e26eef8,2023-11-21,S-009,P-005,1,0
5ce1e5a9-a7ac-4e81-88c5-898ad6dddd70,2023-11-21,S-033,P-007,1,900
7eed79c7-fa5b-4f2c-a46f-57f49f363b48,2023-11-21,S-021,P-005,2,0
a9308b5c-e7b9-4bdd-b5c4-a042f45d6c96,2023-11-21,S-031,P-002,3,0
0b7eb778-b323-4872-a114-ef96e061429b,2023-11-21,S-027,P-002,3,2850
39fb39ed-6911-45a8-9ab7-8268d7645bda,2023-11-21,S-043,P-003,1,0
ca7f20e4-e999-4aab-ac5b-87f92c83451b,2023-11-21,S-003,P-004,1,0
71e7e72d-14b1-4db5-9a58-7d4c24472b7b,2023-11-21,S-004,P-001,3,0
409f6669-720f-4392-9447-00485e89da3a,2023-11-21,S-028,P-007,2,0
ddaad06d-4641-485d-9012-19a404e85802,2023-11-21,S-028,P-007,3,0
9f246dd3-35cf-4d03-8e54-da88fdd4e71c,2023-11-21,S-034,P-006,2,0
e54916ca-eefa-4e69-b83d-518fce565e76,2023-11-21,S-010,P-005,2,2100
5f72efd5-6d5c-418a-bbc5-c6b2ff8a72fe,2023-11-21,S-025,P-004,2,0
1e2dd1ed-3056-4a04-85c8-f8a2603b51c4,2023-11-21,S-029,P-003,1,0
3f7e334f-c423-4af0-a91a-05a80932c83c,2023-11-21,S-007,P-003,1,0
ccbbfef3-349f-44f1-8dff-b6feeb5c0300,2023-11-21,S-034,P-007,5,0
3c136818-8d3a-4f3a-96e3-edc11b8d6ca1,2023-11-21,S-001,P-003,3,0
e0ab3824-eeb2-49ec-9667-37733421184b,2023-11-21,S-047,P-002,1,0
e4923222-51dc-4642-be25-95a532719ea2,2023-11-21,S-008,P-006,3,0
c320dcb6-13e7-4ccc-8b26-f49d3f067280,2023-11-21,S-009,P-004,4,0
324e3d98-f0b0-4e1a-9088-14c1f1b2211b,2023-11-21,S-030,P-007,3,0
9259a474-0dfa-4611-93a4-e2196cb77e04,2023-11-21,S-049,P-002,1,0
f85ee943-0a3e-4ab2-bc52-fcd2be0af41f,2023-11-21,S-044,P-003,1,0
b036ab52-5227-41bf-a0ff-ece51dd2b079,2023-11-21,S-012,P-003,4,0
227605f2-c822-4b65-aec3-2308cbcb4cf4,2023-11-21,S-008,P-005,3,0
70d04e4c-5658-4cb6-a327-553723b13faa,2023-11-21,S-005,P-005,5,0
6ced1d7b-e800-4822-88ce-7bdb96f401f0,2023-11-21,S-045,P-005,1,0
91fbc86c-a4cf-4d7d-9388-56e72590ac5f,2023-11-21,S-022,P-004,1,1050
0caa0b7b-ed88-4966-851a-c4c55310d4cb,2023-11-21,S-032,P-006,2,0
608855ed-9322-47ec-b74f-a6e7e8dcf436,2023-11-21,S-049,P-003,4,0
09b7b465-29ce-4ee2-b0c0-1d198ff48425,2023-11-21,S-033,P-003,4,0
d5ec87a1-bede-4520-8fa0-5b7f1ecb1f07,2023-11-21,S-043,P-006,4,0
9cc42055-2300-40dd-bd06-79295be40a57,2023-11-21,S-021,P-006,1,800
48d08476-c70f-4e3b-964b-c161556c513a,2023-11-21,S-039,P-007,2,1800
2d467f40-5532-4beb-87a0-1fd13157fd05,2023-11-21,S-027,P-001,1,0
bdcf0f21-0139-4761-9f01-b292d6cd53cf,2023-11-21,S-048,P-005,1,0
77bd2bc2-9258-4f3b-9a6a-90c1dbbe6c0d,2023-11-21,S-036,P-006,2,0
ed3fa6c9-baa3-4cf4-bfce-5f6dbde2314c,2023-11-21,S-034,P-005,2,0
afcfd712-e155-49a4-92e7-d80e07b77098,2023-11-21,S-041,P-005,2,0
98c5b7d0-a89e-4ddc-896c-bca66a72e16e,2023-11-21,S-015,P-007,1,0
e0d07530-9777-4ff3-997f-9ddfdc755f92,2023-11-21,S-046,P-003,3,0
b3da9424-abbd-4def-93a0-13086364f9f9,2023-11-21,S-042,P-002,1,950
63ecd989-795b-490b-8005-e3f6491cdfe1,2023-11-21,S-035,P-005,4,4200
feac7a23-c123-4fa2-89de-0964b8b6b6a9,2023-11-21,S-011,P-007,1,0
fdca1e5d-2671-4c9e-ae06-efbf6b4522cd,2023-11-21,S-031,P-007,1,900
9f881cf2-19dc-4e8e-b1b8-fae76daa340f,2023-11-21,S-014,P-006,1,800
127c3da6-e387-476a-9551-4ad28b1e88da,2023-11-21,S-019,P-003,5,0
81598c48-b7fd-4647-9ab5-096df5c84544,2023-11-21,S-026,P-003,2,0
1b0ab0eb-446e-4371-ac20-efdf8444b1c6,2023-11-21,S-019,P-003,1,0
bb4442aa-788a-4342-9049-aa0828fd38b1,2023-11-22,S-011,P-006,2,1600
17006a46-54c5-4008-bfa1-4f3964405d47,2023-11-22,S-024,P-002,5,4750
12b24851-94a0-4f2d-ab0b-565b9ed138b4,2023-11-22,S-049,P-003,5,0
3a0e76f1-e372-480d-ace5-bde123bcff06,2023-11-22,S-026,P-007,2,0
29a88a56-ae3e-4bd0-aeb1-0ff68bd201ef,2023-11-22,S-011,P-005,1,0
7e096ae8-0bd4-4c64-a61a-ace023ed9b85,2023-11-22,S-011,P-004,2,0
df96b412-0a56-48f0-b138-43703f93a5f4,2023-11-22,S-024,P-006,1,0
a137b972-9d71-4ee7-ba80-bae2bf13a3d0,2023-11-22,S-008,P-003,1,0
e927e939-8ad8-4316-8fb3-49788b6bc03a,2023-11-22,S-050,P-007,1,0
7a6d48e7-97c8-4e0c-8d51-1b3d43f92314,2023-11-22,S-018,P-002,1,0
d4729a06-42d5-478d-8c2e-e3c7a3232c83,2023-11-22,S-015,P-007,1,0
c21d7de2-ff61-4f87-9e6a-b6beff8fc018,2023-11-22,S-032,P-005,1,0
ba213541-face-46f2-b02f-d589d1c4c012,2023-11-22,S-019,P-005,2,0
3f687c34-7550-4e90-a8ff-65512ad4d552,2023-11-22,S-003,P-001,1,0
b650e835-14c6-416c-bbf2-bbd6f502e62e,2023-11-22,S-001,P-006,2,1600
0c3aa481-42f3-4872-bdd6-8117b964da68,2023-11-22,S-031,P-004,1,0
fe398a4f-574f-4ab2-93d2-f514a5b4a558,2023-11-22,S-024,P-006,4,3200
571d003b-f253-46c3-bc2a-0f36726b222e,2023-11-22,S-003,P-007,3,0
85d7a2fe-20e1-4915-a899-09323e746c19,2023-11-22,S-016,P-004,1,0
6f15b4cf-3707-4092-bb43-99a6493532a5,2023-11-22,S-017,P-006,4,0
645dcff7-58d5-4c9b-b632-9298e9204bbd,2023-11-22,S-004,P-001,3,0
da305418-1a3a-4f1c-9d79-0992d8a37454,2023-11-22,S-017,P-005,1,0
24e98c9f-c7db-448b-8d41-dd86df69dde7,2023-11-22,S-041,P-003,1,0
db439ac7-7867-434d-8e8a-ca0f4c84b93e,2023-11-22,S-004,P-006,2,1600
3bbb4611-ca83-47dc-84d8-84d8e49af77f,2023-11-22,S-008,P-005,24,0
a4457e49-4432-45c7-95d2-dbd93ecbdce3,2023-11-22,S-049,P-006,1,0
efb96b2f-a180-46f6-a5e9-f3b7f1b06cba,2023-11-22,S-011,P-002,3,2850
21740c34-f6ee-42bf-a0b2-d0daefd70163,2023-11-22,S-010,P-004,2,0
2cbf2639-8686-43dc-acbf-aa16e02b56fd,2023-11-22,S-047,P-004,3,0
44b1aa6e-0faf-4c4b-99f3-3c42e10afaef,2023-11-22,S-001,P-001,2,1400
bdd33132-e110-4806-a48e-ce279ca1594a,2023-11-22,S-037,P-006,1,800
c79570bb-31bf-4140-8d8a-0c6661ef8d53,2023-11-22,S-024,P-002,1,0
b3cdce77-cb82-4ba5-84d6-d6e0329b3ccb,2023-11-22,S-002,P-002,1,0
7ace9a9a-524d-4329-8045-97c85d51c1e8,2023-11-22,S-029,P-006,2,0
d393b27e-6cba-4d63-9dfb-9c87daf35d00,2023-11-22,S-031,P-003,2,0
27bb9160-0335-4ebb-bac5-1c70d3462c82,2023-11-22,S-049,P-003,1,0
b2d06bcf-9a35-492a-9cb0-2d1b8c0659cf,2023-11-22,S-020,P-004,1,0
487f3a80-b436-4620-8a9b-9b72d544e90c,2023-11-22,S-040,P-005,1,0
5afa4608-7b01-4c3f-a5a4-2a2925442f52,2023-11-22,S-022,P-001,1,0
891b62d6-5a7d-47ba-90cb-08bb23b36742,2023-11-22,S-046,P-003,3,0
7507cbce-f3d4-4309-9cab-6ba6715f7a5b,2023-11-22,S-023,P-003,10,0
6908eba9-6e7e-4666-82d7-6024cdc639cb,2023-11-22,S-041,P-006,1,0
13bae361-0bee-466a-94a3-e5ad56c40b77,2023-11-22,S-025,P-004,2,0
e1df381b-3397-4d07-973c-8655817d807c,2023-11-22,S-048,P-006,1,800
db193003-0289-4cfd-9d17-e379cc6f2f3c,2023-11-22,S-016,P-006,1,0
525e53c5-9958-45fc-9949-4989763c5fda,2023-11-22,S-017,P-007,1,900
fa9e647b-af05-4262-b7b4-ed03f26cd484,2023-11-22,S-026,P-003,5,0
e3108beb-f9ec-474d-82d0-1c2593688bd5,2023-11-22,S-026,P-001,1,0
23e66b3b-fc17-4f94-b009-3d617e9ac9c2,2023-11-22,S-036,P-006,4,0
9e89565a-260d-4576-8491-29c1e1242648,2023-11-22,S-002,P-001,1,0
008b2f36-90ab-4273-af53-38552ead6acc,2023-11-22,S-005,P-005,3,3150
539da2fe-08c3-4421-93fb-0ea605b24aae,2023-11-22,S-022,P-005,1,0
6c783cf5-8d63-4b24-98e3-24363f3b2037,2023-11-22,S-040,P-001,1,0
f944862a-6ef0-4d22-bf74-449a225c3083,2023-11-22,S-039,P-006,3,0
9df1718c-925d-4ef3-88d3-f0014b80a425,2023-11-22,S-011,P-006,1,0
27bb4c9b-98e1-4619-81fb-2a35a14b8b95,2023-11-22,S-009,P-001,3,0
d5ad1db0-bf9d-4d3c-8066-2af4cb807a9a,2023-11-22,S-037,P-004,1,1050
fb1c1e94-cd80-4b97-bd9a-a407a55a7b76,2023-11-22,S-037,P-002,3,0
2bf34e01-9978-47ab-a960-708e7823c4f7,2023-11-22,S-023,P-006,1,0
e61dfa66-ae34-45ed-87b4-8c9e38f188e4,2023-11-22,S-007,P-004,1,0
c9e5c07c-110b-4909-8a33-e33dd4ecef87,2023-11-22,S-039,P-007,2,0
7cdfdbb4-e902-420e-8151-7d1996998964,2023-11-22,S-028,P-003,2,4400
fab76e6f-8b25-46b9-86bc-5f097beca19b,2023-11-22,S-045,P-004,1,1050
736ab1f5-6fae-4833-9471-17b2972d3eb4,2023-11-22,S-020,P-004,2,0
fc85b3b5-3cd4-409c-84ee-349dbcb2a49e,2023-11-22,S-021,P-004,4,0
e385d257-a3b3-4c18-be20-54281a5873a9,2023-11-22,S-024,P-003,1,0
68237534-8d6d-45cc-a96b-ba332523def5,2023-11-22,S-050,P-004,3,0
49f22a03-8cba-4b90-a818-3e9effbe28fa,2023-11-22,S-042,P-003,1,0
4280473f-74b6-45db-923e-aed388b384a7,2023-11-22,S-025,P-002,2,1900
7543b0fc-43a8-410c-b662-f6d2f41faa5f,2023-11-22,S-037,P-005,1,0
ee5442a9-c680-4b20-aabd-c2387949c888,2023-11-22,S-013,P-006,1,0
63cb45b5-575b-422c-8499-6a4119d840dc,2023-11-22,S-005,P-007,10,9000
02c90377-b0de-46cd-a54e-27eb81159459,2023-11-22,S-031,P-003,4,8800
17059645-0de3-4ae3-b99b-8644e5703491,2023-11-22,S-005,P-007,4,0
f2206779-7067-4735-8b08-edda7f7b5551,2023-11-22,S-036,P-006,2,0
7538d9ca-cd9f-4a5d-b854-ca1ba889ad68,2023-11-22,S-030,P-003,2,0
22c36d05-2750-4b2b-9045-2f7f44662aab,2023-11-22,S-007,P-004,2,2100
e9e80dce-9810-414e-a9e1-eec922ceb3b5,2023-11-22,S-011,P-003,1,0
35c6f71a-3748-49a3-91a3-5c23c0c969a6,2023-11-22,S-045,P-001,4,0
62d744a0-58f1-48a5-9bd2-425b6366924f,2023-11-22,S-019,P-003,5,11000
e20037ab-e368-4087-bf3a-609ae8477fbe,2023-11-22,S-036,P-003,1,0
b65115fa-90c0-44b0-8af5-65d26a8b2103,2023-11-22,S-025,P-004,1,0
7b175044-993b-4aa0-b40e-d6c120c3709c,2023-11-22,S-032,P-006,10,0
f1eb5e18-aa2c-4ec5-8be0-c6661d9a49d6,2023-11-22,S-019,P-002,1,0
32b21b30-8d03-4a48-bf92-808fd597a8a6,2023-11-22,S-049,P-005,1,0
3e962ef6-5c0c-44a9-9ed8-e7f6dd6d26f7,2023-11-22,S-026,P-005,1,1050
e194034a-ffd7-4f43-a6c8-ac5391894937,2023-11-22,S-013,P-005,1,0
81b382c0-39f5-47c6-8cf7-53e11059f330,2023-11-22,S-013,P-002,1,0
6b440790-023a-4666-ba92-466d533ef0fb,2023-11-22,S-015,P-002,3,0
b11c6a59-6692-4fb6-82b2-4a5a007937b7,2023-11-22,S-024,P-004,1,0
3241f100-59f6-4500-8c5d-414b123c32ed,2023-11-22,S-043,P-002,1,0
2f7d0050-a368-41d9-bd26-eabea2f4e608,2023-11-22,S-032,P-001,2,1400
f61a6f3f-c0b5-4d47-826a-172c4f807b0d,2023-11-22,S-049,P-002,1,0
4042c8e2-e7e8-4d81-b940-73e7ee714192,2023-11-22,S-006,P-004,2,0
f1687c14-8fa3-42de-97bb-718a9fa76369,2023-11-22,S-047,P-004,3,0
b3e55b84-3a6c-461d-888e-8e98e58a2191,2023-11-22,S-032,P-007,4,3600
d28e5f5c-4f94-4ba3-8963-6e213a1c819a,2023-11-22,S-029,P-002,1,950
3edd71fe-febe-474e-be66-ed2dcd7c7249,2023-11-22,S-048,P-001,3,0
21724f7f-d58d-45d1-819c-75cf1847d9f9,2023-11-22,S-024,P-004,1,0
b8d27da3-8833-4c13-a11e-507507db8466,2023-11-22,S-014,P-006,3,0
58eac740-4c18-4ea7-993d-de5a1bac8433,2023-11-22,S-001,P-002,1,0
cf07a29b-6fcd-4a8b-8160-1f77ef0df47c,2023-11-22,S-038,P-001,3,0
2c2ab1f3-773b-4d4c-8cdd-4feec3e151ca,2023-11-22,S-010,P-003,1,0
bcdbf96a-1f43-4e75-9ce2-260ac4437b04,2023-11-22,S-035,P-006,1,0
2f96e806-c868-4113-8685-e962735ad295,2023-11-22,S-035,P-004,3,0
cf9752da-6ef9-4550-93e7-d9c0d8eeec59,2023-11-22,S-043,P-007,1,0
386402d6-fdeb-4ba5-b5c4-f91451876235,2023-11-22,S-005,P-002,1,950
bd884b39-36b5-4018-a1d4-5820d1dfeab7,2023-11-22,S-040,P-007,1,900
c118bc36-539d-4af5-8bda-5a3f3083fa35,2023-11-22,S-005,P-004,24,0
82c0e91a-0f91-41ac-91b2-8a01c9329e5a,2023-11-22,S-037,P-005,1,0
78abe503-0ff8-4b6f-970e-35b1b06add1a,2023-11-22,S-040,P-003,4,8800
067d3cc6-6992-445a-9de1-5020c2e54a1a,2023-11-22,S-029,P-004,4,4200
ac7a2502-f13c-44f0-92e5-9b7c42e21cad,2023-11-22,S-033,P-001,1,0
4e1e068c-d8f8-4931-bde9-c49824a14fa3,2023-11-22,S-022,P-004,1,0
e9e1d0e8-4008-4aae-bbe1-eb61732ed086,2023-11-22,S-029,P-006,2,1600
c206ef01-1080-4945-83a5-ad13987e8025,2023-11-22,S-014,P-007,2,0
2047ef87-1afa-4dd1-9c14-614db96a9e00,2023-11-22,S-033,P-006,2,1600
17ed42de-e989-484d-bf16-e8b72db1f5a3,2023-11-22,S-035,P-004,2,0
bec6f0c2-6875-4681-9e5d-0be84027cf6d,2023-11-22,S-050,P-001,1,0
c1aa5f61-241e-47d2-9fbd-eedc9c9e8216,2023-11-22,S-017,P-003,2,0
978d63e6-c8dd-4311-9338-32289599d304,2023-11-22,S-013,P-006,1,0
79235de4-a4af-466c-9bb9-dc5bc1f764b2,2023-11-22,S-024,P-005,2,0
3a2f6f6b-0f53-40fa-9e91-b8d4ced45dc9,2023-11-22,S-019,P-003,2,0
b07eb889-6833-486d-89df-bf6ccf288646,2023-11-22,S-017,P-006,2,0
4669afc2-fe09-49ea-ab9b-c1735195c30e,2023-11-22,S-029,P-002,1,0
348c1a3d-69ae-49ba-8187-f77ece0cf912,2023-11-22,S-005,P-004,1,0
b987c82c-c55c-4c60-a2c0-309c45c505df,2023-11-22,S-038,P-003,3,0
06dbc69f-1735-46dc-9fbf-08a8eefa7bc4,2023-11-22,S-005,P-001,10,0
6ad6d3e0-7583-44b9-aebd-662f42e7f9c9,2023-11-22,S-049,P-001,2,0
9036d1b9-c43b-4213-99f3-e29b42fb7309,2023-11-22,S-038,P-003,1,0
85656ec9-f9c2-4f96-9e09-e9a3cd5198d2,2023-11-22,S-021,P-001,1,700
4deabf4c-45b5-4324-b3e8-0eb4dc2ccd16,2023-11-22,S-016,P-002,1,0
be8f03f7-edb8-4912-bc79-d64971ddddcd,2023-11-22,S-041,P-006,1,0
3797b891-83d0-4667-a4d6-f6b399fa6047,2023-11-22,S-023,P-007,2,1800
ed87fdb1-f042-4ed0-a3f6-2744be9d3310,2023-11-22,S-023,P-005,1,0
53a2eacb-e851-4ded-a14a-59e5b8e822de,2023-11-22,S-038,P-002,3,0
e499c7fc-6c8a-4b1f-b6b9-ad88bf55ebf8,2023-11-22,S-026,P-006,24,0
935b585e-a28b-468e-a89b-d5fc14a5b7f9,2023-11-22,S-034,P-007,1,900
7d4b1266-70d6-420e-afaf-59daa5868ade,2023-11-22,S-044,P-007,4,0
d7ba90fa-76f7-4a8e-8e66-0faa825eaa46,2023-11-22,S-014,P-006,2,1600
39f8cd6f-3d69-4df0-b1af-80d42c55b22b,2023-11-22,S-038,P-006,2,0
1d706122-56ea-4b4b-9978-408ed1047b77,2023-11-22,S-042,P-003,24,0
48090b6f-d6e3-47d0-99da-2fc789578b34,2023-11-23,S-017,P-001,2,0
da871494-9bb5-447a-9c02-9b92ce47fe19,2023-11-23,S-034,P-006,1,0
df48e478-4478-4097-9b51-806a1cc2de71,2023-11-23,S-042,P-002,1,0
b9530c66-66e6-4931-b8cc-456c19e44e16,2023-11-23,S-018,P-005,1,0
795fc729-1348-49ac-9a07-4305942f871c,2023-11-23,S-047,P-005,2,0
61d1ba96-880b-469d-bc82-bf3ecf57f3bb,2023-11-23,S-038,P-003,10,0
fcf596e6-c62d-48eb-9b97-3e70046da8b6,2023-11-23,S-012,P-005,1,0
e141d550-3284-4c34-aeb0-7cf8898d9475,2023-11-23,S-017,P-007,2,0
f8594c2a-0c9b-405d-9eff-170b5158ef8c,2023-11-23,S-025,P-002,1,950
8b0c5615-65e4-4d3d-bdbf-b12d605af98a,2023-11-23,S-014,P-006,1,0
e10424d8-b158-4361-8294-cf1ee758ee74,2023-11-23,S-023,P-001,1,0
07b6a558-8524-430c-920b-086d4c07a860,2023-11-23,S-046,P-006,4,3200
9d0d1be9-d2d0-42b8-a2fa-e260257266e9,2023-11-23,S-046,P-007,2,1800
3754fa56-3373-4c65-b375-a6030f7673a4,2023-11-23,S-023,P-004,1,0
474ebd95-d246-48bf-877f-784fa21e03d9,2023-11-23,S-042,P-003,1,0
966c6db8-8243-4fcc-8cd3-b26826c4191e,2023-11-23,S-018,P-004,2,0
a7755952-85be-49df-8a0b-7a4ac7638c3b,2023-11-23,S-012,P-006,1,0
6ebc6201-90c7-46c7-8bcd-988be32d9b51,2023-11-23,S-012,P-006,1,800
d131097f-eb17-42af-b668-0056f0a9abc2,2023-11-23,S-014,P-007,4,3600
9c7b493e-1cf8-46a4-ad3d-b4e5c4554f60,2023-11-23,S-035,P-002,4,0
1d21015d-831a-4698-9341-e49f0b8bb87b,2023-11-23,S-035,P-003,1,2200
e53434f2-18c7-4fc4-a9c6-bee596d6b762,2023-11-23,S-014,P-006,1,0
67701b33-121d-4598-a2cf-c339cf782916,2023-11-23,S-027,P-002,1,0
d61ac519-7dc0-4574-ae1b-4577d52dd62b,2023-11-23,S-020,P-006,1,0
be96db32-5381-433a-aa86-e2c5a4a4a2d5,2023-11-23,S-044,P-007,3,0
615cc611-c6a7-4b5f-b2e6-77df5eee1843,2023-11-23,S-023,P-004,1,1050
c1533ece-72af-45a8-8fae-3aac7ae53779,2023-11-23,S-013,P-007,2,0
99203c50-c9b4-48fd-8cbd-c69b57e89ab3,2023-11-23,S-036,P-001,10,0
76e53860-c230-47ba-8b45-3550db123cfa,2023-11-23,S-035,P-006,1,0
e944d911-10c9-48d1-bae4-ec3d040137d0,2023-11-23,S-028,P-001,1,0
e1a84cf5-8b06-44c9-a04a-54c256a622c2,2023-11-23,S-016,P-007,1,900
8e8930b7-d77f-4069-bcd9-b787984b94c0,2023-11-23,S-033,P-003,2,0
e1ccd287-0d19-47cc-b5fa-cb21cd4e3242,2023-11-23,S-005,P-002,1,0
bd9a8ebd-640c-4722-9917-4cf70c54562a,2023-11-23,S-022,P-005,2,0
51a83099-868f-4dbc-8c08-7508307f54ce,2023-11-23,S-023,P-005,2,0
5ccce206-bd22-4cc1-b225-4b094a58bbfa,2023-11-23,S-038,P-003,1,0
676dd683-753a-446b-a83b-fe30dfcc83bf,2023-11-23,S-046,P-003,5,0
44d3f828-446d-4be3-b4dd-7d960f686687,2023-11-23,S-015,P-002,2,0
cf37b38c-29f3-49c1-b898-f30573bbe8fe,2023-11-23,S-043,P-007,1,900
8407c4b9-f215-48e4-b7ed-f48c954415e5,2023-11-23,S-035,P-004,2,0
8b96ac95-7b7d-4c93-9bd9-4b068504b8db,2023-11-23,S-050,P-005,1,1050
dc2d542e-b68a-48e0-b2d7-892062f32c7a,2023-11-23,S-020,P-007,2,0
48cd57d3-5880-471c-8db2-e3e3b7d23cb8,2023-11-23,S-041,P-001,1,0
6f222056-a7b9-49fd-bafe-fcf7603dec9c,2023-11-23,S-021,P-004,2,0
9b7e658d-790b-4185-859a-8facced4a528,2023-11-23,S-050,P-001,10,0
88e7fcfe-b660-467d-b334-794ab2a1ecaf,2023-11-23,S-004,P-006,2,0
da55f4db-92a5-4adc-bcba-395d8ace94ae,2023-11-23,S-003,P-003,5,11000
eb65c4c1-09fe-458d-9fc9-62471bafb258,2023-11-23,S-044,P-002,1,0
ed68a7e1-e846-4a1a-b12d-f54baf5ec1d3,2023-11-23,S-045,P-003,1,0
8dcc352f-edd0-4e4a-a3d5-eeb677ddcba0,2023-11-23,S-007,P-006,3,0
796d529a-29de-4226-ab23-5f626d518795,2023-11-23,S-014,P-005,24,0
9efb10b7-d312-4021-b0b9-7ae53c9a2d2c,2023-11-23,S-025,P-001,1,0
e478b947-05ce-402f-9663-42bad5d6a63b,2023-11-23,S-041,P-005,1,1050
a0644402-1986-432d-a137-549f2457fca9,2023-11-23,S-034,P-006,1,0
d974ce1b-b09d-4c04-a470-751c995cd9f3,2023-11-23,S-028,P-007,2,0
295a13fb-e4eb-4920-a391-d2bbaa9c8611,2023-11-23,S-017,P-005,1,0
e0e8228f-e0ac-493c-b412-3ad9222a23bb,2023-11-23,S-043,P-006,1,0
5e70bee7-9f0c-4264-bf3e-3c4bb6eea51d,2023-11-23,S-043,P-001,2,0
614817dd-c61b-4f90-9ca9-7acffde140c1,2023-11-23,S-040,P-001,1,700
d1aabdaa-0245-4206-a434-b21eb89f8d59,2023-11-23,S-029,P-003,10,0
cec30556-b986-47f0-9c0a-9c130a51ee51,2023-11-23,S-035,P-003,1,0
6c7249fc-c739-42c7-94c2-a77224c9b7da,2023-11-23,S-036,P-006,1,0
81996c7d-e8c8-493f-8595-6496acdb39f8,2023-11-23,S-017,P-001,10,0
562d0539-e4ae-4f9d-aa29-2c139e9ad29d,2023-11-23,S-003,P-006,1,800
ea6384aa-da87-4549-8dec-2da6a2e2c75f,2023-11-23,S-017,P-001,1,0
5319a001-cc72-4b75-bd27-eceb85d47906,2023-11-23,S-039,P-003,1,0
335b2873-de6a-49fd-93d8-13ff6b43b7f5,2023-11-23,S-017,P-003,1,0
39d13faf-efd3-4bad-9e8e-cba43ea74d2b,2023-11-23,S-029,P-007,2,1800
fe0defac-1de6-471d-a451-72267d15bdba,2023-11-23,S-048,P-003,4,8800
82937025-7ed6-42fe-9266-fee247d8245f,2023-11-23,S-021,P-007,1,0
dbe3ea19-9035-4e57-8ba8-14405a1efb8e,2023-11-23,S-039,P-001,1,700
0bc3003a-3fe4-4b5e-a0a3-b5078fbfe4b1,2023-11-23,S-010,P-006,1,0
bdb596dc-9789-4fec-80b0-b7d1201c6255,2023-11-23,S-035,P-004,1,0
00540f11-4dbf-4452-b97c-10a987b9ea36,2023-11-23,S-048,P-003,1,2200
ce1a3354-e13a-4b0c-9433-41a47c54b3c0,2023-11-23,S-032,P-002,4,3800
7a4a6ee9-ffea-4ffe-87e3-fa40ba67e0e0,2023-11-23,S-034,P-003,4,0
c19724eb-2381-45e3-946d-646153955d08,2023-11-23,S-018,P-006,1,800
01c0b667-ea0f-419a-a34f-1e2878d27c33,2023-11-23,S-011,P-005,1,0
0aa7e485-00cd-4988-8457-6c9f768aa095,2023-11-23,S-028,P-002,1,0
bc90e53f-3abc-4b5b-a27e-bf23e0bfa518,2023-11-23,S-025,P-007,1,0
be27c151-a2e4-405a-a8af-e8c8b7163531,2023-11-23,S-028,P-003,1,2200
7c5d71b0-a31f-49b5-99aa-630c195e750f,2023-11-23,S-007,P-005,2,2100
a409c9fd-4836-4469-a37d-ce7d1f7cedbc,2023-11-23,S-011,P-002,1,950
57dcdb50-163d-4e16-82bf-252ff38d35b5,2023-11-23,S-014,P-006,2,0
75fdfd79-66e4-419c-984f-2dffa3fae34a,2023-11-23,S-034,P-001,1,0
66fd0a9e-75f1-4423-bd38-364047db035a,2023-11-23,S-015,P-003,2,0
cabba225-6cec-40b3-9870-e2901913977a,2023-11-23,S-018,P-003,1,0
784536c2-386b-4d0a-9000-807d9875fa1f,2023-11-23,S-012,P-006,1,0
065bf967-f4a7-46e5-bc21-26bf0aab7852,2023-11-23,S-025,P-006,1,0
dcca7272-326a-423b-ae40-78cadb091fd5,2023-11-23,S-001,P-005,1,0
dfca8b2e-2bc5-4f32-abe6-98054ae9b43b,2023-11-23,S-038,P-002,1,0
1438117d-f191-472c-ab95-b298e5c19c75,2023-11-23,S-039,P-007,1,0
69b63c7e-e152-4614-9d0c-e8729fa20bf0,2023-11-23,S-039,P-004,4,0
24b6d5b2-f6f3-494f-a6d8-3ec457bc1af9,2023-11-23,S-014,P-006,2,0
d0161430-8a81-40a2-896c-595ecb3517ad,2023-11-23,S-008,P-002,1,0
d420da94-680d-47de-8b7c-2a69795d921f,2023-11-23,S-036,P-005,3,0
f602fc0c-bc40-4217-9828-534a494c1369,2023-11-23,S-005,P-007,3,0
45411b33-6e94-4e91-beac-9e7075724ce9,2023-11-23,S-021,P-002,2,0
0ceca9cd-d33c-4f4b-ad45-c3cd2f45d80a,2023-11-23,S-041,P-001,3,2100
109c9bbb-8f9a-4724-9fbc-3c176f89ed9a,2023-11-23,S-045,P-002,1,950
84e99a12-ed62-4902-a50c-6152bb372c17,2023-11-23,S-025,P-002,2,1900
1075bf1f-a362-49dd-ab9a-ef4cb67e9dc6,2023-11-23,S-028,P-001,1,0
54f75517-24bc-4027-a6e0-48195696ea72,2023-11-23,S-023,P-004,5,0
518e2166-d579-4f58-bae1-afbf5c3ce11f,2023-11-23,S-005,P-001,3,2100
bf95f5c7-ab45-441c-81a1-d3635284b4a8,2023-11-23,S-005,P-003,1,0
9ce55f88-94d1-4129-a5d6-7289ca311748,2023-11-23,S-004,P-002,1,950
0e355bd9-5d3c-4bdf-9fb3-beb8cc5d67ee,2023-11-23,S-006,P-005,1,0
1268ca8c-7b30-41fd-beb2-8514784001e6,2023-11-23,S-018,P-003,1,2200
91adfde0-24bc-4744-aee8-4266932b62b0,2023-11-23,S-031,P-002,1,0
4ffa2b89-6f3f-4545-82b4-15b33075b59b,2023-11-23,S-043,P-005,3,0
43808c55-e6cb-4122-a0bd-dccdabf1e796,2023-11-23,S-021,P-007,1,0
a6cda2e1-98ca-4305-bb20-1777fde28a67,2023-11-23,S-010,P-006,3,0
6166e4c2-6123-47df-a99e-97c9122d2ea3,2023-11-23,S-016,P-006,2,0
ea266c97-27a7-4c3a-acaa-8ce338d9cdf3,2023-11-23,S-004,P-001,1,0
9e8ceb99-c0f7-4fb0-94d1-03d684e394a8,2023-11-23,S-033,P-003,4,0
d7010860-13ce-4461-b88d-cd486fe2da7d,2023-11-23,S-017,P-005,10,10500
bd3aa7e1-19eb-40c9-b49b-9aa7597a42f6,2023-11-23,S-035,P-001,4,0
6804f627-b045-4d7c-a46e-8f8cbbc9d32d,2023-11-23,S-031,P-001,10,0
6fa558ec-e7b4-43a7-90f9-d198f901be05,2023-11-23,S-003,P-007,1,0
8b8a4eb6-3144-4e42-a590-d3de8425f8ed,2023-11-23,S-029,P-001,1,0
8a539a29-eb9b-4fea-8825-06f206318637,2023-11-23,S-049,P-003,3,0
dc2311f4-dd69-4ad5-abdc-f5e8898b6735,2023-11-23,S-019,P-002,10,9500
15d48826-ecba-4f49-80c3-394222991428,2023-11-23,S-006,P-007,1,0
8dc91be8-9b18-4328-84f7-04bb1bef9e2f,2023-11-23,S-049,P-006,3,0
db6f9080-350c-4d61-8744-a7530b67859b,2023-11-23,S-010,P-004,2,2100
3e44cb3e-1ecf-4cdb-9b42-8879bdae5688,2023-11-23,S-001,P-007,1,0
3571bfd5-32a7-4b26-bf2b-e0d05bae86ca,2023-11-23,S-048,P-001,4,0
61a16748-7d02-4b65-a543-5e3d1d390d03,2023-11-23,S-036,P-001,1,0
af8726fd-249d-42ce-aa04-49ce150c6d05,2023-11-23,S-001,P-006,2,0
df6835f7-da1e-4f84-bad2-40d4ffafec5a,2023-11-23,S-046,P-006,2,1600
41bb27df-0c7f-4e89-b86b-2152fda50244,2023-11-23,S-030,P-006,10,0
db2c9b1b-7111-4f22-a5c9-306cd4c16021,2023-11-23,S-012,P-001,1,0
3e851d09-e9d2-41fa-b62c-226787e3ff2d,2023-11-23,S-018,P-002,5,0
d468d48f-15ec-4b11-923a-25cadfe2c069,2023-11-23,S-038,P-001,5,0
8260bf4a-16c0-4cdc-8604-ea8830bb7a18,2023-11-23,S-029,P-002,4,0
776269d3-60a5-4e31-a6c9-e7df931a8258,2023-11-23,S-006,P-001,1,0
47f6790e-7d42-4b00-ac1d-2da0097328f5,2023-11-23,S-034,P-004,1,1050
12bfa939-bbff-4d1e-8d6b-499d6e4a3fd2,2023-11-23,S-035,P-006,2,0
24eeae65-5e32-4c8d-93ac-fcb66dbbe2bf,2023-11-23,S-014,P-007,2,0
1cfd274a-90f7-405c-b150-911ff45ca85d,2023-11-23,S-007,P-003,2,0
7d36ec5f-e542-42e5-9ca4-8a3d4964a73a,2023-11-23,S-004,P-006,3,0
5cdefc05-4ccb-4f56-89b3-1850fbfc8208,2023-11-23,S-030,P-001,2,0
d35368a2-7c0e-4037-910d-2886aa578249,2023-11-23,S-010,P-005,4,0
c59835fe-0f18-4a58-8685-13c98e746872,2023-11-23,S-047,P-007,1,0
afbbb30d-282b-4f99-baa6-07ee070c16d4,2023-11-23,S-033,P-007,1,0
46992757-ab2f-4031-8f3f-7d0acd586b98,2023-11-23,S-036,P-007,3,0
927dc8ab-1e11-4129-a30c-33abb3ab6e57,2023-11-23,S-040,P-007,4,0
a6310d22-98e4-4a5c-bf8e-fb1e48cbbede,2023-11-23,S-014,P-001,1,700
ddc9e677-4988-4570-b109-4b33610c026b,2023-11-23,S-026,P-004,1,0
bfaf086f-6abe-4fdc-a90e-8b6abcfce5eb,2023-11-23,S-006,P-001,1,0
48d4a73b-dd76-46df-b5f3-c0baef44906a,2023-11-23,S-001,P-001,1,0
8262387e-16e2-4892-afc8-ed081d8d5ba5,2023-11-23,S-027,P-003,1,0
9d7ee11c-75d0-43c4-95be-efa96a3477e1,2023-11-23,S-050,P-001,1,0
6352d5c0-84d5-48fb-9530-53e6699f540f,2023-11-23,S-005,P-001,5,0
2473d55e-fe9d-4a3f-a928-6af3433f344d,2023-11-23,S-007,P-005,1,0
76a17eef-a24e-4bdb-a91c-fbe8a280f242,2023-11-23,S-010,P-003,1,2200
30c16b0f-4e9e-4289-b624-7de68c697fc6,2023-11-23,S-010,P-002,3,0
2952184f-454d-426f-9794-be22ef30de37,2023-11-24,S-023,P-003,1,0
7a7db0f7-aa59-4317-8bd4-8dd8a0c3198e,2023-11-24,S-021,P-004,1,0
8e2cedae-0b6e-404c-b55f-1801cb6edaf2,2023-11-24,S-011,P-002,1,0
636f4605-0ab9-456a-8f57-0b09bc946537,2023-11-24,S-005,P-004,2,0
469b0caf-346b-45aa-9a80-aa514c4fb3fe,2023-11-24,S-042,P-003,2,0
c0b04a23-45ed-4763-8da9-5f85fa07ec2b,2023-11-24,S-049,P-004,1,0
38c5c1af-55db-4256-9e97-0fc701c52912,2023-11-24,S-021,P-002,1,0
69b53eb8-362a-41a3-acfd-e4ff33c31ef1,2023-11-24,S-042,P-007,1,0
fbb8e074-8796-4a59-b2fe-9c0a3d32a84b,2023-11-24,S-019,P-001,1,700
efb1f1b4-c5b6-475f-8dea-8c04798c94ed,2023-11-24,S-023,P-001,2,0
66f95e8b-0452-47ce-bc6a-664f7e2b7575,2023-11-24,S-048,P-005,1,0
410fefb0-5920-4feb-b54d-c1fd3cacdf16,2023-11-24,S-014,P-001,3,0
d311173c-3689-497a-b07c-65cb47a90f82,2023-11-24,S-021,P-004,1,1050
44f48685-67be-4b65-a187-483cbad21acd,2023-11-24,S-042,P-004,1,0
9840c3bb-f801-46a4-bbcd-02b32f2fe3ff,2023-11-24,S-040,P-004,4,0
78d57c6a-3c09-4a43-8f5b-d8681008bf1f,2023-11-24,S-030,P-003,5,0
9b45b41f-42ad-4c72-9064-f9f15643c757,2023-11-24,S-049,P-001,1,0
84fe83c5-1400-41b2-870e-510472d6e619,2023-11-24,S-024,P-001,2,0
65f083e7-bfbe-4822-87f7-ad5bfbaf009a,2023-11-24,S-043,P-006,1,0
a32ac4a2-4b67-4189-9a53-567fddfb6971,2023-11-24,S-003,P-005,1,0
bd3e10f4-e1da-4c14-83bc-69ca1c99f6d7,2023-11-24,S-019,P-006,10,0
2412c71c-ed14-4087-b98f-48d2b7b892d4,2023-11-24,S-043,P-001,1,0
99ebe079-1bf9-4b12-ae0b-e593bd9b0fc6,2023-11-24,S-024,P-004,5,0
1256de48-b785-4784-ba9c-498e923cd0b2,2023-11-24,S-029,P-006,2,0
6dc516cd-7269-4afa-b65b-09faad8b688c,2023-11-24,S-045,P-003,1,2200
60431a6c-fa97-4c99-a980-63d4c415d581,2023-11-24,S-005,P-005,2,0
f6c10ba1-61f9-4b30-b5fd-03525954bb60,2023-11-24,S-028,P-007,1,0
5eed6efd-2f73-4f1e-a21e-12e6c7beb269,2023-11-24,S-029,P-003,1,0
8e70f0b3-88f0-4520-b793-fe45e099c2d9,2023-11-24,S-002,P-005,1,0
f33d2f53-869f-43ca-9c34-f507b660a2c5,2023-11-24,S-045,P-004,1,0
dd623bda-f4b7-4cf3-9651-022d71920487,2023-11-24,S-001,P-005,3,0
3ca3a9e3-ad69-4835-a0c2-546a3b72deec,2023-11-24,S-042,P-003,1,0
cda727c8-b507-48b4-9ca4-2ad010080454,2023-11-24,S-025,P-003,1,0
3a481721-7db6-407f-aa22-38df9e06983a,2023-11-24,S-038,P-003,4,0
28a21c2e-6eb4-403b-a28d-f6428ea883cc,2023-11-24,S-020,P-003,1,0
46991efe-f9c0-407a-9855-ffb0424a34f7,2023-11-24,S-049,P-002,1,0
b05cd9f5-3f74-43ea-a3c3-7acdf747fe4e,2023-11-24,S-040,P-006,24,0
9efbfd34-e532-49b4-8bd3-7547ac2b0c55,2023-11-24,S-028,P-005,1,0
ac072970-0cc6-4170-bcd6-f0169de3e03d,2023-11-24,S-009,P-001,2,0
c89562fa-1a7f-4a9a-a176-03160f62fb5c,2023-11-24,S-023,P-007,1,0
c306b594-6bf6-4bca-80db-293d69fb91e7,2023-11-24,S-019,P-004,2,0
d60dc486-80d4-4011-97e6-7494fa4076d4,2023-11-24,S-009,P-006,24,0
41ebb67e-e753-4f66-83cc-2b1ec02014cc,2023-11-24,S-009,P-001,1,0
5bfaac7a-d7ca-4e98-a179-8565cbfedc05,2023-11-24,S-016,P-005,1,0
7dc041fb-ad00-40a3-b470-eab0099fba1f,2023-11-24,S-014,P-004,2,2100
17ab4d62-cd11-4e31-8d47-6a70f0753e83,2023-11-24,S-018,P-004,2,0
7daa7af9-a8a5-4b05-8993-135f72878ece,2023-11-24,S-013,P-007,4,0
9a18b0c4-6256-42ce-a6e5-433ce185dd80,2023-11-24,S-029,P-007,4,0
69141082-0690-45de-bb22-e2b3265aa40d,2023-11-24,S-016,P-005,1,0
8a11c732-d574-41ea-bd8d-4845b79e9fd1,2023-11-24,S-038,P-004,1,1050
c835f17f-c74e-4216-9443-93a4fc297275,2023-11-24,S-020,P-002,2,1900
273090f0-ec3c-486a-92c7-a8228f568561,2023-11-24,S-015,P-006,2,1600
05c19238-ae10-46a2-8da7-f8ffb7d00962,2023-11-24,S-005,P-006,1,0
8143a71b-9b88-4487-8549-a6a39072a019,2023-11-24,S-004,P-005,1,0
69311500-339b-46a2-bee1-46f809731abe,2023-11-24,S-028,P-003,1,2200
0ea6c351-4aeb-4cf8-9b57-f3774bc4c7e8,2023-11-24,S-030,P-007,2,1800
fdf0b671-2b6c-4fbf-923c-8b64e59de500,2023-11-24,S-021,P-005,3,0
cbe36035-d33f-4d01-a7f0-a0d636fe3a62,2023-11-24,S-016,P-001,2,1400
fe305b0b-6b6b-4552-9831-a713d6334cec,2023-11-24,S-010,P-002,1,0
b400305d-2bf6-4615-93ab-84bae91c8c1f,2023-11-24,S-043,P-007,1,900
8177d9df-eae8-45e8-9523-1e179c315e8c,2023-11-24,S-011,P-006,4,0
a8e3fb83-d8da-490e-9054-e7310aac2296,2023-11-24,S-002,P-004,1,0
c87186ff-6936-4009-92d1-d72609be5ae3,2023-11-24,S-022,P-005,1,0
e98a54a2-0744-4e82-ae28-e6e23254950d,2023-11-24,S-041,P-002,1,0
c688aed2-0a5d-4495-9399-5d4e627f7277,2023-11-24,S-013,P-002,1,0
2d09e664-35bb-4e50-b699-db732a270069,2023-11-24,S-003,P-001,4,0
558a9b52-cb45-4a67-a48f-4f4cd1c1ceee,2023-11-24,S-046,P-003,1,0
403e5968-7472-4016-a056-7de47d37a7cb,2023-11-24,S-010,P-005,1,1050
04f29f6d-5663-40ec-a0fe-dba2fda818a7,2023-11-24,S-018,P-004,1,0
ec0bdc85-7fae-4304-81fd-5f613e18005a,2023-11-24,S-027,P-001,3,2100
f1021fca-1b1d-4860-8e8f-5e6388496fe4,2023-11-24,S-019,P-006,3,0
d71716df-95e1-4326-a43b-d9ca50073b44,2023-11-24,S-024,P-001,2,0
ae214860-586e-4c29-9db1-b16a4f27d665,2023-11-24,S-011,P-007,1,0
c69ebe4a-e1c4-4ccc-848e-9cdf13898b17,2023-11-24,S-021,P-001,2,0
70649452-7a9f-45ec-b7e9-b9fc1d1e29c0,2023-11-24,S-045,P-002,1,0
ebcf35a5-8e6f-4cdc-b51b-31a3f9994458,2023-11-24,S-018,P-001,10,0
8ebd71e9-86f9-4e70-a001-dd6e0de04a70,2023-11-24,S-020,P-005,1,0
70abe7e0-fae1-41cb-8e56-acf9d76a1aeb,2023-11-24,S-029,P-006,1,0
423897a4-5e3a-4be8-b88b-fca67d3ff738,2023-11-24,S-018,P-002,1,0
603e91d1-65dc-466f-b183-cbeb32cb5f75,2023-11-24,S-036,P-007,1,0
21da3e5b-325d-4ae6-b1f0-dbb3fc3fdb85,2023-11-24,S-035,P-002,2,0
a4b6cbab-6d5b-4114-a4b0-aa324baddfe0,2023-11-24,S-032,P-006,1,800
7f9569e4-5d6b-4e30-818c-82f1ceed7df8,2023-11-24,S-030,P-005,1,0
d475d6fa-b24b-4b05-9d63-fd9b5c7be3ad,2023-11-24,S-037,P-003,1,0
ffce4fc6-0309-4e96-bf38-266c4cec5b38,2023-11-24,S-009,P-005,1,1050
d28f6b16-2591-4f72-80c9-5497f206d692,2023-11-24,S-003,P-004,2,2100
5f9cc264-3797-4a02-815e-0f237b828ddb,2023-11-24,S-043,P-001,1,0
702f558b-d012-4aee-993d-62160958105b,2023-11-24,S-043,P-001,1,0
05c252e6-7531-402e-a2c8-ade52f88a89b,2023-11-24,S-045,P-005,5,0
723979e8-39e3-423c-8a4f-382d28d799a3,2023-11-24,S-040,P-002,1,950
7967f67b-3385-4466-bfe4-bccfce4ce133,2023-11-24,S-047,P-006,1,0
69e82598-bb92-457d-aaf6-e31d7f50e62b,2023-11-24,S-018,P-007,10,0
77f7445c-ec41-4ed2-9884-c688ae8a247d,2023-11-24,S-030,P-004,10,0
1a74072f-b33e-455d-8f5a-fa55ad62b8b3,2023-11-24,S-002,P-007,5,0
816c2376-de56-4ff0-90a7-c7f09bae7e02,2023-11-24,S-050,P-002,1,950
ab49bee6-058a-43ac-b6fc-f57ca3ac5f97,2023-11-24,S-036,P-003,1,0
aa4c4b41-9c2a-40e3-aa72-ec96224a8ba0,2023-11-24,S-017,P-003,2,0
10d26e7e-27d0-4981-83ed-a34595c6a4bd,2023-11-24,S-019,P-006,1,0
0ef606a8-233e-4f1c-883a-96081dc5b323,2023-11-24,S-036,P-006,4,3200
4545b662-f2b9-483e-8468-d28aea469558,2023-11-24,S-021,P-006,1,0
a4f55d9f-29c8-4901-be09-f8bd506cb4dd,2023-11-24,S-041,P-004,2,0
996e9348-3e86-4bae-8c77-7f056819a683,2023-11-24,S-022,P-006,1,800
7f6454bf-3c91-4049-b3c0-4666e9abbe73,2023-11-24,S-028,P-005,1,0
425d4ba4-a54d-41d1-9569-617fd0a794c0,2023-11-24,S-046,P-005,1,0
6c0c25a3-ae13-4c28-948a-78ba9b9022cd,2023-11-24,S-023,P-005,1,0
468067a6-c333-4a67-91fe-3140857f361b,2023-11-24,S-022,P-007,1,0
646f9e87-1acf-4e2f-b5dd-a22c6e421da9,2023-11-24,S-045,P-005,1,0
986b4121-ec92-41ae-b044-51b724de4dd2,2023-11-24,S-039,P-005,10,10500
84577605-0fb7-4f89-81dd-c40e252770ea,2023-11-24,S-035,P-004,24,0
a574b553-562c-44bb-b5a6-27c30f75e7db,2023-11-24,S-042,P-002,2,0
35274622-7e80-4bcd-8a2f-8a4fd7b2f70e,2023-11-24,S-007,P-005,3,3150
acb13b8d-11bf-4637-8716-4a47b2c58963,2023-11-24,S-040,P-002,1,950
a4af4266-1f34-4281-9b7a-0ff1085f411f,2023-11-24,S-005,P-001,2,1400
68507c07-d2f6-48f3-94aa-327ec99e6776,2023-11-24,S-026,P-001,1,0
cd9e4a5f-d334-48d6-9ac1-a0a7c2579a9c,2023-11-24,S-006,P-005,5,0
ccee5354-c0c4-4a79-aead-edadcb5a25e8,2023-11-24,S-008,P-007,1,0
9da5dad9-8074-4ecf-a4c3-889b496a67c7,2023-11-24,S-023,P-003,2,0
64e04c7a-f435-459b-8410-db1b0927a85f,2023-11-24,S-024,P-006,1,0
a2d71c2d-7f4f-45cf-a198-d4e94132cb34,2023-11-24,S-042,P-003,1,0
0553d299-833c-462f-ac0b-88e458c074e9,2023-11-24,S-016,P-001,5,0
0213d51c-a4e4-4bc5-b039-da88d5db15b5,2023-11-24,S-041,P-005,1,1050
8b1db35a-d1e9-4b6c-becd-c8da5f39dfa3,2023-11-24,S-017,P-001,1,700
13e4d623-0f70-45ae-913a-9341e2da9423,2023-11-24,S-010,P-007,4,0
eee652dc-101c-4278-93e8-b00ff9851689,2023-11-24,S-050,P-001,1,0
ab1d38c6-2a20-4e67-89b5-c54501100351,2023-11-24,S-047,P-006,1,800
1650548e-6025-474c-a54e-da862f9b52f0,2023-11-24,S-028,P-006,1,0
6372f54c-8628-4c65-bf86-8426dede6ad0,2023-11-24,S-019,P-007,4,0
b3082e9a-3ab6-497b-a836-14317b3f63b8,2023-11-24,S-041,P-001,1,0
09c513f8-af6e-4656-bee1-d2834edb0290,2023-11-24,S-012,P-002,3,0
334993bd-d9d4-4ca3-9475-abc47e64827a,2023-11-24,S-002,P-005,1,0
7d146515-536e-4b81-8686-4b14653ea581,2023-11-24,S-039,P-001,1,0
3c821b56-3a73-4e00-bcb8-134770123e25,2023-11-25,S-004,P-002,5,0
ca310704-176b-4353-b043-6d094780d2ac,2023-11-25,S-022,P-004,1,0
1038e2d8-dbe9-4f53-9ea9-7868b24d31b5,2023-11-25,S-008,P-001,2,0
b305e2c8-b566-4e41-94d5-1f04cef6ef88,2023-11-25,S-015,P-001,3,0
06f80f10-fea0-4a99-9191-31b1bc253cda,2023-11-25,S-030,P-002,2,0
a48a2526-545d-49b5-9b23-082154e31c4a,2023-11-25,S-016,P-004,1,0
3df2320e-150a-415a-9c17-789ac02ca50c,2023-11-25,S-026,P-001,1,0
9d5a2e40-1bd8-4b84-a541-85413a7408d5,2023-11-25,S-050,P-006,2,0
03f69b0c-0440-4430-8a18-bcce888e96cd,2023-11-25,S-006,P-001,1,0
6f730b4c-c782-4dfe-81f8-a1975e1fc364,2023-11-25,S-028,P-006,3,0
ef3cbd0e-1f72-4f08-b6af-420f92068c99,2023-11-25,S-035,P-004,1,1050
e4f6cbf3-68cd-4582-b7ca-140457a55da5,2023-11-25,S-024,P-006,1,0
83c34e28-ed5a-4fc3-8eef-5c9ecd67904f,2023-11-25,S-035,P-004,24,0
c599437d-6001-4075-afa4-7423544bf2cd,2023-11-25,S-027,P-007,1,900
9057a942-83b0-42f1-be9f-a4735ad3bfb1,2023-11-25,S-022,P-003,2,4400
310e9c6f-32bb-4a65-ab78-c6c322ad605b,2023-11-25,S-046,P-003,3,0
a2fedc2c-7ada-44bf-8021-cd2aaac0eb0d,2023-11-25,S-019,P-006,1,0
ad450940-67ac-48d1-a270-2af872f23fe0,2023-11-25,S-024,P-004,2,2100
7be7d360-8af4-431b-aa65-3d2851e5c504,2023-11-25,S-012,P-005,2,0
fcacbc8f-438e-4218-9b00-96a0d542862d,2023-11-25,S-020,P-006,1,0
65ac918b-5132-4dc2-893a-d02e7cd3a028,2023-11-25,S-014,P-002,2,0
d99910f8-f854-42a7-b6d1-0f794b9194f3,2023-11-25,S-004,P-004,3,0
e79f1ba5-ee98-4356-a33b-2519d13d7d69,2023-11-25,S-011,P-002,3,0
b35a4641-fe80-4f8e-a365-745448cb47c4,2023-11-25,S-024,P-007,4,0
0691f97d-2c70-45e4-bd38-363a6c0e6122,2023-11-25,S-016,P-007,1,900
9b62625a-52c4-4625-ab98-888fb5265ad5,2023-11-25,S-036,P-003,1,0
2f00c404-324c-4585-a0ee-a9ac5134ba94,2023-11-25,S-048,P-004,1,1050
9b10a5de-74c0-4520-a166-24cc4f6d6bb0,2023-11-25,S-025,P-004,1,0
1f8d2843-965f-408f-9a90-890b47b0d292,2023-11-25,S-035,P-002,1,0
f1defdf8-92e2-440c-9e01-9ffcb02fb9d2,2023-11-25,S-004,P-006,10,0
b3b0d596-50a2-46ad-8e6d-f2b4fd93ce88,2023-11-25,S-016,P-004,1,0
65c7584e-3e97-4461-a3d0-1b36606d7662,2023-11-25,S-010,P-003,4,0
bb053c85-cade-4447-ac7c-73e543b07fee,2023-11-25,S-046,P-003,1,0
42a2a6e4-bcaf-4088-a8e2-a2308ef1c612,2023-11-25,S-029,P-002,2,0
c288f0ba-2ad8-45ab-8475-31ed230c6fb4,2023-11-25,S-048,P-007,1,0
bd29bb36-f098-4ebd-a91b-d3684dde9479,2023-11-25,S-007,P-007,10,0
0b80abfa-af00-4ead-a6cd-ed7d7e46380c,2023-11-25,S-008,P-001,1,700
bf3ba6fd-4ddc-4671-a312-28a92f03d2c2,2023-11-25,S-010,P-003,2,0
5508e2fb-024b-4b0e-92ce-1cdcd939e695,2023-11-25,S-036,P-005,1,0
79f91e37-c778-42d8-a3c4-4ccd39e75693,2023-11-25,S-014,P-004,4,4200
4a6d8d40-5ece-4293-85c1-c84f4f8c51fe,2023-11-25,S-019,P-007,5,0
89f27e1f-499b-4d1f-acaf-e670b8c0e6e0,2023-11-25,S-026,P-001,3,0
5265e36a-38e3-453a-bdcb-362b001338d7,2023-11-25,S-006,P-007,5,0
0c60d589-ec93-4e68-a246-aa734789979f,2023-11-25,S-029,P-007,24,0
959c618b-9ef8-4a29-a2d6-0b70766cabad,2023-11-25,S-001,P-006,24,0
ce4a1804-76e0-48b4-b49e-84cc0a0e6b50,2023-11-25,S-014,P-006,1,0
4daf7a31-2fc9-4d6c-95fc-440775deff38,2023-11-25,S-012,P-002,1,0
e876fa8b-a76e-4273-ae29-7f9ba66cfe20,2023-11-25,S-048,P-007,1,0
7d8cef60-8a54-4472-81fb-5a66a6dcbb53,2023-11-25,S-027,P-007,1,900
eaf8c659-0b47-4665-ae72-2bbdeb668e47,2023-11-25,S-019,P-005,5,0
623d145b-08a2-4ed5-a32d-9cf506cd02c7,2023-11-25,S-027,P-004,1,0
37bc961b-8f41-4f40-8b2c-7f9d861774d8,2023-11-25,S-009,P-004,3,3150
d279197f-01ab-47a9-be1d-ed0cb2373378,2023-11-25,S-012,P-007,2,0
a23e2a79-611a-4f92-9ead-41a42b9591bf,2023-11-25,S-022,P-007,1,0
1fcf00eb-729f-4d4b-9134-c79f10192aa0,2023-11-25,S-028,P-005,24,0
2e8210bd-6dda-4a67-b8a3-ce6667fd3575,2023-11-25,S-023,P-003,2,0
36ca94ab-d581-4992-9d44-1305c388f5fa,2023-11-25,S-046,P-004,1,0
80c6db97-4574-461b-90ad-0d27e2721529,2023-11-25,S-012,P-003,1,2200
b04021eb-8a5b-426b-aafc-0c8c630b5469,2023-11-25,S-020,P-006,1,0
052a5504-7e22-463c-98fa-377f4019d101,2023-11-25,S-044,P-003,2,0
f9f4f3fb-ea53-42e1-95fd-dca4501d8282,2023-11-25,S-012,P-006,1,0
b3cb4d0d-6800-4fd2-b888-0d56506f8dbf,2023-11-25,S-021,P-001,3,2100
55ad6bd9-9f08-4852-bac0-3473ca04dca7,2023-11-25,S-015,P-004,1,0
dd556981-27f6-42e8-add7-b6e0b1135f10,2023-11-25,S-036,P-001,1,0
8b127184-975d-4561-aa97-2a56c09e24a3,2023-11-25,S-040,P-005,1,0
aa79474a-8da5-4483-92e4-4af209b427cc,2023-11-25,S-035,P-001,1,0
9b7b3ab5-d0fa-474c-a292-0a6f96107a5d,2023-11-25,S-042,P-005,5,0
e351a63e-fa32-4704-961f-255342f094c6,2023-11-25,S-009,P-005,1,1050
84d06908-5186-4ec9-9b2f-a01c8c19b371,2023-11-25,S-023,P-001,1,0
bf524ac2-d7a5-4147-9d8c-bf42808e3b46,2023-11-25,S-016,P-001,4,0
3c5ded05-83c9-486e-9a09-0c87acc8113e,2023-11-25,S-022,P-001,1,700
166eeb41-e5ae-471c-9bf8-67183a7eaadf,2023-11-25,S-020,P-007,3,0
003bb4c9-caa6-4b0a-8c58-fc7012d56fcf,2023-11-25,S-011,P-007,3,0
4c4c73c2-855f-4b1b-8fce-1c18eac799c2,2023-11-25,S-018,P-005,2,0
5b702fa3-dfe0-47a9-8474-e04cdebd881c,2023-11-25,S-047,P-007,2,0
f60a4fc6-1c88-421c-b63c-24579a382626,2023-11-25,S-019,P-002,3,0
74d24b55-bf6c-4df3-9977-3f0e134e6d3d,2023-11-25,S-021,P-006,1,0
0b42260c-aabb-4c0a-9332-0fa5048ce8a6,2023-11-25,S-030,P-005,4,0
f3a44c97-daca-421a-9cbd-dfac93cbb563,2023-11-25,S-011,P-002,4,3800
d06e1121-832f-4a3d-8954-f814831b8b87,2023-11-25,S-020,P-006,2,0
43dec927-da36-4e10-9342-0e2b6752b537,2023-11-25,S-037,P-006,5,4000
15662ff5-9d2e-4804-a172-a0873b4d2938,2023-11-25,S-050,P-006,2,0
0f1fd3fb-4351-4469-abb6-ea4d72aea065,2023-11-25,S-032,P-006,1,0
b4f4a3e5-4b1b-4616-83b0-c63e07d6bfbf,2023-11-25,S-026,P-002,4,3800
750c9293-81dc-4f12-95fa-7c0b2ab62f22,2023-11-25,S-047,P-001,2,0
cb9ef71d-fe54-4158-8bf1-5738e20eeea3,2023-11-25,S-013,P-002,1,0
4be6feac-2663-427e-b1cb-f238dfc18252,2023-11-25,S-010,P-003,3,6600
effe9214-6c58-4bbc-8220-bf63d365be3f,2023-11-25,S-045,P-002,2,0
638e7080-f58b-4555-b5c0-8ba00e294d72,2023-11-25,S-007,P-001,1,0
9bbd276f-58f3-430b-9bdc-f881b2347e04,2023-11-25,S-002,P-007,4,0
ba38df9b-2b0e-47aa-a14b-86ee84ae3b12,2023-11-25,S-027,P-007,4,0
d1dc11e0-8732-4972-8965-ad6822c263d9,2023-11-25,S-041,P-001,10,0
cb7f70c8-9918-4301-97cd-5dc438a5ed4d,2023-11-25,S-030,P-006,1,800
df0b02ea-06de-42a5-b2ca-b837e92e9a33,2023-11-25,S-046,P-007,24,0
aaeb3dae-806f-43ef-898d-4ca4f8dfa4c3,2023-11-25,S-013,P-005,3,0
a29126b3-7006-4251-b845-069d68b4739e,2023-11-25,S-008,P-005,3,0
9e01d066-74ce-48ca-b238-1cb9703de8c8,2023-11-25,S-032,P-001,1,700
d4994fb4-ed17-436d-ae00-3768ae67be78,2023-11-25,S-047,P-004,1,0
876f9a83-3079-48e7-88cd-3471d423ed58,2023-11-25,S-036,P-001,2,0
42257d26-8c39-4c0c-a034-0765a4f337c4,2023-11-25,S-003,P-007,4,3600
d4473955-817d-4476-b0f5-66a5d05c7d8a,2023-11-25,S-017,P-007,1,900
284539cf-c623-4a27-9ec6-7e2a64dd75bf,2023-11-25,S-050,P-002,1,0
42faa4e5-442b-4f85-a9e6-26ddb8ada320,2023-11-25,S-029,P-006,2,0
247b1ad4-1b5e-45b8-8fa9-13004fbdef1b,2023-11-25,S-013,P-007,1,0
68b551d6-4bdc-4708-ac19-0d55b0015306,2023-11-25,S-035,P-002,4,0
1234887f-2018-47cc-a06b-25d320562068,2023-11-25,S-018,P-003,1,0
a533e75a-a3f9-41ce-b819-301098caa869,2023-11-25,S-046,P-005,3,3150
02944ebb-36b7-44bb-8214-253b39f7dd5f,2023-11-25,S-048,P-001,1,0
817aa476-7b9e-4012-869a-336c906ca58f,2023-11-25,S-037,P-005,4,0
e829aee9-328f-493f-8808-432c9bb1f48f,2023-11-25,S-007,P-003,10,0
8e5872c1-98da-40ca-84ed-e94111da2b56,2023-11-25,S-045,P-002,1,0
55901974-cfbb-4938-9fd6-278dd8b1d2fb,2023-11-25,S-018,P-005,3,0
26e0194c-42e7-442f-8a5f-ff2da5f7b4f7,2023-11-25,S-039,P-001,1,700
0f0d170b-a616-4851-8a41-55ab60e190f2,2023-11-25,S-028,P-004,2,0
5b54bead-7e32-4f1e-863a-3da2355dee70,2023-11-25,S-027,P-004,1,0
03370884-3a29-450c-88eb-cc407341c019,2023-11-25,S-048,P-006,1,800
4d0647b9-d39a-49f8-b79c-8f35bfb73c8a,2023-11-25,S-009,P-005,5,5250
a4ab3103-dbe5-45d2-9b0b-0fd2e23ac0ed,2023-11-25,S-011,P-007,3,0
a0e3df59-84a7-4b7c-9929-8d90ef7258f0,2023-11-25,S-022,P-007,1,0
7972953f-29fe-4a6c-86cd-0c2c47863cab,2023-11-25,S-032,P-004,1,0
8ef3801b-3d46-4b03-a373-3f37926bd160,2023-11-25,S-016,P-002,3,2850
28bfbc6b-7633-4f42-b230-2c7571107f00,2023-11-25,S-016,P-005,2,0
9315059d-c48c-482b-87e2-0916f6cb2f52,2023-11-25,S-040,P-006,1,0
7de359e7-2b46-4e3c-8807-8b2d29d04c16,2023-11-25,S-031,P-004,2,0
565d1a7e-9b4b-45e6-9a15-ba6123999964,2023-11-25,S-030,P-005,2,0
14f4fdf8-85d2-48ee-adfb-9e4bd3464011,2023-11-25,S-019,P-002,3,0
7873b9e8-066e-41c7-a649-1f03a8bd9303,2023-11-25,S-042,P-005,1,0
34c89c14-4464-4480-88b8-7b506e2528e7,2023-11-25,S-043,P-002,4,0
fc665b36-58d6-4087-9dca-ac968f96585a,2023-11-25,S-011,P-001,1,0
74e3dc97-5f6b-4586-bdae-554a435c9c1d,2023-11-25,S-041,P-001,4,0
600f9b22-b3ca-49e3-b3ac-d6f328e1205a,2023-11-25,S-040,P-004,1,0
089ac883-68c4-44f8-95a1-3258140480e9,2023-11-25,S-050,P-004,2,0
0cc2b877-9f41-4346-b3b6-d14e33506db4,2023-11-25,S-003,P-006,1,0
19125996-89c8-4720-8c34-5896e292e155,2023-11-25,S-030,P-004,4,4200
0a02f02a-c08c-4e96-b5a7-77806c7b5ada,2023-11-25,S-050,P-006,2,1600
b075d9fd-d69e-4ffd-8786-4a8a7bc03bed,2023-11-25,S-005,P-003,1,0
6d36c272-585f-4474-8046-2c50abbc09d0,2023-11-25,S-035,P-003,1,0
5277d96e-c735-4c2b-8386-5d7a65c65ba3,2023-11-25,S-005,P-002,1,0
76ad34e9-507b-424a-ae01-0e10e8b74eec,2023-11-25,S-018,P-005,1,1050
1fea856c-4d70-4d12-ab8b-bfb2c4a897f8,2023-11-25,S-036,P-004,2,0
fff9d63a-c3f8-464b-b768-b628f2bcdf14,2023-11-25,S-032,P-004,5,0
91aa1d9b-2810-49e4-a2e9-81b112053984,2023-11-25,S-015,P-003,5,11000
29537c0d-1c5f-4bc5-8c08-283b2448081e,2023-11-25,S-010,P-002,1,0
c67b2031-a612-4449-b552-b7a522c2fd5a,2023-11-26,S-039,P-006,4,0
5305b679-4e9a-4857-a37f-41c71027fd6b,2023-11-26,S-030,P-001,1,0
a25cecb3-ee4a-432b-89c1-9cf027d3356a,2023-11-26,S-042,P-007,2,0
357365fb-fe25-445f-a88b-e9c7b33d189d,2023-11-26,S-034,P-005,4,0
c48ab70b-2826-44f1-b2f3-effbb6f06edf,2023-11-26,S-050,P-006,1,0
2aa09182-456e-4b25-8d99-b8b8ba54ddf5,2023-11-26,S-050,P-003,1,0
92ccbe64-ba4c-4ce2-8291-8605cfcd4bab,2023-11-26,S-026,P-001,1,700
17ca5bd3-f6af-4473-a3e4-92bb168f5171,2023-11-26,S-045,P-002,4,0
adb626b1-066e-41fc-94d9-69d42702ce88,2023-11-26,S-045,P-007,1,0
55205f51-7f85-4735-9ff9-513a818201b2,2023-11-26,S-009,P-001,3,0
667a8829-cfef-449f-bdd2-cb8316f09154,2023-11-26,S-006,P-003,5,11000
6f6cba3b-ca87-4942-8b9b-ae8d337d2f0b,2023-11-26,S-022,P-006,1,0
896916e5-e94c-47dd-ba46-e708724ecf7b,2023-11-26,S-042,P-005,1,1050
50ada80c-651c-43fa-b2aa-f800c4ee46cb,2023-11-26,S-020,P-004,2,0
b55d95b3-1d45-48f3-8c92-6b39fbf8fd14,2023-11-26,S-048,P-001,2,0
ae6b6a80-9e73-4283-ba50-b8f0a0028a68,2023-11-26,S-042,P-006,1,0
7e174afe-79b1-4567-ae3d-ae86cd30a7ad,2023-11-26,S-005,P-003,1,0
da44c5a3-11d1-4c58-9809-956e1e88d4e2,2023-11-26,S-023,P-004,4,0
4e24aa3c-71e7-47e6-bdc6-7f47a794a310,2023-11-26,S-050,P-006,1,800
3e402950-1bdf-440e-8feb-a8734b7753b7,2023-11-26,S-027,P-002,1,0
58863f13-8d69-4b71-bc40-12c095d47132,2023-11-26,S-039,P-006,4,0
f562ef48-888b-4326-bd3a-eb25caa59f39,2023-11-26,S-043,P-004,5,5250
656d0270-345b-4aa9-8fd0-fba16a97948b,2023-11-26,S-017,P-005,2,0
92483ded-d8a1-4af8-a87d-1ddb36f590fb,2023-11-26,S-036,P-003,4,0
14d982fc-4a6d-426a-97bb-6cbbb0eb5a0c,2023-11-26,S-034,P-007,1,900
20a01eb7-2274-4286-8a18-fbf6571dbab0,2023-11-26,S-037,P-005,2,0
4b2393f7-1005-41f4-b851-2f46b3e628b2,2023-11-26,S-014,P-004,1,0
e593dbc5-c3e6-4055-bb98-4aa9cdffaa5c,2023-11-26,S-016,P-007,2,0
435612a3-ae7d-43ad-b1e4-2dc56ad29e87,2023-11-26,S-011,P-007,2,0
fb3c4c6d-3eb8-4fb3-989c-153b26dcf0cb,2023-11-26,S-043,P-004,1,1050
cecab953-79c3-410e-8f1d-bb63bd2c28b9,2023-11-26,S-036,P-007,1,900
dcc664c7-211a-4cfc-9c95-7e97e31a98a8,2023-11-26,S-005,P-002,2,0
16c8bc41-6945-4ad8-87dd-92c7e8348524,2023-11-26,S-046,P-004,2,0
ddafb898-eae6-47a2-8b67-cd7dc1985d6b,2023-11-26,S-022,P-005,1,0
55e8f4ab-3651-497c-9957-1d6224d5f60f,2023-11-26,S-020,P-002,1,0
d0f58b36-8b67-465e-9b72-6b710a43cee0,2023-11-26,S-020,P-005,1,0
0a78af38-b21c-4abc-8a85-7d2196e1182b,2023-11-26,S-039,P-001,2,1400
c9beea01-0d74-4511-a4c9-b4014ddb9f81,2023-11-26,S-029,P-006,10,0
d9dee7a7-fc40-4870-9315-e728ecfe0508,2023-11-26,S-036,P-001,2,0
f2aec353-7294-4cca-97bf-7ae503774ed6,2023-11-26,S-047,P-004,1,0
43c9f66e-4c1c-457f-8390-f5c33ba1613e,2023-11-26,S-028,P-005,1,1050
ff926edc-4294-4ace-bd1b-968012622a39,2023-11-26,S-041,P-006,1,0
78dc66c7-fd32-4d92-9290-b3fc47103f75,2023-11-26,S-012,P-001,1,700
a0164473-7253-4b2f-b129-acd34ba9cde0,2023-11-26,S-048,P-003,4,0
6a1b5532-a3d7-4a6e-b0cd-5bd880dd7583,2023-11-26,S-022,P-007,4,0
aef20bbd-ad2b-46e5-a905-02ff4789beb6,2023-11-26,S-045,P-004,1,0
5bf1b804-880d-4664-b98a-79956ba933b3,2023-11-26,S-046,P-004,4,0
4c20595b-bc0a-4341-8ecd-09eefecfce39,2023-11-26,S-020,P-007,24,0
583ab99c-e1fe-4abe-9c61-7712d7b7e51a,2023-11-26,S-047,P-006,2,1600
4da8730b-e2ad-49dd-a38f-aef49497507a,2023-11-26,S-011,P-003,2,0
a93e980a-c973-4c76-a3e9-ff316869606a,2023-11-26,S-043,P-005,4,0
77f3fe9f-97cb-49d5-9268-843f9b7d7931,2023-11-26,S-006,P-004,1,0
bee845ab-ba2b-48de-bc7f-675dadc90d6b,2023-11-26,S-001,P-002,3,0
81e5dc06-7277-46e8-8ca1-fe8244221481,2023-11-26,S-029,P-007,2,0
503251b9-13bf-4e5c-80b6-3b24546ee847,2023-11-26,S-034,P-007,2,1800
da0b4cd9-f08f-4f2d-8f85-f069d78b87c9,2023-11-26,S-049,P-001,1,700
82396004-6dcb-4ac1-8d62-cebd12187e73,2023-11-26,S-001,P-004,2,0
4e3143c8-e94d-49da-9b6a-3685f4016762,2023-11-26,S-014,P-003,4,0
40da27ba-eebd-4e8a-9a23-841e5498b2d0,2023-11-26,S-006,P-007,2,1800
3aa5a0c0-d583-49f2-9320-88afda831ac8,2023-11-26,S-040,P-006,2,0
bcf3850c-a6e4-41ad-9611-076e13adb77b,2023-11-26,S-030,P-001,1,0
44e99f7e-19a4-428a-8282-ced576c85ec1,2023-11-26,S-011,P-004,3,0
0bb468b7-6106-48ad-b53b-954c66f6ade6,2023-11-26,S-008,P-003,2,4400
e79bae76-d99f-4de9-9d29-db21861f03ec,2023-11-26,S-011,P-002,3,0
480826ba-06eb-4074-b98d-b1365f3b9eb1,2023-11-26,S-038,P-003,1,0
5459c218-92f8-4792-9b5a-5a5acb9a4c6c,2023-11-26,S-027,P-005,2,0
66419c60-c881-4c87-963d-d7945431f771,2023-11-26,S-050,P-003,4,0
57697648-194c-435d-94c4-c5dd92ca20a0,2023-11-26,S-034,P-006,1,800
ffc54a85-5b6d-4f12-b3f4-add33ea8908d,2023-11-26,S-016,P-007,1,900
a569dd13-e0fe-4eae-8923-fdcb36d070ed,2023-11-26,S-015,P-003,1,0
9a3e2f99-b014-4d78-8075-9d44774cebc3,2023-11-26,S-039,P-007,4,0
a2875b1b-0bc4-4819-94bd-a00c982ba5f0,2023-11-26,S-008,P-001,1,700
c4260f6a-d4e0-4dc9-ad9f-5c4ecb0ea0bf,2023-11-26,S-010,P-007,4,0
a6df1f6e-5ac7-471a-a329-584431cee2e6,2023-11-26,S-021,P-005,3,0
f57c5d5b-b73e-488c-8082-e8cc5608a28c,2023-11-26,S-013,P-001,2,1400
052945d9-3c87-4559-94b1-bdbf62ac5f00,2023-11-26,S-034,P-005,1,0
75b79216-cdb3-46db-9fe6-f612059df8b2,2023-11-26,S-044,P-004,1,0
b8a0c741-8b81-4648-a8e3-bfeea979db63,2023-11-26,S-015,P-002,4,0
f65d4f21-3b7c-4b24-a049-7fd6f83deaec,2023-11-26,S-015,P-003,5,0
d6db18e0-d21b-49ae-87e2-ee0a4869803a,2023-11-26,S-017,P-007,1,0
d4597417-9853-417f-b1e0-ea6af387e5d0,2023-11-26,S-040,P-007,1,0
496c51bd-4c54-47de-935a-0c5210dd99d9,2023-11-26,S-001,P-001,3,0
49b28801-fd66-4b6d-b215-b8f0ed9a3283,2023-11-26,S-036,P-002,2,0
17642232-b3cc-4b08-90ec-c2669d37728d,2023-11-26,S-050,P-007,1,0
88d5cb09-b5b5-4fc9-9c1b-35610262f48b,2023-11-26,S-041,P-007,3,0
4d3c92e9-ab76-416c-ab90-7c0771a535ef,2023-11-26,S-031,P-002,1,950
38adeef5-3565-451b-ab8c-717b904c1f00,2023-11-26,S-008,P-006,1,0
ebf71844-e6d5-49cb-bfc0-a030a72b64fe,2023-11-26,S-002,P-004,2,2100
ffa9f9a1-0744-4781-a83a-b99477425d68,2023-11-26,S-025,P-007,3,0
a2890843-4c7a-456b-87c7-531daf9802cc,2023-11-26,S-034,P-007,4,0
11450dfa-645b-4942-aa17-88d85b367079,2023-11-26,S-006,P-004,24,25200
55324a89-18e9-4abe-93bf-f29b65d37af6,2023-11-26,S-044,P-006,1,0
f638a2a2-63c7-42a8-8465-0a22bdcee342,2023-11-26,S-046,P-004,1,1050
443e41c7-ca65-4b71-9b5e-47538a21d75e,2023-11-26,S-040,P-007,1,0
34abb581-9dfd-42ee-a8e5-dd099c86b88d,2023-11-26,S-048,P-007,1,0
32d16c6c-7b89-4336-8320-1fd19c1ce21b,2023-11-26,S-009,P-007,3,0
46fc3fc3-3117-4b47-97d5-54efcecaf1cf,2023-11-26,S-012,P-002,1,950
a8f1764a-7e01-4f34-afe2-1edfd29bc649,2023-11-26,S-039,P-003,1,0
b7e194fa-35d5-4d33-8289-87e3cf817519,2023-11-26,S-028,P-004,4,4200
eff56f54-ebd6-44bd-a466-703207ae1647,2023-11-26,S-034,P-007,1,0
822fe392-9b7d-45dd-b920-334d200a139e,2023-11-26,S-007,P-006,3,0
6164308a-7f4f-48e6-87e3-79889e7c0fb7,2023-11-26,S-037,P-006,4,0
91622d64-2961-4734-8cec-4b47e19977ca,2023-11-26,S-047,P-005,2,0
5c798c7f-66c5-48e1-b005-2028b001f501,2023-11-26,S-019,P-002,4,0
10220056-9f35-4948-8514-0e3ce0ec7b04,2023-11-26,S-006,P-005,2,0
beb57e59-f7ef-4297-8992-04df29d40a5d,2023-11-26,S-009,P-006,1,0
706846cc-c54a-4596-94d6-d6e8eaa7cc72,2023-11-26,S-047,P-001,5,3500
6ea713bc-29c9-471b-9551-701af15a30c2,2023-11-26,S-001,P-001,1,0
5df8a1f7-de4c-4d26-94fa-a6988c4b576f,2023-11-26,S-021,P-004,2,0
2f29617c-adaa-4fc1-87ac-3e1e912a46e2,2023-11-26,S-032,P-003,2,0
1913b2bd-8f58-45d5-ab73-b64266f70b2b,2023-11-26,S-022,P-005,24,0
56e4047f-9020-44a7-9f19-c9f2144a45cc,2023-11-26,S-015,P-005,4,0
34536ad5-9bba-4504-af13-20bd17cc5699,2023-11-26,S-044,P-006,4,0
d427cbcc-4140-49d0-8775-0c4295649426,2023-11-26,S-019,P-003,3,0
4f9cdfb8-17d8-47f2-be8f-ff63f240cec1,2023-11-26,S-031,P-007,5,4500
d7af0b4c-b070-4ced-a37a-1ed001fb74ad,2023-11-26,S-007,P-005,1,0
e31f6f77-f6a2-4a7a-9695-3d021fe69b24,2023-11-26,S-045,P-001,4,0
0a6ef51a-5380-489d-bb9d-90ce4c687a7b,2023-11-26,S-033,P-003,1,0
8110c375-2a8f-4229-92ca-e5d6ff5ffbae,2023-11-26,S-048,P-006,1,0
1b529abc-10d3-4034-b95b-dae565a3196a,2023-11-26,S-015,P-005,1,1050
d903addf-776d-42ba-a3ff-4d658bae0ea8,2023-11-26,S-048,P-006,1,800
53122fd2-2634-4c35-a85c-760d02ccc236,2023-11-26,S-027,P-004,3,0
d9e9df6b-38ce-4885-84ee-a93144e86082,2023-11-26,S-028,P-006,5,0
b02d221a-ed70-4677-814b-a275f87df638,2023-11-26,S-006,P-004,2,0
9db8149b-cc4b-4b76-ada0-a82881022f40,2023-11-26,S-025,P-005,1,0
7d2f2eea-e3c8-45b8-9dca-435fb272a1d7,2023-11-26,S-035,P-002,2,0
27e76eeb-1d7d-48bc-bea4-20828d518172,2023-11-26,S-017,P-003,1,0
2ed7625f-d372-44b6-8a58-be4ba4eaca82,2023-11-26,S-008,P-003,4,0
a75b1d58-bb4a-4e35-b897-83089c95bc5e,2023-11-26,S-016,P-006,1,800
03afbdb4-0835-4b59-863d-1302ecba228f,2023-11-26,S-046,P-007,1,0
babecc0b-8f49-498a-8fbc-fb54a5a00e96,2023-11-26,S-046,P-003,1,0
6cd41463-86d1-42f4-974c-cd1ac3b3898c,2023-11-26,S-011,P-002,24,0
b7ad5f5d-2663-41cd-a686-e2581e5b95e0,2023-11-26,S-002,P-001,4,0
e02b3a88-88e4-4e2f-bf18-d40cc61123ec,2023-11-26,S-042,P-004,1,0
a4128ebd-e83d-411d-8a75-8a67e19aafbf,2023-11-26,S-040,P-006,1,0
e3aeea54-b275-4e11-aec1-ad410035f102,2023-11-26,S-037,P-001,3,2100
e683f7ff-6fa0-48d8-9171-79710256b61b,2023-11-26,S-045,P-004,1,0
027f0fc2-7bbf-40b1-838e-9436448feacc,2023-11-26,S-038,P-004,4,0
a0fdb370-736f-4af3-864b-c84c93e7c93a,2023-11-26,S-006,P-004,1,1050
3c22301a-b239-4db8-bbc4-be57982942fc,2023-11-26,S-036,P-006,1,0
f5bf7196-7c2a-4ba6-99a6-b6fc93d2ae4f,2023-11-26,S-038,P-007,1,0
1e04f05c-55db-4636-99e0-d05b875a63b2,2023-11-26,S-041,P-005,1,0
5f2e1b95-08ca-4aef-8f7e-9584ea08c3e3,2023-11-26,S-026,P-003,2,0
91bff661-282b-4835-87a5-5d65098bde4d,2023-11-26,S-001,P-004,1,1050
bc5bd4a7-9616-4205-bb5e-a5853af04f7f,2023-11-26,S-023,P-003,4,0
4402c16e-e7ad-4410-a6ff-66219f498e9d,2023-11-26,S-029,P-006,1,0
e33795ec-6bbf-488b-917b-75c43c914184,2023-11-26,S-007,P-002,4,0
4ca168a6-6e70-4984-82af-c32303635d30,2023-11-26,S-044,P-001,2,0
5033181d-4fa1-45b4-bebe-733d86d14c6c,2023-11-26,S-006,P-001,4,0
e4c6aaeb-c3d8-48d1-826a-4bfcf0039668,2023-11-26,S-022,P-006,1,0
b039cd76-826a-48fb-8d4b-30ea2f1ed8d0,2023-11-26,S-003,P-006,1,0
00ca84b3-7c1d-4488-becf-ad3a6db016e4,2023-11-27,S-029,P-005,1,0
91b6e8f8-8934-4431-945b-42fb86bd96f7,2023-11-27,S-035,P-005,2,0
7dae687d-bf5a-49b1-b77a-759c1216d86f,2023-11-27,S-008,P-004,1,0
edb82811-39e2-4f62-b7f4-58fd9c6945ff,2023-11-27,S-039,P-005,2,2100
0cffb7f2-13a8-4d9c-a0c3-c100c98946e7,2023-11-27,S-011,P-001,4,0
ccfe627c-1c38-4164-8395-c793ef5a1a93,2023-11-27,S-030,P-007,1,0
cd0e64e8-29c5-4fd2-8bf7-8d55e282c6b6,2023-11-27,S-009,P-005,1,0
35f7b071-8a45-4553-ab31-b8a5e51a0829,2023-11-27,S-037,P-004,4,4200
341b5d61-d08d-4daf-932c-9de11847530b,2023-11-27,S-048,P-003,4,0
033195aa-d6f0-4695-b469-de570755e282,2023-11-27,S-046,P-001,1,700
e972581e-6d98-4273-9543-dcf28cca836d,2023-11-27,S-027,P-002,4,3800
441e9003-8d96-4391-a2c0-b237e232ce6d,2023-11-27,S-038,P-002,1,0
a2ce38ec-f94e-4387-9882-3681568626ab,2023-11-27,S-001,P-003,4,8800
2aba51e2-fae4-464d-b01e-21eae22dde73,2023-11-27,S-049,P-001,1,0
f896687b-1146-4497-8a89-dc86e459f659,2023-11-27,S-005,P-006,2,1600
ed6e3572-fbfa-40a5-8e9e-a591f478e894,2023-11-27,S-036,P-007,3,0
e0912cbd-1fe6-4607-87b2-706548a04707,2023-11-27,S-031,P-001,1,0
ae2c6ab1-a441-4bad-a491-5a929746c3d2,2023-11-27,S-004,P-004,1,1050
d4494e6b-6a2e-4c81-87bc-813dcbb9c65d,2023-11-27,S-034,P-002,3,0
461abe05-ede4-4773-9a3e-e95ae01a8126,2023-11-27,S-046,P-007,4,0
287619e8-a9c6-4ee1-8060-328119ac374e,2023-11-27,S-003,P-006,1,0
7dacfada-d581-439b-9146-f18d92f9fca3,2023-11-27,S-034,P-005,1,0
a782083c-bf1c-4741-a4cb-1c35f95841cd,2023-11-27,S-020,P-003,1,0
109398e8-9e42-44fc-a7f2-c41861ad6cd5,2023-11-27,S-025,P-005,5,0
f13abef9-75b0-4e74-9801-b9e92ad7f8ac,2023-11-27,S-029,P-005,1,0
cd90bf34-b8c2-4d7c-b9f0-85d301aca16f,2023-11-27,S-011,P-005,2,0
804eaeea-3542-45a6-8f1e-a494501e7a6b,2023-11-27,S-039,P-002,1,0
182642b3-ebd3-414e-becc-54a34e801eac,2023-11-27,S-049,P-007,2,0
85d6d8aa-47be-495b-a14d-1ca3f63f585c,2023-11-27,S-025,P-005,1,0
0ad63aef-b817-4d0e-8d34-511364902cc4,2023-11-27,S-031,P-006,2,0
234bac08-9aff-4af4-b753-71ebe65aa29b,2023-11-27,S-044,P-003,1,0
8b9497d5-23c5-447a-96f4-7635677edd2a,2023-11-27,S-003,P-003,1,2200
9a59be73-bc94-4c09-8cb9-44ee47d19b2b,2023-11-27,S-021,P-004,5,0
9846f44e-fc21-424b-afbb-c452d1b0eb56,2023-11-27,S-035,P-004,3,0
31890436-6f65-47e7-bc60-e4cc1d479e56,2023-11-27,S-004,P-006,2,0
38fdd44f-a4da-4b01-9b32-aaee2c6caa2c,2023-11-27,S-019,P-003,1,0
8d565aae-35b2-4e47-a84c-020270c502d4,2023-11-27,S-003,P-002,1,0
12a26982-60c3-4cb0-a124-083c1b49604e,2023-11-27,S-014,P-004,5,0
7f976c46-c1de-474f-89ff-e57de6f675f3,2023-11-27,S-036,P-005,1,0
87aee97f-de60-48af-82fd-e34e790f44b9,2023-11-27,S-034,P-006,1,0
943d3f11-aaf1-4a63-a039-0fa0e4cc24ea,2023-11-27,S-030,P-007,2,0
f3ac5be0-7b30-4276-99b6-705725f22857,2023-11-27,S-027,P-005,1,0
bc5a2c83-9efe-49ca-a317-3910a4098ae6,2023-11-27,S-020,P-007,4,3600
da537d85-bf70-45ab-ba1b-843a488444e1,2023-11-27,S-019,P-003,1,2200
f4ee5706-d412-4304-8648-e89057b286a7,2023-11-27,S-023,P-003,1,0
2fa7f376-6964-4e1b-9e8b-c8c8c7f3b833,2023-11-27,S-012,P-005,3,0
2d53be1f-c188-4892-84ca-cddd5a6435f5,2023-11-27,S-015,P-007,1,0
5815ea6d-2127-49f6-a0b4-3133e47ec9ed,2023-11-27,S-017,P-003,5,0
f67e7b8b-eead-4fa7-84f0-1aae44fd6d9b,2023-11-27,S-040,P-006,1,0
3fb18be7-9fff-4ebc-b846-f36f16dfa127,2023-11-27,S-029,P-007,1,0
005805ce-e8c7-4c72-9d5f-b5ef89b22a4c,2023-11-27,S-004,P-005,1,1050
58999be5-e731-41f8-905a-b32af8902b43,2023-11-27,S-007,P-005,5,5250
75e724b7-5a88-41ec-8897-177ddf605241,2023-11-27,S-016,P-004,1,0
c59bd413-37b2-4baf-b863-301e8f4c0cb3,2023-11-27,S-016,P-007,1,900
cd4a71b4-e382-4081-8c38-14a79d2c1498,2023-11-27,S-001,P-003,1,0
b3e5a8df-4a10-47c7-8357-f5367cd97725,2023-11-27,S-004,P-002,1,0
4e4e8075-f59d-4118-9830-80c9856bf564,2023-11-27,S-008,P-007,3,0
46d11ffb-eab0-4387-96d0-4642415d2d77,2023-11-27,S-002,P-004,10,0
cb947e98-8046-4371-b817-dc180c72b565,2023-11-27,S-026,P-005,4,0
874446ba-ff57-4ffb-bcc7-bde1cab26fbd,2023-11-27,S-007,P-005,5,0
cf7e895d-c473-414e-8488-93ea57e0e2e3,2023-11-27,S-018,P-006,1,0
b3c9a18b-83e7-431d-b27a-b8989b33467b,2023-11-27,S-026,P-003,5,0
b4eb665c-c2b5-4d9f-93ad-ad51c122f64d,2023-11-27,S-010,P-002,1,0
1a138ea4-5cb8-40f1-bb87-9112f5b012db,2023-11-27,S-049,P-007,4,0
388d6cb0-bd96-416e-a188-4f528d968e31,2023-11-27,S-041,P-003,1,0
5fd5441b-4913-4420-8720-c7a37f5cd173,2023-11-27,S-018,P-005,1,1050
f197bd86-934b-45a4-8d66-b414c12e95de,2023-11-27,S-031,P-001,4,0
d850182d-3db8-4e29-abab-4a375e0e2588,2023-11-27,S-014,P-002,1,0
8de7ff10-3031-4f75-89e1-0025fcab75cd,2023-11-27,S-024,P-003,1,0
18b4eec2-59e6-4168-a53f-f23dfa525307,2023-11-27,S-001,P-007,4,0
5ed6f1fb-b52f-4f9a-b8e2-655971752dca,2023-11-27,S-045,P-006,1,0
e68e26ba-2ce1-4091-b872-d24ddf2799e8,2023-11-27,S-025,P-001,1,0
dd3be6d8-c24e-4d30-a589-038bd7179cba,2023-11-27,S-049,P-002,2,0
a8f9d5e1-006e-4341-b860-86629211fc4c,2023-11-27,S-046,P-007,10,0
b6ebaae7-b1e7-42d1-bc0f-848f43267418,2023-11-27,S-025,P-002,1,950
eb8ea624-cf54-4c1a-8107-c67b38d01b15,2023-11-27,S-015,P-006,3,2400
342714dd-d5cf-4739-abf4-1adeacdc4d48,2023-11-27,S-040,P-004,2,0
7ee21080-d005-4373-a54d-c009767f683e,2023-11-27,S-029,P-005,1,0
43e485fc-2d85-417f-bcc4-372f2bac443b,2023-11-27,S-001,P-004,3,0
8f6dbcdf-e4ec-4818-b562-6b950b9f05f8,2023-11-27,S-048,P-002,1,950
1b7a41bb-d604-4845-a46c-1542d846a8a7,2023-11-27,S-049,P-005,1,0
a139c29b-3fdb-4c80-b790-4b17afa7c946,2023-11-27,S-046,P-004,1,0
8d6c14a4-e3cd-46e2-b5e2-c1429b06af25,2023-11-27,S-007,P-002,4,0
e35fad97-f9c9-47ff-9d7c-c6f67971f61c,2023-11-27,S-005,P-002,4,0
7e5ad8d7-3a13-4904-8e60-6d1a98f2ab52,2023-11-27,S-006,P-003,4,0
bcb9f183-bab3-4f03-9d9e-5c024766ca09,2023-11-27,S-020,P-004,1,0
d3231ff7-40e4-4cbd-9da4-d9a56b53df75,2023-11-27,S-013,P-002,1,950
3e715cc8-63cf-4be6-8a45-d8c6898522f9,2023-11-27,S-020,P-005,2,0
f9a7933a-134f-45b1-9672-18bcb1d28787,2023-11-27,S-014,P-005,4,0
7c6b37e3-ceb2-43da-b29d-0e15b43bcc61,2023-11-27,S-027,P-006,1,0
ac1df21d-6688-4195-9595-9db9cfe6ee38,2023-11-27,S-025,P-003,3,0
003ebd2e-9f4e-4a70-9629-fb3559f0d3ee,2023-11-27,S-029,P-003,1,0
064edb27-91ba-4775-bbda-53ff6a0bec15,2023-11-27,S-046,P-002,3,0
b371d165-0cdd-431c-9eb1-5430fb8546f6,2023-11-27,S-002,P-002,1,0
ea012cfe-015b-42b9-92d7-b9f0c6002d04,2023-11-27,S-025,P-001,2,0
30254d84-cc99-4107-833a-9ca82b0dabd0,2023-11-27,S-028,P-003,2,0
2142b278-824c-47e3-90a3-082e9be0acfb,2023-11-27,S-010,P-004,1,0
381ff5d4-a365-48db-a2b4-81fe17f92ec8,2023-11-27,S-022,P-006,2,0
f7b72226-b933-480f-aad1-6c6623e30ff9,2023-11-27,S-020,P-006,1,0
263603f0-b984-48d2-90fa-f3bc93df6231,2023-11-27,S-014,P-003,24,0
7743e981-3486-4896-a162-560c391e5e7f,2023-11-27,S-026,P-001,2,0
8d947ba6-746e-44a9-8ac8-d0cc645ecdd7,2023-11-27,S-035,P-001,1,0
4ef6aec7-079c-47af-8272-233b6dc4f695,2023-11-27,S-050,P-006,10,8000
3cafb11a-ea63-4e61-8561-f42f3c3f0e7d,2023-11-27,S-050,P-004,1,0
b791c98c-7865-4e36-a781-8d21c8352dd5,2023-11-27,S-031,P-005,2,0
2c22a2bf-1868-4fac-9594-c5049bf7c999,2023-11-27,S-002,P-004,1,0
b35bfede-625a-4205-89b5-4c687c584eda,2023-11-27,S-020,P-007,4,0
ee0b48c3-b8ab-43ce-8feb-c6d30d985a1a,2023-11-27,S-048,P-002,24,0
9af71414-d2ae-4ae9-8785-5a663c6d841c,2023-11-27,S-029,P-001,3,0
eb127641-9f28-4d9a-85f9-7240b47f6041,2023-11-27,S-006,P-001,1,0
d29aea16-9453-4ce7-8cf8-f2f24e0cc50d,2023-11-27,S-027,P-004,4,0
2c80489d-1992-4244-b22d-3e16d913898b,2023-11-27,S-003,P-005,1,1050
bed74070-715e-47ae-80f7-cadb46d637e9,2023-11-27,S-017,P-003,1,0
0798c888-3e32-409c-9028-793ce2d12c18,2023-11-27,S-037,P-006,1,0
320c9c96-a0eb-4eee-890c-e48035403a63,2023-11-27,S-030,P-004,1,0
f6b4fc95-5ddf-455c-8cb0-bbbce9e359fa,2023-11-27,S-026,P-007,1,0
6cb94df3-6209-4e10-92ed-c6ff239bbaab,2023-11-27,S-029,P-002,2,0
f696fd84-c685-473c-9875-a7c0be80a614,2023-11-27,S-043,P-004,1,1050
1044d4ac-05db-4938-821b-6ef621e8c596,2023-11-27,S-047,P-007,10,0
7682a494-f132-4122-8ae3-fd7016248d53,2023-11-27,S-023,P-003,2,4400
62441be8-ad7d-4ff2-8422-abe6a7888ba8,2023-11-27,S-049,P-002,5,0
2287430f-399a-4595-9394-5986b482defe,2023-11-27,S-012,P-003,1,2200
18c6e22b-b5cc-40dc-a7ad-453a72c44b11,2023-11-27,S-050,P-007,1,0
a4db546f-bd6f-460d-8b7c-cb92f58ea3c4,2023-11-27,S-033,P-003,1,0
18094e09-c275-4a89-9d61-6803345a3bcc,2023-11-27,S-041,P-003,1,0
7c7192ba-7f02-447f-8594-3be7b41a7b93,2023-11-27,S-049,P-005,1,0
631a12f1-be41-48f9-bd10-658022e1330a,2023-11-27,S-019,P-004,1,1050
3b2785e2-9510-4062-867c-164cfe3a2046,2023-11-27,S-014,P-002,2,1900
f29ae649-2d4c-4454-a82d-fd00f350b406,2023-11-27,S-039,P-002,3,2850
db7180b2-67eb-4995-81df-60d8d0caa7b2,2023-11-27,S-001,P-005,1,0
f59122ad-4a57-4403-83a4-b6ac673218c0,2023-11-27,S-019,P-004,1,0
aaf4df9c-8e6e-4855-8d27-c080b81492b0,2023-11-27,S-048,P-007,1,0
3f30dcfd-62ca-4922-964d-6ec8af6e45d5,2023-11-27,S-022,P-006,1,800
b2609bd4-fd62-4db2-9433-4f2a598df6b1,2023-11-27,S-048,P-004,1,0
5813ec0d-f87d-458d-b8b4-1ce9f0bf6ade,2023-11-27,S-033,P-004,3,3150
eebd0416-0960-407e-acf7-42e16a82e835,2023-11-27,S-023,P-002,1,0
8f9ee1b7-01a5-4284-a17b-7a85bf88b03e,2023-11-27,S-043,P-006,1,800
90459718-4ae4-4365-bf76-5b279b3f634a,2023-11-27,S-032,P-005,2,0
eaa5cb5c-7ff4-4469-9677-585405ba91b3,2023-11-27,S-006,P-006,2,1600
3bee010c-803e-4af2-92a2-c74979ab50b8,2023-11-27,S-013,P-003,1,0
7c18d297-774b-460b-b11a-cebdd6be9fc0,2023-11-27,S-016,P-003,2,0
9be42c01-bb8a-4026-8529-55383adc78cd,2023-11-27,S-024,P-004,1,0
458b9b41-a919-42b1-9d13-b2adc5e8d03d,2023-11-27,S-008,P-003,1,0
0c189674-1bb6-4df1-8ed4-690febfc286f,2023-11-27,S-042,P-004,1,0
73bc02a3-6ed9-4292-8e38-66ca15697784,2023-11-27,S-026,P-002,1,0
57c23c0c-fd36-4425-a3dc-ff6a24429af4,2023-11-27,S-007,P-001,10,0
884563e4-a9b8-45b9-861d-ade04b61197a,2023-11-27,S-017,P-001,1,700
763313a7-fe5e-4ef9-a224-8f2be5993c9c,2023-11-27,S-019,P-004,2,0
42cc9e1d-80b6-413c-8d78-305c1e638b3c,2023-11-28,S-037,P-002,24,0
4ef16d30-e8f4-4303-a3bb-1af4aacf936a,2023-11-28,S-041,P-002,2,1900
df6a3b50-8224-4e76-8bc8-bf88ccc90ca9,2023-11-28,S-004,P-006,1,0
3429803e-117a-4242-a2e7-9b6059313c1c,2023-11-28,S-014,P-001,1,0
3985faed-38dc-47da-a656-d4b2c99aa326,2023-11-28,S-031,P-003,1,0
a6526d64-6f51-4041-9bc5-cfa40e1282c9,2023-11-28,S-025,P-006,1,0
5ba64f62-9c09-4677-9c07-910a91a44ff1,2023-11-28,S-028,P-002,1,0
fe25c38b-c449-47aa-a78f-ed94eb995af9,2023-11-28,S-039,P-003,3,0
26045b1b-cc03-41a4-8336-bcf28efcaaf1,2023-11-28,S-038,P-001,3,0
c50ed93a-0f12-4019-9351-3476bcd54448,2023-11-28,S-030,P-004,4,4200
bdba2905-737b-4024-884a-255cf3e08b5d,2023-11-28,S-032,P-007,4,3600
f62d3888-221a-4731-a844-65f91cdbcb99,2023-11-28,S-039,P-007,3,0
082ce7c0-6450-4a63-8b6d-ea44c719e978,2023-11-28,S-044,P-005,1,1050
e45a94b3-2aef-4242-a05b-07b54719aeeb,2023-11-28,S-022,P-001,3,0
b7bcb722-91a6-43c2-924f-f642dd439b43,2023-11-28,S-008,P-002,10,0
ff4e0232-7771-43d0-ba0e-4bc448d0ef02,2023-11-28,S-015,P-007,1,0
d519a18e-74ba-4b87-be22-517bd27baa50,2023-11-28,S-030,P-002,1,0
35277acc-0c0e-4744-b820-df4dcb347a57,2023-11-28,S-028,P-001,10,0
8160fb48-66c9-44fb-ba34-f10d2c1628cd,2023-11-28,S-010,P-003,1,0
fc4315fd-ae97-4889-9747-943b3f782eb4,2023-11-28,S-019,P-003,1,0
c9bc2fc3-c10d-4ab2-b8a7-5e09cf74389f,2023-11-28,S-045,P-007,1,0
ce3cdaad-6812-45ef-843d-6b0952132d90,2023-11-28,S-015,P-004,1,0
4c72f2d0-34a3-4820-8d79-eebff680d415,2023-11-28,S-023,P-004,1,0
93960263-50c3-4392-8e00-b9fba2adb52c,2023-11-28,S-033,P-001,1,0
3836b60f-59f8-4e50-94d9-b7218786c5c2,2023-11-28,S-030,P-006,5,0
83a6f554-f783-4870-9294-2cc47eff64ea,2023-11-28,S-038,P-001,2,1400
3611d8de-13e8-4fe4-8bba-23e07e6d929d,2023-11-28,S-010,P-005,1,0
612b8d9f-662a-45cf-a5aa-373fd5b678b8,2023-11-28,S-030,P-006,5,0
619fd6f0-ff09-42b7-813e-aac45e55536c,2023-11-28,S-005,P-002,1,0
ed1cd8e9-25e0-4315-bbde-9e59f0afc033,2023-11-28,S-034,P-004,1,0
33805e29-e811-48a3-8b70-e341b6bdfcc0,2023-11-28,S-043,P-002,1,0
b9e0621c-9c18-4ece-a941-0728ffd8c02e,2023-11-28,S-020,P-006,1,0
9ac3376e-96ac-445f-955e-c5445f5b3038,2023-11-28,S-048,P-004,4,0
a81fe34b-6aa2-4ead-bf0f-9b9eceec3b2e,2023-11-28,S-018,P-006,2,1600
15d1df41-440c-4faf-a1d2-44a414deabe3,2023-11-28,S-003,P-006,3,0
01861923-6329-46e0-b9c9-047b1db585e0,2023-11-28,S-047,P-001,2,0
c93e5121-19dc-45de-9d74-388a65c464d1,2023-11-28,S-040,P-007,2,0
49950799-6cfc-4887-83e2-ddf966ae307c,2023-11-28,S-045,P-004,2,0
1200f3f9-ff85-4e2b-94d0-c81415433eee,2023-11-28,S-006,P-001,1,0
9fa1467b-f5e5-4747-bdb6-5bbb387dcc3f,2023-11-28,S-037,P-003,1,0
5cb2e65c-8602-459f-a600-ec6965d403ef,2023-11-28,S-031,P-002,1,0
b5314758-c8f2-489b-8fcc-0c20b785e105,2023-11-28,S-003,P-006,1,0
1159df5b-1986-4124-b5a5-11baacf35565,2023-11-28,S-024,P-003,2,0
ea177edf-b23a-48e9-9687-030c654aff4c,2023-11-28,S-039,P-006,2,0
51e6a32a-1fe6-467b-aacb-c8551e6e4eda,2023-11-28,S-002,P-002,1,0
6f3af7a5-74b9-46f9-8493-fb7f57ea9205,2023-11-28,S-027,P-004,1,1050
4b110ece-842e-464d-915c-c29873386706,2023-11-28,S-025,P-006,3,0
b6a5fbc1-238e-435d-b0ef-af08cacc80e4,2023-11-28,S-027,P-004,2,0
454882fc-534d-45e1-a634-2937547448e5,2023-11-28,S-013,P-006,1,800
a69f6d03-f845-44f6-b421-380afeaae4dd,2023-11-28,S-028,P-007,5,4500
16d97dd8-bdfd-4e3c-b5ae-cfacc17958b5,2023-11-28,S-027,P-005,1,1050
374530dc-a58a-41f5-8574-52559b02bbd9,2023-11-28,S-033,P-007,3,2700
c9120584-d5e8-4d8c-b8f6-b6aa9acd7c90,2023-11-28,S-009,P-007,2,0
cdf75e48-889c-44a5-8189-ec9911e0576a,2023-11-28,S-042,P-001,10,0
88b5df3d-961d-41b8-a017-470ff596c33a,2023-11-28,S-009,P-002,1,0
1be4f463-fa7b-4b26-93b9-7e2364efdcbd,2023-11-28,S-014,P-005,2,2100
60f50e7b-bd5d-405f-b122-58117d4fce23,2023-11-28,S-034,P-006,5,4000
46f49c29-fed2-4554-a56c-d6bc4fd34f42,2023-11-28,S-019,P-006,1,0
86de4f73-8178-4c16-ad59-8883c8994e9b,2023-11-28,S-021,P-006,1,0
209cf1c1-0c01-4b78-adec-9323d07289b0,2023-11-28,S-050,P-001,4,0
42a08f0e-f9fc-4568-8f10-8c6e8c245eec,2023-11-28,S-040,P-004,1,0
7613af04-ea74-4074-831e-04675048bb97,2023-11-28,S-028,P-007,24,0
f47791dd-e741-4f07-8c15-46b97bcef32a,2023-11-28,S-035,P-001,1,0
f5c5cc18-8466-48c6-965a-c6dd35cd462d,2023-11-28,S-009,P-003,1,0
979a0ecd-113f-4670-8c83-2e9216d53667,2023-11-28,S-042,P-005,2,0
b6cfe11c-cb39-4e74-8a55-35a9869370d8,2023-11-28,S-044,P-006,1,0
0455e215-5ec0-467b-8f86-5a0cc7b68613,2023-11-28,S-012,P-007,4,0
c23c2554-7e91-4c0d-8d79-735def5f46a1,2023-11-28,S-033,P-003,1,0
549424cb-bff8-40cf-9366-8d8aa7a1e37a,2023-11-28,S-024,P-006,2,0
87d96b6b-ae3b-4dfa-aa5a-4b63b7f09f9d,2023-11-28,S-035,P-007,1,0
ffd55cc7-c673-4ec5-a5a9-e56707a8c4c6,2023-11-28,S-046,P-001,24,0
55625812-53c2-4638-b679-1d4a3d992d9a,2023-11-28,S-043,P-003,4,8800
a6b85596-0806-4c50-a665-b543b0dd577d,2023-11-28,S-016,P-005,2,0
88bb2c1c-878e-41a5-8575-361d5f210e51,2023-11-28,S-016,P-001,4,0
c5b2b9e3-a78d-481b-a017-45f8b9504a06,2023-11-28,S-039,P-007,3,0
c3ebe6a9-d288-4716-a441-d64d2e5d58bf,2023-11-28,S-025,P-006,1,0
2038bcf1-1d62-4535-a980-28dcb2ac835d,2023-11-28,S-037,P-004,5,0
456f4002-5193-4f95-88e5-aacd3238a2b8,2023-11-28,S-016,P-006,1,0
395e7c69-23b1-41f0-b396-52f8a631896e,2023-11-28,S-029,P-005,1,0
ecc6a101-8536-4abc-ba02-18a449b19ac9,2023-11-28,S-012,P-007,4,0
a1e49b39-2364-4987-90dc-19cbcaf062d5,2023-11-28,S-044,P-005,10,10500
94c59395-34ba-4cd2-8bea-7d4a38eafa8d,2023-11-28,S-012,P-006,24,19200
6251cc7b-4f95-404d-8f56-710089be575a,2023-11-28,S-047,P-004,1,0
96d32e8e-b4ae-4217-bcde-d456b450430f,2023-11-28,S-047,P-005,2,0
fee7c7a4-009e-443f-b433-9cff908950c9,2023-11-28,S-044,P-002,2,1900
8b083fb0-b32d-4cfd-acf3-fc4040cd90fb,2023-11-28,S-007,P-001,1,0
a91884ad-3697-43b9-8e5d-4a009290004d,2023-11-28,S-049,P-004,1,0
a1b72a57-24ec-496c-824c-48f29ad101bb,2023-11-28,S-034,P-001,5,0
8c583386-c6d8-4e4e-9962-1232a15fda25,2023-11-28,S-040,P-002,1,0
3a4fbd1a-c7a7-49f5-9dfd-0a718bbf3a39,2023-11-28,S-036,P-003,4,0
a3814f13-54b4-4d30-afff-5d6a8646df73,2023-11-28,S-006,P-002,1,950
04d93cff-0529-42d6-b7ed-beac3096e8d1,2023-11-28,S-048,P-002,1,0
8e1735f2-8c18-4451-9380-fe27c062a11d,2023-11-28,S-035,P-007,1,0
cd20af1d-213c-434a-a5d0-4695a5cbaf4f,2023-11-28,S-010,P-007,3,0
6cfd9b5f-dce2-4c26-ad1e-9aedb9c276d0,2023-11-28,S-030,P-007,1,0
6740d83a-5190-414c-9143-8d2f5631e1d3,2023-11-28,S-013,P-007,1,900
e814cd8d-6620-4f48-b96a-914fe69be318,2023-11-28,S-006,P-002,1,0
86171f92-d014-4fb7-8b72-c32383604019,2023-11-28,S-025,P-001,1,0
ad240769-c722-4b94-bd6e-3217c6571124,2023-11-28,S-038,P-006,1,0
8cdeccc8-84b8-4bfd-b6e5-c7a8f61459f5,2023-11-28,S-017,P-007,1,0
2d13b50c-7bc5-4051-835b-310a5fd34455,2023-11-28,S-028,P-002,1,0
c581ee92-8175-4cfb-842e-680dfa831630,2023-11-28,S-002,P-007,2,0
629dd7a6-8f3c-484e-885d-15b159c1fa4f,2023-11-28,S-048,P-003,1,0
62b9bab8-710b-4f08-9169-1660ed7512ee,2023-11-28,S-033,P-001,3,0
f1dd8cfb-7736-498f-aa38-961d5da2d802,2023-11-28,S-036,P-005,3,3150
80c192ec-09f7-4a1a-b035-7f4bedcd7e4c,2023-11-28,S-027,P-003,10,0
c2908492-e911-4f19-bdbf-ca01db06b5ee,2023-11-28,S-012,P-005,1,1050
dab88a7f-e2d2-48c1-99d2-b4b248c89ee8,2023-11-28,S-037,P-006,24,0
1081709a-db0b-4ea6-8691-14a87e910bfc,2023-11-28,S-024,P-001,4,0
4de2c18d-48d2-441e-84cc-19774c7c0e55,2023-11-28,S-042,P-007,4,0
9287fae2-a8c5-4fa0-8823-863f12d9e121,2023-11-28,S-024,P-005,2,2100
f27675ee-9963-41f4-b807-51e83fc4b263,2023-11-28,S-003,P-001,3,0
88086884-143a-446c-a91d-d91b5b6a0cb4,2023-11-28,S-019,P-002,1,0
7bc22da4-0511-42be-9706-190d063d1f84,2023-11-28,S-018,P-001,5,0
8f4a70ec-f442-49bf-a017-b3d25b0a3194,2023-11-28,S-037,P-002,1,950
14fcf30f-e756-4808-84bb-0aedd93ea4e4,2023-11-28,S-047,P-005,1,0
cee7b54d-04ea-4d68-a94b-09da5cdd4d1e,2023-11-28,S-023,P-006,2,1600
87b92887-dafb-498d-9f7d-3a0310e56cb8,2023-11-28,S-021,P-006,3,2400
4970b3af-43cb-4be0-b26e-882c9022ca74,2023-11-28,S-009,P-007,2,0
70bdf806-334f-4cd9-81f4-e386d3d668a7,2023-11-28,S-033,P-004,1,0
ca57bd86-df3a-4b27-be93-2f571b698794,2023-11-28,S-036,P-005,1,0
f0fd84af-492e-4a98-9bdb-90a5a7fc6902,2023-11-28,S-046,P-004,1,0
d516e8c6-ea26-44f3-a54b-48433e9d6429,2023-11-28,S-038,P-002,2,0
2ff89978-c5c0-4bf8-85eb-6d3b7b33dbbc,2023-11-28,S-034,P-003,1,0
55f585fe-c788-4d7a-b514-de63f597d9c7,2023-11-28,S-014,P-001,1,0
158ef5ea-6c8d-4c33-8d55-007c2aa32d8a,2023-11-28,S-026,P-006,4,0
6d183ab8-508b-4814-8f9c-761cfcea3631,2023-11-28,S-031,P-007,1,0
1029c540-343c-4291-b2c8-f0eadfdef3db,2023-11-28,S-040,P-001,1,0
60a0bf24-156a-4d76-b888-6c673e022f07,2023-11-28,S-033,P-004,2,0
ee3b53b0-5316-410d-a147-4b1748cb4708,2023-11-28,S-048,P-007,1,0
ff1ca9db-4e38-4417-8806-2980271c9865,2023-11-28,S-050,P-007,1,0
f384481f-500a-4010-ac31-41641053cb89,2023-11-28,S-048,P-003,2,0
8e5537b8-0d53-4dc9-8883-4c5ab6a83a2d,2023-11-28,S-024,P-003,1,0
0ba6b015-842f-4851-bf85-0b3515889bbf,2023-11-28,S-002,P-005,1,0
0e4d3082-c1a5-4ea1-94af-4c03f9b88620,2023-11-28,S-020,P-003,2,0
cbd93401-7906-47ba-9241-ffbfdc60b8cc,2023-11-28,S-050,P-001,1,700
5339b6c5-a2da-411d-a144-7bc0a130a92b,2023-11-28,S-027,P-001,5,0
835b7d58-74d0-424e-86e7-389b5cd45d41,2023-11-28,S-012,P-007,1,0
f0e3318c-4364-4dbe-9e8f-042ff90a200b,2023-11-28,S-030,P-006,1,0
388b8915-7804-4e32-bfaf-362973a792f9,2023-11-28,S-041,P-002,2,0
893108ce-df22-423d-822a-2451a43b7430,2023-11-28,S-049,P-005,2,0
1ca01949-4028-48b3-ae30-71f14af9bf13,2023-11-28,S-003,P-005,4,0
6951e4f0-3600-4db1-95da-3673d4b0cec8,2023-11-28,S-003,P-007,1,0
07a4b108-cde0-4cf9-ab90-5691a4ca1a2a,2023-11-28,S-013,P-005,3,0
8b0d24da-bd20-4d73-afe6-d17d3c83741b,2023-11-28,S-032,P-005,1,0
fa35a601-e963-44de-9258-6904240094bc,2023-11-28,S-010,P-003,2,0
fca13614-0244-4af0-b9d3-fb0fa26b198d,2023-11-28,S-015,P-001,1,700
0cf2dd13-e5a8-4b58-b703-570e5ca05629,2023-11-28,S-004,P-003,2,0
d5005683-68db-4105-9b9a-af6b69e47e5a,2023-11-28,S-014,P-007,2,1800
57505444-f141-429b-a116-afb93dc32210,2023-11-28,S-010,P-005,1,1050
fb0c17a3-e54c-4a3c-888a-472e16df0835,2023-11-28,S-015,P-005,1,0
8ae71548-de47-4401-890a-7c188139dfef,2023-11-28,S-041,P-005,4,0
665e3194-1355-40a8-96ab-73ec951271be,2023-11-28,S-046,P-005,3,0
182cea40-5386-4578-990d-d4a03c99dea2,2023-11-28,S-011,P-006,4,3200
3e3c801a-578d-4781-9f6b-a0a5e3ec965c,2023-11-28,S-011,P-003,2,0
63546ed5-c347-46e0-a722-0def9ccd18eb,2023-11-28,S-041,P-007,4,0
354a560d-fc44-4b6a-bacf-64b277577bbb,2023-11-29,S-031,P-001,1,0
76d1b3b7-0484-4d50-a92d-d29cf239ebbe,2023-11-29,S-003,P-005,2,0
7a75914e-246f-4e57-98fb-6ed9c8e7a8ff,2023-11-29,S-011,P-005,3,3150
895edbff-cad4-435d-8695-a90e06078e72,2023-11-29,S-028,P-003,1,0
6a8a0a07-0167-4e82-b8b7-a0ed55c09f31,2023-11-29,S-003,P-007,2,0
b71550e2-27fa-41fe-8899-167e57e338d7,2023-11-29,S-018,P-006,3,0
da17a3f4-e5de-4031-aaa9-e713c2686f96,2023-11-29,S-018,P-007,2,0
90843b0a-df9f-4d23-970a-5a93c5496b72,2023-11-29,S-024,P-003,1,0
b4130931-0a66-4482-a6f6-341b7fd5bef5,2023-11-29,S-040,P-002,1,950
264ecab9-bc1e-4040-b8b1-13e6cf8d070c,2023-11-29,S-048,P-001,2,0
667b912d-b6fa-4597-b8aa-7360ec065719,2023-11-29,S-050,P-001,1,0
39cd6c92-96ae-4295-a352-c64d84c89ab1,2023-11-29,S-043,P-003,2,4400
264b6460-a4f4-4e98-95f8-82335dd1c299,2023-11-29,S-041,P-005,1,1050
9400f9b2-1f17-4df6-a952-8145fe4e33ae,2023-11-29,S-025,P-003,1,0
94afeca0-81ca-4b61-b7a3-d0ec8d2b2077,2023-11-29,S-002,P-007,1,0
953eaef9-482d-4111-8ce2-efa4bfac0782,2023-11-29,S-021,P-003,1,0
f94dac5e-56bd-4ec6-b73a-c06c0c4abc70,2023-11-29,S-012,P-002,2,0
8870bf9f-1bfb-433b-900a-ccf6fb2acc75,2023-11-29,S-038,P-007,1,0
b2bbab17-f711-4087-bc8d-b1954d8b8a6f,2023-11-29,S-004,P-007,1,900
9c682a3b-2a8d-4318-8681-e39d86ef9bb6,2023-11-29,S-016,P-007,5,0
3b1e3c6d-0a7c-47fe-a8fb-f7d21428a21f,2023-11-29,S-047,P-007,4,0
42110497-9871-49d8-827e-565bf91daf3c,2023-11-29,S-005,P-006,3,0
55a87668-5f07-45a4-9cc6-c5f45ce3cbf6,2023-11-29,S-013,P-001,1,0
246b8fd6-e92d-4906-94f2-1618e2490d2d,2023-11-29,S-006,P-002,2,0
a20e06e1-d1b9-44bb-830e-e770f057f316,2023-11-29,S-001,P-006,2,0
8a68d2b8-2574-44ce-bd0f-08281445e619,2023-11-29,S-025,P-005,1,1050
9ec87c16-af13-467e-8616-27c5ea0f7ddb,2023-11-29,S-041,P-002,2,0
4c5afaf1-713d-47c0-b168-e64a1674f58c,2023-11-29,S-034,P-002,1,0
78ceea5d-eb15-4d7c-9756-863c3365452f,2023-11-29,S-006,P-004,2,0
b4e90514-2eb3-4423-93fd-f1d727bcc196,2023-11-29,S-010,P-005,5,0
38487655-2a93-49fb-b7d8-a2dd2223105d,2023-11-29,S-035,P-006,1,0
622c0e80-cf2d-4de3-975e-a144db63ec96,2023-11-29,S-005,P-005,1,0
e3688e78-a48c-4724-a826-1139be74fb96,2023-11-29,S-030,P-003,1,0
d08bf6f6-ddaa-4da3-8f37-8ed317535e10,2023-11-29,S-002,P-003,1,0
4ee64c9b-a446-462b-b904-f33df39ac178,2023-11-29,S-009,P-002,1,950
16be4f0f-2258-43f3-b983-6e0db042114f,2023-11-29,S-041,P-006,4,0
f061e1ed-24ae-4240-a1cc-7d2a15b23a3a,2023-11-29,S-026,P-001,1,0
58b9803c-e94a-4d2e-a3cf-0ec03e4c6fea,2023-11-29,S-004,P-003,2,0
8805de59-b109-4c80-963e-cd73118508f2,2023-11-29,S-031,P-006,5,0
b14259fe-6345-4200-b162-3ed784ef9c61,2023-11-29,S-024,P-005,1,0
b5fafdf2-4dd0-48a0-acfd-993f6f2c4cee,2023-11-29,S-035,P-004,2,2100
4fbebf75-4744-4b4f-bde1-31bf59c1d923,2023-11-29,S-006,P-007,1,0
75ed75d6-b0dc-41c4-9458-054499ac003f,2023-11-29,S-005,P-002,2,1900
79a2bf7d-59ad-4659-b5ee-d965e264eca2,2023-11-29,S-017,P-002,4,0
83f94e7a-019b-4b04-9c05-3b3e03eb28c0,2023-11-29,S-005,P-006,3,0
86b7de2b-ec0c-4eb9-9879-aea621288fbd,2023-11-29,S-049,P-003,2,0
c08855f2-dbef-44ef-a2ed-b2960e0f872c,2023-11-29,S-008,P-005,1,0
9ff5ed69-14e7-43af-8aa7-2c4270638e89,2023-11-29,S-041,P-004,2,0
e75f0e21-3315-483c-a3e8-30ce65c48b79,2023-11-29,S-019,P-005,2,0
a506f750-06f0-447a-9769-4f1e1f0d25ed,2023-11-29,S-011,P-007,1,0
892b5f66-6eea-4c25-86a7-28e30c33b514,2023-11-29,S-023,P-007,1,0
9254ff2f-9a75-4006-90ec-d5be4060ef19,2023-11-29,S-038,P-001,4,0
ac6c24f8-b5ea-499c-bb8b-4b618dc63a09,2023-11-29,S-007,P-003,1,0
f6ac5c24-88ea-420e-882f-08be28542d85,2023-11-29,S-036,P-007,1,0
265d869e-7a5d-467c-bd28-96f5630198e8,2023-11-29,S-027,P-001,1,0
4d3c001d-c2cb-4396-b25d-42751c54cace,2023-11-29,S-039,P-004,1,1050
89625de1-5e5f-41fd-a830-ca31b92619ab,2023-11-29,S-026,P-003,10,22000
8fa23c6b-9861-4e2b-aabb-063fbdd8630a,2023-11-29,S-035,P-006,1,0
92b94b6e-831f-45b8-8325-e0142e995340,2023-11-29,S-001,P-001,2,1400
9801e0f8-3ffc-4cc4-9442-a2ad5cab2a85,2023-11-29,S-022,P-005,1,1050
c3233cc3-2af3-4093-8458-6c7a43aa23dd,2023-11-29,S-033,P-005,1,0
da8f0916-906e-4084-8b29-53e5888085b7,2023-11-29,S-043,P-005,1,0
f08d7711-5a2d-462e-9635-3d9d5d668a4f,2023-11-29,S-024,P-004,2,0
b45a8bf0-64ce-4f31-9daa-85d2e511df3c,2023-11-29,S-018,P-004,3,0
0c5e516d-9869-4589-85f7-857e0c7a9556,2023-11-29,S-005,P-003,1,0
518d1328-b8ba-41fe-904e-83e3c7209263,2023-11-29,S-025,P-006,1,0
5d2dc00c-4d41-4264-b773-e036200ff543,2023-11-29,S-038,P-001,10,0
0aa08d3a-b663-402f-a7c1-945ed62abb19,2023-11-29,S-020,P-006,5,0
27949967-102e-47d1-a902-8e3bd6efa563,2023-11-29,S-045,P-004,2,2100
b9de01a9-f403-4f1d-915d-1431420f2f44,2023-11-29,S-021,P-002,1,0
e91a714b-99c1-4d97-845c-4569f05d5d21,2023-11-29,S-007,P-002,2,0
6d2e904b-1e16-4d17-8d56-a4feb2fbd960,2023-11-29,S-015,P-004,2,0
d567b031-019b-4ee2-aa8e-2d4684a69a8e,2023-11-29,S-003,P-004,4,0
01c21270-e6f7-47ad-a83a-6bc9b158b2a1,2023-11-29,S-001,P-005,5,0
2dbb75f2-b582-47ba-9637-0b8500f343f5,2023-11-29,S-019,P-001,1,0
b69f3631-ecc2-45e9-843d-d5d4a61c9271,2023-11-29,S-045,P-006,3,0
a7c6f358-f0cc-4941-87c1-4193a7d73bc4,2023-11-29,S-039,P-006,2,0
5daf515a-7f67-40e2-973c-f5155645fac1,2023-11-29,S-033,P-007,1,0
d79412fd-cdf2-4107-9f12-fc97562ff971,2023-11-29,S-021,P-004,4,0
5a117f43-9611-4e4a-9b94-68230f7d4a5f,2023-11-29,S-008,P-002,4,3800
1f484a0c-0da4-4a31-8f21-f8fce085fbb5,2023-11-29,S-026,P-005,2,0
a1d2c652-27c1-480f-84bb-7464b4d8e06c,2023-11-29,S-044,P-005,5,5250
edb30823-f5d9-476b-a585-ef41e44cfc69,2023-11-29,S-044,P-005,1,0
d5ec4708-236d-4bef-bcf6-065626b7a0f7,2023-11-29,S-001,P-007,4,3600
43f59e86-cce8-4adc-b9f9-12ebe0b20563,2023-11-29,S-010,P-003,2,0
1c940b46-57ef-44c3-b6bc-7e202542444a,2023-11-29,S-006,P-001,1,0
50755ecc-d67c-4b95-bbab-3e55817b29c8,2023-11-29,S-010,P-003,2,4400
6ec794d8-510c-4dfe-a0b2-ee60ce73d11e,2023-11-29,S-050,P-003,2,0
3bf94a64-548a-447e-a458-cdca5151a78a,2023-11-29,S-013,P-005,2,0
e81ef8f8-2481-45a4-ac17-cf7ace74d0f3,2023-11-29,S-012,P-002,2,1900
fdfa66bd-7ea7-4248-a456-aee816701ea4,2023-11-29,S-015,P-002,1,950
183f411b-6fd7-4638-b428-3e5d69592775,2023-11-29,S-027,P-001,1,700
c17d769f-36c3-484b-aa88-cbc0502c47c8,2023-11-29,S-037,P-004,1,0
81bff76d-ccac-45e9-a4be-f2e4112c38d7,2023-11-29,S-002,P-006,3,2400
a38a1f50-b869-4a2d-a781-b768c860c0b2,2023-11-29,S-040,P-004,1,0
4072bf45-415f-477b-b288-8e76190522d0,2023-11-29,S-038,P-007,2,0
5cebee87-4eba-4e2a-ac5a-1a38f10a9231,2023-11-29,S-048,P-004,3,0
c7579513-cbcd-4c17-8b27-dddefecf7e1b,2023-11-29,S-020,P-004,2,0
d9132dd8-79f3-40cb-8285-035c1f7ac422,2023-11-29,S-009,P-005,1,0
025e9e20-37d6-4a51-85c1-3cbc32de7a5d,2023-11-29,S-043,P-007,24,0
e30fa48e-89ed-4e30-a2da-643ddab9c122,2023-11-29,S-032,P-007,1,0
47ff9efc-b7ce-4280-a24f-54b986e957f4,2023-11-29,S-021,P-003,3,0
8c4a6e1e-562c-4555-8c38-1e59adbdca34,2023-11-29,S-005,P-004,5,0
a604e247-c653-4d24-85bd-4ec7ca83c347,2023-11-29,S-004,P-006,1,0
9576081a-e50e-4ab3-936e-e1dbd5affd00,2023-11-29,S-019,P-005,4,0
d616ed02-76ad-4d9f-82ee-6c6753b8a874,2023-11-29,S-046,P-007,1,0
2f189605-8cb2-452f-b3e0-d76cc9fd64f3,2023-11-29,S-030,P-003,2,0
e1875434-3d27-4d82-a73e-a55f64784428,2023-11-29,S-022,P-004,2,0
a7d6ced7-4ee2-4b57-8350-f42412261c63,2023-11-29,S-010,P-001,1,0
49953486-83a7-4425-a063-8d512d4f375c,2023-11-29,S-049,P-006,1,0
3119ecec-2b60-420d-be79-08b92df77b8b,2023-11-29,S-042,P-003,1,2200
d2256963-6bc0-4e8a-b935-8ecbb710de14,2023-11-29,S-018,P-003,10,0
2bb5370d-1dca-4ebd-850c-bd2b00fcb901,2023-11-29,S-013,P-003,4,8800
edef9b6c-6895-4558-bef4-8f08bc7a3175,2023-11-29,S-007,P-006,1,0
d8da023c-d40b-4f63-9203-c7518d1a8e32,2023-11-29,S-012,P-004,1,0
a69e2451-c78e-4d74-8f82-00cd416c5df4,2023-11-29,S-028,P-003,1,0
76aee2da-db76-4f7b-bdd6-03d55ee4a890,2023-11-29,S-009,P-006,1,0
4f7f3ce4-824e-4088-8ee1-50d3a8803427,2023-11-29,S-003,P-001,1,0
5ee9bd20-5a53-47b4-8ca5-b3c81385ba08,2023-11-29,S-009,P-006,3,0
34f87e14-2bac-42cf-a7a1-d83e05771ea5,2023-11-29,S-003,P-007,10,0
2c4adec9-82a0-4733-b16a-50c05188a452,2023-11-29,S-021,P-003,2,0
a2d25da9-1556-4395-97fa-54a86e436b35,2023-11-29,S-016,P-004,5,0
da46422a-613b-4a2e-aa9a-fb1f2e3f52d2,2023-11-29,S-023,P-005,2,2100
063c4cbe-a19e-45e3-83d3-a2c033e710dd,2023-11-29,S-005,P-005,4,0
76e55a40-5a1e-46d2-acf2-cc4b18fe3d8e,2023-11-29,S-038,P-004,4,4200
55382d20-878e-4316-90c0-e0e098ac5ac3,2023-11-29,S-037,P-004,5,0
65fb3b42-b545-4044-9253-39b21aefc6fc,2023-11-29,S-027,P-003,4,0
bc88a7c6-eb95-4772-bfe8-e358d20843f5,2023-11-29,S-014,P-006,1,0
21428950-df09-4c42-8c40-bab0e990127f,2023-11-29,S-029,P-005,1,1050
d198f53d-ee0e-4884-84fb-c49b364ec7a2,2023-11-29,S-001,P-003,3,0
091a60db-1f29-407b-b828-dfc00cb1d9fc,2023-11-29,S-031,P-005,1,0
bf9e0880-37b1-419e-ad66-0c4dd1c4ad92,2023-11-29,S-015,P-004,2,0
ef916fb7-c93a-4e17-9ea6-a91149b1d96d,2023-11-29,S-040,P-006,3,0
223231e0-96e7-46e3-897d-81424bb6698d,2023-11-29,S-016,P-001,1,700
ab9f6bb1-ffa3-4dc2-861f-729815bb385d,2023-11-29,S-025,P-005,2,0
1036d9fc-72d9-4d1b-a961-b8752e49a4f9,2023-11-29,S-005,P-005,1,0
dc85b979-5213-4674-9d91-1f5c53099398,2023-11-29,S-042,P-003,1,0
b07a7b6f-2089-4b78-93e5-3ef323f62012,2023-11-29,S-044,P-002,3,0
be4c0997-253d-43f2-a389-b8a465bf32a8,2023-11-29,S-025,P-004,4,0
f9865d07-4988-4c5a-8cb3-94b9b5384e51,2023-11-29,S-046,P-007,1,900
2a205e09-0dce-45c5-adca-397ed72c78c0,2023-11-29,S-028,P-003,1,0
3258ad43-6afc-4ba4-8722-7b205ca96a6b,2023-11-29,S-002,P-002,1,0
50e97f10-30b5-42da-a9c4-c60ecc0a76bd,2023-11-29,S-025,P-005,1,0
994ee909-8b2b-481f-9331-61751a3f6be5,2023-11-29,S-026,P-001,3,0
bbd42ea9-8203-4195-bb57-0c2d5067ee27,2023-11-29,S-011,P-006,1,0
e336b349-97e9-4ea1-bb7b-ccaf5e5e3050,2023-11-29,S-027,P-007,2,0
77136f6d-6f77-4180-84ad-791b72f1e71a,2023-11-29,S-002,P-006,4,0
19d846da-2203-48f1-869b-221bf4fdcc0e,2023-11-29,S-036,P-001,1,700
b85aa473-c23a-4168-88bf-8a77b6d7e5ef,2023-11-29,S-023,P-005,2,2100
f76cff8d-0c6b-41a2-89b2-904a8669de46,2023-11-29,S-044,P-003,2,4400
fb5e7aeb-0c4a-4100-bdf5-7cdf9919fec0,2023-11-29,S-045,P-005,4,0
74adde89-c7bc-4fd6-a399-3ef1ce0e92ce,2023-11-29,S-021,P-001,1,0
4974ebb4-c2c3-4a0e-b22e-e69be0f1ffb4,2023-11-29,S-016,P-004,2,0
f8576013-6320-4f47-a227-105796fca5b6,2023-11-29,S-039,P-003,5,0
00887ef5-d74b-4a78-a604-538513fe4c1c,2023-11-29,S-010,P-005,1,0
553d2b20-2494-42c3-8b77-33b8bdd45fd9,2023-11-29,S-016,P-006,1,0
7842d764-7dbb-4a75-9bf9-f330d2c876e6,2023-11-29,S-043,P-004,1,0
350a3f10-3650-4653-a3e1-2e289e3b695f,2023-11-29,S-035,P-004,2,0
66626f29-87e0-4d21-a575-02f670cee9cf,2023-11-29,S-012,P-007,2,0
a0823df1-7d5d-448f-ae8d-60b39c331012,2023-11-29,S-036,P-007,2,0
64068f7c-4eac-4679-8ae4-55b1758a2656,2023-11-29,S-021,P-004,4,4200
8f390929-e7fa-47c9-b303-13c218cfe290,2023-11-30,S-036,P-005,4,0
2f071df3-c5c0-4d08-b8f9-a4ad5613b046,2023-11-30,S-023,P-003,10,0
0ec1c2a6-ce91-41f8-a9c4-f7dfaa538312,2023-11-30,S-001,P-005,4,0
f66638f9-03ac-461e-9090-c24444c7b174,2023-11-30,S-047,P-005,4,0
ac909726-7d38-40e3-8094-f383072e399b,2023-11-30,S-012,P-001,3,0
39207dde-6d92-45ba-b75c-c2dce4df12c6,2023-11-30,S-044,P-005,3,0
d8361fba-3e08-43ca-96d6-57e3dbd61fd9,2023-11-30,S-022,P-004,1,1050
1fc77c6e-a58e-417c-8fea-6bd1b7c41fa3,2023-11-30,S-023,P-003,1,0
d8b5f0fb-1780-4674-856f-a653f5071565,2023-11-30,S-031,P-005,1,0
b5825fe4-2712-4b12-a4ef-f3dc88646c3e,2023-11-30,S-006,P-005,4,0
8c73b254-4d84-46e4-b7cf-afc166d308df,2023-11-30,S-018,P-007,1,0
9a260f8b-1072-4d95-9c7e-52c1904266c0,2023-11-30,S-036,P-006,1,0
8682b8e8-d7f4-49c4-a570-4171282e5004,2023-11-30,S-032,P-003,3,0
66b66a93-91df-4d06-9d25-95f19a7314a1,2023-11-30,S-029,P-007,4,0
3f25705f-a15b-469b-961e-002766ed6cbd,2023-11-30,S-017,P-003,2,0
b6abb90c-3651-433d-a2a8-be45021dfeeb,2023-11-30,S-040,P-003,1,2200
89973936-6a13-4d51-9dac-9f1b6677350c,2023-11-30,S-015,P-006,1,0
66ea3f3e-31ae-42fa-8e24-28af3516505b,2023-11-30,S-038,P-004,2,2100
50db261e-7194-40b0-a421-c15eb7fd88c4,2023-11-30,S-049,P-003,1,0
4be38d71-1224-4540-9999-32c03209ed8a,2023-11-30,S-018,P-003,1,0
b1ca7d72-664d-48f5-882e-dd06f27063c6,2023-11-30,S-034,P-002,3,0
a89e0244-c0d3-4765-8b5e-a81ac5567e7f,2023-11-30,S-001,P-003,2,0
155556da-bc8f-48b1-b72c-4c75a6ac2f75,2023-11-30,S-001,P-003,5,0
efc3b1e0-9bc6-483d-bee4-f557289781e9,2023-11-30,S-043,P-006,1,0
d32a793e-5256-4387-ac60-4c3f1dda1887,2023-11-30,S-049,P-003,4,8800
eb425515-777b-4d88-8ee5-60b894492bcd,2023-11-30,S-011,P-004,2,0
76edbb74-8a9a-4da0-91f3-c3e825b0cfdd,2023-11-30,S-025,P-001,3,0
c272af22-ad89-4085-9515-85bba2cf9521,2023-11-30,S-046,P-002,2,0
84adc87a-c9ab-437f-ae15-4cd51be901b3,2023-11-30,S-043,P-004,1,0
96055e2a-3f95-4fcb-825e-1eb62d537194,2023-11-30,S-026,P-005,1,1050
a8a6ac61-d4ef-455c-94bf-71342cdcb222,2023-11-30,S-035,P-005,1,0
fb533e52-1bdb-46dd-a534-022264e9be62,2023-11-30,S-033,P-007,2,0
b69430bc-d252-4abc-8b2e-a8c7806f5547,2023-11-30,S-005,P-004,2,0
b079292a-1eef-44ce-9094-0ee2791ac775,2023-11-30,S-042,P-007,1,0
4f5c8c93-36f6-4427-8ae9-d9db56912f28,2023-11-30,S-003,P-005,1,0
dc8c7370-87ad-4dd6-9944-3d3722d17b47,2023-11-30,S-013,P-001,4,0
b60ecbb0-c2c2-4a00-a359-591d2f65b83a,2023-11-30,S-042,P-007,1,0
87eba8a7-e47f-45ba-85fd-9c9bdfe45ddf,2023-11-30,S-039,P-005,3,0
b2b6cdc9-cb4b-4e45-bfdd-a53e37b9c90e,2023-11-30,S-001,P-005,1,1050
280a0710-210f-40e7-943f-be952eee6fee,2023-11-30,S-015,P-006,10,0
59eb7cec-9e38-466b-9d58-2441ec1819b6,2023-11-30,S-027,P-002,2,0
d406b59c-dc41-4528-93ab-2f0322c44121,2023-11-30,S-007,P-003,1,0
fedc302d-091a-4173-936a-a803c9764e7a,2023-11-30,S-016,P-004,4,0
130771f6-24bf-4688-b0dd-7e9a506d4086,2023-11-30,S-003,P-002,5,0
1625db3c-86ae-4535-b94c-ccd3702fc389,2023-11-30,S-016,P-006,2,0
d1da182e-4610-4704-984a-11eaaef23688,2023-11-30,S-039,P-004,24,0
da17f9fd-6f83-4603-bf7a-637ffc0b4c65,2023-11-30,S-029,P-001,1,0
c7c77455-230c-48b6-b65b-d9f82b5fbe5a,2023-11-30,S-042,P-007,1,900
7d3b1099-4109-4404-8a64-6fb977893961,2023-11-30,S-047,P-006,2,0
999383eb-0733-4f6c-be26-44e95259fc08,2023-11-30,S-047,P-007,24,0
f70cd05a-45bb-49b6-ac78-3b1ed1cc3026,2023-11-30,S-031,P-004,1,0
fd30431f-4c74-458f-b858-cf613199ed9e,2023-11-30,S-032,P-003,10,0
c158e694-da63-4ed7-bbfc-f1b2d254c363,2023-11-30,S-040,P-002,1,0
874f7898-bf9a-4b0d-9b97-9363d6482f16,2023-11-30,S-037,P-003,1,2200
e27f0580-29f5-4675-bd74-75abef420684,2023-11-30,S-014,P-006,1,800
eeae6756-6416-4231-8241-11c566bb67c3,2023-11-30,S-037,P-007,1,0
302aed98-eda6-483d-9442-c01cc3e14415,2023-11-30,S-037,P-001,3,0
28ccd6b5-c80f-48ce-b304-d91e7487c2f3,2023-11-30,S-048,P-002,2,0
3d306b0a-cafe-48d0-aef1-fbc4a618bf5e,2023-11-30,S-017,P-006,2,0
255c93ad-ca6a-46d5-a26e-3fd6abf1322a,2023-11-30,S-050,P-001,1,700
44dc4812-f4e1-4311-a840-367386db4a94,2023-11-30,S-038,P-002,1,0
c2259497-70d8-41b7-9260-413569dca679,2023-11-30,S-019,P-006,4,3200
ec2c626e-0090-4907-8ffc-4bb72536ca60,2023-11-30,S-017,P-003,1,0
0e426a6d-e820-4b9d-b6b1-9e5f04412a8f,2023-11-30,S-020,P-007,1,0
a19f5d2b-e8fd-4c39-ac3d-8a6a79946ca8,2023-11-30,S-002,P-003,1,0
eb01206d-84df-48aa-8554-ea0a772d5968,2023-11-30,S-001,P-005,1,0
eb23a45d-34f5-4f96-b080-59d168542972,2023-11-30,S-023,P-007,1,0
9fb8fbae-3837-454a-b57b-21a569eebdce,2023-11-30,S-014,P-007,4,3600
e6f24ca8-a51c-4a0e-b04c-67c194857435,2023-11-30,S-045,P-005,1,1050
6c5d414e-3dd6-4d4b-a626-ce5f15910d87,2023-11-30,S-050,P-001,1,0
eef3bedc-0a48-4272-9271-7a52bed965a5,2023-11-30,S-043,P-006,2,1600
6aae4a87-7879-4baa-83d5-fb1681ae45c8,2023-11-30,S-007,P-006,2,0
910290a0-d877-4b13-b272-8d422c5230ee,2023-11-30,S-005,P-006,1,0
94caefcf-4008-4ffc-9f07-cffa9b7c713f,2023-11-30,S-010,P-006,2,0
a6d9fb32-a123-4ccf-b077-a6029b72997b,2023-11-30,S-003,P-001,24,16800
48ab5d1a-af95-4ab8-b73a-de19fcf69bc8,2023-11-30,S-010,P-007,2,0
840d5285-5d6f-4c35-8d33-7d4ba3bfdb03,2023-11-30,S-001,P-001,1,0
587f01ed-ccf3-41cb-a515-3f7269ed349b,2023-11-30,S-011,P-006,2,0
98aa8a6e-9af3-4590-ac3d-557279ac8f59,2023-11-30,S-033,P-002,2,1900
8abba56d-33b8-45fe-9d9a-223420af1f7e,2023-11-30,S-034,P-007,1,0
0b36142c-3fa6-4d34-89a6-f70299cb9385,2023-11-30,S-006,P-002,1,0
96836c65-d2d2-40d4-aecf-967b91e0d7a1,2023-11-30,S-021,P-002,24,0
d12c930c-7fdf-4cec-a501-9fb819b2ce13,2023-11-30,S-025,P-004,10,0
339b2003-cc97-4941-9159-725b988ad201,2023-11-30,S-041,P-002,4,0
3462551f-347d-4540-87d8-7519a2d71838,2023-11-30,S-039,P-006,10,0
0432299b-a589-405c-9b18-ba4688d6a5d2,2023-11-30,S-011,P-007,2,0
4fb12b9f-b41c-43fd-a56a-109866237285,2023-11-30,S-046,P-003,1,2200
de26b620-351f-428e-bd90-a49fa50288d1,2023-11-30,S-006,P-007,10,0
8bc52733-23ec-4961-96be-bd78e6ef67e7,2023-11-30,S-011,P-006,3,0
b272380d-51c1-4fa7-aa82-073232c5854d,2023-11-30,S-025,P-002,3,0
1000de9e-0236-4f32-8ddf-ccdbcae4e82c,2023-11-30,S-020,P-001,24,0
fce02389-1a51-43c6-b2c4-8e7b4035591a,2023-11-30,S-036,P-002,2,0
6104ec14-131a-4cbb-a6f0-52547a25524d,2023-11-30,S-001,P-004,1,0
49bbf786-c4ed-4287-99b3-f4cccc4d727d,2023-11-30,S-026,P-001,3,0
44c75388-b168-4d74-8765-dd9b7694da25,2023-11-30,S-005,P-003,1,2200
d6b3b864-af6b-4171-80b0-f2fe7705427f,2023-11-30,S-021,P-002,2,0
a84bae61-9372-48f2-bc62-2f9fb12ca3ac,2023-11-30,S-025,P-004,1,0
1a6fa7ea-530c-485e-842f-723a5fcaad50,2023-11-30,S-019,P-003,2,0
bcf26db9-4aa4-43cf-838c-53aee6bc9c82,2023-11-30,S-034,P-001,1,0
94237816-4d69-4906-8e24-b58b5298996f,2023-11-30,S-042,P-003,1,0
77fe7d4a-d75a-4631-8c6a-81feb6462bcb,2023-11-30,S-019,P-004,3,3150
1346fbfd-788a-486a-8267-665a6ed66274,2023-11-30,S-039,P-004,2,2100
42dbf439-26bb-4e81-b5d6-9124933ce2fc,2023-11-30,S-042,P-001,1,0
5206f1cc-49bb-44a6-93fc-67e44a1e1988,2023-11-30,S-040,P-006,4,0
6dd8aebc-99ab-43b3-bdcb-ce02ce8dd7fc,2023-11-30,S-048,P-007,4,3600
2d588228-3f07-41c5-bf51-19f9f92d1bb2,2023-11-30,S-037,P-004,2,0
447188a2-5015-41c6-b4cb-9dc94e99f9db,2023-11-30,S-028,P-007,10,9000
3ee38110-74cb-47c9-846c-c24d1b2f8002,2023-11-30,S-039,P-005,5,0
9667c731-be52-4bc3-9359-9158e362ebf1,2023-11-30,S-002,P-001,1,0
cc8d84ec-52dd-4df9-a0ca-65d6e7824758,2023-11-30,S-046,P-004,2,0
46c24f79-9e7d-46b5-a6a1-852d21ae5a64,2023-11-30,S-022,P-003,4,0
1d3c72fb-5d40-4b06-a405-cb50cac2c4f6,2023-11-30,S-024,P-004,3,0
66a87286-2f03-43d5-a3ae-a8b43f6b1ea7,2023-11-30,S-043,P-006,1,0
eef98ea5-09cc-42d1-af67-2b87c512ddf2,2023-11-30,S-032,P-001,2,0
fd6805dd-f159-4e4e-ab0d-6156baae2a63,2023-11-30,S-008,P-005,4,0
87b3885c-a3ed-4012-9500-05063ef05c1a,2023-11-30,S-039,P-005,2,0
e9a82f7c-3b95-4ff6-89b1-059c9a4cbcd6,2023-11-30,S-035,P-003,2,0
d8cdfee7-b405-4f48-b27c-9bb37891f89e,2023-11-30,S-010,P-002,2,0
945d9156-07ac-449e-96e8-3a206ff4827c,2023-11-30,S-022,P-004,1,0
ff283d76-9e35-427e-8ff0-f4320dd41f48,2023-11-30,S-030,P-002,5,0
2338c3d4-de89-4a7d-8137-a382f0ab623b,2023-11-30,S-047,P-004,4,0
022738ac-bba5-483f-9c1c-3d14bd113543,2023-11-30,S-027,P-007,10,9000
6af99c70-add8-4704-98ca-c62a9fa5e109,2023-11-30,S-009,P-003,2,0
a70b7031-2785-4277-9daf-a7ec2373b193,2023-11-30,S-049,P-006,1,800
c7e5b3bd-644c-44f8-8061-4d0581542822,2023-11-30,S-024,P-004,1,0
18948387-8d7f-4b1c-9990-354251d56a16,2023-11-30,S-023,P-005,3,0
8ab5edf4-2156-424a-a060-f4decad994cb,2023-11-30,S-046,P-002,1,0
9d22f3e1-ba02-479b-84fc-224169ed20ce,2023-11-30,S-035,P-006,3,0
909f6567-d14d-4055-8081-896ce4f8bb95,2023-11-30,S-013,P-003,2,0
c9aa212a-aa1d-405c-9774-fb76ad284016,2023-11-30,S-002,P-006,2,0
fc6e492a-1d21-40d8-9f7b-42334547164f,2023-11-30,S-017,P-001,1,0
01093de6-401f-413a-95ff-4312fbc9c0f0,2023-11-30,S-038,P-001,1,0
5f55e9cb-4703-4571-aedc-27504a3a1f1d,2023-11-30,S-027,P-001,1,700
0e41ff88-6d6e-47ed-bacc-f98abb042ccf,2023-11-30,S-022,P-003,3,6600
80a7cd75-217a-44ad-9d25-56e91d88a180,2023-11-30,S-042,P-007,2,0
6cf29ff3-c76b-4076-b9cf-6b6df23ccf84,2023-11-30,S-037,P-003,1,0
b18d8309-a3a1-481b-8888-63b17861b3a5,2023-11-30,S-004,P-002,1,950
c02a0c42-c82d-498d-b072-3ad1b7426629,2023-11-30,S-018,P-002,1,0
9116e1ef-3ca8-427f-a909-3824774c41dd,2023-11-30,S-006,P-006,1,800
c75bc509-e6ab-4623-8d11-a74a6b63e04e,2023-11-30,S-036,P-003,1,0
2639702e-1ce9-4a74-9036-ce9fe835cea3,2023-11-30,S-001,P-006,2,0
74d7124f-2eb4-4d9c-85a8-c02bb4f440f9,2023-11-30,S-030,P-007,1,0
37f33d82-d5b7-4c12-9284-8ee9d5139713,2023-11-30,S-001,P-005,2,2100
dc1d2a87-a056-47f2-9a7a-050831ee8471,2023-11-30,S-021,P-005,2,0
ea7896b8-365b-43ea-987a-0d93d9b29341,2023-11-30,S-020,P-002,3,0
ecb9eea3-5b7d-4a8f-aa0f-d23761f59ee9,2023-11-30,S-016,P-005,4,0
e2ee5a05-4f04-477a-9449-9eb080414ce1,2023-11-30,S-019,P-007,1,900
9de712b9-4c27-44b4-8b20-ef3091429e40,2023-11-30,S-029,P-006,2,1600
93fb1e23-f885-4ee2-927b-fc018a2f9be4,2023-11-30,S-040,P-002,1,0
1c530458-d2f7-42da-af11-f847d636ecda,2023-11-30,S-027,P-002,1,0
ad894409-5e19-4d81-b7b9-17489fac7b12,2023-11-30,S-001,P-002,1,0
75b287f7-3616-4d70-b90f-b5b540f11b1f,2023-11-30,S-002,P-005,5,0
11e5f7bc-96cc-413e-99c5-1a18b4876d4e,2023-11-30,S-042,P-004,2,0
36310e21-8179-4470-8348-2d9b4968495d,2023-11-30,S-015,P-007,5,0
c78f3f4c-c2a3-422b-a995-09d0c46c3c11,2023-11-30,S-010,P-002,1,0
a801d60a-7cb3-492a-a964-863a2c2c278a,2023-12-01,S-014,P-006,4,0
6eb5ca0d-97cc-44b7-b079-d35d1a04a130,2023-12-01,S-019,P-005,2,0
81a26ab3-27df-48d4-a194-8d258e3e7aa5,2023-12-01,S-015,P-007,1,900
fd0d9da5-bcd7-4e39-acb3-01441d274213,2023-12-01,S-028,P-003,5,0
a25c2a39-4318-421d-bd50-a9f59c1d64dd,2023-12-01,S-041,P-002,4,0
16026f7a-fdaf-4409-9f1e-f8bd593b114c,2023-12-01,S-026,P-004,10,0
6edd5958-5cb2-4f15-947d-1fd360e54b49,2023-12-01,S-035,P-007,2,0
b26a2692-2318-43b4-b2b7-5f1b92eb96ee,2023-12-01,S-003,P-002,1,0
35c991c7-bd5a-418d-baae-6c70b7ce8281,2023-12-01,S-032,P-005,1,0
2cb6e467-3f02-4e5f-ac61-99db7573daa4,2023-12-01,S-021,P-005,2,0
eabac242-bc70-4f8a-9cb7-db3974957e90,2023-12-01,S-024,P-001,1,0
dfc1d07a-b0f8-4ea8-aa62-474455359197,2023-12-01,S-017,P-005,1,0
8eaf2a1a-4b86-4666-ac1d-e24828490406,2023-12-01,S-010,P-007,1,0
ec38eb7c-b57d-4974-a0c3-d49820cdf93a,2023-12-01,S-027,P-007,1,0
2edd3447-ba28-4239-9cd5-8a1963d1a4c0,2023-12-01,S-026,P-007,1,0
8a33e196-901a-4e21-839e-30304e7b848d,2023-12-01,S-033,P-007,1,0
f23db99a-89a1-4876-a14c-071ec6bd1db8,2023-12-01,S-048,P-004,2,0
2a432833-52db-41e6-b292-2e4d49681035,2023-12-01,S-004,P-006,1,0
64fde6ca-8477-43c6-86b3-fc106044e4c4,2023-12-01,S-046,P-002,3,0
d601be08-1329-4c56-9f6e-e3b518f43181,2023-12-01,S-003,P-007,2,0
5d1287d0-9c37-4aa0-a997-4cec70dcf5e1,2023-12-01,S-030,P-004,1,0
edc4e641-09e6-4384-b8e9-faa625b5b16b,2023-12-01,S-036,P-002,2,1900
897cac89-e49e-44b7-8d14-572cbc6b7565,2023-12-01,S-028,P-002,1,0
ce6f3221-940c-4b32-860f-2840f9c35327,2023-12-01,S-049,P-002,4,0
0389a2d6-191d-44a1-a17d-5cca50788d9c,2023-12-01,S-045,P-001,2,0
d3d3303a-16f5-4304-b40d-e1d56c293cae,2023-12-01,S-042,P-002,1,0
8f0d1e1c-c39d-4027-b7bc-ac3c1384eacb,2023-12-01,S-002,P-003,1,0
358c2a7d-dd69-4a20-877d-ecaa8ec5cc07,2023-12-01,S-016,P-006,1,0
0929bf47-3d3b-4224-a6f8-c94932190d18,2023-12-01,S-027,P-006,1,0
67b78781-cf74-4018-862f-dcfbddb9d75a,2023-12-01,S-040,P-005,3,0
a5a4d0e7-17fe-4e3f-9c86-5a26a3a1cf08,2023-12-01,S-024,P-003,4,0
8b620770-d23f-4b7e-aa3e-36cc0db49fde,2023-12-01,S-038,P-002,4,0
e94b2d5e-7841-4994-82c7-abe3679c3b0d,2023-12-01,S-018,P-006,4,0
39b2e995-c78d-44db-9af6-75ae47240389,2023-12-01,S-029,P-003,5,0
00d6b243-d93b-43c5-ac11-c82efd72eb38,2023-12-01,S-037,P-003,2,4400
6f4bd130-b947-4155-aa16-566f521e91d8,2023-12-01,S-014,P-005,2,0
3283eeb6-b712-47e6-acb1-b15f6800ccf5,2023-12-01,S-027,P-007,4,0
177a78ef-e363-47bd-9529-8e594fe8be7c,2023-12-01,S-022,P-004,3,3150
6b9d84c8-38a4-4b8d-99de-f09be9dbe1a0,2023-12-01,S-003,P-004,2,0
c6dfbd4e-cf3a-4885-b13d-cc11459fbbaf,2023-12-01,S-023,P-006,1,0
c5f16e86-19ea-473c-aedf-61a910081e6c,2023-12-01,S-015,P-004,4,0
ec17f182-77b9-4186-9fe9-2217bd839fd9,2023-12-01,S-050,P-004,3,0
786302ea-2166-40d5-a9da-567bf1cc6726,2023-12-01,S-013,P-003,3,6600
47dfb220-b95f-4fd2-bf6b-897a6ecae71f,2023-12-01,S-040,P-001,1,0
6491bce9-a487-4210-a033-5b7f9f3f2729,2023-12-01,S-007,P-007,1,0
790b03e3-15e7-4eba-b4f6-9a3bc1c214c1,2023-12-01,S-001,P-002,1,950
399592e1-7aa6-41a8-9205-8a7de5d23feb,2023-12-01,S-016,P-004,1,0
e5860f24-74fc-40ec-9163-9035a3bb2073,2023-12-01,S-031,P-006,2,0
4f2c8e0e-64d9-414b-88e7-93034e11a911,2023-12-01,S-008,P-003,3,0
412d9227-4190-4b9f-a54e-0917267d9a81,2023-12-01,S-009,P-004,3,0
8be27512-9326-4bf1-af29-debbc940e942,2023-12-01,S-050,P-002,1,0
3057d825-7aee-4030-a026-49ccc2ece8c1,2023-12-01,S-031,P-004,2,2100
29f1271f-3e92-4b2e-8660-c37bc28745e0,2023-12-01,S-039,P-001,24,0
8db0c4d9-a84b-48e4-b9d5-f95b1d9f374b,2023-12-01,S-005,P-003,1,0
6324762c-a68a-45c2-a103-d421aeef95ca,2023-12-01,S-048,P-004,2,0
a9401620-affb-47b1-b439-89e4bea6ce72,2023-12-01,S-003,P-005,3,0
6d27c165-6f20-4df6-8e8c-c83a1259fe07,2023-12-01,S-044,P-001,2,0
c130dc4a-3382-4ba1-8ffc-7a1476ff882d,2023-12-01,S-029,P-001,1,0
921de8fb-da74-42b4-b36d-708b7ef5e481,2023-12-01,S-011,P-003,1,0
4e0906c2-dea5-4641-8e02-4f19ec17bcf0,2023-12-01,S-015,P-003,4,0
fb2e7b2f-041a-43cc-98df-8f9408f5b9d5,2023-12-01,S-048,P-001,1,0
f1c4b387-a018-43a4-9d94-3c9ef0f837a7,2023-12-01,S-036,P-006,1,0
650eefe5-ef1a-4906-9cd3-b03ed127cce2,2023-12-01,S-003,P-004,1,0
0e0fba86-ec6c-4396-8e0b-73afb4a28147,2023-12-01,S-021,P-006,1,0
0684bc22-d455-4ce4-9eec-28a04b94af8e,2023-12-01,S-049,P-002,1,0
9cc5f72a-c3bc-4cfb-9b32-a0238148e94e,2023-12-01,S-018,P-002,2,1900
62e283ff-0efc-4fcf-9754-60ca04ad205f,2023-12-01,S-016,P-005,3,0
c30120a0-ddf3-406f-855e-52cf4573ef98,2023-12-01,S-046,P-003,1,2200
8d4a8f8b-28fb-402c-b4ef-ce1a8bb57346,2023-12-01,S-045,P-001,1,0
906da979-93bc-44ee-a45c-0c3da711d524,2023-12-01,S-024,P-002,1,0
d561eacf-8bfa-4be0-96c7-ad2d56158673,2023-12-01,S-007,P-001,1,700
ef991c01-380a-4075-9b52-04726d39be07,2023-12-01,S-047,P-002,1,0
fd87a55e-fe1c-4886-a42d-06494092a81c,2023-12-01,S-023,P-003,2,0
fee7988b-04e9-4836-9463-2e8f119aabe1,2023-12-01,S-005,P-003,1,0
8ed4cb9a-2b1f-43a9-8055-a0ad6102fed0,2023-12-01,S-011,P-002,2,0
34d87ff4-6265-4394-8736-6f5813bbf705,2023-12-01,S-044,P-005,4,0
998b30f0-4b74-4ed9-b476-bbd9ecd367c5,2023-12-01,S-033,P-001,1,700
297884b0-8778-44d2-88f3-dab3f465f5bd,2023-12-01,S-031,P-003,1,0
4cd021d1-e2f2-486f-829f-0e8c50d07b7c,2023-12-01,S-041,P-005,2,2100
d4513ffc-19d4-465f-8505-8f275c77a7ad,2023-12-01,S-026,P-007,1,0
3677c5ed-9f57-4cf0-8bd7-7405d43c5269,2023-12-01,S-035,P-004,2,0
4f8816bb-15c8-410b-8a18-356ad090ad42,2023-12-01,S-008,P-007,1,0
32ff33a9-caf7-49ba-b012-0559e6be8ab6,2023-12-01,S-034,P-002,4,0
dc112316-e00e-4c13-a0b4-afae44fdc7fe,2023-12-01,S-036,P-002,1,0
d4937eaf-df28-44fe-9d96-e1b4667b4cb5,2023-12-01,S-039,P-002,2,1900
60a8d8b1-f854-4756-a75f-00be9eca7d9e,2023-12-01,S-050,P-002,24,0
736f3551-a958-4e52-99a2-7700d2fa75d9,2023-12-01,S-043,P-003,1,0
559d1b8d-66a3-4652-8b5b-546c45807bc5,2023-12-01,S-011,P-004,1,0
1842d35c-bb60-45f1-950d-6641b6430022,2023-12-01,S-010,P-001,1,0
dd49b35b-2177-47b5-b5b9-f1dbf5689634,2023-12-01,S-013,P-003,4,0
bb5e7e30-0976-45fd-a64d-58ff9ae15427,2023-12-01,S-049,P-007,5,0
993b8746-2688-4426-8d77-d9ba7c25970f,2023-12-01,S-019,P-002,1,0
ab7a6d76-95ab-411d-9d07-5185705325d4,2023-12-01,S-038,P-002,1,0
39dd2c1b-3d18-4cce-96a2-baf250a69dba,2023-12-01,S-006,P-004,1,0
a479dfd8-cf99-4501-89f2-7a7fdc23384a,2023-12-01,S-016,P-007,1,0
c4fd5202-91ee-4e4d-8d81-231f8e7b92e4,2023-12-01,S-006,P-001,1,0
3b94eb86-da25-4046-ba7f-d7dee13db7e7,2023-12-01,S-011,P-004,2,0
052cbaaa-a34d-4b8e-bc8e-3a62e41feb57,2023-12-01,S-017,P-007,1,0
259a94d8-317e-4431-847e-509c5bda0296,2023-12-01,S-029,P-006,1,0
06df9ef6-9259-4ba6-97ec-78978873366a,2023-12-01,S-008,P-004,1,0
070b79ac-7b2e-4f5c-9b1f-981a934a559a,2023-12-01,S-029,P-005,1,0
e360dbdb-fbd8-439e-880a-4c9a22cc87cf,2023-12-01,S-048,P-005,3,0
a6833d45-f690-441a-906c-9cb2b07be6d5,2023-12-01,S-015,P-007,1,900
aa43754b-52b5-4266-8ddd-07bd347c9d7b,2023-12-01,S-047,P-007,1,0
d3263c79-7398-44bf-8dc1-e237b006723c,2023-12-01,S-017,P-003,3,6600
d68e5a5e-8236-476d-8cf4-2316b9635dd6,2023-12-01,S-034,P-004,2,0
38904c86-e3e6-4b3b-a359-8f9fa9799c1f,2023-12-01,S-012,P-002,3,0
bba1866a-836a-4417-a288-99f6b884b5ca,2023-12-01,S-040,P-002,4,0
294daf04-88a4-446a-bc93-c4f1a6109639,2023-12-01,S-018,P-003,1,0
a81ac1da-4170-4295-b364-d25a02908a03,2023-12-01,S-027,P-006,2,0
a649a682-74f3-4c1e-ad86-56dd5027df86,2023-12-01,S-039,P-005,1,0
bb523d95-72b0-4165-9c2e-8569e06c160a,2023-12-01,S-026,P-007,1,0
b9d0b2ec-28f4-4e9d-8419-4a5e97dd127a,2023-12-01,S-001,P-006,3,2400
c5e395da-a48c-4910-82b1-848ef8a5280c,2023-12-01,S-034,P-007,1,0
8427b4b8-3d66-4d64-bf32-b8f3f5fe9bde,2023-12-01,S-015,P-003,1,0
619644ee-a4eb-4a5a-b5ff-659a61d6e834,2023-12-01,S-011,P-001,2,1400
301c92be-902a-46d9-aba8-ee965989aaba,2023-12-01,S-046,P-001,3,0
36b0e29c-0579-4049-9f78-bb19d17d6e7f,2023-12-01,S-049,P-004,1,0
e41a5226-3052-4bf9-a2b5-80bad55cc2a2,2023-12-01,S-043,P-006,1,800
2d33d762-4eff-41f7-991d-b3567440eb03,2023-12-01,S-005,P-007,1,0
d6175ceb-a2ba-41bc-9a52-2901d463e123,2023-12-01,S-014,P-003,1,0
c5ee8acd-5b45-4de3-ae83-69c8489b3409,2023-12-01,S-037,P-005,1,0
286c4f1c-fd65-483e-aaa1-8a04fa164bd3,2023-12-01,S-041,P-005,4,0
d2e47ff6-dcf0-4a20-84d3-6a708d228614,2023-12-01,S-003,P-002,4,0
e612b150-c32b-4702-a6f6-3903e64f57c2,2023-12-01,S-027,P-003,3,0
09952aea-5df1-44f7-8cc3-8c1744b2667f,2023-12-01,S-038,P-002,1,950
c946d3e6-ab0e-4deb-8388-622ca3027f5c,2023-12-01,S-028,P-005,2,0
b2544562-e949-4872-9494-836d4cd0fbd4,2023-12-01,S-044,P-007,1,900
4ec665a4-9e56-48ca-a34c-6a0a7cdaff41,2023-12-01,S-021,P-002,2,0
16f8c72b-61fb-447b-81d1-fe651dc641f7,2023-12-01,S-014,P-005,1,0
d173b195-4bee-4de8-a28a-0f7cc8011759,2023-12-01,S-007,P-006,4,3200
e5e6b8c4-6fbf-4a10-a9dc-de4f8c5b9541,2023-12-01,S-050,P-004,24,0
3ce2d4c5-194e-42e5-9317-859d49fc8eb8,2023-12-01,S-001,P-001,10,0
74141413-9908-4c99-9a4e-afc8ac6690c8,2023-12-01,S-044,P-003,1,0
20238a86-b9a5-44a4-bfd3-3570572d11c5,2023-12-01,S-009,P-001,1,0
e206e537-ac8e-479c-a569-fa29804284fe,2023-12-01,S-026,P-005,2,0
c66dce3a-6012-4e65-ad59-80152e7552a1,2023-12-01,S-034,P-004,10,0
124c3e88-bbfe-4753-8dd5-7005431f4812,2023-12-01,S-009,P-004,1,0
c6eb591e-b09c-47cf-a109-1efe252104ef,2023-12-01,S-044,P-004,1,1050
78003564-fbe2-412f-8db1-a5eb88048328,2023-12-01,S-007,P-004,5,0
a56fb7b8-fee4-4030-b9f7-75bae2786bff,2023-12-01,S-022,P-003,4,0
ee341219-3209-42a8-818a-5aee896e3294,2023-12-01,S-032,P-005,2,0
d17bfc4a-9910-43f8-8e42-011593ced634,2023-12-01,S-001,P-003,1,0
daf63a75-16b7-428b-ba1d-b0f84d845ee7,2023-12-01,S-022,P-007,3,0
c0fbf08a-4c70-4ff0-8e37-5d46006bc8e9,2023-12-01,S-048,P-005,24,0
b0d2d6fd-a525-499a-9f7e-99170a0900f3,2023-12-01,S-006,P-007,1,0
2f3387e5-8e0b-4037-8116-bf77d46c9a57,2023-12-01,S-008,P-006,1,0
16cd72a5-b96f-402b-9f45-71f7dda2cfe1,2023-12-01,S-041,P-002,1,0
85223f88-7eca-4f85-a01a-bac14366ff72,2023-12-01,S-022,P-006,1,0
50fc4231-0dbb-4084-8889-cb4832bb76c8,2023-12-01,S-011,P-004,4,0
abb35ad4-2f2d-40df-ba5b-fb58dc65a964,2023-12-01,S-032,P-005,1,1050
150be8fc-75ac-4123-b871-5667bfc0d2fa,2023-12-01,S-027,P-005,3,0
6d736c65-1f42-4111-94fb-972ea3ad153a,2023-12-01,S-022,P-004,1,1050
06c8e623-7c0f-428b-ac33-39c5ade02eb6,2023-12-01,S-017,P-006,2,0
09bb054f-8f02-44bb-8703-b0b17a075a51,2023-12-01,S-036,P-001,2,0
8edd3b1f-c09f-48bc-96f5-857d51bf8ca7,2023-12-01,S-023,P-002,4,0
822d50ea-af9a-4703-873a-d876a593dc44,2023-12-01,S-046,P-002,5,4750
6570101e-d50b-4ea9-937f-ba3056344dd5,2023-12-02,S-001,P-002,3,0
147b61ac-149b-450a-b834-19f8bc79b491,2023-12-02,S-019,P-007,1,0
ed844c70-780c-4941-a90f-257cf6fea478,2023-12-02,S-013,P-001,4,0
c6060055-d1d4-4ac0-b3bd-64899dd19730,2023-12-02,S-030,P-003,1,2200
40077df4-ac96-4dfd-8453-10d9352d91c4,2023-12-02,S-049,P-001,1,0
8b02266d-c3c6-43cb-8d27-84b9059896a7,2023-12-02,S-002,P-005,4,4200
1292aae1-2f84-4771-b50a-5119e3ddbb34,2023-12-02,S-047,P-007,4,3600
edbe80f3-366f-41af-bce3-b4b260b58854,2023-12-02,S-034,P-004,1,0
49b816d3-b491-4467-b99d-5e93c60122bc,2023-12-02,S-016,P-007,4,0
f47a91be-c6d5-4271-92b3-b6765a41b989,2023-12-02,S-036,P-006,2,0
ceaa617a-a169-40d7-993f-8c3008993c4d,2023-12-02,S-025,P-007,5,0
dfae861c-dee3-4e5f-93bf-10b9eea18208,2023-12-02,S-011,P-003,1,0
968dba3f-a833-40ce-bc20-eee917f90d5a,2023-12-02,S-010,P-004,3,0
b64d2366-bfcd-4a28-a173-d6d5d2de2841,2023-12-02,S-022,P-004,4,0
d823e8bf-be7c-4c21-a004-b504668ce4dd,2023-12-02,S-045,P-005,2,0
10108c15-0e3f-4a64-9bb6-97a5257c12a4,2023-12-02,S-013,P-001,1,700
f91790a6-8f7e-4734-b467-de8162e2afc0,2023-12-02,S-032,P-002,1,950
2759ca28-2b16-4a6b-b79f-9b21139c54e4,2023-12-02,S-040,P-006,1,0
8fa42744-a331-4b38-b374-88e1167b08d9,2023-12-02,S-020,P-006,4,0
ed112ec9-173d-4de1-8db7-318d51a0be35,2023-12-02,S-043,P-006,4,0
52d4ce4e-daf5-4070-8e25-3a6bdae2f9b5,2023-12-02,S-016,P-006,4,0
947b931a-b973-4774-9788-7d8e0cd3f78d,2023-12-02,S-050,P-005,1,1050
8e198863-a2b2-4b08-a60a-8e02192c17e9,2023-12-02,S-021,P-005,1,0
bad4d191-46c3-4605-be9b-05257dab3b0e,2023-12-02,S-027,P-005,1,0
80ebafce-6b74-45f0-a7b1-8401d4a92f20,2023-12-02,S-043,P-004,5,0
b9ad5b64-36c2-4540-896c-10ef71a459ea,2023-12-02,S-049,P-003,1,0
79297f4b-f322-4bd2-96b0-111282a2b50a,2023-12-02,S-016,P-001,3,0
62801b05-7d57-4f3d-be37-228208db6a1e,2023-12-02,S-013,P-004,4,4200
b1acbc5d-23fc-4327-9619-9015f9cfc2a9,2023-12-02,S-041,P-006,4,3200
d92d1306-c298-44a1-8614-bd4e905a82f5,2023-12-02,S-004,P-007,1,0
a2a48aef-4667-4df9-b177-45f14de5276f,2023-12-02,S-001,P-005,1,0
21926973-041f-465d-bd33-dfe2acb876ef,2023-12-02,S-049,P-006,4,0
1bab00cd-b6fe-49f0-8b26-9ae83eb4af33,2023-12-02,S-032,P-001,1,0
30523367-3ee6-44ff-b311-28430762b47a,2023-12-02,S-015,P-005,2,2100
f5a949bd-2a45-4d24-bac5-df69e0bc48ac,2023-12-02,S-013,P-004,10,0
1e4b1302-192b-4058-9e8d-cab09684073a,2023-12-02,S-010,P-003,10,0
cafd2503-c1c0-4e23-8bb4-18a721d2c2d9,2023-12-02,S-010,P-002,1,0
54564cf0-f052-4f84-8b92-424470099d3f,2023-12-02,S-038,P-005,3,0
1add75a8-d1da-4830-81fe-1c0e7f2aa00b,2023-12-02,S-037,P-002,10,0
1c4d54e5-7790-4c9c-9d73-6076f01e2bc7,2023-12-02,S-041,P-002,4,3800
e0c0dc5b-053a-4b52-9fe6-70828ad4deb5,2023-12-02,S-048,P-005,1,0
106893c9-7123-420d-98e4-4742ad4f7d1f,2023-12-02,S-042,P-001,2,0
7020e7ec-c4fc-4482-82b8-b36cbb32b9af,2023-12-02,S-048,P-002,1,0
7ad51373-479f-4689-9d07-5889a4aa33cf,2023-12-02,S-006,P-005,1,1050
da64677c-0f06-4e6c-adb1-fc56d501e3fb,2023-12-02,S-035,P-007,4,0
dae53c74-9112-4da9-8f04-02c5d571c012,2023-12-02,S-013,P-002,1,0
cb926c05-f2b1-449e-9aba-26d4c780b27f,2023-12-02,S-018,P-002,3,0
880badd8-4bfb-4b92-be39-d48e6cfbc778,2023-12-02,S-030,P-003,2,4400
724143bb-a775-4006-9605-b3f011b77a48,2023-12-02,S-033,P-002,1,0
afbab913-1693-40ae-9a7d-33058e5d6f8f,2023-12-02,S-037,P-003,1,0
0dbcb284-d91b-47fd-b06f-57aacab875ad,2023-12-02,S-009,P-002,1,0
4f49d937-f72d-4378-9d55-1b9dae573747,2023-12-02,S-018,P-002,1,0
59de993a-a56d-4b83-b798-2edd083dd517,2023-12-02,S-043,P-005,2,0
e68f738d-0b30-4c8c-b7e1-d87a7afde46d,2023-12-02,S-002,P-007,1,900
31fd955a-755e-459d-bedb-1ce55707adcf,2023-12-02,S-036,P-001,24,0
5c89ac60-94e7-44fc-89cb-f045911a5580,2023-12-02,S-043,P-003,4,0
a56e5366-b17d-4895-bcd3-285b449c293f,2023-12-02,S-049,P-002,1,0
55dbfd29-bbf6-43f0-a5aa-24da983fed8d,2023-12-02,S-022,P-005,2,0
8f533c30-440a-4e0e-b095-87abd609374b,2023-12-02,S-038,P-004,3,0
811f91e6-3826-488c-b4f8-08d19525cfd6,2023-12-02,S-019,P-001,2,0
dceefc82-9804-4de9-850b-b0ff44346e33,2023-12-02,S-018,P-003,1,0
cee113f4-3c28-4e37-9985-c9ea8ef56612,2023-12-02,S-040,P-007,4,0
ccefab22-fa69-48d0-981e-15941003175d,2023-12-02,S-039,P-005,24,0
076bb070-3e4f-4de6-8acb-7da4121e507c,2023-12-02,S-021,P-002,1,0
a36e4cf1-7e79-4e38-b39a-df1a5b4a194f,2023-12-02,S-041,P-002,5,0
66aecfd0-9d1c-43e7-ab6c-fc5d534c4c3a,2023-12-02,S-017,P-005,1,1050
0f611384-5291-4028-8965-0b0f8e39fbed,2023-12-02,S-046,P-004,1,0
4c09c029-1b97-4fcb-857b-f4e22b65e2a2,2023-12-02,S-025,P-006,10,0
2648c6b2-25f7-4821-9517-e0f8ce80d60b,2023-12-02,S-027,P-001,1,0
eb182088-43b6-4b7e-888a-2ab6d27c3ce4,2023-12-02,S-049,P-001,1,0
5d1e95a7-db32-436f-aa62-60120e006754,2023-12-02,S-020,P-002,1,0
d79b961b-4cb1-4d44-ae98-75ab104c88be,2023-12-02,S-023,P-006,1,0
368a7fb3-2a53-4185-ac34-fc03f812be18,2023-12-02,S-019,P-005,3,0
5f2ac47e-aed0-48c8-aaf2-e3aaab86f09a,2023-12-02,S-025,P-001,1,0
f7b81b83-780a-42b8-87a8-d2401c3e1244,2023-12-02,S-016,P-002,1,0
983f0103-7865-463b-9cbf-c0bc30ba0b8c,2023-12-02,S-031,P-006,2,0
3c45a534-21cc-485c-aae2-7ffce691c1d1,2023-12-02,S-004,P-002,1,0
cd778697-7209-4a5d-af73-8904e2f15792,2023-12-02,S-016,P-002,1,0
f85a3398-a6a7-4ab1-97f5-3b701cdec706,2023-12-02,S-009,P-002,4,0
f3fc46c7-a709-4a2e-a001-610932d1ce1e,2023-12-02,S-006,P-002,2,0
63fb7b52-1667-41f6-950e-7418c7dd743e,2023-12-02,S-015,P-007,1,0
e8fb87bb-7cf6-45c8-ae11-f7c2bca327c3,2023-12-02,S-023,P-005,1,0
cb69219d-c382-4d1e-a726-0908943a1775,2023-12-02,S-002,P-005,2,2100
4ea602d1-5de2-45d7-92e0-e32883b47ce6,2023-12-02,S-019,P-001,1,0
895745a7-6789-40af-b248-6c8d1704a990,2023-12-02,S-034,P-004,2,0
2cbd66c3-0247-40a6-8f94-cbb65839faa6,2023-12-02,S-028,P-005,5,0
9d4ff6a2-d07a-4dd0-9f42-dc8a9f7f1f4d,2023-12-02,S-008,P-006,1,800
63027b57-01e5-4b2d-8c55-299456360058,2023-12-02,S-039,P-003,1,0
5f4faf71-4088-4638-b383-f978c9d6cec5,2023-12-02,S-004,P-003,1,0
63a56b95-475c-45ae-b2ea-cc1e06415ddf,2023-12-02,S-003,P-007,5,0
785d2ba9-f959-4f24-8898-86ae7e5c19b8,2023-12-02,S-048,P-001,1,0
d2af686d-bce8-4f57-ba44-caa954d65e33,2023-12-02,S-035,P-001,1,0
dbaf33c7-6ce1-4859-a466-cbbacaa6b888,2023-12-02,S-012,P-002,1,0
179643d4-364c-49bb-aee3-ec2ab170d3ad,2023-12-02,S-017,P-007,2,0
2fe6b0cd-39cf-4e38-a9c6-880cf19f7307,2023-12-02,S-037,P-001,3,0
76fdadce-5d21-4b6d-b8b2-5bb24626b73f,2023-12-02,S-036,P-006,2,0
bc30a365-ad84-40a4-8465-8c8e17b6675b,2023-12-02,S-019,P-004,1,0
fb367e0f-98c6-4d53-87ed-ef8c06cbf390,2023-12-02,S-010,P-006,1,800
0d1cc109-3348-438a-8f5b-f5456be2f339,2023-12-02,S-017,P-003,2,0
0fdef671-6926-4f0b-acdf-83c72fefffea,2023-12-02,S-002,P-006,1,0
950a2d81-bde1-4fe8-8385-54d59e41d961,2023-12-02,S-011,P-007,1,900
74c1aa42-c3bf-4fde-b3b9-a0c6b54b7d80,2023-12-02,S-001,P-001,3,0
82640d86-661c-4632-a5dd-0689037d9590,2023-12-02,S-004,P-001,1,700
f89ac101-7a1d-4ca7-99ad-de825ec53ac2,2023-12-02,S-038,P-005,3,0
22b9951e-5209-4f88-996e-cea9305a3bbf,2023-12-02,S-026,P-002,1,950
94ba147e-cb79-48c6-9427-e526e16d8c1d,2023-12-02,S-022,P-004,2,0
06dadafb-8647-44b5-9f99-1c6c0cc92514,2023-12-02,S-034,P-003,3,0
86ac1c0e-69ee-42f7-921d-88da72e4aa8d,2023-12-02,S-003,P-003,1,0
ddd3c6dc-8b58-4349-be25-679e94d705d5,2023-12-02,S-015,P-004,1,0
ded34b67-e53b-4e4d-88e1-d62e8192402b,2023-12-02,S-021,P-006,2,0
754f3e73-44c7-4f8e-b293-8321bf044832,2023-12-02,S-029,P-004,5,5250
86f9ab31-5074-4b7c-b6cf-7cabb34e963b,2023-12-02,S-023,P-003,3,0
79147eed-62fe-4a89-979d-52188ee0a92d,2023-12-02,S-047,P-002,1,0
c0f98955-579b-4c4c-84ad-bb6f3f355864,2023-12-02,S-001,P-005,1,0
846d3205-273f-4d05-9d66-03b4c82dfae8,2023-12-02,S-043,P-001,4,0
83f55367-10ff-4ef7-9891-6b213aad6f2f,2023-12-02,S-014,P-006,2,0
58b0b1d2-03f3-4b30-ae12-b36f99bacd24,2023-12-02,S-041,P-001,2,0
cd1d430f-0b41-454f-9e6b-ff3e938b8197,2023-12-02,S-038,P-007,1,0
da225eb4-faac-4fa0-85c6-06f44ed63dc3,2023-12-02,S-005,P-005,2,2100
7145cf80-e371-4d23-ab4c-5335753ede09,2023-12-02,S-012,P-002,2,1900
3dbd3090-9ac0-403b-94f7-9fb8c7be8449,2023-12-02,S-039,P-007,1,0
1116d008-5d10-469a-854f-6e5cbbfa2345,2023-12-02,S-018,P-005,2,0
46773e6b-feec-4b5a-af26-36dc6f25b6db,2023-12-02,S-041,P-002,1,0
728291a8-d4d0-4f56-a500-4aee675c2e85,2023-12-02,S-043,P-002,1,950
35a8a480-b3f8-42e1-8645-cbacd5fe0455,2023-12-02,S-035,P-006,2,0
8ffe845a-5db5-4000-b7a2-495eea2da8ea,2023-12-02,S-019,P-002,1,0
b369fb1c-51c1-42fa-9af4-e880ac0a3702,2023-12-03,S-001,P-005,1,0
3883c915-7dcb-4028-b45d-26476e7901d6,2023-12-03,S-037,P-007,1,900
49619628-bb18-4342-a9ca-5a15eb080ab3,2023-12-03,S-020,P-005,3,0
cc4b5d7b-c607-4245-974b-76da71d54a58,2023-12-03,S-004,P-003,3,0
7a8bab7e-e1b7-4c46-9e0e-f4539dd13339,2023-12-03,S-026,P-007,1,0
e7070a23-c0cf-4527-aae0-7a8ad1a10eef,2023-12-03,S-041,P-005,4,0
49b02abe-54a4-4b00-8c9f-272a3e7c6dbd,2023-12-03,S-033,P-002,1,0
8035d91f-a562-44b4-a00c-334f8e9d4b2c,2023-12-03,S-025,P-006,3,0
8bae6164-a91b-4223-b93c-0d46c52d4071,2023-12-03,S-045,P-001,2,1400
64279477-373b-4cd8-89aa-129033ff256e,2023-12-03,S-006,P-007,1,900
e43323a1-8583-4f7a-a219-60155dc627a7,2023-12-03,S-007,P-006,1,800
a824af2b-f56b-4f88-b6cc-e57138bc9130,2023-12-03,S-013,P-001,1,0
d77a162a-f908-4b9e-a8e1-cc6fe1c513e7,2023-12-03,S-015,P-007,1,0
29b453fb-306f-469c-9846-6ac9c707fc1d,2023-12-03,S-042,P-002,1,0
7c540b4f-0e63-47d3-845d-40ca117e984b,2023-12-03,S-026,P-006,2,1600
c9e2ad39-0205-4851-949c-e9c480833f0c,2023-12-03,S-033,P-001,1,0
937e1720-1f97-4d73-87db-917fe7712a7a,2023-12-03,S-047,P-007,1,0
f5275efd-4715-46ff-8ebc-cc400beceefa,2023-12-03,S-036,P-007,1,0
74c5be27-7181-4fb2-8d90-18dc4eaa69e0,2023-12-03,S-013,P-006,1,0
7e7696f3-4612-4f22-9777-0433105ba607,2023-12-03,S-022,P-005,1,0
6bc97216-d33a-43c3-bc84-bca164fcfa6b,2023-12-03,S-003,P-005,1,0
0ebd6883-802f-4ffc-87d7-b0929650e030,2023-12-03,S-017,P-001,1,0
701c85a6-df4e-4719-85dd-772badbc01ae,2023-12-03,S-032,P-007,1,0
5d9b1c7b-1663-43ab-bd02-478f1173586f,2023-12-03,S-001,P-001,2,0
bb6cfe70-2e89-4c84-b4c0-9a86c9c76b3a,2023-12-03,S-041,P-006,1,0
a35b826c-9406-4423-91c1-21a3008649e5,2023-12-03,S-033,P-004,3,0
d4f880ba-3c3a-49bf-9c69-bb97ad12c6b6,2023-12-03,S-002,P-004,2,0
3d79e1f8-523c-41ab-85f1-e2d7e93fc173,2023-12-03,S-050,P-003,4,0
3c24eae0-5c1e-4e1b-8ac3-491f65140c4c,2023-12-03,S-002,P-007,1,0
ff99a835-d983-42d3-9cbe-5940915437ed,2023-12-03,S-047,P-005,1,0
992ff350-ca54-4f26-9dfd-98ef7d1745de,2023-12-03,S-009,P-006,3,2400
873f6a41-38fc-413f-8ed9-68220c575343,2023-12-03,S-030,P-007,1,0
1f82386c-f0cd-426a-88bc-c3a9d8af1fdc,2023-12-03,S-046,P-002,1,0
8391eb57-54a5-4415-9a1b-26be0605dbd0,2023-12-03,S-038,P-007,2,0
c665429b-a20f-4f91-a276-83a91728a4db,2023-12-03,S-030,P-001,4,0
af56fd27-34be-4cc9-986a-7e7a716e3d4c,2023-12-03,S-030,P-004,1,1050
f65d5e16-c1ab-4864-99f8-ae38b0cc713d,2023-12-03,S-025,P-002,1,0
2de9c87c-1a4c-4d59-840f-3bf0cef473a5,2023-12-03,S-048,P-002,4,0
f60ae2a5-025a-48da-a6f4-78433b38a7bd,2023-12-03,S-023,P-004,1,0
75b753b4-44f9-4bef-aa22-8568119db208,2023-12-03,S-044,P-002,1,0
96c0ede6-ae1b-4def-ab45-81c09a75b9ec,2023-12-03,S-011,P-006,1,0
d92bc9bf-04df-48af-89cc-0d8cef922dca,2023-12-03,S-033,P-006,4,0
6b607a44-74e9-4842-b889-e29b5e8c3b5a,2023-12-03,S-009,P-001,3,0
4413b8e8-47e8-475f-bb7a-1506d079ffb8,2023-12-03,S-040,P-005,1,0
24a99366-8109-45bc-9445-33f6ee2d1d8c,2023-12-03,S-025,P-004,1,0
5a38fe51-490b-489e-9d4a-3945398e3b78,2023-12-03,S-029,P-006,1,800
2e4582d5-1dd4-4889-80b6-fb2d3f69d798,2023-12-03,S-014,P-002,5,0
7e0792ac-246b-4320-9aed-8bd8202146c5,2023-12-03,S-011,P-002,1,0
d101aec3-8809-4b60-8962-e9e318052039,2023-12-03,S-034,P-007,2,0
4beb934d-20f1-4a96-93ab-efeb67b8dba4,2023-12-03,S-033,P-005,1,1050
acc0809f-7a90-4b73-bced-aeb9613850a1,2023-12-03,S-025,P-002,1,0
244916ef-a6eb-4460-9264-d43a083effea,2023-12-03,S-004,P-006,2,0
09dafc82-dadd-49a7-97a9-9545de355a94,2023-12-03,S-047,P-003,1,2200
c6c76181-0208-4f96-b92f-f84b39872ce3,2023-12-03,S-004,P-004,1,0
a6cf86ab-7596-49fc-a881-5818ae8cd2ae,2023-12-03,S-011,P-003,1,0
8d1ab596-bed0-4dd2-bd09-5398db9480c2,2023-12-03,S-032,P-001,5,3500
b849dfd9-f0dc-4a48-a83a-e3ec1a1fb114,2023-12-03,S-014,P-006,2,1600
dcf983f1-9ad8-49d9-be4b-b20d4fd62fee,2023-12-03,S-043,P-004,1,0
07fa13aa-76ff-43da-88da-4806bdd44790,2023-12-03,S-047,P-006,5,0
9842e813-4cb4-488b-8e91-9bf2da875109,2023-12-03,S-041,P-007,1,0
40f5eaed-23fa-44c6-8731-8f7a58151a82,2023-12-03,S-018,P-007,1,0
18297435-d222-42a7-9177-9354b9f1f752,2023-12-03,S-023,P-003,5,0
c5f63141-a84f-405c-b774-3bb0d9946f9d,2023-12-03,S-016,P-004,1,0
18fbc093-b7f3-4711-86db-e89cdf933db4,2023-12-03,S-044,P-004,1,1050
e3c40974-7201-40f2-b05e-ddda27a7e762,2023-12-03,S-023,P-004,4,0
e0018ad4-1dee-412e-a2c2-1088ea0df316,2023-12-03,S-031,P-007,4,0
da342bc1-d1d5-40d0-ab92-f8d45e0624ab,2023-12-03,S-032,P-005,3,0
a89de95c-47bf-4b1b-9ccd-bc95d7f18880,2023-12-03,S-007,P-005,1,0
cf5aab61-615f-450a-bfff-2376a20935c4,2023-12-03,S-029,P-007,3,0
977832a1-bfdb-4bf5-ae30-e8a1346558bb,2023-12-03,S-032,P-005,1,1050
d605c411-773a-422c-96de-3f3a7d03c01a,2023-12-03,S-011,P-005,1,0
b83c7535-1867-4f34-b6ab-895d1e77946f,2023-12-03,S-006,P-002,2,0
b26130a3-7c66-498e-8a5d-20fb12f92600,2023-12-03,S-006,P-006,1,0
97be5a46-ca2d-4789-ad1d-ab0af6694963,2023-12-03,S-035,P-001,1,0
ccf533a9-1037-481a-92d4-34d9df0f3729,2023-12-03,S-022,P-006,3,0
fc15b8a1-cfe2-4886-a7d6-561c7579a11b,2023-12-03,S-001,P-004,4,0
ca9b263c-6652-4b2f-9a51-93eadaeb1ec7,2023-12-03,S-038,P-006,5,0
7ba6753a-1376-4891-be03-e0115b2488f3,2023-12-03,S-027,P-002,1,0
6daaa92e-117f-437a-9c69-72b0e72f379b,2023-12-03,S-038,P-001,2,0
a311f888-87a7-4f64-bf63-293539d94251,2023-12-03,S-007,P-004,2,2100
2f044561-e1f9-4eb9-a056-9d0d23d0b80b,2023-12-03,S-041,P-007,5,0
5031b745-0ff7-45e8-895f-4f0727cba293,2023-12-03,S-043,P-003,1,0
daa7355f-8a6d-4bff-8fd0-401fdeffd75e,2023-12-03,S-012,P-007,1,0
b66a861d-cbf8-4730-af81-0fb5aae3a6b1,2023-12-03,S-010,P-001,1,0
5fb26788-1972-47cc-97cc-ef9b9673b269,2023-12-03,S-046,P-002,1,0
6ea69410-7bb0-424b-8418-5e6a2b47bd63,2023-12-03,S-042,P-007,2,0
3b1fdd15-ab12-43a6-9bed-eed21e099d06,2023-12-03,S-027,P-005,1,1050
97c2d7f7-3058-42fe-bcf4-03a9cc1d8eed,2023-12-03,S-007,P-004,1,1050
de128e6e-a820-4f25-a063-68554184670a,2023-12-03,S-005,P-002,10,9500
1f6a1708-c618-4e2a-933b-a68382846fbb,2023-12-03,S-048,P-004,3,0
2e961108-7a90-49e1-b949-5f659064a6b8,2023-12-03,S-005,P-007,2,1800
e17fcaf2-deba-40ce-8f9a-2e72d123a8a1,2023-12-03,S-043,P-006,1,0
2fd012ba-423f-4df2-869a-6d7627f1acfa,2023-12-03,S-035,P-007,1,900
aa998962-0b0e-4fb1-84ff-203d3183e6ea,2023-12-03,S-023,P-007,1,0
2651d7d4-ae79-4be8-914b-8db139e3818f,2023-12-03,S-013,P-003,5,0
e93e75fc-56b0-492d-be93-8dbab0e2c644,2023-12-03,S-049,P-003,4,0
c2782e76-4878-484a-8eb0-13d016e231a9,2023-12-03,S-017,P-002,1,0
a7c7a4ff-6767-4b39-825c-7a657ae43632,2023-12-03,S-049,P-005,2,0
cd30bf1d-78f4-4dfb-b9c1-b9cecc2e4c5e,2023-12-03,S-012,P-005,3,0
ea71bc1c-a3af-4ebb-ad73-bfa124ae40a1,2023-12-03,S-044,P-002,5,0
fd4f5b95-805a-400d-b72b-1cde0e002257,2023-12-03,S-034,P-001,2,0
f23307af-a40d-45f8-b66d-79240ba3990e,2023-12-03,S-045,P-003,1,2200
0c72076b-0ec2-46c7-8e99-20650b8419f6,2023-12-03,S-006,P-003,10,0
fb81206e-a204-43b8-9d1c-0bb3b51c624a,2023-12-03,S-047,P-007,1,900
1b0f24bc-ca40-4e9f-b20c-ae8f3407bde1,2023-12-03,S-047,P-006,1,800
298e1b64-a3a2-42c1-b36f-a44f64ca318f,2023-12-03,S-050,P-001,1,0
33ae8ba4-9bdb-4065-b1d1-4883c89cd130,2023-12-03,S-002,P-003,3,0
e315b4f3-71d6-4e22-9810-e0e6836d6e3d,2023-12-03,S-018,P-003,2,0
9a9f8975-2d7c-4e61-84d6-14fc4070035f,2023-12-03,S-035,P-007,1,0
4ae54cdc-7500-4b5a-83f0-1567a2d3c851,2023-12-03,S-006,P-002,2,0
048a82f8-afe0-43f8-bd19-ace4a08f6c0c,2023-12-03,S-045,P-006,1,800
e42886b2-e41c-4d80-900b-68c33c5e14e4,2023-12-03,S-034,P-004,1,0
dcf37f43-24ee-440e-8cd8-2162dbe0a32f,2023-12-03,S-004,P-005,2,0
53cb1582-ec99-4b67-8ca1-b418d4455acd,2023-12-03,S-029,P-002,3,0
de5b321f-5334-42b5-8ab9-c437a9533b8f,2023-12-03,S-022,P-003,3,0
0d1faaef-5e8f-4da1-b823-647ab319b0b2,2023-12-03,S-007,P-007,2,0
32931263-b2ec-4caf-b392-a4fe8d133c0d,2023-12-03,S-013,P-007,1,900
c98f5430-010b-47e3-867f-851fc74a2098,2023-12-03,S-018,P-007,2,0
4f952e15-1e3e-429a-9bfc-36f66e41c0e6,2023-12-03,S-029,P-002,1,0
d6f998b9-75b3-4a7f-b424-0379f5966eb5,2023-12-03,S-018,P-005,2,0
d886b574-ba74-4fbb-91d4-a6a88098d29d,2023-12-03,S-006,P-007,1,0
93b87c99-6e54-4686-9e4e-7940e1b1801b,2023-12-03,S-026,P-004,4,0
33e4ac67-cb7b-4338-9cbd-4e0af5be635d,2023-12-03,S-045,P-002,10,0
a31a1a90-b258-4473-9182-c8d5540dccd5,2023-12-03,S-003,P-001,4,0
11b59456-0c5a-4763-908b-1282283398fa,2023-12-03,S-015,P-002,1,0
c5fdb225-5216-4c2d-b446-998a6ff8e602,2023-12-03,S-022,P-005,4,0
73d2d499-bb97-42ef-9664-69b8676c85f0,2023-12-03,S-023,P-001,1,700
302908bf-ec20-43eb-901b-082b1bcc6b17,2023-12-03,S-023,P-002,3,2850
0b2750cd-034c-4161-868d-70b3aa354a67,2023-12-03,S-021,P-006,1,0
baa618ca-73ee-4e29-8abc-d7ab89495888,2023-12-03,S-015,P-003,2,0
7ab4b66e-626f-4876-a66e-3a99b59321ab,2023-12-03,S-041,P-004,1,0
e7164910-b223-4188-8c27-dafe53ad0658,2023-12-03,S-049,P-005,1,0
48b7d39a-cfc0-41b8-a394-a4d9769e10a5,2023-12-03,S-028,P-002,3,0
659d9507-8096-40da-8a3c-f104a6d0c15f,2023-12-03,S-041,P-001,1,0
42d2ec56-3cfb-4b65-ab42-446c81e9a89f,2023-12-03,S-006,P-004,1,0
fdd29cc6-9e97-475b-82ef-aed5fd9923ad,2023-12-03,S-004,P-003,1,2200
e4cbf7cb-3779-48b2-ac9d-fe626cb7a44e,2023-12-03,S-030,P-005,2,0
47688d18-a971-49ec-a601-69c5aa07aea3,2023-12-03,S-029,P-003,1,2200
f462287b-fc6f-42c3-97de-5315f8279751,2023-12-03,S-025,P-006,1,0
7daa932b-88a9-47e1-9730-3e429fe7fd16,2023-12-03,S-050,P-004,3,3150
dec07e82-f0e4-41f6-8da1-bb9df0fbdee2,2023-12-03,S-043,P-006,5,0
479dd311-ed9e-403e-bc95-d5d4bed4a2b8,2023-12-03,S-004,P-004,4,0
7b12170e-cf67-4ef2-8e06-6e70245be31d,2023-12-03,S-019,P-003,2,4400
c819366a-06f4-4f06-926e-da2dd141e8c6,2023-12-03,S-026,P-005,1,0
b9f8b689-a0f1-4b07-b723-0a803954cb68,2023-12-03,S-038,P-006,1,0
ec6d3a7f-7dec-4328-975f-46527bd47379,2023-12-03,S-038,P-002,2,0
0710bcea-a95f-45f2-8bc5-e56bfa9296dd,2023-12-03,S-032,P-003,5,0
2546dc08-5a09-4a1e-855d-fbf08adbcd01,2023-12-03,S-035,P-005,2,0
2624af5d-c4f0-40ed-818a-a5e2572163e7,2023-12-03,S-020,P-007,1,0
0f2c6f29-8e9c-47b8-9666-a50f3218a860,2023-12-03,S-015,P-001,1,0
0d502ae2-6f1b-4251-a795-7cbb63900953,2023-12-03,S-009,P-005,3,3150
34c1201c-0bf4-44fa-aa2d-afc31ba5295b,2023-12-03,S-015,P-005,1,0
c2dac1ff-4508-4e9b-b439-cd07a89bd655,2023-12-03,S-035,P-006,4,0
cc34384a-07d4-4125-87e4-1641f448c68b,2023-12-03,S-013,P-002,4,3800
7359e9f0-4a7f-4284-a8b4-7fd2ef233f4e,2023-12-03,S-047,P-004,3,0
c78fe738-ebe8-4efe-99ca-fdeda3a4dfdb,2023-12-03,S-020,P-004,1,0
4c443042-5440-4739-bc1f-ab0f00514521,2023-12-03,S-040,P-005,3,0
abdb6afd-0b79-40cb-a4a1-47d7e6f954d9,2023-12-03,S-001,P-004,2,2100
49accbb3-f937-4fca-8df4-8c1ca00885f3,2023-12-03,S-019,P-003,4,0
5949a22f-885f-4ef0-ae8e-f75e5ad716ac,2023-12-03,S-004,P-005,1,1050
2ee4a6a8-ab11-4947-ad97-3e0b7ed819f2,2023-12-03,S-030,P-001,2,1400
7c37af1b-c7e7-4669-9b0e-5c967c821b4a,2023-12-03,S-024,P-005,3,0
c3ecffcf-db32-40f8-8de8-9fd543711b48,2023-12-03,S-011,P-007,1,0
cb13e6a0-c036-4858-bd5a-5523578d8752,2023-12-03,S-007,P-001,1,0
f6b9340c-8e1b-478d-a7b2-91b85b3e95a6,2023-12-03,S-046,P-003,1,0
47b9d3a6-7c5c-4b42-b69e-11dc12be3909,2023-12-04,S-022,P-004,3,0
4835b088-2084-402f-96da-f6d832263282,2023-12-04,S-050,P-001,2,1400
2e335e61-0767-4155-bcde-59ac7d77fdf3,2023-12-04,S-001,P-001,3,2100
fe6ddfd1-3a2f-4a5e-913f-ad8b9a5e3e34,2023-12-04,S-036,P-001,2,0
db7509a4-6cb3-452f-aaf4-b6217d9b02ac,2023-12-04,S-038,P-004,1,0
f0993e6f-8113-414b-8afe-904f20e8e22c,2023-12-04,S-002,P-007,1,900
5d8448ba-1ef2-42a8-8b78-6a7f5f6aa47e,2023-12-04,S-018,P-003,2,0
cea37802-737b-4869-8426-5ab652d71991,2023-12-04,S-014,P-001,1,0
983f2b85-7aed-4230-b13f-a267840810e3,2023-12-04,S-021,P-005,1,1050
b9276a27-87d7-47a9-b1f2-32d3c6fe5a4a,2023-12-04,S-004,P-005,10,0
5797cded-8c14-499f-94b0-0b8dafa5e50d,2023-12-04,S-002,P-005,5,0
42ba0fd2-3d9d-41ff-a8a3-355dd4e4eef4,2023-12-04,S-048,P-005,2,0
e9ce541b-36cb-4ce6-9086-3eea510900dd,2023-12-04,S-017,P-005,1,0
23a7a4f2-7646-4300-928c-74bc83128c5a,2023-12-04,S-040,P-001,1,0
103b796f-b7a4-4f06-8be7-1eb4d41c68a5,2023-12-04,S-021,P-002,2,0
d091eac6-709b-43f8-bcda-355ff8758b92,2023-12-04,S-003,P-002,5,0
ff48fcd9-8861-4299-be5e-184c2cf32a01,2023-12-04,S-022,P-002,1,0
db40bac1-777a-4e48-9241-e29ae0e64f22,2023-12-04,S-038,P-004,2,0
1b8fe5c5-3e25-45fa-be9c-cacd7c370fe6,2023-12-04,S-007,P-006,1,0
53382f43-a06c-4a48-84f7-25334bbea2d9,2023-12-04,S-016,P-004,1,0
dddc2803-77f3-4e52-9a3d-a66d52d03909,2023-12-04,S-049,P-007,2,0
48db241f-70a5-41b8-9d19-9ee354b588a4,2023-12-04,S-016,P-001,1,700
59731d3a-8638-41bd-8a50-f14002e58c1d,2023-12-04,S-047,P-006,1,0
99168205-c7b2-4ad6-9472-ca0adc57b6fa,2023-12-04,S-035,P-002,3,0
703ff479-4ec9-4d23-8164-ce1200406c7d,2023-12-04,S-016,P-001,1,700
e0481fad-4cdb-451b-9db3-f0b488589473,2023-12-04,S-048,P-005,3,0
e70181e2-b51c-41ea-8096-3f7e7cd30a5c,2023-12-04,S-048,P-005,1,0
72621f31-084e-4bf4-8e4d-53bbb2630323,2023-12-04,S-008,P-001,3,0
d4e65dd8-272f-4552-b13c-8dcb9bd8e0b1,2023-12-04,S-008,P-005,1,0
7649bcc8-1879-4387-beda-81ea3f1aafac,2023-12-04,S-022,P-007,5,0
f5c74f6b-6cba-4fb7-886e-85f641215ebe,2023-12-04,S-037,P-003,1,0
cc7e88e2-eede-4922-aed6-cdfad3ddc45a,2023-12-04,S-034,P-003,2,0
72d5cc07-462f-4ef0-a39c-2dae114f6cdc,2023-12-04,S-019,P-004,1,0
f13c16d6-f788-439b-8021-82f6a0fd89f9,2023-12-04,S-047,P-007,2,0
389bc398-9c59-4582-8de5-69311af9fb8c,2023-12-04,S-032,P-004,2,0
e6cdbb25-a496-4983-9f5f-45e5f194616e,2023-12-04,S-037,P-005,2,0
a99db054-ce0c-4eaf-ba82-85fc339ec1da,2023-12-04,S-016,P-005,1,0
c3c6e9e5-c9b4-479e-8094-2d2601eea855,2023-12-04,S-017,P-002,3,2850
e17cd4c4-509c-4595-9437-6be3686ac5fc,2023-12-04,S-048,P-001,2,0
4e14437f-6819-4296-9110-c6b798ec9d99,2023-12-04,S-049,P-004,1,0
19d95e88-153e-4705-bb63-4991001db4f4,2023-12-04,S-044,P-004,1,0
e7cad5be-0a7d-4390-a863-2058a61d0ac2,2023-12-04,S-041,P-003,1,0
f6f5be80-948c-4425-ae38-b71d03dbbd0e,2023-12-04,S-003,P-007,1,0
5ab19fc1-984f-4298-8951-e6979dffe661,2023-12-04,S-034,P-005,1,0
35911fc9-9543-4b21-8ea9-e874dc8aaa18,2023-12-04,S-011,P-007,1,0
d12a4141-add2-4e72-9db9-9453ce2eeb80,2023-12-04,S-029,P-004,5,0
06ad9144-cbc7-4e51-b5d2-a2399f4819d5,2023-12-04,S-047,P-003,24,52800
47ccc68b-4557-4695-9d74-8b7f692e071b,2023-12-04,S-038,P-007,5,4500
c35ee6e3-ba30-4bd9-bd63-d6d6c4042012,2023-12-04,S-028,P-007,1,0
f7eee542-307a-474c-909a-7c1fadc8e7d7,2023-12-04,S-012,P-001,1,700
697c9347-1507-456f-b2e5-d743eafe7f45,2023-12-04,S-008,P-004,1,1050
a2c6a4f7-87a2-4f8f-a815-f8e5ad1969ef,2023-12-04,S-046,P-004,2,0
991f3d85-b00b-49c2-a28f-9c3e86dfd2e6,2023-12-04,S-048,P-001,4,0
854aaed5-6bb0-403f-9677-ab9e72ce279d,2023-12-04,S-021,P-005,4,0
9a1679bf-dff1-4f77-8009-239238695522,2023-12-04,S-011,P-007,1,0
1092ff21-5c4c-4b64-aaac-4b0a5c4058b7,2023-12-04,S-041,P-002,1,0
72ae8251-98e1-4c6f-9c34-1583b9596532,2023-12-04,S-021,P-007,1,0
dcb847e6-b19e-49f2-af07-70bffb6314c0,2023-12-04,S-007,P-006,1,800
06035e8b-aedd-46be-9c07-fea97e0d9d9d,2023-12-04,S-036,P-005,1,0
0749a273-1876-4e58-b5c4-8e69722b3906,2023-12-04,S-010,P-005,5,5250
dcfc16dd-020a-4275-86b2-ec93a71bd32d,2023-12-04,S-044,P-007,4,0
7786b066-4053-4180-9a5a-b1130872559b,2023-12-04,S-028,P-006,1,0
9f017714-e2cf-4819-a65a-5a87d1edf873,2023-12-04,S-028,P-002,1,0
a133e331-9877-4b5a-a65d-772ceff93446,2023-12-04,S-021,P-006,1,0
7f1c0e25-30ec-4c8d-ad6f-54e7cc841335,2023-12-04,S-027,P-007,1,900
b988ff34-5908-48c5-ad69-aa2d87e66cdb,2023-12-04,S-035,P-004,1,0
b8de168e-f976-41f4-8c5a-96db1cc95e47,2023-12-04,S-034,P-003,1,0
d648f791-f593-413b-a778-0005f0f30c13,2023-12-04,S-021,P-001,5,0
715df254-529b-4270-8b9c-b1ba9b8caec4,2023-12-04,S-001,P-002,1,0
99e339b8-783c-4783-8cd5-96cc4f43b045,2023-12-04,S-050,P-006,1,800
7ab8978f-df31-4bc9-a8fa-320f6cc81e3f,2023-12-04,S-043,P-004,2,0
c3d85802-4b0b-4c37-b5f5-e44b3e8ab9ab,2023-12-04,S-039,P-006,2,0
fd3e8186-cb19-4734-84b7-b4d736cf354c,2023-12-04,S-027,P-007,2,0
a30d092e-be7e-43a7-a48a-8f205afd5fa4,2023-12-04,S-041,P-006,1,0
c4104c68-6db2-4406-8221-65ce97d8c4c0,2023-12-04,S-008,P-003,4,8800
cd255cec-1906-4301-9190-a5b8166e69db,2023-12-04,S-046,P-001,5,0
d97c822e-6ee3-4b55-b7c0-551922479fcd,2023-12-04,S-027,P-004,1,0
6b4e7235-7e83-46ae-9ada-b6ca70c7f946,2023-12-04,S-012,P-002,1,950
c8885af6-33ca-4e13-95a6-1423d89a4c95,2023-12-04,S-025,P-002,1,0
a26af23c-68ae-43c7-8d8a-448f3df33e5c,2023-12-04,S-047,P-007,1,0
a5c4ab55-db16-4fc6-881d-6fa9aa0019b5,2023-12-04,S-016,P-004,24,0
4ff492c9-ae2a-4aca-a517-391ff086db0e,2023-12-04,S-026,P-004,3,0
344ccfb5-a697-4f8f-ac8d-3d6a306af30d,2023-12-04,S-035,P-003,1,2200
053a0996-dbc2-4952-853b-b6cc096ac04a,2023-12-04,S-036,P-004,1,0
75d5bf53-e880-480a-a853-66bb4dc23661,2023-12-04,S-039,P-007,2,0
a567c1ae-f824-4554-aff4-d6d18f387f65,2023-12-04,S-024,P-003,1,0
1c980c8c-981c-407f-94e7-60e928d608ed,2023-12-04,S-038,P-003,2,0
bce7530d-d0da-43fe-9278-5cb2b9cb4666,2023-12-04,S-050,P-001,1,0
6adc91b4-9196-42f1-8b88-0dc4333cbb1d,2023-12-04,S-003,P-004,2,0
39467df5-1f59-4e33-b30a-a7616908343b,2023-12-04,S-013,P-002,3,0
39be46a2-bf4c-48e5-844a-65403b7b4de4,2023-12-04,S-025,P-005,1,0
08c212ad-207e-49a4-afad-a20ac82d8036,2023-12-04,S-049,P-005,1,0
9b614e51-a652-4c36-bfa6-4ce40d15ac17,2023-12-04,S-040,P-007,2,0
7a4fc67e-8c9f-4632-ae95-f7f09272cfd0,2023-12-04,S-025,P-004,1,0
4525ef9e-d55d-44f2-90d9-8ede105ed604,2023-12-04,S-049,P-005,5,0
b781026f-b5da-499a-99ff-689d8d07f9bd,2023-12-04,S-027,P-005,2,2100
fe602b66-1bae-463f-a2c5-41f644e4101f,2023-12-04,S-010,P-007,4,0
0477a1c8-2ffc-4e10-9eeb-e7faad929af3,2023-12-04,S-010,P-006,5,0
5aca2b57-362f-48b2-92b4-0e2bec0df5b9,2023-12-04,S-035,P-002,4,3800
35e1085c-cf79-4f9b-9791-791972bb02b6,2023-12-04,S-049,P-001,1,0
2ba30630-a5bf-43cd-a06b-a2a33d852133,2023-12-04,S-032,P-005,2,2100
58d11636-bb80-401d-8db4-316e459d950f,2023-12-04,S-036,P-007,1,0
22c1f1e7-d17b-409d-bfc4-b76f5d31e14f,2023-12-04,S-003,P-003,1,0
491a797e-f94a-420e-89ec-ad785f848dd1,2023-12-04,S-050,P-002,3,0
d25f11dc-d003-46a1-b6cb-1a25eb568465,2023-12-04,S-003,P-006,1,0
83f7c1f4-27b5-4108-84c2-c453d88eafe1,2023-12-04,S-007,P-006,1,0
028d336e-ec1f-4e91-92f2-4b46c6394cfb,2023-12-04,S-014,P-001,1,0
f225e71d-875c-44fb-bb97-2cb44d9e482d,2023-12-04,S-026,P-006,1,0
2c8d7bc1-3164-4984-b895-41bd0bcb5fc5,2023-12-04,S-028,P-005,1,1050
8aa10b42-017b-4098-9d22-3f510915c29b,2023-12-04,S-050,P-005,2,0
a124e908-e058-4612-98f9-4d7153239c34,2023-12-04,S-002,P-002,2,0
5cf049da-588d-4ec9-b966-7b4df2c4191f,2023-12-04,S-020,P-004,10,0
03742c0b-4c96-4de2-a662-3a1a68100593,2023-12-04,S-001,P-007,2,0
fbf277d6-9361-41ed-818d-e1f0bd1e6a13,2023-12-04,S-036,P-006,1,0
967060d1-f3da-49f1-b92a-00f724df647a,2023-12-04,S-002,P-001,3,0
b9b8a44f-5605-4afa-9368-16c711821564,2023-12-04,S-011,P-005,1,0
4e07f826-6f27-41f8-adea-593f739b19ab,2023-12-04,S-011,P-003,2,0
b98dbbcb-a0d9-4e0e-b415-9b3f66fb55b5,2023-12-04,S-038,P-003,1,0
cf8647c7-71ce-411d-876e-985547e6ff31,2023-12-04,S-048,P-004,24,25200
d89b95e3-1ba8-457e-b7a6-5b2f029e0772,2023-12-04,S-005,P-003,1,2200
0316b94d-a4d0-48cc-afec-eb2b5ca35a11,2023-12-04,S-049,P-007,3,0
1aa5abe9-85aa-45a0-b94b-c1e429e20dbd,2023-12-04,S-042,P-005,1,1050
9e873433-644a-4066-a121-431904a2bd11,2023-12-04,S-010,P-004,5,0
84ecb310-c2f2-4326-a315-7d9adcdc840a,2023-12-04,S-030,P-004,2,0
69ffad6c-e6bc-4968-81ae-3243de1efdfa,2023-12-04,S-002,P-006,2,0
b92aeed7-a196-480d-be57-d99d5d1f1f71,2023-12-04,S-043,P-007,1,0
dbdd5202-d084-4402-84d9-056898eb596c,2023-12-04,S-050,P-004,4,0
28e2f3e4-ad92-43b2-b4c2-88e187e25f92,2023-12-04,S-031,P-006,1,0
f52dbf4c-fe81-4d61-ae95-6080d68d4692,2023-12-04,S-046,P-006,2,0
d98b9bb1-a160-4bf3-ab73-7b0392ebbef1,2023-12-04,S-017,P-004,1,0
02b3ef79-f57d-4dd4-89fd-9c84cfe9d92d,2023-12-04,S-018,P-006,2,0
e8b9b7e0-35e5-4b9b-a4d2-5394db4ff069,2023-12-04,S-030,P-005,1,1050
0fc9a242-c44a-48f1-8412-8b2ba41aace3,2023-12-04,S-012,P-004,5,0
ce9ab938-457d-4970-921b-a7db1efb469b,2023-12-04,S-050,P-003,2,0
c17d6349-cab9-4c23-887a-d995de07144d,2023-12-04,S-008,P-001,1,0
0f908002-8b38-4f00-b1a1-0b546b964a51,2023-12-04,S-024,P-001,1,0
209ad765-c00c-4b2b-8b24-8fa3b55ae5c4,2023-12-04,S-014,P-007,2,0
4bc1b0ee-c123-4204-9f3e-d416ffdf8d5c,2023-12-04,S-047,P-001,1,700
d9f14613-009f-40c6-9826-50ed726258ab,2023-12-04,S-023,P-005,1,1050
6864085b-247a-4372-a55e-474be35cdc79,2023-12-04,S-033,P-003,10,0
e53d131c-2624-4e5c-9fee-d6a70faa3578,2023-12-04,S-042,P-001,1,0
c1865e40-9e01-4506-81d8-f86294020778,2023-12-04,S-041,P-004,1,0
34fddeb7-c58e-4967-a570-69b5f27733d1,2023-12-05,S-050,P-001,3,0
b3f4061d-16ea-4cfa-8d58-95d62afb6957,2023-12-05,S-015,P-004,1,0
cba56835-1254-41de-bb29-a90b567ae94a,2023-12-05,S-001,P-003,1,0
f3bb1146-9eba-4c59-8d4f-2778195b6f5d,2023-12-05,S-037,P-006,5,4000
91710e40-d042-45cb-bcd6-8a2686d88c16,2023-12-05,S-037,P-003,2,0
f4bcbedb-bade-4740-b8aa-1165475235e7,2023-12-05,S-024,P-006,1,0
1166e4ff-1607-4a35-96c3-edb5218e5b3b,2023-12-05,S-038,P-002,2,0
fc6926c9-7731-4988-9bc9-ba013a9de962,2023-12-05,S-037,P-006,2,0
e9bea99e-9f05-4334-b0db-c7686c3b6ac8,2023-12-05,S-014,P-002,1,0
65dd49db-83c9-41d5-8462-0fc1a35c0357,2023-12-05,S-025,P-007,1,0
da7fa641-11e3-4c1d-a284-5520ee7f17b4,2023-12-05,S-026,P-005,1,0
625c64fd-eb31-4baf-8fc9-6d46bcbe7ebe,2023-12-05,S-040,P-005,1,0
2979937e-9c5b-4295-9565-a21bf49e4947,2023-12-05,S-019,P-006,1,0
4004a48f-b69c-4784-9666-d7eb20c7b1cb,2023-12-05,S-025,P-005,2,0
6845c39b-6974-4d84-80de-91356b03de4c,2023-12-05,S-014,P-001,1,0
e5d04af5-9528-492a-bd6a-8a4b1465ea8b,2023-12-05,S-048,P-001,2,0
9aa21e76-e8d6-491b-a827-b7bea4935418,2023-12-05,S-021,P-002,4,3800
49cee81d-026d-4fb4-aeb9-71441ba365e7,2023-12-05,S-044,P-006,1,800
6cfd2dd8-9884-49c4-b017-71b0f4f6ca4a,2023-12-05,S-044,P-003,2,0
081f9b7a-2651-4341-afea-230e3f27f0fd,2023-12-05,S-004,P-006,1,0
840a5440-e5a1-4954-8c57-e8aa58803846,2023-12-05,S-033,P-003,5,0
ec03a97d-f878-482a-a709-1dd052e5a4c5,2023-12-05,S-016,P-003,1,0
5e4a0666-94b3-4f43-9ded-cf390e03c721,2023-12-05,S-020,P-003,3,0
013dbaee-55e0-402e-92a6-03786cee597c,2023-12-05,S-029,P-007,1,0
b9221111-929d-47a5-8f82-e6c9e758a4fd,2023-12-05,S-037,P-004,2,0
4001382d-ea4f-437d-988a-84d9cacd29f8,2023-12-05,S-041,P-001,1,0
bfa03a20-689a-4190-8ff1-2b42690b7399,2023-12-05,S-018,P-005,1,0
7bc632e8-c907-4cc6-aebd-697c4dd758b1,2023-12-05,S-045,P-007,1,0
19ea0ef8-eb0c-4584-aaf8-e0394d54f2b4,2023-12-05,S-044,P-002,24,0
7af98384-e5a3-47da-83f0-711af13e3ab1,2023-12-05,S-032,P-007,1,900
f0b3b0b5-eaca-4a01-8628-4241d683c8d7,2023-12-05,S-017,P-006,1,0
ea78f2ae-f44d-47de-89a7-a6450e0a6fa5,2023-12-05,S-038,P-007,1,0
e1175eab-2ac4-4db3-ba40-08d846ee086d,2023-12-05,S-005,P-001,1,0
4d16e248-27ee-4799-99dc-260a2886a3f7,2023-12-05,S-003,P-003,1,0
a96fb873-1796-4b81-af67-54fd569df16b,2023-12-05,S-050,P-007,1,0
72af125b-e6fe-4c71-85ff-ce43cffa16dd,2023-12-05,S-047,P-005,4,0
45566f52-26e6-438f-a474-29270d6053e9,2023-12-05,S-027,P-005,4,0
a0ec9bda-35e0-47bb-a5d1-4de20b896017,2023-12-05,S-023,P-002,1,0
bf830e77-36e9-492d-9c41-74965fbd9203,2023-12-05,S-031,P-003,4,0
7829e4ed-40a2-476d-b28d-0c519b8c0bd4,2023-12-05,S-042,P-001,4,0
072bc14d-021a-438b-9940-a198145775ad,2023-12-05,S-010,P-002,2,0
8162ba09-09f3-4dbb-837c-3acfbb93f216,2023-12-05,S-041,P-003,1,2200
7654a5ea-0659-49e4-9f20-c684bd081d9d,2023-12-05,S-039,P-001,10,0
a405f6d1-d8b3-4a06-abe1-68c87498b1da,2023-12-05,S-025,P-007,1,0
b4510245-56ad-4ea8-864b-d7d6581ef43a,2023-12-05,S-022,P-007,2,0
ac4b0eb5-6c00-4db5-8ce0-677497644af2,2023-12-05,S-011,P-005,10,0
fb6664d6-de38-45ca-ac80-1ea9f474f07b,2023-12-05,S-024,P-002,1,0
699e57ee-e078-4a10-8b2b-05b90572e943,2023-12-05,S-050,P-005,1,0
620dd72d-365e-426e-a67e-2cef4d871de1,2023-12-05,S-009,P-003,1,0
8543fbdf-818b-4a89-b54b-f0ddf4e2d314,2023-12-05,S-022,P-004,3,0
917367ff-c742-4876-bfbc-c651e0b05b8b,2023-12-05,S-050,P-002,2,0
e9b7fa64-06d0-4b9f-a01e-35146bd8756e,2023-12-05,S-034,P-001,2,1400
818c9139-6eb7-4ede-9159-9cebf414f7e0,2023-12-05,S-045,P-007,2,0
50035a71-8ad7-4893-8d68-329612bc6c13,2023-12-05,S-031,P-002,4,0
55879535-5152-4795-9378-e1766b3298e4,2023-12-05,S-023,P-006,3,2400
5b48e7cd-90ef-44d4-96e4-dc89fb7e78be,2023-12-05,S-037,P-005,1,1050
611febc5-e7b8-49fe-a340-4b609c5400db,2023-12-05,S-032,P-006,2,0
20b62590-93f9-4261-87fd-d8cf61da0e4d,2023-12-05,S-021,P-006,1,0
47e5015f-52cf-4cac-a4c8-15ae62ab1468,2023-12-05,S-041,P-007,2,0
094dcdc2-2b35-4046-a240-5869ab6abe2d,2023-12-05,S-014,P-006,2,1600
0e552479-e492-4336-afa2-7b386bf5d209,2023-12-05,S-040,P-003,4,8800
bf3fd908-a909-436d-940c-227e5f64d893,2023-12-05,S-008,P-003,1,0
6eb922d5-ebd7-498f-b3e7-e10b89d2c355,2023-12-05,S-047,P-001,1,0
c58c5ca0-9e96-4c83-8e8d-0e96f075d8f8,2023-12-05,S-043,P-003,2,0
d100ba8e-8f1c-452f-bec7-1328425ee65e,2023-12-05,S-009,P-003,1,0
c69b5050-7452-43a1-85a7-13125e7b364a,2023-12-05,S-049,P-004,1,0
aff37a70-394a-4a69-9811-ed3445579f63,2023-12-05,S-011,P-002,1,0
4ec5a3c5-6eea-461f-9e79-527349af56b5,2023-12-05,S-016,P-006,4,0
155d1660-73b2-4f10-8941-f73b024e8e3e,2023-12-05,S-011,P-001,2,0
447be9e5-38cb-47ba-874c-3cd90557fb8c,2023-12-05,S-022,P-004,2,0
4d15bf0a-b58f-42f2-aaed-4603551bc621,2023-12-05,S-024,P-004,1,0
3dbd53c1-7a6b-4870-b9a2-96e672779d63,2023-12-05,S-038,P-005,1,0
db6c3e49-2395-4a52-ae1e-fb5d604c02fe,2023-12-05,S-008,P-004,1,0
1a943551-a9d5-4116-8ff9-2ed57afc7af9,2023-12-05,S-036,P-001,1,0
df6a88c2-ec28-4afd-aba8-186310921d90,2023-12-05,S-029,P-001,2,0
b3acb8ba-75fb-44c0-ab1d-b0804cc70fdb,2023-12-05,S-026,P-005,3,0
7439f772-e838-49b8-8e3e-01c46b6cd512,2023-12-05,S-009,P-005,3,3150
8cd6853c-2a59-4ab9-a2e2-3f0766ba855b,2023-12-05,S-026,P-006,4,3200
d969a3f1-1bcd-4e4d-b4f7-e2c2777b6974,2023-12-05,S-019,P-007,1,0
2a898d05-b761-4aed-893f-9896347b084c,2023-12-05,S-026,P-006,1,0
a9b714d6-73ff-4eda-982e-0237d9c95ba8,2023-12-05,S-028,P-006,1,0
02a81030-0c37-4816-a9bd-b577cdaf885a,2023-12-05,S-039,P-003,1,0
fa1fbe96-7afd-4d4c-9be4-db2eed70f853,2023-12-05,S-013,P-004,2,0
3f78c2cf-a743-4307-8004-9ad69c712181,2023-12-05,S-003,P-004,24,0
d2a6ced3-0a9d-402b-b1bc-3c2dfb2e9de4,2023-12-05,S-012,P-006,4,0
2ed9eac8-9a10-44d0-be00-7db9c26a5fad,2023-12-05,S-047,P-007,10,0
ff1ec028-4cdf-47ba-86ad-78968d81990c,2023-12-05,S-043,P-005,1,0
b553d582-84d6-4e64-a794-5f8a63a1d6fc,2023-12-05,S-011,P-004,1,0
a65a614f-66ad-4e8b-a367-c4ab992dd467,2023-12-05,S-048,P-004,3,0
70d8b7c4-e938-4a8c-8416-71fce7016753,2023-12-05,S-032,P-003,1,2200
1e57b756-766c-4d76-809f-c4391ca760af,2023-12-05,S-042,P-002,2,0
a8460d38-2492-411d-bb25-fd404625633f,2023-12-05,S-022,P-002,1,0
76f0b537-9eff-4694-8d07-76c31ee0f6f3,2023-12-05,S-014,P-003,1,0
f9fa2ad2-df66-40e3-b56a-9bcd9a3322ef,2023-12-05,S-045,P-003,1,0
2e319eac-dc32-4fcc-84b1-efb0b411df76,2023-12-05,S-048,P-007,1,0
1dec3071-6320-421a-8ac0-de0ae058f03b,2023-12-05,S-004,P-005,1,0
b363f6a9-f019-4d21-96ed-55ee5ec6c3c0,2023-12-05,S-024,P-005,2,0
02ca3012-6bbd-4804-9e08-65167056e02f,2023-12-05,S-033,P-002,1,0
872172f2-88e8-4c85-b7a0-876e85dd2f11,2023-12-05,S-014,P-001,1,0
b799171d-2ddf-4586-b0fd-d495439c62c6,2023-12-05,S-047,P-003,1,2200
3948acc8-32f6-42f2-b2e1-cec0de512b19,2023-12-05,S-008,P-006,2,1600
e040af56-86cd-4773-aa53-e48ecd026f88,2023-12-05,S-016,P-003,2,0
57d211d2-6b75-448e-812d-c52763fe568a,2023-12-05,S-045,P-006,3,0
71129f58-11ee-47ec-a00f-0033d3b67f3a,2023-12-05,S-016,P-006,1,0
8d77065b-8f14-467d-949f-39e7d0ba3b1a,2023-12-05,S-018,P-002,1,950
445de8b6-a4f8-4b4a-be2d-f58034117ec1,2023-12-05,S-043,P-005,5,0
1eb6de3f-8592-4b87-82bc-c36b5b220ba2,2023-12-05,S-014,P-007,3,0
01afd7dd-c850-46c0-bbfc-15de9254f569,2023-12-05,S-037,P-002,1,950
af618f90-217b-460e-aab4-11ff90e40b7a,2023-12-05,S-013,P-001,5,0
1a7d2a01-89b5-43b2-8e0f-f1b0a1921b12,2023-12-05,S-037,P-003,1,0
1a85f1a2-0c30-46d5-b40b-ebfceae1c403,2023-12-05,S-016,P-002,2,0
b70baf41-5d44-42e4-acbb-5866956f03d6,2023-12-05,S-040,P-004,3,0
45fc1cdf-4337-4dd9-9257-06e5f0b71cd9,2023-12-05,S-033,P-004,1,0
2c62da49-3d66-432b-ac1f-9fddcaffe7b1,2023-12-05,S-012,P-007,1,0
e329dc91-7238-4f71-8669-421839ca7ca7,2023-12-05,S-011,P-005,1,0
bde9d7ca-6297-407a-9a4a-34a13a6dbae2,2023-12-05,S-027,P-003,1,0
88259189-0017-470c-8968-6e8cd503cafc,2023-12-05,S-004,P-002,1,0
d19eb261-af32-4b20-87f4-25762fbc4bb6,2023-12-05,S-036,P-002,1,0
8575289b-778c-430d-9e7d-29962cd5702d,2023-12-05,S-047,P-005,3,0
de14cf2e-a5bd-4803-8ee8-5d42d7c72cdf,2023-12-05,S-007,P-003,1,0
bdbb60a3-5ce6-4b4d-a33f-3435fdc22048,2023-12-05,S-050,P-002,3,0
af2a57b3-d1fa-4bf8-ac33-2c9a99798bdf,2023-12-05,S-049,P-005,1,0
e2d833c8-a526-4f64-8242-e9f1a2704f88,2023-12-05,S-038,P-006,2,0
6593352c-c64f-41c3-b61b-d38089a9a896,2023-12-05,S-018,P-006,1,0
ea9aa2a3-1123-4b0b-b8e7-af90344fb9b2,2023-12-05,S-008,P-006,2,0
052c6da5-e5a1-4d9e-bd39-885824e77668,2023-12-05,S-034,P-004,1,0
f43655cc-8d0c-41c8-b104-2fb81d045003,2023-12-05,S-012,P-005,2,0
9522e7c1-7894-449d-8d0b-8666c2b2d566,2023-12-05,S-047,P-003,5,0
869042a4-bfc2-4891-b1dc-6821da316076,2023-12-05,S-013,P-007,1,0
dd93c32b-34c1-41b4-8ea7-98d7fb54cab5,2023-12-05,S-038,P-005,1,0
c392de19-e870-49b2-aed2-efda2f4419e7,2023-12-05,S-034,P-002,1,0
3906ad78-afde-4692-8c9a-ab77d125d2cf,2023-12-05,S-020,P-005,2,0
8e658033-291b-4d9d-a028-8889bc403118,2023-12-05,S-044,P-003,2,0
c7112a72-37f9-465f-9a6a-dd8797852180,2023-12-05,S-011,P-001,4,0
99fd302e-66fe-4662-b8e0-72c55302ab39,2023-12-05,S-021,P-006,1,0
a6cbf5bb-60f4-4f28-bd6c-0efe18d56536,2023-12-05,S-043,P-007,2,1800
d849a3fd-98da-4850-8ea7-4dcc8ab4d55c,2023-12-05,S-002,P-001,1,0
0695a1ef-2341-4594-852f-d86b5fea36aa,2023-12-05,S-032,P-002,2,0
80e68f8e-3383-4fbc-8b57-a3f693d5e48e,2023-12-05,S-035,P-007,3,2700
3f04fecd-a60a-4f6e-9cfa-29cd8ec8d1bb,2023-12-05,S-034,P-003,2,0
de7d01b1-d97d-4e6d-8c93-6ff840818ae1,2023-12-05,S-003,P-005,4,4200
82bd3a93-83d4-481e-8b2d-5bcfc4e61cda,2023-12-05,S-046,P-007,1,0
c525fd3e-d8b9-4683-b250-5784f9b1a05f,2023-12-05,S-032,P-004,2,0
5d98ffa1-0c78-484d-bebe-60bc523eee40,2023-12-05,S-034,P-003,2,0
64c818c4-b7d9-4a57-9f6b-8403646949ad,2023-12-05,S-014,P-006,3,0
c6174c93-45a2-47be-9cfb-eceb73b968ff,2023-12-06,S-001,P-006,1,0
3b0cf2cc-262a-4b14-af3c-3fea0c7d5bb1,2023-12-06,S-015,P-005,1,1050
fc29832d-efb1-47e6-90e1-cc8b370c7f58,2023-12-06,S-035,P-001,3,0
6e7e6625-8943-4c2b-9e37-a5bc547c9f0c,2023-12-06,S-036,P-007,2,0
b755a635-ccfe-4091-803c-c89f6fcfb9f5,2023-12-06,S-003,P-006,1,0
0b721c07-4813-45b6-91d0-bc23892fb371,2023-12-06,S-032,P-001,2,0
c723fc3e-bc06-4740-95f2-ee4eb3055e33,2023-12-06,S-050,P-005,2,0
a372fcb4-ab50-4993-96b1-fb8860f652e3,2023-12-06,S-027,P-005,4,0
01972f17-1003-46d5-a45e-4eacb4ad5245,2023-12-06,S-014,P-007,1,0
bdab687f-de7a-403e-863d-923090521300,2023-12-06,S-002,P-004,1,1050
cefba7b6-e55a-4022-b511-04436361d219,2023-12-06,S-018,P-006,2,0
7471deff-8b60-4ba1-963a-b6769740a0ba,2023-12-06,S-040,P-006,3,2400
65ebc62e-48f3-44b0-9467-5678ed1d9dbd,2023-12-06,S-004,P-005,4,0
b0c4dd73-1ae0-473d-9845-d72de04af51f,2023-12-06,S-014,P-003,2,0
0001ecbf-0185-4b4f-8b41-f96672108909,2023-12-06,S-006,P-001,1,0
3cc1b7ac-9528-4565-87ba-2cd98db794e4,2023-12-06,S-017,P-001,5,3500
bda2b81e-fc52-4288-a8db-f7aedfbda342,2023-12-06,S-027,P-003,1,0
d118b11d-5ec9-41cf-8052-850e7aadc0e9,2023-12-06,S-009,P-006,1,0
aa312d69-a575-4612-a89d-ea40239d7d05,2023-12-06,S-037,P-002,1,0
d8c604da-4ad2-4ade-8524-b190d1cf2c6d,2023-12-06,S-007,P-004,4,0
a08486d8-6f9d-4550-b6a7-5274c8e8338e,2023-12-06,S-018,P-005,1,0
fca1a0c9-8f5b-4980-a5c4-db9d07e977c5,2023-12-06,S-039,P-006,1,0
56d59dab-a41f-4962-8a9b-98668546b1e4,2023-12-06,S-008,P-001,3,2100
df25c2ea-b8f1-40dd-af00-abb2441ee32e,2023-12-06,S-021,P-007,1,0
2806d924-6888-42c4-ac02-a10af103ae06,2023-12-06,S-048,P-001,1,0
324909a0-32fb-4ad2-960b-2c66399535a1,2023-12-06,S-005,P-007,1,0
6fcfb5bb-8518-4a43-8b57-2b0564283b67,2023-12-06,S-044,P-005,1,0
f810f241-3c29-42f6-9375-af8d7ffcadb6,2023-12-06,S-020,P-001,1,0
73f35259-c429-4f97-8495-faf6f4faa70b,2023-12-06,S-018,P-003,2,0
542e1bd9-a5a2-41d6-88a6-e4e17de3f2d4,2023-12-06,S-032,P-006,1,0
b9f690a4-37cb-4ca2-a9f4-5264dabe0dc5,2023-12-06,S-028,P-001,1,0
eec7722c-2884-47d6-9b88-62eca12d1efa,2023-12-06,S-010,P-004,1,0
5860a468-81ea-477c-91c0-1d8ce576ac7e,2023-12-06,S-012,P-007,1,0
597bda20-cbc9-44b2-b5e8-3387b00ba606,2023-12-06,S-019,P-007,1,0
fdd1fe3f-dad4-4b55-8d17-703d0f789473,2023-12-06,S-029,P-006,2,1600
61288c7b-d3bd-4ece-84ec-f704ac54f2bd,2023-12-06,S-012,P-001,1,0
1e95b405-b9c6-489d-af7b-5ac63a34afb1,2023-12-06,S-015,P-004,10,0
fe8c68ef-19f3-499b-8ffb-bdfcd85530d7,2023-12-06,S-042,P-006,1,0
61b451bd-3174-4c4d-8057-df571000920e,2023-12-06,S-028,P-007,1,0
d0febe81-a1aa-4fd9-bfc2-d231158f0a76,2023-12-06,S-011,P-007,1,0
fe6fd8e4-92ac-4a1e-9d77-9950357734b4,2023-12-06,S-039,P-002,2,0
e6b43b3f-0f8c-41a1-92c6-9095dd7713e5,2023-12-06,S-038,P-004,1,0
22fbe29d-bc5b-41c8-a762-966378e81e89,2023-12-06,S-034,P-005,1,0
595535a0-a3f7-43ab-906e-cce4ab2df387,2023-12-06,S-006,P-001,10,0
7d350177-db01-4187-ad76-77ccc7899f5e,2023-12-06,S-044,P-005,1,0
ea79d455-6388-4b55-a0dd-73c968537be9,2023-12-06,S-023,P-006,4,0
28f0245d-79ba-4d85-85f2-673c5564d192,2023-12-06,S-045,P-003,1,0
f8d4dc9a-e4fc-4c7a-aa55-dcf1b1936a20,2023-12-06,S-043,P-007,24,0
80dd2d3e-efa0-48dc-a566-5ee884d3f898,2023-12-06,S-046,P-004,1,0
047b5cc3-6276-4a1f-9368-818c8413151f,2023-12-06,S-013,P-007,4,3600
5183266b-7252-46c9-b097-8d7efb2bbb80,2023-12-06,S-025,P-003,1,0
b85a9a44-2c35-4c39-95e6-95f64f526045,2023-12-06,S-012,P-005,1,0
9eae88e0-b400-465c-ab2b-f1c9dbff3998,2023-12-06,S-006,P-005,1,0
d0fde8ae-4fd4-46ed-bb96-6df41aa97d52,2023-12-06,S-046,P-004,3,0
9a7c1180-15c4-4903-962b-071de07c69f2,2023-12-06,S-007,P-001,1,0
4d8d17c7-a764-4c1b-82a1-ff2b0d802d68,2023-12-06,S-012,P-001,1,0
8bd0933e-850f-41e1-8b9d-46851d84ce53,2023-12-06,S-041,P-006,1,0
08512719-c73d-4ed0-aa05-1d48ea3b279d,2023-12-06,S-021,P-007,1,0
edf265a7-e255-4f86-9a0e-3e24fb030033,2023-12-06,S-021,P-005,1,0
e9817822-9635-4811-b1e5-a54aa2cd7cd7,2023-12-06,S-001,P-004,1,0
b08a7f3e-6bdf-41f9-a7e8-282c3689ad73,2023-12-06,S-028,P-005,10,0
3bbbed4d-d15b-47e5-8771-da58440bb4c0,2023-12-06,S-025,P-007,1,900
88583496-de95-4815-a8f9-b934cb045f4d,2023-12-06,S-042,P-001,1,0
4e5a4ee4-711f-4c8c-9d46-19bccb728686,2023-12-06,S-030,P-007,2,0
537560fa-da9e-4ad9-9408-12af1088f55e,2023-12-06,S-029,P-003,1,0
bf01e2f2-551d-43da-add9-e957b33421c1,2023-12-06,S-046,P-006,1,0
ef68ae15-d14b-4a2a-b3a3-b654c9241524,2023-12-06,S-005,P-003,3,0
3faf35ef-2822-491e-94f7-f1d172e07118,2023-12-06,S-040,P-002,1,0
fe09b832-edf4-4f90-a83f-a84af153c1b2,2023-12-06,S-007,P-007,1,0
4a962d64-2442-4415-9c3a-c1cfbb5b1363,2023-12-06,S-044,P-007,2,0
f93e815d-94e3-4867-b004-a63cc4263987,2023-12-06,S-031,P-004,2,0
41378241-6688-4515-9648-e4dcf9fa1260,2023-12-06,S-045,P-006,3,0
4e0b5572-3a2a-4c34-b4c9-d5a3258add38,2023-12-06,S-035,P-003,1,0
69c6b761-c246-47ad-9e77-bc649526a43b,2023-12-06,S-003,P-007,4,0
f5fe1c58-7298-4a25-8ef1-4c7d0585d9cc,2023-12-06,S-007,P-004,4,0
236d098e-af33-49e7-bd1b-27f24771305d,2023-12-06,S-017,P-003,2,4400
1dcbf9d6-fd2c-43d1-9e8f-43b6e6e4ddad,2023-12-06,S-020,P-003,2,0
f750f8d4-8ac6-46fc-989f-6e84b3841759,2023-12-06,S-046,P-001,1,700
9ec35f60-f117-4202-9430-3204ee9473d6,2023-12-06,S-025,P-002,1,0
75ab9cee-a97f-4920-9396-14efbe308789,2023-12-06,S-047,P-007,1,0
6ff8adf9-ef46-452c-b5a3-ae375f1ee1e3,2023-12-06,S-035,P-004,2,0
a095bea4-7332-408e-826f-baebaf979c43,2023-12-06,S-011,P-001,2,0
aab65507-6ad4-4284-81ed-26ba02c3883a,2023-12-06,S-011,P-006,2,0
0abf811b-fb95-49c9-9690-e8e8de6b3736,2023-12-06,S-031,P-004,1,0
f7e83565-06ff-4385-b3f5-aa0547b18f31,2023-12-06,S-010,P-002,1,0
122c6534-6741-41ae-b5bc-acc2b517804a,2023-12-06,S-009,P-003,1,0
8ec82bae-8073-4b42-b840-11df585bd6cd,2023-12-06,S-025,P-006,4,0
ef1c5a04-4d84-404f-89aa-9fbd9e6b6eae,2023-12-06,S-048,P-003,3,0
716c11f3-8aa9-43f2-ba12-0974ab295afb,2023-12-06,S-023,P-005,2,0
bf938dad-718c-4acb-b4a0-bfc6925ec939,2023-12-06,S-044,P-005,3,0
30bbabaf-ce8e-4794-a285-ed0c9f6380ef,2023-12-06,S-049,P-002,1,0
67eb7019-416d-46ca-8e72-1206d0d1e5f2,2023-12-06,S-042,P-005,1,0
a9da30f4-8117-4f36-b978-27e24e3aabd7,2023-12-06,S-040,P-005,1,1050
b38b6d0a-4162-4f96-b6d0-de30ee325ad6,2023-12-06,S-014,P-001,1,700
1cfb608e-68a8-4f26-aa21-830ca226f889,2023-12-06,S-023,P-001,1,700
aa7fb519-8606-4c6c-820d-dd4a7c9bb053,2023-12-06,S-039,P-006,2,0
7784b211-e684-440d-8178-6c025083d967,2023-12-06,S-035,P-003,24,0
37d7408b-d7cb-4377-b648-b180015d9751,2023-12-06,S-041,P-003,5,0
e20857f7-b881-4875-a71d-5833b56e3649,2023-12-06,S-013,P-001,2,1400
bc72340f-8110-44b8-9e76-46d7572b91e0,2023-12-06,S-047,P-007,2,0
937f9579-304a-4524-8820-8e7376672511,2023-12-06,S-017,P-004,2,0
72ef32d8-de75-40ed-adfe-e96477c4207c,2023-12-06,S-009,P-002,1,0
97a35907-2db0-4bd7-81b2-623c0ea81e29,2023-12-06,S-016,P-003,1,0
2dbac80c-cff8-4fed-a853-75005f59071f,2023-12-06,S-022,P-003,10,0
58aef028-d719-45b7-a191-8b1f89dfedcc,2023-12-06,S-038,P-002,1,0
9ffa04e5-01a2-42c6-95d7-f823ad644a4a,2023-12-06,S-033,P-001,2,0
1498d94b-ab06-4ab4-9f94-cafd08f32b17,2023-12-06,S-030,P-004,10,0
5dfc2659-8c83-4021-ba08-5cbc4d527cd4,2023-12-06,S-042,P-007,1,0
040b7f24-05ad-4c8c-a30a-31e24836dba7,2023-12-06,S-035,P-004,24,25200
efdb694a-d7f6-45a0-9a2f-a5b6dd12a052,2023-12-06,S-050,P-004,5,0
532f5ebb-4419-4432-8d51-20f253114b1a,2023-12-06,S-007,P-001,2,0
eeddf95b-afef-4b44-9c9a-9aa87c7d0741,2023-12-06,S-042,P-001,1,700
6268570f-c8e8-4ec3-8933-29a1016bee25,2023-12-06,S-011,P-005,1,0
bc014a4e-a062-4ae3-bbdd-d5d0686df231,2023-12-06,S-027,P-004,1,0
111307e4-ee46-4959-b192-ba0be8343e5f,2023-12-06,S-007,P-004,1,0
f99fb2d2-15e6-48ca-9b61-0356dd58eb79,2023-12-06,S-006,P-004,3,0
d0dd1aab-b0ff-45fe-b9f6-d01c324d4354,2023-12-06,S-048,P-006,4,0
0a6f06ca-a9e0-4a20-bf32-00b0cade94dd,2023-12-06,S-027,P-001,1,0
797112a2-99a7-4f08-b79a-ee07ea5e43d5,2023-12-06,S-016,P-005,5,0
9ae96b92-5587-48ee-9391-4fecedaf2afb,2023-12-06,S-044,P-005,1,0
a7cc33b1-6dd5-4540-ad74-254c5b4bf423,2023-12-06,S-030,P-005,3,3150
2ef3c01c-69d4-4649-b434-196bc9a567dd,2023-12-06,S-024,P-002,1,0
6d18b9da-3d67-4ba2-bfb2-1d7b6b9aa7a7,2023-12-06,S-026,P-001,1,0
7f199da8-0fa9-4e6d-9688-d7cc22927028,2023-12-06,S-030,P-006,10,0
648afda5-a63c-46e7-a491-6e0fac42b43b,2023-12-06,S-010,P-002,1,0
6c10581a-a61c-483f-a49a-c10d66939821,2023-12-06,S-029,P-005,2,0
a99ac4be-28f2-44b4-b8d7-e361ad91827c,2023-12-06,S-009,P-005,1,0
2834fba2-e4d4-4104-b050-eff4039d5146,2023-12-06,S-025,P-005,2,0
7348622a-c217-4523-9dcb-a2ee59662fb4,2023-12-06,S-012,P-003,1,2200
43194d7d-b18e-44ac-a99e-9a2565e65d29,2023-12-06,S-032,P-006,24,0
a197b26f-05e3-41a6-be57-1127b2218634,2023-12-06,S-013,P-005,1,1050
140bdf00-5a72-4df8-b518-95c43b4727ec,2023-12-06,S-037,P-003,2,4400
33d92766-bf80-460f-8e93-c323c90ebbf0,2023-12-06,S-021,P-002,4,0
c6313afb-d884-4df2-9d44-1c4cb1dce35c,2023-12-06,S-022,P-001,1,0
7116e06a-af23-4241-9744-61a807ed015a,2023-12-06,S-038,P-007,1,0
565ea283-0790-43dc-a5cf-f2c1f2b81407,2023-12-06,S-044,P-002,4,0
560f0af2-6178-462a-923a-70b230758957,2023-12-07,S-025,P-007,1,0
74daa3eb-4952-4557-a04c-09a587964c02,2023-12-07,S-019,P-003,1,0
d6019e36-455e-4af7-9409-46c526aa5e2d,2023-12-07,S-048,P-006,1,0
0de02efe-5bb3-4c82-a3d5-32b2df2e00b7,2023-12-07,S-003,P-007,5,0
a7c056ab-5601-4a04-9257-ad56bb08e68a,2023-12-07,S-013,P-006,3,0
aa5d3f86-83ff-4492-a968-b5e06ea43963,2023-12-07,S-026,P-003,3,0
27be056c-dbe5-45bc-8545-30da867b93f9,2023-12-07,S-048,P-004,10,0
951fe938-b43e-44b7-8570-547794b9ad47,2023-12-07,S-035,P-005,1,0
5b9b4211-4770-40fa-ad1e-3878aabf8322,2023-12-07,S-029,P-006,1,0
0e5eacc3-c345-41d9-8c7d-caf64c9b7252,2023-12-07,S-001,P-004,5,0
1694aa8f-a087-44de-a5f4-03ad31ae7b74,2023-12-07,S-017,P-002,5,4750
397e7931-7fe7-4539-878c-87a3c0717e6a,2023-12-07,S-009,P-007,2,0
22d3dd73-1442-4324-b37b-2517360ba784,2023-12-07,S-002,P-003,1,0
d1c4de17-6917-466e-b64f-841da7a0e0ea,2023-12-07,S-037,P-005,1,0
2aeabfbc-b7fd-4eb5-82a7-ee98cf9dd781,2023-12-07,S-019,P-006,1,0
bc3aa8c0-5230-41d4-a524-b9c8c6145459,2023-12-07,S-018,P-001,1,0
e7025f92-de0d-4734-9377-ed7bb03f24b8,2023-12-07,S-030,P-002,2,0
c439259e-1a61-4589-bd42-3d645b778588,2023-12-07,S-023,P-003,1,0
d4d4844f-3cb7-4846-94ca-70dcd5f08d43,2023-12-07,S-012,P-006,3,0
92b21be6-18c8-49c6-a1ea-f220a025ad44,2023-12-07,S-049,P-002,2,1900
ef125ebf-b9e7-4666-84d2-83461742fed4,2023-12-07,S-035,P-002,1,950
576d4767-868a-4925-a672-7a2a70820d98,2023-12-07,S-010,P-005,3,0
a22067ab-b1e4-44a0-89e3-93bfd86f7977,2023-12-07,S-027,P-002,1,0
0f52f735-4428-41bb-9e7f-52e39712e672,2023-12-07,S-011,P-005,2,0
a556e7d3-6f04-4c1f-9975-d037678bb65b,2023-12-07,S-024,P-006,1,0
a6779ad1-c3b5-4456-be86-b2172bc7cf0b,2023-12-07,S-032,P-004,2,0
8df98d70-b405-4a63-ad1a-23c27c197df1,2023-12-07,S-012,P-003,1,0
f1328e89-99a9-4d0f-b99e-4c17e84bcba7,2023-12-07,S-026,P-006,3,0
701d25bd-aa1a-4f27-9c93-85a68de03824,2023-12-07,S-050,P-001,1,0
1ab024dc-4d06-4f15-ac60-a46c1f0a8525,2023-12-07,S-016,P-007,3,0
24870780-5503-42e1-b86f-ae893b42c69b,2023-12-07,S-025,P-006,1,800
84f1b4ab-3f1c-42f4-adb7-d68371b408c4,2023-12-07,S-021,P-005,1,0
cb7cdb62-6382-4b17-b2f4-ac1d854d4c5b,2023-12-07,S-037,P-004,1,0
6717d430-e7e4-4265-a29e-adcf505c5165,2023-12-07,S-007,P-003,3,6600
f6af70c5-9c2d-4a2d-9994-9692bfc2d651,2023-12-07,S-006,P-006,24,0
a10d98c2-7d0d-4d8f-bd2c-d98027401858,2023-12-07,S-019,P-005,4,0
373709e3-396f-4ecc-a2e7-6e82a1c162c8,2023-12-07,S-008,P-005,5,5250
eb9dc7f3-d3f0-4763-944b-dbf2aef911b2,2023-12-07,S-041,P-003,2,0
febd785f-7b0f-4473-a8bd-6c9876240e75,2023-12-07,S-040,P-002,4,0
72bffdbe-baab-4ae4-91b4-daa796bbff38,2023-12-07,S-024,P-002,3,0
a82ab7fb-04b0-48d2-90c2-012acdc037df,2023-12-07,S-003,P-007,4,0
9a224d11-9683-4085-bb46-dfde3ccd414c,2023-12-07,S-035,P-002,3,0
bdd6c500-7643-45ae-8eaf-5ad1db6d06ea,2023-12-07,S-014,P-004,1,0
0427c43d-2246-4033-b81a-b37db119d7b9,2023-12-07,S-008,P-002,1,950
88c5def1-0f82-4261-90c0-cc8abab47cfd,2023-12-07,S-048,P-005,4,0
c670a03b-63af-4ab3-87d3-0f8633c7e43b,2023-12-07,S-042,P-005,1,0
8229d1ea-0064-4a83-a9b4-4a510f3d8c1e,2023-12-07,S-006,P-006,2,0
76ec418a-f11b-47da-96b8-14449198ab38,2023-12-07,S-004,P-005,1,1050
645792ce-09a3-44c2-9556-f22ea3654a28,2023-12-07,S-040,P-006,5,0
72d3118f-f20a-4a34-afea-c413a122c75a,2023-12-07,S-033,P-007,2,0
259dc1f7-2e52-46f2-9987-70a9e2c60c89,2023-12-07,S-040,P-004,24,0
88c57d29-9573-4173-a599-7824896c04dc,2023-12-07,S-013,P-001,2,1400
3ff8a898-8ace-4e8a-9906-c3de904473e9,2023-12-07,S-017,P-001,1,0
f87bfcff-c9e4-4723-97ff-d6fa1c9aaca4,2023-12-07,S-035,P-005,1,0
73dbc06f-78ed-4857-a4ee-847ba28ce598,2023-12-07,S-006,P-002,5,0
8578bb8d-5f90-4139-911f-2fb329b786ae,2023-12-07,S-008,P-006,10,0
72f36de2-cf11-49c7-ae17-8b0fad0f970c,2023-12-07,S-023,P-004,1,0
55f24197-2c36-4f39-9a29-19b57a64c473,2023-12-07,S-028,P-004,2,2100
7e3bce59-f4f6-4c49-a1ba-27ac5d7cfba2,2023-12-07,S-015,P-001,1,700
243b6443-483d-4dc4-a6d0-cafa29c01b5c,2023-12-07,S-035,P-007,1,0
2055207f-a85f-4b56-86bf-b15863bf6c95,2023-12-07,S-016,P-003,1,0
149ae91e-2868-4260-9268-d9c395cc8485,2023-12-07,S-010,P-003,1,0
3dc1e69a-7d07-4090-b139-ce8c166e50f8,2023-12-07,S-001,P-007,1,0
6b4a7b1a-73cc-40a5-82e8-6fb19c76134f,2023-12-07,S-037,P-003,2,0
8f6aa964-b2ba-4134-bafa-67743be84c4b,2023-12-07,S-013,P-002,1,0
b640a95a-4e5c-4729-aa6f-d3db69ba776d,2023-12-07,S-022,P-002,1,0
f203406e-18f5-4273-9148-0484d0a8a9b6,2023-12-07,S-016,P-004,1,0
d441a676-1567-4fc1-a473-2679704a2eb1,2023-12-07,S-015,P-004,1,0
1924d1c6-99f1-4ad3-9818-207a7dba8df2,2023-12-07,S-021,P-001,1,0
b9ebfce3-d065-44e5-a0d5-f5953fe3ae86,2023-12-07,S-020,P-006,1,0
87901ef4-f837-4c37-91c3-f02c7f59d4d5,2023-12-07,S-032,P-001,4,0
d693b028-382d-464d-80ff-1a2f809b9ff0,2023-12-07,S-017,P-005,2,2100
0682fe10-f378-455b-8a5a-da57b2127ed9,2023-12-07,S-044,P-006,2,0
9add04f1-768e-44bd-8ed3-04a57d155562,2023-12-07,S-029,P-004,3,0
8eab2f35-f04e-4bbe-9677-264fbe4c1b87,2023-12-07,S-003,P-001,2,0
84c47fd6-7780-40e9-a480-4eab4f9bff17,2023-12-07,S-009,P-002,1,0
08754a53-11a0-4016-8c36-1e9ad61f8034,2023-12-07,S-036,P-006,2,0
eba739fe-3761-4580-b2ae-d716c3b1cfc9,2023-12-07,S-017,P-007,1,0
8cb6d3c5-bb6e-43b0-8088-e99c8ba6194c,2023-12-07,S-030,P-007,2,1800
5f3d73e2-65ec-4c28-9783-9e90f3b52d98,2023-12-07,S-002,P-004,1,0
d93b7383-3fef-4d6d-87ca-712234cdb532,2023-12-07,S-030,P-005,5,0
f5234430-a2f1-4393-86ce-6c927f09c87d,2023-12-07,S-030,P-005,3,0
dea2f120-7432-48c6-b5e0-1f2da031f78d,2023-12-07,S-038,P-006,24,19200
017de763-1654-40a7-b2b5-e99bd28d66bb,2023-12-07,S-038,P-006,2,0
c609e998-f6d6-4723-8cef-bd5ffcbcbd22,2023-12-07,S-043,P-004,1,0
ab3f72f6-dd78-4d36-9f1d-26099a76f5fc,2023-12-07,S-010,P-004,1,0
81e6665a-3c9a-4653-8989-ca822472223b,2023-12-07,S-032,P-002,4,3800
e92cbd2b-235b-4327-8bfd-ece685b515fb,2023-12-07,S-035,P-006,5,0
8ec4b3a0-a6cc-40df-b6e4-4e9ce5993af0,2023-12-07,S-015,P-004,3,0
03103169-bd37-4955-b03c-752795098626,2023-12-07,S-002,P-003,4,0
ff9dd760-57ca-44e8-9199-fd738276da0d,2023-12-07,S-043,P-006,2,0
a6d90745-a4ca-4960-b15c-d574576bae3d,2023-12-07,S-029,P-005,1,0
1df2fead-0674-4ba4-bb74-ce0804048d53,2023-12-07,S-006,P-001,1,700
e27661ab-9adb-4ba3-b80e-e3568c67dc24,2023-12-07,S-022,P-001,1,0
5cedbadf-4a57-440a-881f-3a822e865750,2023-12-07,S-007,P-002,1,0
78f0e016-61dd-4017-8c06-2892f5e8f66d,2023-12-07,S-033,P-007,1,0
970c457e-3395-4fe6-8e5d-e6bd060ecd09,2023-12-07,S-007,P-006,3,0
5b40eac9-9c87-4edd-a7ff-b28c248ecd27,2023-12-07,S-006,P-005,5,0
a2740abd-6b8f-4854-98b6-2cf338bcbb6b,2023-12-07,S-008,P-005,1,1050
feb54f2c-ee45-40f6-ab1e-5f87dfbfdfa8,2023-12-07,S-020,P-006,4,0
f857dc58-e67b-43bd-980d-1fccd9ce29ad,2023-12-07,S-010,P-001,1,0
89cbff4c-b867-4350-b557-d72e47e1d2a7,2023-12-07,S-018,P-001,3,0
ea1a5ab0-aced-4731-8970-ab534fd12414,2023-12-07,S-046,P-005,1,0
6246c7a5-6eff-4bfa-a708-ce69b21a1e05,2023-12-07,S-032,P-001,1,0
9d7a73c7-03b1-49e0-bb61-2b1119352b37,2023-12-07,S-038,P-002,3,0
87fc49bf-3cc1-4b97-85d5-b98bc683cbf5,2023-12-07,S-010,P-005,3,3150
f2daab7a-9a9d-4ef7-a938-939e77155a00,2023-12-07,S-022,P-005,3,0
dd18a5ec-ae06-4b9a-9c06-44fd3fdeaaa1,2023-12-07,S-026,P-003,1,2200
ace65b0a-1f78-49b1-bfd0-12469ef9248d,2023-12-07,S-026,P-006,2,0
863cdb62-ac2a-4ca4-a2d5-e8cbe48696c6,2023-12-07,S-038,P-001,1,0
8f65816b-684e-44cb-8d05-400fef9b5207,2023-12-07,S-012,P-004,1,1050
ce5c1251-d179-4caf-8fe2-5cb15e95879e,2023-12-07,S-035,P-007,24,0
b55d8373-e8ed-4383-b5a5-55568d63cdbb,2023-12-07,S-006,P-001,1,0
f47b390d-ce66-40b5-a11c-0578447c846f,2023-12-07,S-024,P-007,3,0
3ce7c806-f2cc-41f8-a23f-4505a992a020,2023-12-07,S-003,P-006,1,800
04177fdf-9805-4145-9cb1-404ab76d93f7,2023-12-07,S-030,P-007,2,0
9cf81b9b-66c1-4963-9183-fde7220d92a9,2023-12-07,S-021,P-004,1,0
3a383671-bf55-47e7-b91a-cd99c779bd5f,2023-12-07,S-011,P-006,1,0
45fbae04-795e-49b9-8ef1-f12c7386622b,2023-12-07,S-030,P-002,1,0
12384516-f20e-4947-a154-053a670498b6,2023-12-07,S-014,P-003,1,0
8ba94d7e-857e-45e6-a873-4f2658354488,2023-12-07,S-008,P-005,1,0
8b564143-d280-43fa-a3d3-4f33ce272f33,2023-12-07,S-040,P-006,3,0
23bf3192-44df-47b1-a1c5-dd880387621c,2023-12-07,S-021,P-001,1,700
5bcf4c3b-cbc1-4894-ba61-1001d376ea6c,2023-12-07,S-007,P-003,4,0
34e37bc8-190e-42bf-9130-0d420f076f29,2023-12-07,S-008,P-004,1,0
ac6de514-daaf-4c4c-91e6-b5ef005fe3e4,2023-12-07,S-011,P-006,1,0
10d82b2d-b912-4c85-ae76-17e1c14f26aa,2023-12-07,S-030,P-004,1,1050
66c5d0f6-1993-4cd7-867f-cc1fa6b4e09a,2023-12-07,S-045,P-004,3,3150
fd394bef-0b56-4bdd-915d-69d567f6e301,2023-12-07,S-042,P-007,24,21600
c971aaec-2652-419c-b2b7-13733c64a550,2023-12-07,S-046,P-001,3,0
f06b2673-8aa7-430f-9dbc-81bfc16a59f4,2023-12-07,S-015,P-007,1,0
c6da4ab5-6ac3-4aa2-a3ff-77c998cffebd,2023-12-07,S-050,P-005,1,0
5a3cc102-4689-4f49-a5a1-f6401fde53fc,2023-12-07,S-034,P-002,2,1900
1d1f32af-f90b-4001-b673-3eb5fcba9bff,2023-12-07,S-040,P-005,5,0
dcdfafe1-9fc7-4d39-a219-cfd82ec3d82d,2023-12-07,S-026,P-005,1,0
0ab646f6-0bde-425f-be65-8e2f501ec826,2023-12-07,S-002,P-007,2,0
f740a627-7387-4ee9-9b58-df4097a378fc,2023-12-07,S-048,P-007,1,900
7b9fc408-28ac-4d5f-b5fd-8952084651d0,2023-12-07,S-040,P-005,3,0
9e21eb17-9931-4457-82d3-4f95855b43ea,2023-12-07,S-011,P-007,4,0
8383f2e4-02f7-4ef2-9d8c-a0666d72fc89,2023-12-07,S-035,P-005,4,0
6b11a99e-c844-401e-9a07-291c300c814a,2023-12-08,S-039,P-003,2,0
40257c90-2ea0-4bb2-a10b-1641f6c50d96,2023-12-08,S-018,P-001,2,0
00639dcd-9270-47d9-96a0-1b89358e3470,2023-12-08,S-045,P-004,2,0
8606ce50-1d89-409c-9214-31ec6fcec58a,2023-12-08,S-035,P-004,1,0
eb667393-51de-4f57-aa4c-d6d627fc26f5,2023-12-08,S-028,P-006,1,0
be0fe3b3-a590-4afd-8aa7-febaa7ef0fc2,2023-12-08,S-013,P-007,1,0
e4e21dff-62cb-400a-813a-ead09e5487fc,2023-12-08,S-049,P-006,1,0
7eddef98-daca-4587-88e2-2ee972d3110e,2023-12-08,S-032,P-007,2,1800
b4b40d36-7176-4a17-b47e-d6da5775ad66,2023-12-08,S-002,P-003,1,2200
77a9db62-17c2-432f-9945-0964f059e2b6,2023-12-08,S-027,P-002,5,0
62e7afc1-c5d1-464f-b424-918ffefedfb4,2023-12-08,S-044,P-003,2,0
cd59bc2e-8856-4489-933c-d13308b85608,2023-12-08,S-019,P-003,2,0
0cfc10b8-13f8-4df0-8fe9-d563c0732c07,2023-12-08,S-018,P-001,3,0
088f66d9-9e07-4c9d-926c-106edb00c007,2023-12-08,S-031,P-005,1,1050
198fa539-ec63-411b-ac08-a4a6d9318c7f,2023-12-08,S-028,P-002,1,950
d24838bb-e6bf-409e-b737-829fb677e44f,2023-12-08,S-003,P-002,4,0
b1cad639-8bdd-4ebd-9422-66ca19b632bf,2023-12-08,S-018,P-003,1,0
b25070e4-f1df-4bcc-89a2-5c2a38bd4112,2023-12-08,S-039,P-006,1,0
9cd03b68-e525-48df-8085-cbc0d3aac1d6,2023-12-08,S-040,P-007,1,0
7cb4cec9-2b90-4af4-9917-937d0becfdf4,2023-12-08,S-037,P-005,1,0
94d75a6b-dbda-476b-b6d2-9e600aec9a5e,2023-12-08,S-014,P-003,1,0
7b108136-5971-4722-b370-1327850eadd2,2023-12-08,S-006,P-002,2,0
97b6236a-947b-4353-a59b-46410dbc7dd4,2023-12-08,S-003,P-002,1,0
cc839e1e-d455-4618-89e5-cfa16b4c0b07,2023-12-08,S-022,P-002,24,0
2971d579-6a62-40ef-996f-a6eb5756df29,2023-12-08,S-007,P-002,2,0
d8704179-aa66-420b-a9a6-78e95f53d9b2,2023-12-08,S-013,P-006,1,800
01064127-9564-4905-b361-d0e07325b8a6,2023-12-08,S-016,P-007,2,0
2cae9488-dd03-4d7c-896b-a2b156ddd1e9,2023-12-08,S-018,P-004,4,4200
9cc7ba7d-71c0-4e21-8427-02cca673a27e,2023-12-08,S-013,P-004,1,0
1edc183d-6005-4d43-be39-14676a20cbad,2023-12-08,S-013,P-006,1,0
d2608fcc-1422-4a81-aca3-3a9448386279,2023-12-08,S-030,P-003,3,0
d0b397c8-67b0-44cf-b50f-3bf16e88c2d5,2023-12-08,S-009,P-002,2,0
168a84cd-8f44-4b04-afa3-1949605051d9,2023-12-08,S-023,P-004,1,0
44daa7cd-c78c-487d-936c-5aed9aae2ac0,2023-12-08,S-048,P-006,3,0
76a49e95-06aa-4382-9f6e-67be31dc1d9d,2023-12-08,S-034,P-006,2,0
5dc2fa1c-6c7d-4feb-b5d9-cba17c503a8f,2023-12-08,S-037,P-003,24,0
f508baae-93af-4101-9766-13634dfea75d,2023-12-08,S-014,P-004,1,1050
34e572f8-4041-4ba8-9bf6-601137be0f05,2023-12-08,S-049,P-003,5,0
1334d223-9fb8-45bd-8e14-4479bc373a26,2023-12-08,S-025,P-004,1,0
3dd84e5b-b2ec-422c-ab03-ddee5c9e6a77,2023-12-08,S-023,P-004,1,0
d2ea5f16-f299-487b-9e98-823d962e5cb7,2023-12-08,S-039,P-005,10,0
ef6f2d4d-dc36-48a6-91f6-e46ee782af49,2023-12-08,S-043,P-006,1,0
b0583f59-f1e6-4076-ba0e-ea2278f63fb5,2023-12-08,S-030,P-005,1,0
a4236839-0458-44a3-b952-94ca5b4ed574,2023-12-08,S-005,P-007,2,0
469dd515-5482-43b1-913b-e7fb2c796802,2023-12-08,S-043,P-005,2,0
23986c9b-deff-42c8-b63d-c53e90d28f8f,2023-12-08,S-009,P-002,1,0
94301deb-2e88-4a40-83ed-dc7589a0c0e4,2023-12-08,S-003,P-003,1,0
a735605f-e245-4cf3-8e6e-a0ed67636aaa,2023-12-08,S-025,P-005,1,0
254d0129-513b-4fb3-8135-aa9b4a72ebcb,2023-12-08,S-028,P-005,3,0
165e17cb-66e0-406c-b30d-afea705c8f4c,2023-12-08,S-046,P-005,1,0
dda61831-85e4-4666-94da-d072c3fa38a3,2023-12-08,S-008,P-003,1,0
eda84158-1e74-44a5-86b6-6e3b4ea00e1c,2023-12-08,S-049,P-005,4,0
c3dd40a2-c99c-40d4-893d-c91fe6aacd30,2023-12-08,S-039,P-002,4,3800
9f48108a-29ef-4cbc-905c-b27479330638,2023-12-08,S-021,P-006,2,0
3a5408b9-7dab-4f9d-97ab-4f7e06f991a4,2023-12-08,S-031,P-002,1,0
50eb0d9a-aad7-413a-b69f-4391e2781205,2023-12-08,S-020,P-004,1,0
35bcc054-83a9-45ee-986e-125f3bd38c17,2023-12-08,S-004,P-004,2,0
3b1c6b0a-5623-4fb7-8de4-dfea2346c4dd,2023-12-08,S-046,P-006,4,3200
057936ec-352f-461c-800f-2a2891a87b7b,2023-12-08,S-043,P-004,1,0
1fb15d3a-07b5-40a8-ba70-aaa32284d2e0,2023-12-08,S-003,P-002,3,0
f8218b84-76dc-49da-afcf-8eed8d9b0831,2023-12-08,S-003,P-001,2,0
870c52ce-87a8-4a8b-8830-d1cf9e534372,2023-12-08,S-040,P-001,2,0
a8e46a85-6b99-49aa-8682-455578d5ac52,2023-12-08,S-014,P-006,1,800
bb8afac0-62c3-4300-86bb-87517794196c,2023-12-08,S-010,P-001,2,0
81145d6d-27d8-4354-b637-82e7ee27c299,2023-12-08,S-032,P-004,2,0
dd9575de-28a8-400d-bc61-2336826a051c,2023-12-08,S-009,P-006,1,0
3dc3a5be-123a-46c4-9ae7-cbfc50c8d7c7,2023-12-08,S-019,P-005,1,0
dc26a1e7-087b-45c4-bf00-aa821f0b1ce9,2023-12-08,S-011,P-002,24,0
6f5d4b71-fae0-483c-b5a3-f84de4532bd6,2023-12-08,S-013,P-001,1,0
463fbc47-236e-4bcc-982a-cbc9e32cf930,2023-12-08,S-028,P-003,1,0
0ee94e9b-5376-4140-95a1-0389aa8b59be,2023-12-08,S-025,P-007,1,0
0f76d092-cfe4-49df-8740-c961602429ee,2023-12-08,S-014,P-005,2,0
992fa97e-6a47-4058-b28c-bbd663570d7a,2023-12-08,S-043,P-005,4,0
04e11f93-c2d4-4a69-b53c-1bd9c5157799,2023-12-08,S-027,P-005,1,1050
4dd9e0a2-5479-4433-93f7-be30058c8c7f,2023-12-08,S-034,P-002,3,0
cc03d6d5-774e-4f61-8231-0a0afced99de,2023-12-08,S-023,P-006,1,800
d768683d-69f0-4069-8bdc-53e2368e4d3b,2023-12-08,S-002,P-001,2,1400
0bb40871-8d09-40f5-b574-c3686d32f347,2023-12-08,S-028,P-007,5,0
bf951a43-3ab3-48d3-9e89-18a3d72523c3,2023-12-08,S-044,P-003,1,0
7249419c-7b37-4c8f-b2e5-6cd658b49914,2023-12-08,S-007,P-003,5,11000
6863e999-7b49-45b3-ad91-363fca14f504,2023-12-08,S-044,P-007,3,0
b2c0bd8f-5dfe-40dc-b6c5-ed273e459002,2023-12-08,S-015,P-005,1,0
e22f6dc2-33d4-4f3b-b6cb-d80cfbc16250,2023-12-08,S-005,P-002,1,950
808c0884-7421-45ee-8c22-2206b0f454ee,2023-12-08,S-005,P-005,4,0
48081d37-0eb8-4662-a59b-363ee92c96e5,2023-12-08,S-035,P-006,1,0
85d2b56c-b90f-4b9e-8631-8ed5bf6d0df9,2023-12-08,S-037,P-005,1,0
6cba6944-bcaa-42f7-8d55-75cae113036a,2023-12-08,S-048,P-001,1,0
8fabab0e-dc43-444d-8ef7-bda8da445cd5,2023-12-08,S-045,P-006,10,0
1f473ed1-0914-433c-b4bf-c54ad7286a7f,2023-12-08,S-002,P-002,4,0
7b5dfdb8-ec9a-4652-8ec1-9d058d134a44,2023-12-08,S-012,P-001,1,0
c19a1ee9-adcf-4eca-83e1-c2fd313abe97,2023-12-08,S-045,P-004,2,0
b30138d0-8154-481e-a305-a5d03162b45d,2023-12-08,S-044,P-005,2,0
7efd6dec-7538-4d96-8cef-db9919860e69,2023-12-08,S-013,P-004,2,0
1d8c5d8e-d2aa-478f-b1e4-0d9f6d5d1750,2023-12-08,S-008,P-006,2,1600
a60358af-48c7-4773-9263-234aae67fa02,2023-12-08,S-029,P-005,3,0
43acb847-3577-4d6e-a732-f0fc30a03e80,2023-12-08,S-016,P-002,2,0
0df69291-10ed-4417-9cc0-798d04aff92d,2023-12-08,S-033,P-002,1,0
5ea5367c-811b-40cb-8332-bc9ddf9c9924,2023-12-08,S-029,P-006,1,0
778a023f-6f8d-42e1-8a1a-da2112152792,2023-12-08,S-019,P-001,5,0
e3b8101d-fd96-45b9-ae7b-7da7e6f69f5d,2023-12-08,S-028,P-005,1,1050
045cb233-0280-40ef-b498-3b5d13497d1f,2023-12-08,S-013,P-007,1,0
f1ddf279-3a30-4f6e-8983-d94b9aa2b4ac,2023-12-08,S-012,P-003,3,0
1a4645b4-63ab-4913-b284-0ba133e7909c,2023-12-08,S-041,P-003,1,0
7ad2c26a-773d-4331-bff6-804661703d93,2023-12-08,S-016,P-004,1,0
2b6e26e6-f45c-4e41-abcf-33c1593a39f6,2023-12-08,S-047,P-007,2,0
2a2f8730-d41b-4f31-b00a-e3c95ae10526,2023-12-08,S-022,P-004,1,0
b3758f61-7a97-44d5-b896-9cb47892ac52,2023-12-08,S-008,P-006,2,0
450a4152-5468-4ce8-bd1f-339464f0ce23,2023-12-08,S-027,P-006,2,0
11deee48-58ff-4c39-bf66-d119d87dcdea,2023-12-08,S-011,P-005,2,0
b02d4de9-d47e-4664-b34b-828580810b20,2023-12-08,S-004,P-004,1,0
9162bfdf-1268-460f-b996-221ae32d5319,2023-12-08,S-002,P-007,2,0
85343f6a-169d-48b6-89d6-c2111208b489,2023-12-08,S-016,P-002,1,0
93ccf0b5-c3ff-41e1-b0b4-8470b3cb3691,2023-12-08,S-012,P-001,1,0
00c49cc8-8798-4cad-be20-b410d9566a4f,2023-12-08,S-024,P-007,4,0
2b17a617-6957-4707-b0e6-cc1ca6cee7f6,2023-12-08,S-030,P-004,2,0
81a2a24d-88c3-4ffd-9dde-251d61586908,2023-12-08,S-015,P-003,2,0
d81e3513-de2c-466d-9474-8a215f52e153,2023-12-08,S-031,P-007,2,0
06aecc1d-9265-4268-8d8a-695dfa6ff69a,2023-12-08,S-004,P-006,2,1600
427b1c34-eeb6-4bf1-a111-9a6fd718b675,2023-12-08,S-017,P-003,4,0
1abf4761-44ec-4345-9ee1-fdb0ec849c51,2023-12-08,S-029,P-004,1,1050
4f343395-48e6-41ef-9088-e2f35c9901ae,2023-12-08,S-015,P-001,1,0
6d870518-883a-4c8e-989a-6060964f740f,2023-12-08,S-032,P-002,2,0
56547783-3959-41d3-b031-0d92e335352a,2023-12-08,S-006,P-001,5,0
d5341a56-43e8-4792-bd3d-1c59323253b2,2023-12-08,S-043,P-003,1,0
5de23d90-4740-423f-948b-f6eab7d04393,2023-12-08,S-038,P-005,1,1050
4c4d266c-0b12-470d-b8b7-6a08c7bc7f72,2023-12-08,S-025,P-006,1,0
e392d828-3bab-4eb4-8701-313f7ac336ba,2023-12-08,S-002,P-002,1,0
9ac293c3-f7b8-4af2-a4ae-887f82ab8b5a,2023-12-08,S-039,P-007,1,900
c1ac8b89-211a-4db9-9667-28707190b60d,2023-12-08,S-028,P-001,1,0
ed556b72-800f-4eaf-84f6-41a0dcd96118,2023-12-08,S-017,P-002,3,0
d29c8fe9-af75-40cb-8131-344e8cae5407,2023-12-08,S-044,P-005,1,1050
d0986d73-adde-43eb-8253-ce7d9ad4940f,2023-12-08,S-021,P-005,2,0
15331720-6c77-4357-9d8b-888e3462c509,2023-12-08,S-005,P-007,5,0
72df5153-010e-4ab2-be1e-331d60894b1f,2023-12-08,S-041,P-002,1,0
6c16c44d-cafd-4e3d-973c-46ecd38d979a,2023-12-08,S-042,P-004,2,0
2c9531c9-0d92-46b0-97c9-3ec27cd9554f,2023-12-08,S-031,P-007,1,0
c7b7f287-e60d-4aab-8f5a-a682808083b3,2023-12-08,S-008,P-006,4,0
1b4bf1f0-3415-4402-83e1-d259846484c8,2023-12-08,S-029,P-005,1,0
10933e53-b533-43ce-9fb9-7743ba3b63e1,2023-12-08,S-033,P-007,2,0
26bbfcb1-1398-4bcc-884d-8a793d653ee1,2023-12-08,S-004,P-003,2,0
c21963a8-637b-4a8b-be46-bf4be0efd07e,2023-12-08,S-015,P-005,1,0
33a3660a-8b53-448c-a607-172de012a080,2023-12-08,S-037,P-007,1,900
df8f51ce-f5ab-4ea5-9911-9d41f13fa280,2023-12-08,S-032,P-004,1,0
c8ecff0d-3e11-447e-8bf4-975f814d93a5,2023-12-08,S-013,P-001,2,0
5d493230-d1db-4a73-90ac-c2cbbb23288f,2023-12-08,S-029,P-006,1,0
935e0d7f-5af4-4699-ae28-70c85e0b638f,2023-12-08,S-025,P-005,2,0
4f401471-7557-4f69-830f-133e15a7907e,2023-12-08,S-047,P-007,1,0
0463ab2d-28f1-4c31-a5e7-0efd3683dd50,2023-12-08,S-018,P-001,3,2100
907de5f7-7aad-499e-85f2-011a9b77e582,2023-12-08,S-041,P-003,1,0
771273ec-a896-4895-a23a-cd5285fe1574,2023-12-08,S-001,P-002,1,0
7541eb32-b2f2-4bd6-90cc-62c61ddfaaaa,2023-12-08,S-041,P-003,2,4400
b99b08b3-0f64-498d-a9da-a65b8b2f13d5,2023-12-08,S-015,P-006,1,0
18d77c31-211f-40b8-b26e-8bb47d7704cf,2023-12-08,S-015,P-005,4,0
dc30b1ea-54ad-4089-b4bc-554709bd3193,2023-12-08,S-031,P-007,1,0
d377a766-2b6a-48d9-b699-5a6a16ffd292,2023-12-08,S-045,P-007,1,0
a39f17ed-8fdc-48e1-a114-0f2185295af4,2023-12-08,S-011,P-002,1,0
043c2c1e-936d-49f8-a7d1-f348af4dadc8,2023-12-08,S-027,P-006,1,0
743cf591-f78f-4e32-94e9-4c522e9d36fc,2023-12-08,S-020,P-004,1,0
36104c61-df13-4a18-9818-210b196fd50b,2023-12-08,S-038,P-005,10,0
707ae2a0-ac74-4be0-a3ea-c4922cebf3e4,2023-12-09,S-015,P-003,1,0
79a8365c-e424-4988-b656-f5b1705337ae,2023-12-09,S-037,P-001,2,0
41f8053a-80a6-4795-987e-bad9adcdcd87,2023-12-09,S-028,P-005,1,0
3fb6f3b0-01f4-4f97-b2ab-0d564cd2b271,2023-12-09,S-050,P-007,1,0
2a6f018a-4a4d-4011-8fad-85f06a79c9e3,2023-12-09,S-018,P-001,3,0
e0b9bdce-e3ac-47ac-833d-3e01bc0c462e,2023-12-09,S-034,P-007,1,0
a1af622a-f98a-4b7d-92a7-acde21d7a674,2023-12-09,S-015,P-003,1,0
4c2b0f03-e30b-4e56-aad6-dfa9ab0843a3,2023-12-09,S-004,P-002,5,0
ff69bb68-a120-4dc9-b620-f5bd6894806f,2023-12-09,S-034,P-007,24,0
c9b7e4e7-ea16-44e1-8f8e-6da9a042debd,2023-12-09,S-048,P-004,2,0
5908112d-41a4-4786-9f32-13837d32a5eb,2023-12-09,S-003,P-003,1,0
d041f403-03c7-461c-9e2b-91a0588298c4,2023-12-09,S-041,P-003,2,0
16c6bc21-f85a-4769-b40d-d5a218bf55f8,2023-12-09,S-040,P-004,1,1050
d0bb7fb3-89ca-4a4e-9a64-81ac9513d424,2023-12-09,S-020,P-006,3,0
e18bfdbb-7a18-4f25-8592-7d0a0043d14f,2023-12-09,S-048,P-006,2,1600
78c7946a-4ebf-4257-8e0f-a25f9c2635df,2023-12-09,S-009,P-007,4,0
dedd9982-5a85-4412-8ef6-7ac8aa6d7b8a,2023-12-09,S-009,P-007,5,0
42eefc21-f7b1-49bc-94c0-d9de2d069768,2023-12-09,S-019,P-004,10,10500
2d9390e0-bd9d-4053-9a71-2841922e93dc,2023-12-09,S-005,P-005,5,0
bb128c23-09f9-421f-996d-44df344aaf94,2023-12-09,S-036,P-003,1,0
d9d78ee8-40ea-44b9-8237-d1037869322b,2023-12-09,S-026,P-003,1,0
879cfc81-cfdb-4112-8ba8-77a7cacfe4b2,2023-12-09,S-048,P-001,3,0
0f9fbbdb-404c-489c-84dd-ca4a2800de04,2023-12-09,S-031,P-006,5,4000
cdeab86a-0cfc-479c-b785-9b4c6b5a3fb2,2023-12-09,S-006,P-006,24,19200
f21c64f2-7ac7-492c-b715-607791de7d7c,2023-12-09,S-015,P-007,2,0
612ac107-f1f9-44f8-b381-b226d38fc29e,2023-12-09,S-014,P-002,4,3800
1fdb00f6-4d56-48f2-ad83-b792057100ed,2023-12-09,S-021,P-007,3,0
2e40d0a0-6024-4149-9bbf-a683115d85f5,2023-12-09,S-005,P-004,5,0
46723e47-557a-4d21-97aa-f4ccf7e0b0aa,2023-12-09,S-001,P-005,4,0
9a468a1a-5f03-4af4-b7da-38c093accf77,2023-12-09,S-044,P-007,1,900
fa8ac4db-0553-4ebc-ad4e-9fa736d166bd,2023-12-09,S-012,P-003,4,0
044b0575-6bb5-4475-b559-2fa517313bae,2023-12-09,S-008,P-006,3,0
991b6aca-1ed7-4021-94bc-e359edd833e2,2023-12-09,S-033,P-001,5,3500
9da3867a-9636-4581-aa7f-a9593eae604e,2023-12-09,S-002,P-003,3,0
aff07ab4-f3b4-4210-871b-040718194070,2023-12-09,S-005,P-002,1,0
cb611b07-b3e3-4ea3-ad43-a4bd54478ab2,2023-12-09,S-036,P-006,2,0
7d123a21-3fd8-4fd4-9055-abc6135be1e0,2023-12-09,S-001,P-007,1,0
500d3409-ef2c-403d-85c9-35bec1c61ce1,2023-12-09,S-014,P-004,1,0
91d557f4-2fd0-45d4-b2f5-5e900006e514,2023-12-09,S-043,P-004,3,0
e941aca5-b140-4ee4-93a1-4893d89a6cbc,2023-12-09,S-016,P-007,1,0
e046cd41-e7b4-4ddc-910f-b7e34daa63a4,2023-12-09,S-032,P-001,1,0
7c5cfc10-fc6c-43f4-8127-2513887a552a,2023-12-09,S-007,P-002,5,0
c6574c97-8be2-46f9-b417-da98ab316bfb,2023-12-09,S-036,P-006,2,0
c4d06431-92d2-4f96-b904-b200cb9bcaab,2023-12-09,S-047,P-006,4,0
9b3bfd81-9684-4361-a92d-9a65c119d686,2023-12-09,S-001,P-004,1,0
82a01a38-0c3c-460b-a98d-97caa01a11f2,2023-12-09,S-005,P-002,1,0
5033c0dc-c54e-4796-a199-fff95c36c5e3,2023-12-09,S-031,P-004,5,0
768581df-89e6-40c4-b5ae-45e943a860cd,2023-12-09,S-036,P-002,1,950
99131a64-79e6-4191-96f1-9f0f7589c6d2,2023-12-09,S-037,P-005,1,0
7cdbbc9b-b548-4318-89f3-211a4e4ca334,2023-12-09,S-044,P-003,1,0
7bd22164-b022-40bf-9396-c33d0444996f,2023-12-09,S-022,P-004,4,0
e0dc0ad0-62b8-420c-b873-7ed56296ebdc,2023-12-09,S-040,P-002,10,0
30fea337-896b-477a-84c2-c047efa1a3e7,2023-12-09,S-040,P-004,1,0
65385fb8-7599-434b-8d0f-27e89f39211b,2023-12-09,S-043,P-006,1,0
3720a2c5-d3f9-4cd8-b4aa-9605f6b416df,2023-12-09,S-020,P-002,1,0
d6beed7e-97e7-4757-8e23-27607e205044,2023-12-09,S-029,P-003,2,0
1d49c5a4-04ad-4c5b-9809-24eb006db175,2023-12-09,S-038,P-005,3,0
54819354-dadc-448e-9275-543acf768762,2023-12-09,S-023,P-003,1,0
804f8145-0413-4fc1-b257-edd2ed78a594,2023-12-09,S-016,P-003,3,0
f3596996-fa3b-4f2d-b2bc-24ac83ed31e6,2023-12-09,S-001,P-004,2,0
11983db5-4f9c-466f-a280-d54d46d9ba76,2023-12-09,S-020,P-006,1,0
663882fd-e721-4f6f-99f7-6f690d6908d8,2023-12-09,S-024,P-007,1,900
685fa9ac-f6bf-4262-bd82-4f3da31a102d,2023-12-09,S-040,P-001,2,0
4ab5f845-82c9-463f-aafa-ee225b8696bf,2023-12-09,S-030,P-006,5,4000
471ad9a9-96f0-44f2-aaed-820dd076ef48,2023-12-09,S-001,P-003,1,2200
e6a7c42e-02c1-40f6-9609-445c8f9be2b6,2023-12-09,S-049,P-003,1,0
7a4c03f6-4ae8-4274-af81-57ca739db4d2,2023-12-09,S-038,P-006,2,1600
ce2f2211-ee51-4765-821e-40f7f015505e,2023-12-09,S-046,P-002,1,0
5b7e930b-13e6-4c6e-84cf-0098c3654d78,2023-12-09,S-024,P-001,5,0
4fdc8329-11ac-431e-b060-d0efbfbb4894,2023-12-09,S-013,P-007,3,0
08387bfa-8dfd-42e3-a172-9b732568f7a9,2023-12-09,S-014,P-005,1,1050
ac54f27e-f0a5-4bbc-aaaa-8439b731a22a,2023-12-09,S-008,P-001,2,0
ee491a72-92e2-4422-8984-ffd958143a22,2023-12-09,S-037,P-002,3,2850
384b9f1b-86c6-4e89-95a0-c2d42a6eb582,2023-12-09,S-032,P-006,2,0
0fb17fdc-2ad8-4df1-8231-14e0b3e59345,2023-12-09,S-022,P-004,1,0
206966cb-bfbd-4a3b-9d8b-ffb7ced6702a,2023-12-09,S-012,P-006,10,0
bb1a88ee-a69e-4fa7-85cc-459089d72dec,2023-12-09,S-020,P-007,1,0
8a16699f-c5c9-4e60-b428-e2b8e3cb2b25,2023-12-09,S-003,P-006,2,0
66f4581f-57bd-42bc-b4db-1a22ef64ef7b,2023-12-09,S-036,P-006,1,0
5b41c8ab-805e-4eba-a4b2-3b6def25454a,2023-12-09,S-044,P-004,1,0
151bd021-9a56-4b52-bed5-b9e876d1a085,2023-12-09,S-007,P-006,2,0
fcd4c717-09ca-4003-a67d-23e0a32c9f39,2023-12-09,S-050,P-002,5,0
98d0d46d-d8b2-433d-ae9b-6c334ec57ee9,2023-12-09,S-037,P-007,1,900
092d6d87-10c3-4d85-9b73-097a20811203,2023-12-09,S-036,P-005,2,2100
af7d4303-5de3-4702-b415-34f2f0f37b53,2023-12-09,S-036,P-006,4,0
714eee91-4310-4ab7-bb8c-54c4768363fb,2023-12-09,S-002,P-004,1,0
660311f7-a578-4c25-8d69-1becbf442c5d,2023-12-09,S-033,P-005,3,0
e3d26f6b-5e7d-4047-8641-74b92c21c5d0,2023-12-09,S-021,P-003,2,4400
ad839cda-5997-4ace-ab1a-e271c9aa8f87,2023-12-09,S-047,P-001,1,0
db687070-c674-4128-9875-535b73d106f8,2023-12-09,S-043,P-004,1,0
0c4d16c7-34da-4067-9057-cbaf8efa0251,2023-12-09,S-043,P-004,2,0
b469fc9b-451e-4f32-9222-c859bcedbdca,2023-12-09,S-008,P-007,1,0
41d47eb9-a534-4dff-99f5-4073a6fea037,2023-12-09,S-046,P-003,5,0
16799599-7347-4984-a822-e9be728f97e0,2023-12-09,S-032,P-006,1,0
0fcaa27a-dbc1-4f33-a605-f8f89cbaa8e5,2023-12-09,S-013,P-004,1,1050
1429179f-8b39-47bb-9cef-52e5fe7cf67b,2023-12-09,S-040,P-004,1,0
700f978b-0f1b-4a9e-b412-265d44a09aaf,2023-12-09,S-035,P-006,1,0
2e0a72eb-6382-41da-b033-92958ecb1f4c,2023-12-09,S-011,P-007,2,0
81887464-25e3-4ac9-ba0a-6c1af820ec63,2023-12-09,S-037,P-002,1,0
f67f80f3-03f0-4aae-8a9f-230b347207e2,2023-12-09,S-026,P-001,1,0
d512eabd-f4c1-45dd-ad14-9f9e1212fadf,2023-12-09,S-026,P-006,1,0
6e1f8e5e-f148-4625-9845-0205117d081a,2023-12-09,S-032,P-003,3,0
fd583dce-0c25-4305-86c6-738e522257b5,2023-12-09,S-001,P-004,10,0
dbebf912-e100-4322-9505-73548ad0333f,2023-12-09,S-010,P-001,2,0
61125d90-5f83-4c5b-8c25-8a493b3c6e34,2023-12-09,S-018,P-004,3,0
f268fdf8-3508-4866-8902-211742e3de45,2023-12-09,S-039,P-003,1,0
db5cf8de-9bfa-4984-88d8-1e49817307bd,2023-12-09,S-035,P-003,1,0
3285be4e-e483-48e5-9294-0025125b5664,2023-12-09,S-044,P-001,3,0
df35ab38-7ef2-40bc-9a3f-a4e0f0087010,2023-12-09,S-037,P-001,24,0
a349f5a9-6d14-4323-956e-8296477e453b,2023-12-09,S-024,P-006,1,0
7bb996d3-4bdb-4dba-aef6-8772ad2fc825,2023-12-09,S-013,P-005,1,0
b6128724-a743-4a80-8c25-40f71d6f14c5,2023-12-09,S-019,P-003,2,0
653fab73-6b1d-4739-b22b-f18ef8e56303,2023-12-09,S-028,P-003,4,0
e47370c9-b272-4d33-a7ae-0460bb19cd02,2023-12-09,S-044,P-007,1,900
e27d825f-ae5d-4034-9f3c-9ca3abee994b,2023-12-09,S-011,P-005,2,0
94656e94-5e74-437c-b487-04241514b693,2023-12-09,S-040,P-007,2,0
0b4327ae-3fd2-4271-914d-8eee0955ea4b,2023-12-09,S-028,P-006,1,800
82265aa8-1174-491d-bfd0-c1e79b83cc87,2023-12-09,S-004,P-001,1,0
48d2fef4-1264-4576-bdb2-644137f5ee35,2023-12-09,S-042,P-001,1,0
63055a28-b063-41dd-895d-8ee28f732dd1,2023-12-09,S-023,P-003,1,0
ed0521b1-a20b-4785-a30f-75acb31a46a4,2023-12-09,S-033,P-003,2,0
f114d99a-ec4f-49fa-8dc8-f6886793f0a2,2023-12-09,S-029,P-001,1,700
f32eb723-bd62-4a62-8ce9-63aca4755d18,2023-12-09,S-033,P-006,5,0
7bd5c6d2-fb71-40f7-81a7-991133a3c91b,2023-12-09,S-029,P-004,1,0
a937c86e-e793-4d23-b722-b842d97a4fa2,2023-12-09,S-002,P-007,2,0
0adb3f36-877d-4350-8410-e487207b13a4,2023-12-09,S-045,P-001,1,0
6cc6d582-2a6a-4fa3-b399-78552abe4437,2023-12-09,S-002,P-004,1,0
ffba9b24-e4f8-4ef3-a5c6-89ea583f8161,2023-12-09,S-046,P-005,2,0
38ca7a3b-72ec-4e22-bbfa-e2564e3efed1,2023-12-09,S-018,P-007,1,0
397e8829-c877-44e6-acfb-48250ebb2a5d,2023-12-09,S-005,P-007,2,0
669f58a0-7c34-4c16-bbba-0740bad5da73,2023-12-09,S-050,P-001,1,0
47d88186-c673-4dca-b540-6e9f9569d5b2,2023-12-09,S-031,P-006,4,0
5cff36d0-9e1a-4791-8030-26af493db62a,2023-12-09,S-039,P-006,4,0
98a0f9bf-b80a-4725-bb98-d9b11192f1f1,2023-12-09,S-020,P-006,1,0
038bcc2e-5c98-43ad-b823-1bca6ff91b60,2023-12-09,S-025,P-007,1,0
073c1073-863e-4878-ab0a-9b3336d66f61,2023-12-09,S-031,P-007,2,0
919c733a-fc7b-422a-8b4c-3efba97dd46c,2023-12-09,S-046,P-004,2,0
79d16474-f70e-4577-b7ad-9f6652d91002,2023-12-09,S-037,P-005,1,0
e4a8f9b7-73e8-4bb5-8618-c3e177766d70,2023-12-09,S-042,P-004,1,0
776dc867-50b5-4360-b345-02df5823cb52,2023-12-09,S-008,P-006,1,800
d2510123-707a-4094-b658-baac30eb34f5,2023-12-09,S-019,P-002,4,0
cc0ac5d9-0a09-4fd9-a196-6ad5e52a6d5b,2023-12-09,S-031,P-006,1,800
23c8e818-403c-47bf-8250-a119333c89a9,2023-12-09,S-013,P-001,3,0
25af8192-77ea-4f7c-be1c-eeb81677786d,2023-12-09,S-050,P-006,2,1600
b40e8cc5-36bd-43ae-b457-0cffaa23bf20,2023-12-10,S-022,P-003,1,0
0337abc2-fb92-4e4b-9851-35d7130b8da6,2023-12-10,S-033,P-003,4,0
6e619675-8f5a-41a8-9988-5e59201c4bb0,2023-12-10,S-019,P-001,2,0
7e5b4a6a-07b2-479f-a9d0-0d56e813fc9a,2023-12-10,S-049,P-003,1,2200
e154d22b-7975-4c0a-ae49-a7231e925eb4,2023-12-10,S-049,P-002,10,0
46c4db02-8c33-49e1-b0fe-44135975a8aa,2023-12-10,S-037,P-002,2,1900
f92e5502-e0a3-4449-b482-2e82abdd6023,2023-12-10,S-049,P-001,1,0
bd1e3e99-a011-4716-b80d-0898f0bc891b,2023-12-10,S-041,P-005,1,0
95f73020-396d-4c7d-98e8-97cb9a059cf7,2023-12-10,S-013,P-004,4,4200
450b6588-ed56-461d-b14d-fe52a41f8720,2023-12-10,S-025,P-002,3,0
76af881d-0f8a-4108-b6cf-a074edc4cc8b,2023-12-10,S-038,P-001,2,0
a34c5a96-7a76-4786-9cbd-cef028cbb5eb,2023-12-10,S-033,P-003,4,0
e03231bc-d43d-4a4c-9cc5-ec07e341af67,2023-12-10,S-040,P-004,1,1050
4e5f4c82-09f8-4247-b130-83062655eb62,2023-12-10,S-042,P-001,2,0
81157665-4145-48bd-af21-613bb0a7f0b5,2023-12-10,S-044,P-004,3,0
b5425208-f3b9-4314-8593-a4d8bc585b48,2023-12-10,S-035,P-001,1,0
a1eac19c-e645-4057-bc00-b7f9c288cea6,2023-12-10,S-046,P-007,2,0
d42e2244-7d48-42f1-a1ec-e4247e24d1ae,2023-12-10,S-012,P-005,3,0
65af99e1-5e60-4e70-a0de-448cb3199346,2023-12-10,S-027,P-003,1,0
915f1d12-5fbd-4fc1-a8d9-efcd4e327629,2023-12-10,S-035,P-006,1,0
4424f231-c9f9-45d4-81f5-22890c83a2f2,2023-12-10,S-005,P-001,1,700
ad778ddf-840d-4e41-83de-f56c71ef8b93,2023-12-10,S-025,P-002,2,0
39b91539-d340-48ab-b7ef-27bdab9f9d72,2023-12-10,S-024,P-003,2,0
8f29a787-2451-4e4b-a6bf-aaa2679f7dfd,2023-12-10,S-013,P-005,1,1050
247779c4-8cb7-45f4-874c-097bb2301858,2023-12-10,S-008,P-004,1,0
64e8fac2-2aba-456e-bcb7-a56774a4cc71,2023-12-10,S-001,P-002,4,0
202064d4-bf74-45b4-8fdf-4b5a4bd29418,2023-12-10,S-035,P-007,2,1800
c4a5d7ac-87c2-46f0-be1a-54efebc8a503,2023-12-10,S-041,P-006,3,2400
c4d137a7-9130-4784-afce-f715f09c3c5f,2023-12-10,S-037,P-005,1,0
c1a38d5d-5d82-4879-b96e-8d2e1ca33753,2023-12-10,S-045,P-003,1,0
21dc3dfa-bbb3-4ffa-abbe-120fcb1f645d,2023-12-10,S-015,P-006,4,0
f43299de-fba9-434e-b6a6-01bb2e43e5c6,2023-12-10,S-042,P-005,10,0
72cebb84-8cdb-4d2f-8a14-64cbc01925c9,2023-12-10,S-010,P-003,1,0
93500a96-23e6-44f0-a46b-29cb5135ec9c,2023-12-10,S-005,P-005,1,0
9eb3ac38-58dc-493a-8a5b-f9b28babf53f,2023-12-10,S-015,P-006,2,0
b2ffde85-24f3-46c9-b306-271314b577f9,2023-12-10,S-044,P-003,2,0
069ca977-0dfb-41dd-891c-11a4085eeb7c,2023-12-10,S-034,P-003,2,0
46f9a298-c99e-417e-b364-176975d4f147,2023-12-10,S-028,P-004,3,3150
b13ab564-7467-45e2-9199-099f34ea9283,2023-12-10,S-030,P-005,2,2100
7112e53c-ce67-4685-b057-7e4fffb8b860,2023-12-10,S-012,P-003,1,0
09a36b0b-f629-4989-acc3-0aa0ba0c6d67,2023-12-10,S-025,P-004,4,0
d96ece74-c4b2-4093-9446-4c4f9d69469a,2023-12-10,S-018,P-007,1,0
eda06619-92b0-403d-bc0f-84c2f5773f33,2023-12-10,S-026,P-001,5,0
1503d083-c5b2-440a-94a2-bce3bf025730,2023-12-10,S-018,P-007,3,2700
363c4a8b-8958-46d7-9330-325e3ad54108,2023-12-10,S-033,P-001,4,0
cce62e99-d022-45fd-aa48-56ba4c4b1295,2023-12-10,S-009,P-003,1,2200
a539598e-ea5d-4948-aeda-35bdf02e1e2f,2023-12-10,S-040,P-003,1,0
3c2d5040-3d9b-4ad0-8e88-f668de6b1687,2023-12-10,S-038,P-006,5,4000
9f1753e9-549e-4581-8971-07d5ddfc1232,2023-12-10,S-041,P-007,1,0
c86e9c2c-fa69-4055-a7a5-85f71bbdd2ce,2023-12-10,S-022,P-005,10,0
9973039d-85e3-470d-a5f3-0a6711f6cc21,2023-12-10,S-012,P-001,1,700
8ab42477-73fb-4fcc-9dc9-9c16a96cc397,2023-12-10,S-009,P-003,24,0
60fe662c-b98c-43cb-8d81-22950c2c0562,2023-12-10,S-031,P-002,4,3800
7436acbc-e9ce-47fd-a9bc-f32162ff6336,2023-12-10,S-031,P-003,3,0
d3031c59-759f-40e4-8781-551d50ae5a8a,2023-12-10,S-002,P-005,1,1050
3c7dd0fa-458a-4874-9686-9be6ae2871d9,2023-12-10,S-035,P-006,1,800
e33f57b6-bad0-46b9-b3de-d283e3607e19,2023-12-10,S-024,P-003,5,0
231d6aaf-0c1d-4815-a96a-852517862070,2023-12-10,S-006,P-004,1,0
a2b066be-def3-404d-88bd-6e6794b399bd,2023-12-10,S-033,P-003,1,0
20f8f5cf-df92-41c7-b8f7-5048a42a84e2,2023-12-10,S-042,P-006,2,0
b237945c-8752-4294-b12a-fde868c85b68,2023-12-10,S-035,P-003,1,0
6d1fec72-7047-4038-a2d7-d37f37b621f1,2023-12-10,S-004,P-005,1,0
3a35faf9-80ad-4267-bde1-5eba9cae517a,2023-12-10,S-050,P-003,2,0
b1c3cfaf-9e1c-4429-94c1-20111b115076,2023-12-10,S-013,P-005,1,0
ef54a098-dd87-4800-b145-027f774a32fa,2023-12-10,S-041,P-002,1,0
41b31d10-2143-45a5-9cc7-5af60d59d99e,2023-12-10,S-029,P-002,2,0
53c4ddd9-338a-4962-8227-0b10517b9d5a,2023-12-10,S-018,P-007,10,0
559ad6d9-5e25-41b0-97b2-8b422e4dd587,2023-12-10,S-026,P-005,2,0
379d82b7-795d-4411-84cf-9239e70f27c4,2023-12-10,S-045,P-001,2,0
43a3a043-6404-4dcb-93d2-8499c6e89719,2023-12-10,S-023,P-007,1,0
1d6ea312-ea94-4ca8-a6f6-a0bdbe21d1e3,2023-12-10,S-049,P-007,1,0
6808c3a1-04a3-4511-a266-cb64a2640b1c,2023-12-10,S-014,P-007,3,2700
8efafcc1-e916-4317-b256-0b190db2cf33,2023-12-10,S-044,P-001,1,0
0f884b27-16b7-4ae9-bb47-49874b8effaf,2023-12-10,S-013,P-002,4,0
c72131fc-a5a9-45e4-83be-6a108db7f191,2023-12-10,S-009,P-007,2,0
524ffdcf-c234-485b-8a64-bde71ea9f016,2023-12-10,S-004,P-004,3,0
4b4180e5-837c-4ed8-8818-4b11acc4d63e,2023-12-10,S-013,P-007,2,0
67bdca5b-ce67-4b17-a947-7661a91e2f51,2023-12-10,S-019,P-003,5,0
812b644d-3b52-4b0c-ac7b-d1ea72ad8382,2023-12-10,S-001,P-006,1,0
e333a281-21d8-4e61-adcd-69fbcf29f201,2023-12-10,S-035,P-006,1,0
81ab9325-5566-4b1e-a65b-6923a6fc45a4,2023-12-10,S-043,P-004,3,3150
9dfddb57-a181-4067-98ef-d2c326aee7d9,2023-12-10,S-024,P-001,3,0
03c2d6b0-682f-4fb0-bffc-7aae3ad1db3f,2023-12-10,S-042,P-003,5,0
2d968f92-5217-428d-8dd3-c2489a307cf3,2023-12-10,S-023,P-004,1,0
0304bd0a-aab4-46b8-b8e8-c0f9cef69cf0,2023-12-10,S-024,P-005,3,0
e55ac27b-cbe2-49e4-bf59-503f4de5e7ad,2023-12-10,S-048,P-004,1,0
ae1fec3c-0439-42c6-a83a-211b29476866,2023-12-10,S-031,P-001,1,0
151ca581-f831-4dce-a7e4-2334d02aa21c,2023-12-10,S-030,P-002,2,0
d69e7974-6b29-45b2-bb25-a396a22f9d52,2023-12-10,S-045,P-002,1,0
d4f82988-a385-4cc6-b210-9ffdf773bda7,2023-12-10,S-042,P-005,1,1050
0f111aef-f90f-4c21-8d2c-1a593d51a4b2,2023-12-10,S-041,P-007,1,0
f0f8edcc-4db7-497d-8750-84a5687582c6,2023-12-10,S-039,P-003,1,0
47210eb3-0d99-4af7-be6f-baf1a35ea0f7,2023-12-10,S-022,P-004,2,0
f1a3351b-7af5-4d9c-a2b4-86934129def2,2023-12-10,S-017,P-001,1,0
25f1b079-4557-4a7c-a829-f27e67a14c99,2023-12-10,S-022,P-002,1,950
5f258763-f2be-4fd1-8b76-c084fc8e4224,2023-12-10,S-023,P-006,4,0
78279042-bcfb-48a8-9cbb-d17fdc07fb9e,2023-12-10,S-019,P-002,1,950
43a704bc-05d3-4ae6-a013-d607b2449c17,2023-12-10,S-023,P-003,1,0
ccd08789-ff15-4801-8412-c5e008f8e283,2023-12-10,S-047,P-004,3,3150
4c5d54e5-7deb-45dd-9797-23a02befd5b4,2023-12-10,S-038,P-006,1,0
c08bd595-cdf2-4473-8075-2a11781aecc2,2023-12-10,S-045,P-006,1,800
6d829933-749d-40f3-bf86-1e0434ca81c2,2023-12-10,S-040,P-002,2,1900
65afc0b6-bfe7-46a1-8eb7-a3d167bb1c01,2023-12-10,S-003,P-004,1,0
d19a919c-e7df-49ee-9a2f-2e9a9cfb4ffc,2023-12-10,S-013,P-002,1,0
ce4b07d7-a3ab-49ed-9196-3d9610965897,2023-12-10,S-026,P-006,2,0
d3db8c5c-6e98-46eb-8a43-b01d00cdb806,2023-12-10,S-029,P-002,1,0
a20ee82f-c860-4b06-983a-c1a4bf6f59d0,2023-12-10,S-022,P-003,5,0
397f6922-d315-4661-be39-b515e899273a,2023-12-10,S-048,P-006,3,2400
205b4bee-23e9-43d6-bfe1-a27951f5ffe7,2023-12-10,S-023,P-002,5,0
7cff4d92-86bb-498f-8e1f-b5c21834f546,2023-12-10,S-031,P-006,1,0
a20ce7e5-29f0-4ead-9928-3ad98ec987b3,2023-12-10,S-001,P-004,1,0
ac764c5f-79fb-4844-b455-ea35e98bcb33,2023-12-10,S-015,P-005,2,0
385024a2-8ae8-4752-9b43-0dfe6cb3aed9,2023-12-10,S-004,P-005,2,0
8016d269-7bf6-4577-b4e2-6ffaf11f67ea,2023-12-10,S-045,P-001,2,0
b72e5591-d4da-4ff6-a60e-ec08807a7fab,2023-12-10,S-022,P-002,2,0
1f7e329c-07a0-49a7-985f-6f4cef0d93af,2023-12-10,S-028,P-005,1,1050
4e0f2c90-4dcd-47aa-80fa-e451774a37f8,2023-12-10,S-033,P-005,1,1050
36681ae1-61d9-4ffc-8aec-8b8cec1965bf,2023-12-10,S-022,P-003,1,0
67eed2cd-65e1-46f0-822d-d2982b2eb5d2,2023-12-10,S-032,P-002,1,0
4c721532-59c8-47ff-888e-3830112794c9,2023-12-10,S-007,P-002,5,0
fac2d0c1-6ec9-4ae2-bd71-a24b21199dfb,2023-12-10,S-022,P-007,10,0
55d90883-579f-4280-a203-93fa6a8d7ff4,2023-12-10,S-023,P-001,3,0
5e0e849e-14e9-42f4-9070-2d463cd5f6e4,2023-12-10,S-048,P-005,3,0
2946f7d8-9c15-4075-b94b-6c8ea46160c6,2023-12-10,S-041,P-002,1,950
0caaf673-370e-45d6-bf48-2925a16da791,2023-12-10,S-039,P-006,2,0
ba09089a-3fa9-43b6-9dab-7806cdb33919,2023-12-10,S-023,P-006,1,800
b2f30d01-6f2f-4297-a1e4-8999ba5943a6,2023-12-10,S-042,P-001,3,0
c6c57e21-eff4-47ed-96aa-6cdc2e8a6e0e,2023-12-10,S-021,P-001,1,0
32574ba2-d4a2-47b2-9460-1fd6c6d03f38,2023-12-10,S-030,P-007,1,0
dd8a080d-acc7-4a3e-854d-c13337a6c260,2023-12-10,S-017,P-002,3,0
9b8329d3-24bc-49c7-9fc5-f378e67c83e4,2023-12-10,S-002,P-007,1,0
69278233-52ab-43f8-8a45-71a410b39e83,2023-12-10,S-043,P-003,1,0
2cb78a06-84c3-42cd-9885-2c9067110331,2023-12-10,S-029,P-006,1,0
7d1723d4-b3fb-464c-8caa-5404179b7a74,2023-12-10,S-020,P-007,1,0
c7bfdbb5-573f-4002-888f-048c014084b3,2023-12-10,S-033,P-005,3,0
7d16f994-9462-4e11-a5d7-10dbba9fff7a,2023-12-10,S-013,P-006,3,0
57b455ce-03a9-4155-8578-6b3037c58892,2023-12-10,S-020,P-007,1,0
202647d2-97d0-43f5-985d-d2d3524db370,2023-12-10,S-017,P-002,2,0
b07f3fb4-b788-4b88-a535-007ba4daeff1,2023-12-10,S-047,P-001,1,0
4a5bbfd5-5273-4a39-a0f2-7928d9bf6475,2023-12-10,S-032,P-005,2,0
474d7f5b-4520-4f3c-b476-99dc51432abe,2023-12-10,S-019,P-005,4,0
51b9a76f-7932-4dca-86ca-f8bcc954cc41,2023-12-10,S-034,P-007,3,0
74bd2600-8997-4f9b-90f7-71a33136b818,2023-12-10,S-016,P-003,3,6600
e63accf7-0a82-45d4-a78d-3ff08dfd9301,2023-12-10,S-042,P-006,1,0
0c6bb7b1-c12a-4ce7-8c3b-7aeac25a08ca,2023-12-10,S-048,P-002,3,2850
8731130b-6572-4bc0-bf04-23ed7bf4d018,2023-12-10,S-034,P-005,1,0
b9eebbb2-2c8f-4b7a-9646-2a1d7491f0fc,2023-12-10,S-008,P-004,2,0
630689a2-65de-4397-811b-605353919f42,2023-12-10,S-024,P-006,4,0
abd19327-b68c-4eda-90fe-e0e01bc17260,2023-12-10,S-045,P-001,1,0
86dce2b3-dda9-4682-9251-b46f78aafe04,2023-12-10,S-019,P-003,2,0
35b2194b-c03a-48c9-b8b6-7d346b00f370,2023-12-10,S-032,P-002,2,0
23bdbaed-6150-4f71-97a1-7a17d8ed888b,2023-12-10,S-020,P-006,1,800
60d17c1f-d2ce-49c8-a4be-e0a90f72443d,2023-12-10,S-011,P-004,1,0
6c69ab4f-b3be-496e-a64d-6809d393d6ce,2023-12-10,S-015,P-007,1,0
fe318264-6cfd-4982-b6b4-a8ab20dad618,2023-12-11,S-033,P-003,4,0
a9f21d3d-8e3b-45fc-b533-e2c5f9187c23,2023-12-11,S-044,P-004,1,1050
0a05eaff-e504-473f-9d96-1846632b3fdc,2023-12-11,S-043,P-003,2,4400
32bd9fb5-7742-494e-8f5a-cb20e2a36c2f,2023-12-11,S-034,P-007,4,0
979d89da-4dc1-451c-bccf-4369bcf1c653,2023-12-11,S-012,P-006,2,0
f6cb2370-7252-4e00-a05c-0cf258ef6593,2023-12-11,S-033,P-003,1,0
d8254be0-8c6c-4b64-bb85-722d127a2d53,2023-12-11,S-043,P-001,5,0
eaea1953-a645-4f8a-b280-e85476553a3d,2023-12-11,S-042,P-006,2,0
d41cbd81-fbe7-4179-a1e3-61eedeee18fd,2023-12-11,S-039,P-001,2,0
6320785d-7303-489d-8c77-6aa283ff0be4,2023-12-11,S-012,P-005,1,0
1d06d69f-7537-4628-9d54-3fca2186096d,2023-12-11,S-009,P-006,3,2400
8dd70b40-cd22-4784-8f0f-a91508cd1bdb,2023-12-11,S-040,P-006,1,800
496d09c7-6f59-4e57-a287-8ee7522137af,2023-12-11,S-010,P-001,5,3500
eb7c494e-0669-40bc-9b56-3313dd20b44d,2023-12-11,S-047,P-003,1,2200
c02f20ee-7609-4d94-bd94-b2d96e4ebc04,2023-12-11,S-040,P-002,5,0
ef318aa6-a1e8-4e68-8c1c-3977d378031d,2023-12-11,S-039,P-007,1,900
80fdaa60-3ef7-4ec0-a943-4888c111c7ed,2023-12-11,S-047,P-007,1,0
207e3648-8e80-4f9a-9a08-d4fc0949df2d,2023-12-11,S-028,P-001,1,0
52b3ddd2-8d26-4061-83e2-2336cf877646,2023-12-11,S-001,P-007,1,0
6019e785-474d-4465-946a-95bbcc716d03,2023-12-11,S-004,P-002,1,0
4775ba91-4015-42c2-828b-7bef6a416641,2023-12-11,S-009,P-007,1,0
9433398a-1907-417e-972c-fc65a6a161fc,2023-12-11,S-043,P-005,3,0
ac98b0e2-bb7d-41c0-bd30-0dc14c96257c,2023-12-11,S-025,P-003,10,0
86130dc7-41e6-4ff7-b4c2-4d8bf02039f8,2023-12-11,S-036,P-003,2,4400
561f00c8-bacd-4810-b9c1-624f89f03743,2023-12-11,S-015,P-003,1,0
5bcd621d-4ed9-4cea-ba36-625481272c79,2023-12-11,S-050,P-001,2,1400
eb47dd1d-5f67-4386-aef1-63738162bf50,2023-12-11,S-029,P-003,3,0
1e9ab608-5930-4efa-8adb-c04e9a687890,2023-12-11,S-030,P-003,4,0
c6ba0bd1-abd2-4192-a382-14ca0a7285df,2023-12-11,S-043,P-001,2,0
33b4ccfc-96db-4e3b-970b-2aee7b315c94,2023-12-11,S-037,P-004,3,0
be6ce78e-cdcb-43c9-ae84-d90f28a78dec,2023-12-11,S-006,P-001,1,0
4e7a4d5c-43c1-4117-a27f-ba5b5bc08722,2023-12-11,S-006,P-007,1,900
3fcada6a-9a45-47ea-99df-3e9f224ce6bb,2023-12-11,S-030,P-003,1,0
a2ccd17c-e17c-4697-96ba-3b0112f816ac,2023-12-11,S-004,P-006,5,0
73f3a754-ecff-4f14-8ce1-ff15d871d9ce,2023-12-11,S-027,P-007,24,0
50283415-cbd9-459c-a97b-a8cde9494d82,2023-12-11,S-014,P-006,1,0
7e6faf71-14e5-4b50-96da-145aa9597faf,2023-12-11,S-044,P-005,1,0
6e8a964c-eb84-4d65-b340-734a411b651c,2023-12-11,S-001,P-007,2,1800
0c6332e5-d2d9-410b-9861-603b36d0e82b,2023-12-11,S-027,P-003,1,0
5d396682-59aa-461a-8276-33c4e82c8176,2023-12-11,S-038,P-002,1,0
d5610897-cc7b-4dec-9231-3704af683719,2023-12-11,S-041,P-003,1,0
abe1d4c0-b37e-4818-ba57-460a37f753a3,2023-12-11,S-001,P-006,2,1600
49481aa9-34da-4d63-bb22-5af36d72b0b4,2023-12-11,S-004,P-001,4,0
583b8a3c-2c53-4278-856c-e22b521b9cbd,2023-12-11,S-029,P-006,3,0
4261a22c-e9dd-4d84-8369-68d8c3b14764,2023-12-11,S-042,P-007,1,0
673bf3cf-1c0d-4ba4-a942-6b09041e90f9,2023-12-11,S-038,P-004,1,0
2cd3ea9a-52f8-42c4-a11f-c11059fd6fb2,2023-12-11,S-022,P-003,1,2200
38dc55c0-e4e7-446f-8879-57b5384a33ae,2023-12-11,S-026,P-001,1,0
c094df04-61f8-42c3-85c7-c5820c16c975,2023-12-11,S-032,P-005,1,0
4b813311-9558-48f5-bf88-85e17ca19d1c,2023-12-11,S-009,P-003,2,0
a7503b14-1d7e-458a-bfcc-bb8c68308190,2023-12-11,S-034,P-002,2,0
c8298716-4d46-4012-8d88-ce3061f75b8d,2023-12-11,S-013,P-005,5,0
a26acf57-bfda-4a36-8910-614d40046de6,2023-12-11,S-005,P-004,1,0
118e8b91-2a3a-4cd1-bec2-ab27f51bc414,2023-12-11,S-003,P-007,1,0
b4e52326-12f2-4d18-a504-a6954751178d,2023-12-11,S-009,P-006,2,0
787c191e-82fc-4b7f-a56f-f2bcc12d63ac,2023-12-11,S-004,P-007,1,0
f6454367-cb62-46cc-818d-91adfd124b60,2023-12-11,S-024,P-004,1,0
daeb422b-6003-4eab-b4dc-eb2dfda569e2,2023-12-11,S-028,P-004,3,0
51649e7e-3492-47ab-a91e-092721b6fc2c,2023-12-11,S-019,P-007,1,900
f3723134-ef06-4e26-bc27-d8abc1f2aa70,2023-12-11,S-037,P-002,1,0
c08cc02c-66f7-415a-ba56-9df57afe42f1,2023-12-11,S-021,P-003,1,0
cc8a8cda-7d92-4739-8a5d-4bb2211aab99,2023-12-11,S-032,P-006,2,0
1f1d8d38-711b-486b-a21d-0657bf4c86c0,2023-12-11,S-048,P-003,1,0
e2a55485-8682-44bd-8309-3c4bdd7b318a,2023-12-11,S-044,P-007,4,0
2bf286f4-809e-4970-9f78-870f7b2b569e,2023-12-11,S-027,P-004,3,0
1344c209-f250-410b-b2b1-513979399947,2023-12-11,S-026,P-005,1,1050
32bacf7b-10fb-4826-b33f-b1f819315fbc,2023-12-11,S-004,P-007,1,0
92d411d4-e163-4c60-8b33-2e2fac54da49,2023-12-11,S-038,P-001,1,0
1b4845e0-6fe4-41bd-8100-13ca6b3e7eb7,2023-12-11,S-012,P-003,1,0
9e360f1c-e1ad-4837-96aa-146ef6e40325,2023-12-11,S-007,P-001,1,0
172058b0-a2b9-46e1-a803-6fd37224742b,2023-12-11,S-045,P-005,1,0
4eb8d753-8646-4662-8ba3-e397db1f6817,2023-12-11,S-040,P-005,2,0
b13619a8-e9ec-4bed-b69d-b7718ff03205,2023-12-11,S-044,P-002,1,0
f59b069e-2c12-478c-bc0e-4cf7c4cf85b5,2023-12-11,S-004,P-004,2,0
e47f7041-b441-41ae-a1b7-83462c18ab63,2023-12-11,S-045,P-006,1,0
fdd6f4ab-a781-40dd-a007-367f9d56c856,2023-12-11,S-038,P-003,3,0
aa3362c4-5fd3-4031-aac9-0f406ff2bc7e,2023-12-11,S-034,P-006,1,0
a4385e07-09b5-4466-9f64-6f0949dc5297,2023-12-11,S-006,P-003,1,0
0a792994-5e53-41a5-a679-a99546062c00,2023-12-11,S-029,P-002,1,0
ace00e7d-71b6-4449-ab11-75eadc0513e5,2023-12-11,S-023,P-002,1,0
5f1e7282-bd03-4862-910d-fdde403eb14e,2023-12-11,S-011,P-006,3,2400
eb681f5a-40a5-47c0-be8b-9aa5ddc4de49,2023-12-11,S-033,P-003,1,0
f605b710-6755-4813-96a3-eb7f2eac2959,2023-12-11,S-006,P-003,1,2200
5b797612-cdbf-4ae3-bba7-ffdfe02c581d,2023-12-11,S-050,P-006,1,800
6ac9b52e-2ae1-4b69-b41f-e56537cb9f87,2023-12-11,S-027,P-007,4,0
4fc93000-c331-43a4-b06c-3cf47e25e2d8,2023-12-11,S-006,P-006,2,0
38bd893a-3662-467d-b951-e543c34badc1,2023-12-11,S-046,P-007,3,0
39c4f19b-5615-42d6-83de-b99b9dcb9e2c,2023-12-11,S-043,P-002,1,0
e47123ec-cd89-4e2b-8d66-48d79f3cacc6,2023-12-11,S-049,P-007,1,0
afc0ee95-d127-4fce-a28b-0072c3dcab7b,2023-12-11,S-003,P-004,4,0
ecf92cea-592a-4c8d-95ed-5491fa5e6ee6,2023-12-11,S-004,P-002,1,950
e4615a80-6f70-4745-a121-ff5921fbc393,2023-12-11,S-010,P-005,1,1050
7adfd881-6325-448d-848c-149df529d734,2023-12-11,S-037,P-004,1,0
25c9a0c1-8ad1-47e3-8990-fb2b1b659b12,2023-12-11,S-033,P-005,1,0
9c351599-1d46-4d0e-af56-c82c203a5654,2023-12-11,S-043,P-004,2,0
c31f8627-3c82-4e33-8f0c-d092268ec2dd,2023-12-11,S-045,P-007,1,0
ebc3a7cb-8d24-4b29-a845-bf003db8334d,2023-12-11,S-042,P-005,1,0
0672bc86-2e1c-43a2-b865-f17520737ae6,2023-12-11,S-048,P-003,4,8800
4b9ef724-5f11-47d4-a526-fd97f78e87c2,2023-12-11,S-042,P-002,5,4750
a32bc205-b912-4a5e-b210-1cc82d8ec50d,2023-12-11,S-023,P-002,4,0
41fdb70d-b64f-4a76-838f-6f65d1026f8e,2023-12-11,S-037,P-004,4,0
5a3dd5b3-2e01-4ed3-875a-e78a0098f6cb,2023-12-11,S-034,P-007,4,0
59a93112-efa2-4693-8aac-39e594d5d65f,2023-12-11,S-010,P-007,1,0
10188a8d-29f8-4866-b366-208dc2589d6e,2023-12-11,S-004,P-007,1,900
17fc74fd-6ca5-457c-bc26-75a715f68375,2023-12-11,S-006,P-006,2,0
3af3609a-b172-4eb5-beef-bc6030e6d506,2023-12-11,S-016,P-006,1,800
6bb63ddd-b2f4-421f-9386-f27ee7bc77f5,2023-12-11,S-016,P-003,5,11000
8bf34c11-4d3e-4baa-8a35-7451909df98f,2023-12-11,S-005,P-004,4,0
9ce3aad3-88c0-423b-949a-9e4510957b41,2023-12-11,S-001,P-004,1,0
262ae538-964f-400d-b6a2-a98adf2ca1e5,2023-12-11,S-003,P-003,1,0
d2df0876-3e6a-4c1b-b37a-18c151deddb7,2023-12-11,S-012,P-002,1,0
6823ac99-5ba4-40ed-b200-ad34d8b50b16,2023-12-11,S-011,P-005,2,0
f54f5383-7723-408d-b054-7cd76ce5003c,2023-12-11,S-041,P-007,1,900
7543d3f0-47c4-4774-bb86-118b41c48c17,2023-12-11,S-031,P-007,1,0
700cdbd0-6311-41a4-a764-1c7145c106e5,2023-12-11,S-044,P-001,1,0
98779f50-d538-4003-b574-011f550ecc4b,2023-12-11,S-033,P-003,1,2200
d1eb153c-9109-4946-aa7a-867c84f7ebff,2023-12-11,S-016,P-002,1,0
14ee24fe-ad18-46cc-a4b0-347f1ffe58d3,2023-12-11,S-041,P-005,1,0
3e36ca77-897c-4d58-9cef-64780d9e5755,2023-12-11,S-019,P-004,1,0
d17a73bb-d7a0-4831-9d02-d171188a66cf,2023-12-11,S-007,P-005,2,0
4c3ddb4f-488f-4770-93c8-9f6ea263f881,2023-12-11,S-009,P-003,1,2200
9311ac1e-7bb7-434a-9a28-85dea14832dd,2023-12-11,S-017,P-006,1,800
3b2b82be-7837-448f-8da1-90974d1abf8c,2023-12-11,S-036,P-006,3,2400
725c1a76-00c6-4b17-810f-05d8c5de633f,2023-12-11,S-015,P-005,1,0
78bf3160-6b68-4700-a14d-49f39f119035,2023-12-11,S-049,P-004,1,0
06a06ed9-2377-49c4-9491-a155e8f3f1db,2023-12-11,S-031,P-003,2,0
c23127ae-224c-4688-9bf5-55e2e47f0959,2023-12-11,S-025,P-004,1,0
03023a77-82ad-4645-94ee-663f55cbef34,2023-12-11,S-041,P-005,1,0
594ad697-55c1-4981-b36b-bde6a1691099,2023-12-11,S-033,P-004,1,1050
77c46403-d4ff-479e-8c7c-d8558472a542,2023-12-11,S-007,P-005,3,0
80d78a22-91cc-4542-b94f-a587da480404,2023-12-11,S-020,P-007,4,0
0319fa84-b046-4734-abb7-3b72bf7cccee,2023-12-11,S-030,P-003,1,0
faab9bbe-2aa8-4d80-9368-8f6dbab308fe,2023-12-11,S-015,P-007,1,900
7bb63e0a-b539-4554-8c27-46230e5f0356,2023-12-11,S-024,P-007,1,0
17cf8fef-32ed-4576-8ccf-850dba59e818,2023-12-11,S-010,P-007,1,0
9cc25a1b-a88f-43f4-9951-684ed245b459,2023-12-11,S-013,P-003,1,0
beb89c21-df4f-4a6b-90b4-756d01c618a0,2023-12-11,S-050,P-006,2,0
0f8b9789-cefb-4fec-9551-781377ddcda8,2023-12-11,S-037,P-006,1,0
08fbd89c-69ed-4174-a976-ec10fa0ac13c,2023-12-11,S-039,P-001,1,0
cd81c7d5-6d12-45ef-9866-c44cd8adfada,2023-12-11,S-011,P-001,2,0
f50e23b0-2a33-4080-ac35-18bb2e68586f,2023-12-11,S-041,P-005,1,0
e66e462e-4fbc-46d6-8dd5-6a42768fa6a0,2023-12-11,S-012,P-004,3,0
93aab75b-b2f8-4a66-bb96-8a2e1e085f20,2023-12-11,S-010,P-006,1,0
966b9775-de8b-47d5-8f22-cf76c692ad61,2023-12-11,S-011,P-002,5,0
30a7e34f-93d6-492c-9a2a-72c0a5dede09,2023-12-11,S-016,P-006,1,0
75ed63c6-3a9c-4d90-9a31-852a96818840,2023-12-11,S-023,P-001,4,0
c5a07555-c57b-41e8-ba0d-6031bcbea3dc,2023-12-11,S-047,P-003,2,4400
9541bd46-d7c8-4373-b060-061e8eea4783,2023-12-11,S-033,P-003,2,0
b763c654-a6f1-4995-b1a2-041239a6ec71,2023-12-11,S-025,P-003,1,0
bb249874-ec73-4d1b-b5e4-88a9871f03bd,2023-12-11,S-013,P-002,2,0
7c8450ca-20cf-4468-9f3c-19c9a695cb5b,2023-12-11,S-026,P-004,1,0
68316580-e948-4540-b2e5-229ba1af8004,2023-12-11,S-022,P-005,1,0
27fd1285-7131-4530-95a5-0cacd0c479e8,2023-12-11,S-004,P-002,10,0
f4f41db9-97de-486d-b0e3-fac87595c265,2023-12-11,S-027,P-005,2,0
cdc5f105-61e8-44c3-8c80-d2050f581172,2023-12-11,S-003,P-005,3,3150
526d19b0-b969-4ea1-8557-9774f7905dcd,2023-12-11,S-008,P-002,4,3800
067468ff-9b9d-4989-8a26-daaacbedc1ba,2023-12-11,S-024,P-002,1,950
b61e9c08-ed2d-48bf-9436-2d6d0cf2dac6,2023-12-12,S-009,P-004,3,3150
b717d378-fed1-49e9-93eb-960afe7b1399,2023-12-12,S-006,P-007,2,0
cc232be5-9f64-4e49-a506-22e6de84225c,2023-12-12,S-025,P-006,2,1600
73b9fb3f-1faf-43d6-906e-676e28a70308,2023-12-12,S-033,P-002,1,0
a4f421ca-bf42-45f1-afae-3e6511385c5c,2023-12-12,S-036,P-006,24,0
f42eac1e-7f40-4f4e-ace9-a2e90aafde86,2023-12-12,S-004,P-007,2,0
7a012f87-a413-4966-b1f3-49c0e70f5a95,2023-12-12,S-010,P-006,2,0
fbbc2b87-c7f9-47a6-b68e-aaa003f9fc90,2023-12-12,S-020,P-007,1,0
b3eaaad3-e437-47d7-8495-dc1a64ed72fd,2023-12-12,S-026,P-004,3,0
125298f0-f92c-4d23-9b6e-b63dfe4fb3cd,2023-12-12,S-032,P-001,4,0
2aabee9c-5910-46bf-bb8b-f687e7f4a57a,2023-12-12,S-038,P-002,24,0
e0eacf22-8289-41f9-8b03-3507be6b90a1,2023-12-12,S-008,P-006,1,0
60360567-81c6-4e8d-a690-2888204d5a06,2023-12-12,S-015,P-002,3,0
8fd0168b-8175-4f47-a0a5-2cbea1ac06d9,2023-12-12,S-010,P-004,2,2100
f012abc8-b2bd-4be5-bb8e-5bd8347d8677,2023-12-12,S-040,P-005,1,1050
29dba25d-ad7d-403d-94b7-5d9680f2ad07,2023-12-12,S-026,P-006,1,0
369000c1-bf28-4816-b64f-650f860fb0d7,2023-12-12,S-021,P-005,1,0
d11d2c4c-0c9f-4096-bdb7-5c181cf91a13,2023-12-12,S-045,P-007,1,0
13fda32a-dbfd-4b47-8eeb-e9acb4c9a00c,2023-12-12,S-018,P-004,5,0
633fa695-c5fc-43b9-9b1d-246acea543d7,2023-12-12,S-007,P-007,1,0
231cc3fa-3ab9-4546-865f-bd7b549d268e,2023-12-12,S-006,P-006,1,800
78d3bf6d-e0ea-4291-9b2c-8ea0428fcb0f,2023-12-12,S-041,P-006,2,0
ecc67800-5961-4da8-8e20-a0c0f13ee382,2023-12-12,S-035,P-003,1,0
918ba9d4-ada3-4587-8575-71e4fc4b9644,2023-12-12,S-022,P-005,5,0
e4631626-d6f2-4389-96f5-7f88ef676809,2023-12-12,S-031,P-005,1,0
b10c268e-3262-4fb6-bb74-80c4f3dfd382,2023-12-12,S-008,P-003,2,0
1401bf7a-77e7-4fa4-87e5-5f6fea4d8afa,2023-12-12,S-001,P-004,2,0
df6b0e5d-3643-4651-b3c1-b275b09112aa,2023-12-12,S-002,P-003,5,0
f2464077-7dc0-483d-825c-af7c3f284c20,2023-12-12,S-030,P-002,2,1900
9296963d-fc89-4f68-8760-715cfdfd2bd1,2023-12-12,S-001,P-005,1,0
9d9b7bac-b469-43e5-aeb0-3f3e0bd2b811,2023-12-12,S-048,P-006,1,800
d44cc90c-1087-48ef-9860-b3060e82d253,2023-12-12,S-046,P-002,1,0
d3974571-d552-4db9-83e1-782595db2bc6,2023-12-12,S-006,P-004,2,0
9e6e34cd-ba05-4259-bf0c-7e3d8c2ff842,2023-12-12,S-040,P-006,1,0
6a6fc7ce-5280-4971-88a9-cec8f80aad35,2023-12-12,S-003,P-005,1,0
e0aa3fd6-58cc-4897-bed0-1bc9699a65bb,2023-12-12,S-013,P-002,2,0
96785e35-04d9-41ed-8801-71e19377bd9b,2023-12-12,S-003,P-004,1,0
9d90379d-40a5-44c9-8ebb-86f96d45291d,2023-12-12,S-005,P-007,1,900
429546d4-5c3e-478d-a2b2-faecf222c378,2023-12-12,S-038,P-007,1,0
440fe983-a9c3-4611-a644-cd0f61011bc9,2023-12-12,S-020,P-006,1,0
1ed169f9-27f6-489d-bcdd-0c80a46dd588,2023-12-12,S-043,P-006,1,800
f4c35e74-2955-49f0-add5-565f500d085d,2023-12-12,S-034,P-005,1,0
2b3dfe61-2357-4124-b9f0-3a7e2f840670,2023-12-12,S-034,P-003,1,0
8b696faf-b258-41e2-9b2b-9ed60129d9ca,2023-12-12,S-026,P-002,1,950
d91e5e2c-cd1e-491d-8123-f3596fa2cb7d,2023-12-12,S-005,P-005,4,4200
9f081ec3-90bf-445d-893c-6a43ecb93379,2023-12-12,S-001,P-006,1,0
71949308-4661-4e1b-ae55-197fd132e25e,2023-12-12,S-026,P-005,1,1050
7cb6c935-028a-4847-88f4-54b139bfb012,2023-12-12,S-046,P-003,5,11000
d6cad287-d2e3-47d1-908c-81b2e85f0e84,2023-12-12,S-002,P-001,1,0
43165531-7613-4edb-b1ed-c912a16cb00c,2023-12-12,S-034,P-005,4,0
e69221df-6d8b-43c6-bef5-9c54179113f0,2023-12-12,S-011,P-001,1,0
4e2e40a0-2ca5-4496-b2b2-09c611d03f59,2023-12-12,S-015,P-004,1,0
8fb1509d-1544-4fc7-8333-a35acc569e7f,2023-12-12,S-010,P-001,1,0
df0b9922-ab1a-4c86-a132-7c513aa88c02,2023-12-12,S-023,P-003,1,2200
a42d1d8b-c783-400e-bfc3-24cc2b97daf5,2023-12-12,S-009,P-001,1,0
4ac64d31-84de-42e3-b509-8c009cdd60c8,2023-12-12,S-037,P-005,1,0
abc3d766-aa21-453b-a49e-06db5394d861,2023-12-12,S-008,P-005,2,0
fb81337f-7c9e-4ffe-b70d-a387f9b65495,2023-12-12,S-024,P-003,1,0
03215b26-0ccc-427e-b30a-e0f55a4f3e8c,2023-12-12,S-011,P-005,1,0
83c2f7f9-cc79-4f07-abf8-e5701a6b24f2,2023-12-12,S-014,P-002,1,0
c0df605c-f8f8-4b4f-a69b-49023ae4b557,2023-12-12,S-026,P-006,1,0
b66fe96e-d005-48f5-a315-2ab2e9d338f2,2023-12-12,S-011,P-006,2,0
1e622802-699e-4ff3-a9ca-430d9582cf24,2023-12-12,S-047,P-004,1,0
d80e5e6a-a26b-41ed-a51c-2c5a7e4c69b2,2023-12-12,S-023,P-005,2,0
c3742730-43bb-47c9-aaed-270b9aba3619,2023-12-12,S-025,P-005,2,0
60375b35-a231-42ec-978a-8141647b4552,2023-12-12,S-034,P-003,3,0
94621259-a091-429b-897b-ac9100112fc2,2023-12-12,S-013,P-006,1,0
7aa7b623-b8da-4319-b857-1379a0019d48,2023-12-12,S-031,P-006,1,0
e448b579-5eac-4344-9d3c-b9ba6655a2d8,2023-12-12,S-048,P-001,2,0
e539724c-50db-441e-9a4e-d45512ce988a,2023-12-12,S-028,P-003,2,0
3f55584d-693c-4d04-a4a3-e7e3030b95d8,2023-12-12,S-019,P-002,24,0
8d7efd77-dd22-4247-b874-4a3a508286f6,2023-12-12,S-033,P-005,1,0
dc86a4b6-c97b-4ec5-92e7-356b58e84977,2023-12-12,S-023,P-007,3,2700
d887223c-041f-4b23-8b82-aea39edb1795,2023-12-12,S-046,P-004,1,0
da73ea5d-0437-4ddc-91d2-eaae5f6957fe,2023-12-12,S-043,P-003,1,0
de730dcf-9944-46b6-b76f-5832e12780c7,2023-12-12,S-003,P-002,4,0
ef5b8dc6-3ef2-46d0-9f32-a2b7d7ee6fcf,2023-12-12,S-006,P-001,1,0
9df59873-adfe-428d-b1c7-b72c1c8ab22f,2023-12-12,S-010,P-007,3,0
29df2cac-dce2-45ab-8206-4e37c38e1878,2023-12-12,S-020,P-001,24,0
53ee2868-eb4b-44ac-9d38-471b3f9f6711,2023-12-12,S-029,P-005,1,0
44433df6-1d3f-41f5-a95a-6d111dba57f6,2023-12-12,S-002,P-002,3,0
148fffb3-508b-4838-bf94-9c93cd5bce16,2023-12-12,S-048,P-005,3,3150
55623adf-4892-4919-8c18-a2d5f1c5a5cb,2023-12-12,S-036,P-004,1,0
5f678983-a1b6-4269-ab59-5d34b5da47c4,2023-12-12,S-008,P-001,3,0
195be0db-8d15-4e7f-b230-e1e01e3decbb,2023-12-12,S-019,P-004,1,0
40dc7542-5225-40ad-9986-53231a73fd93,2023-12-12,S-038,P-005,1,1050
d17deeb3-2993-491b-9fba-44a5e6b05063,2023-12-12,S-012,P-007,1,900
e21a3016-ff30-45bb-84e3-c95601d8d5e6,2023-12-12,S-045,P-005,1,1050
655ee4d6-b050-44d0-be3a-75555aedc5d3,2023-12-12,S-024,P-003,1,2200
ef25b509-40af-4632-8fdc-c3986638b637,2023-12-12,S-031,P-005,1,0
68909580-80e5-49f0-8673-6c4849d08259,2023-12-12,S-036,P-006,3,0
81d1e5fc-d45b-4d98-854d-a2d31c79cd7a,2023-12-12,S-024,P-002,1,0
927537f0-dca2-4e81-a3b7-1536b6b3aaf0,2023-12-12,S-023,P-003,3,6600
66470451-2d28-44ed-a045-bf8aa450ac37,2023-12-12,S-046,P-001,4,0
dccd1590-9c9b-4feb-bc09-82887c65f665,2023-12-12,S-009,P-004,5,0
855bacdf-2a70-4206-ab6d-025931957b35,2023-12-12,S-027,P-007,2,1800
1851285d-109b-448d-9e96-4129f0198189,2023-12-12,S-039,P-006,1,0
9163a07f-8644-43a8-bf5c-d87626765ae2,2023-12-12,S-026,P-006,1,0
ce01d6a9-214c-4afd-b007-d81fdde9faea,2023-12-12,S-006,P-001,10,0
8e9378ab-f17c-4f29-83b1-2602815eb27a,2023-12-12,S-004,P-003,1,0
fa89d1b4-fc91-49ca-b89e-3a8bad8db4e0,2023-12-12,S-042,P-007,1,0
7b1d7380-df9a-4986-ade2-e72ae2ee08d9,2023-12-12,S-036,P-001,1,0
9f482ace-7c61-4f9e-bb45-f0e1ba186168,2023-12-12,S-045,P-005,1,0
73029bd4-538c-4878-afed-8ccc5b954e6f,2023-12-12,S-016,P-005,10,0
22919ab3-5cac-4cfb-a867-7fa3d0305525,2023-12-12,S-034,P-002,1,0
9e9bb420-6447-4e90-be3c-039cf079915d,2023-12-12,S-048,P-005,3,3150
74a0756e-9d19-4043-b0a4-2b95d478cd42,2023-12-12,S-026,P-007,2,0
cc69f9a0-1082-44d2-820a-c8d2e28650f7,2023-12-12,S-049,P-001,3,0
cf4766c6-59eb-4609-848c-b202da86c1fd,2023-12-12,S-045,P-004,1,0
b8aaf07b-5921-4d3d-bfea-7811659d9e48,2023-12-12,S-014,P-001,2,0
6d432731-efaf-48e4-93d7-67022715895f,2023-12-12,S-043,P-005,1,0
6521766a-63d4-4470-8b98-2f0f6369cc73,2023-12-12,S-044,P-007,1,0
38684a79-8669-48ef-9cfa-101be017e210,2023-12-12,S-027,P-001,10,7000
000ae2a4-2903-4b64-8fd8-75d11eb61c68,2023-12-12,S-026,P-002,1,950
60610ca2-7ec1-49a4-8463-d1268116f04b,2023-12-12,S-044,P-006,2,0
bba89eb6-332c-4855-910c-afb94439e12e,2023-12-12,S-042,P-006,3,0
4f983763-da06-4ff5-886e-f5a50c7f59ec,2023-12-12,S-042,P-004,10,0
d8e1cdd2-db5f-4af4-bc55-f8d8f41e19d6,2023-12-12,S-036,P-006,2,0
fab488bb-182d-41cd-906a-66b591029a87,2023-12-12,S-048,P-002,1,0
f8e72996-e3f9-4bb7-b72e-bd8f9dc5440e,2023-12-12,S-025,P-002,3,0
9eaec538-9208-4879-b0db-35980a287ce5,2023-12-12,S-048,P-007,1,900
553bc4b7-a673-4c9c-8cb4-985c13f0b1c2,2023-12-12,S-002,P-007,1,0
a03c9ce0-7601-4217-8886-485cdf587c14,2023-12-12,S-034,P-002,10,0
95afd36f-73b6-49a9-9d5d-2fb1a0cf3a67,2023-12-12,S-042,P-005,2,0
c9649479-813e-4c9f-8771-3285e88c3672,2023-12-12,S-014,P-003,4,0
351594f2-334e-4d09-91fd-03244255649b,2023-12-12,S-042,P-007,1,0
54b2fce8-bd1e-4b4d-ac37-1b60d05a3762,2023-12-12,S-017,P-007,1,0
3d49ec7a-7b61-4563-a257-1cb868ea76c1,2023-12-12,S-011,P-001,1,0
68b4dfc2-953b-4c64-bd2f-7624f5216bcf,2023-12-12,S-035,P-007,2,0
e192e068-cb6f-481a-a839-60f070b5c86d,2023-12-12,S-032,P-002,5,0
94d4f282-744a-4d3c-aecf-b90d35b6ab1a,2023-12-12,S-040,P-003,3,0
a4727e8c-4d1a-4817-8ec9-bd49a626e64f,2023-12-12,S-044,P-002,1,0
f5b251a1-0178-41db-871d-39d9f93b4504,2023-12-12,S-042,P-001,1,0
3a6f0557-96b5-420d-a4c1-789669bbb2af,2023-12-12,S-003,P-006,2,0
76afa55a-e17b-48fa-92f4-48b01e65201a,2023-12-12,S-013,P-004,5,5250
d8c24b10-2419-410e-af15-5787f0f9f94c,2023-12-12,S-017,P-006,4,0
4c61a446-323c-4c6f-9fda-debe73756652,2023-12-12,S-040,P-001,2,0
c5796189-04fd-4c1a-ac9d-3b84dbf5f6fb,2023-12-12,S-041,P-002,4,3800
0e8cdfe8-4fe6-42a0-a539-d6ec408a39c2,2023-12-12,S-022,P-005,1,0
89cd2684-8833-4b44-bc53-b634308bfc49,2023-12-12,S-002,P-003,1,0
482cdfad-9a3b-491d-b22d-e92089078db7,2023-12-12,S-023,P-001,2,0
30517835-febc-4fe2-b6e8-188306277df0,2023-12-12,S-033,P-003,1,0
b1c4a163-084d-48df-9040-0e41f3c2cd20,2023-12-12,S-025,P-005,4,0
488bfa3e-e839-4893-b31f-8470f3594938,2023-12-12,S-012,P-004,5,0
9fcc7697-f20a-4829-9512-8123a7fa50ba,2023-12-12,S-035,P-004,2,0
ab7c8922-8b8a-4c40-adcc-49a74f8575af,2023-12-12,S-024,P-006,3,0
a55df0ad-b3d4-4000-9114-a80e1379704d,2023-12-12,S-016,P-006,1,0
292d1059-4209-4fd6-9d87-9917a8017fc8,2023-12-12,S-021,P-001,4,0
cf484f7e-36fd-48d1-bee5-089f468ccc2d,2023-12-12,S-001,P-002,2,1900
49447e5f-5899-40d3-b025-296e605f00a8,2023-12-12,S-043,P-006,1,0
823b5226-6f6c-4641-ad2f-c13dfbb2dcdd,2023-12-12,S-040,P-002,1,0
702369e9-b016-4e5e-b7db-95c8ab41cad5,2023-12-12,S-039,P-002,1,0
677af04f-ad8b-48d9-aee4-b21f7d46e1ba,2023-12-12,S-020,P-001,4,0
a311ef21-13d3-4c1c-9abf-5ee5167cfb89,2023-12-12,S-044,P-003,1,0
8176e01c-5355-481e-926c-e5912c7aa395,2023-12-12,S-021,P-006,1,0
57c274a7-e608-451e-a4c2-3e979fe4f498,2023-12-12,S-042,P-003,1,0
2d33f61f-1f5f-4a42-bd33-9b1bade48410,2023-12-12,S-028,P-005,2,2100
f4e1be10-a919-476c-bfd9-7cf099585438,2023-12-12,S-024,P-003,2,0
a3d607d8-afc4-4ae0-8039-bfa30122a13c,2023-12-12,S-022,P-002,3,0
4754296e-32b4-4aae-b958-67e28af2207f,2023-12-12,S-013,P-001,5,0
88959b7d-ed9a-44ba-8cf6-ccea96315505,2023-12-13,S-041,P-006,1,0
556ecf56-1f47-457a-a347-e3dd9cb60e34,2023-12-13,S-034,P-004,1,1050
b6c1e124-082e-44db-948b-29231a838789,2023-12-13,S-045,P-001,2,0
cf2e49fa-ebe2-4016-9c74-194e57b6e390,2023-12-13,S-044,P-007,1,0
8de294ab-15c1-4b17-9484-10076ef393ca,2023-12-13,S-005,P-007,1,0
f1bf6e5e-4b2d-4862-aafc-81d1a5e28853,2023-12-13,S-017,P-003,2,0
ca8c9a31-3a77-48bd-88d2-8f0af12f4424,2023-12-13,S-029,P-007,1,0
58fa20b7-0907-46ba-9c1f-1ce89454dede,2023-12-13,S-034,P-004,2,0
bb80f840-f3de-4bfb-b5b3-bfddeb0d870e,2023-12-13,S-003,P-001,2,0
c5a53504-95c4-4bd2-8394-4356f0d10018,2023-12-13,S-044,P-002,2,1900
942f1ad5-5f6b-4cc7-928b-6bad767582ef,2023-12-13,S-031,P-007,1,900
845818fa-fa71-49eb-a453-1905f1c94267,2023-12-13,S-044,P-005,5,5250
c9f42980-bc48-4bb5-8a76-ce2bc16d9996,2023-12-13,S-042,P-005,2,0
930c6a36-1ba4-4646-a0c4-60c10662086b,2023-12-13,S-022,P-005,2,0
ef211a7d-676b-4d69-97f8-08da1aca98a4,2023-12-13,S-032,P-003,4,0
160c042a-8bb6-42bd-92a4-e04e36b79b9f,2023-12-13,S-038,P-004,1,0
21c2b018-8d92-459a-acd1-c9196f09b7c5,2023-12-13,S-029,P-002,1,0
b0dcf001-6a50-48e1-b5e3-d4619ca3ee80,2023-12-13,S-042,P-007,1,900
75ffc0db-03be-418f-a8fa-b127d8e56e6d,2023-12-13,S-024,P-007,1,0
999c647c-7f16-4491-a31f-993a22341f40,2023-12-13,S-003,P-001,1,0
0cc5373a-7a1b-4981-969a-8533a532d550,2023-12-13,S-035,P-002,3,2850
dcce4aa7-4d66-4993-8fdb-77744117165f,2023-12-13,S-047,P-007,2,0
f98950db-06e2-4bc5-b242-f5c26b6f0510,2023-12-13,S-049,P-001,1,0
ad549eaa-331b-4564-98a4-67895a6ed181,2023-12-13,S-038,P-003,1,0
15a9c6ec-6e92-418c-8854-bb7bc8eccaa7,2023-12-13,S-009,P-005,3,0
63dc36e7-a0ac-4e61-a547-ec85e2671713,2023-12-13,S-025,P-007,1,0
9f7cb2ee-4d59-4a4c-ac2a-b8b0c75df4c4,2023-12-13,S-018,P-004,2,0
da67f419-73e0-4b2c-aec3-702f98aa3520,2023-12-13,S-015,P-006,5,0
d40b580a-0767-48d4-bea5-4b1440c306b8,2023-12-13,S-004,P-007,1,0
aff7f273-c8d9-44ba-8e40-ce3e2992c2dc,2023-12-13,S-025,P-004,1,0
416e2162-9a6b-45bd-9a42-9f7ab2c46fce,2023-12-13,S-008,P-002,1,0
37701719-a2ca-4e85-b9f8-63b052b6219f,2023-12-13,S-013,P-002,4,0
63f7854b-9870-4832-97e8-067874e551b6,2023-12-13,S-029,P-006,1,0
d4a265bb-0b70-4a95-bb5a-685444b14fac,2023-12-13,S-017,P-005,2,0
05a140b4-69de-45ad-a409-38ebc47ede34,2023-12-13,S-004,P-002,1,950
a4cbb06e-48cb-4234-bb1c-3248eb84aa45,2023-12-13,S-036,P-005,1,0
1705d5a3-a4fe-48cb-8586-d60442dd7765,2023-12-13,S-007,P-007,3,0
f178eae8-d45c-4525-8997-b946abbf8820,2023-12-13,S-048,P-007,1,0
525d5e40-4d55-4f65-9a31-102724051063,2023-12-13,S-002,P-004,2,0
39f4c659-ed2f-47df-8b39-d0dce56c6743,2023-12-13,S-033,P-004,2,2100
6e50c57e-99b0-48c4-a443-b2acf7db4471,2023-12-13,S-010,P-001,1,0
2a355b87-ade7-4fed-be80-43203d6c1855,2023-12-13,S-017,P-002,1,0
bc65d7b8-c606-4319-8126-1ced3f63c242,2023-12-13,S-022,P-005,1,1050
6af91596-d369-4c13-800d-2f65c3d9326e,2023-12-13,S-010,P-006,2,0
47347325-4ac6-4d99-b528-ef395c4cde2e,2023-12-13,S-006,P-005,1,0
622a2be8-c714-4bef-9946-68fdbd9980d7,2023-12-13,S-043,P-001,1,0
d5b507d9-5580-4b8a-b674-b4d41e3c5d9a,2023-12-13,S-008,P-005,1,1050
642a6a67-20b2-492d-857a-d4eb2c4dd7d3,2023-12-13,S-034,P-007,2,0
62cdb465-0781-4da3-9c27-ca2ac5629f66,2023-12-13,S-032,P-002,1,0
63cb66b9-434b-4863-8732-0884219c1c63,2023-12-13,S-047,P-007,1,0
eee98e56-1ae1-4f54-9ecc-60009d73b68f,2023-12-13,S-021,P-004,1,0
c11bcc96-4ea4-4019-9040-c29e17b8a124,2023-12-13,S-020,P-001,1,0
1771708d-21a2-4882-8b56-c358d8b9e99a,2023-12-13,S-041,P-002,4,0
046953fe-724f-4bfa-8182-007fa601fc70,2023-12-13,S-038,P-005,10,0
a233bdc7-1f34-4f0c-bb5a-cdd373a68804,2023-12-13,S-038,P-001,1,0
6139b631-5b01-4856-8c25-be6f8335244d,2023-12-13,S-019,P-004,1,0
4867f38c-570b-4db0-ab73-84fac523673e,2023-12-13,S-020,P-004,2,0
37dafc4d-5fcc-4037-8019-418b0e6c0fa9,2023-12-13,S-030,P-007,10,0
9387ace1-a1cd-48b9-9470-a28df2aeaeab,2023-12-13,S-019,P-001,2,1400
f4f9f1e2-509f-47f0-9743-faa253fa3896,2023-12-13,S-006,P-003,2,4400
fdcdd124-aa76-4e4d-87e7-3203be9967ab,2023-12-13,S-009,P-004,1,0
5b97f2e7-cc0e-497c-9534-d167e89b5f90,2023-12-13,S-006,P-001,2,1400
d34d283d-eac1-43c9-9e0f-d1e9bbc6999b,2023-12-13,S-048,P-002,1,0
8a976b05-0971-40a2-a07b-307a23626084,2023-12-13,S-039,P-004,1,0
43d227ba-56b4-4985-bba0-c9a287e8a243,2023-12-13,S-004,P-007,2,0
d9f5e75b-9a65-438b-925b-aa7260a35bf4,2023-12-13,S-037,P-001,1,0
b90c6823-169e-45b8-b1dc-0ff413d8cbf8,2023-12-13,S-035,P-004,1,0
519c5b7b-da7b-4f74-80a6-752192f6e857,2023-12-13,S-049,P-007,5,0
79e08f85-5ee5-4a2d-935e-25f9943a20fa,2023-12-13,S-028,P-004,2,0
bed462bd-1175-4499-a2b6-e1fdceb569e6,2023-12-13,S-019,P-001,1,0
54465d19-65ab-4381-9936-0e3072e60f71,2023-12-13,S-042,P-002,1,0
c57bf8fc-901c-408e-9bed-68f1765fa964,2023-12-13,S-033,P-002,4,3800
a9b0054d-5fb2-4695-9456-a18ce4af7f6d,2023-12-13,S-010,P-001,1,0
ef907f60-f384-4da8-9259-2c51dada6008,2023-12-13,S-024,P-004,1,0
731cb412-690f-4aed-b3c7-6c4cecde3b95,2023-12-13,S-015,P-007,4,3600
f2bce016-0570-42b1-a12b-d6d88d55ae19,2023-12-13,S-015,P-006,1,0
1d95a678-e4e9-4389-a313-956e9463d5a0,2023-12-13,S-026,P-002,2,0
95cf851b-0042-462f-883e-4316e12c2be0,2023-12-13,S-048,P-003,2,0
79abcf3b-dcd5-4009-930e-53318c889129,2023-12-13,S-027,P-002,4,0
a7dcf3f6-3425-4108-bf64-a3492c84fad4,2023-12-13,S-041,P-002,2,1900
6c23cbc6-6b0e-4767-950b-50b1c0e0317b,2023-12-13,S-044,P-005,3,0
9d74938e-6c47-447e-9bb6-491d44827b5d,2023-12-13,S-042,P-004,2,0
615c121d-70ab-4472-9f59-f8ebfbade558,2023-12-13,S-022,P-007,1,0
166b60ad-8da2-4949-b02c-934d2a5679f4,2023-12-13,S-010,P-002,1,0
a5a3f1c2-6f5c-437d-88a6-821a57b04619,2023-12-13,S-014,P-001,2,1400
75108982-037f-4723-94c5-7b051ebe8831,2023-12-13,S-046,P-007,1,0
50944a64-23db-4d51-a8db-4e7fc0c47690,2023-12-13,S-039,P-004,3,0
80fd8183-5d6d-4b78-b340-d315382a44b0,2023-12-13,S-006,P-007,2,0
2e9d6a8e-cb6d-4a95-99c4-6cf3ff5e2dd9,2023-12-13,S-009,P-004,4,0
67c1fe47-e5be-4c06-9a60-0a8c1fbca09d,2023-12-13,S-001,P-007,1,0
d184a276-5f47-4f57-a154-babfa94f21ee,2023-12-13,S-024,P-007,3,0
232c9ea6-a8be-46df-8594-565391bd7af9,2023-12-13,S-021,P-004,1,0
3108ed7f-ba4b-4d95-9232-0da789a13ca7,2023-12-13,S-004,P-005,3,3150
12581bb9-aaaa-42ef-bc0b-0dfd99472467,2023-12-13,S-032,P-006,2,0
df38c549-97e1-4561-8098-daf5e2cb98d7,2023-12-13,S-027,P-003,2,0
658f2251-4634-45ae-aec6-d39c06cd8efd,2023-12-13,S-006,P-007,2,0
208d2abf-58a4-42fe-9714-986e9961a9a2,2023-12-13,S-048,P-002,1,950
d91051ac-9437-4c70-81c9-ce0bc6d509b5,2023-12-13,S-020,P-005,1,0
2641f633-a414-43ef-a6b6-83074d7eab85,2023-12-13,S-032,P-007,4,0
2cb94325-91da-4c03-8c88-d6b27240f76b,2023-12-13,S-034,P-007,1,0
0848ccb3-2943-4542-8a21-de4a2b1de4b7,2023-12-13,S-016,P-007,5,0
e027a005-b855-4d54-839e-06264cc40efb,2023-12-13,S-030,P-002,2,1900
5f89920a-d37d-4d27-bfd2-45a9a114736f,2023-12-13,S-024,P-007,5,0
730f4f51-5696-4fac-9e83-477adbb1b626,2023-12-13,S-038,P-004,1,0
f900c731-7947-4053-a882-beafce5c2def,2023-12-13,S-017,P-001,3,0
d52d67a7-0e12-455a-90fc-e5bc5b9d9cb3,2023-12-13,S-033,P-002,1,0
6ee322f4-04b3-40fc-91a7-e6e5c5fe1909,2023-12-13,S-040,P-001,2,0
9d4b1091-234c-435f-8d70-5dae49feb152,2023-12-13,S-049,P-005,2,0
dc3b1b42-81cf-4370-ac63-b0e40efa2458,2023-12-13,S-031,P-006,24,0
400c1a89-a5f8-4ad6-b305-e69073165b6d,2023-12-13,S-014,P-007,1,0
9373cf05-6fb6-49d1-8af9-627d14e7a041,2023-12-13,S-030,P-007,1,900
30ed894d-8263-495f-b017-b2ba7580d0ed,2023-12-13,S-022,P-006,5,0
1234c74b-66fd-448e-b7b9-37df63d2d34a,2023-12-13,S-028,P-002,4,0
74a5ae00-8776-4a2c-94f0-9ee24c80543b,2023-12-13,S-042,P-007,2,0
0d3fa1af-c773-4502-9fe6-6930a3f6f16a,2023-12-13,S-031,P-004,1,0
00ef3d8d-2760-44f5-9499-2724b7b74b0f,2023-12-13,S-022,P-006,2,0
91f93959-54e1-4ef0-a529-c0a7ff0ca815,2023-12-13,S-020,P-002,1,0
b65da97f-7ca0-4600-9ee5-0c1af16542b7,2023-12-13,S-024,P-005,5,0
fa2b1ce6-1445-4bd8-aa7e-d0c93f25ead4,2023-12-13,S-050,P-003,5,11000
236b8097-144b-46b7-bbad-9ad3de354def,2023-12-13,S-002,P-003,10,0
857d3c45-4ee1-42ca-a04c-5b85deda59cb,2023-12-13,S-021,P-004,1,0
5467b0fb-7bbe-4bd3-baaa-2bd7d3071e48,2023-12-13,S-036,P-003,1,0
cd44e4cc-dcee-4d42-b269-9bd6ac4521ad,2023-12-13,S-004,P-003,2,0
626183c4-e09c-4192-92be-259b61be3109,2023-12-13,S-032,P-005,1,1050
a371fad2-5af2-4cdc-b7a6-8a82ff3e0c25,2023-12-13,S-031,P-002,1,0
1531c16f-8e60-461d-bffe-6d452fa68a11,2023-12-13,S-020,P-006,1,0
22a18494-daa6-48ad-a1d4-290404f9ff32,2023-12-13,S-017,P-002,1,950
141237b8-fadf-414d-a933-5d4fc47fde18,2023-12-13,S-048,P-001,3,0
c1723039-8a0d-4e52-af11-69b42cf712ef,2023-12-13,S-036,P-004,1,0
b091d155-d7e3-4656-aa8c-7ae5c1a26996,2023-12-13,S-044,P-007,1,0
6e689f6a-c031-4c51-8ea4-c0ac6f8760fc,2023-12-13,S-015,P-003,3,0
87e9ee97-940a-48c1-be77-fabab44b201f,2023-12-13,S-048,P-007,4,0
5560d6ef-a325-407c-a9e7-2081cbd608f8,2023-12-13,S-050,P-002,4,0
254ef8d8-561a-4eeb-8a76-f56c7be90149,2023-12-13,S-016,P-004,4,4200
2922e3d6-e370-45b8-9502-3b95ce6f2796,2023-12-13,S-047,P-005,1,0
c0e470b5-6e99-4c15-b4ec-6e27a1cab692,2023-12-13,S-019,P-007,2,0
e0e7b91b-a4c3-41da-af46-7fa9fecc127e,2023-12-13,S-021,P-001,3,0
083717cd-c292-415a-91db-9a2a453ac06c,2023-12-13,S-032,P-005,4,0
9c140ac7-07ef-4870-aee2-86d9640dcea0,2023-12-13,S-026,P-003,4,0
81ecd9bd-57d3-4fc0-85a2-9aeb01ae88ad,2023-12-13,S-006,P-002,24,0
c0c3e5cc-72f2-46de-a131-0e54a2eb5a4d,2023-12-13,S-037,P-007,4,0
72aab937-7064-49a5-8861-55462c68e97e,2023-12-13,S-021,P-001,1,0
16d296a4-9278-43a0-8a3c-3987a47d47f6,2023-12-13,S-046,P-002,2,0
b7319da8-5aff-4bb6-bc04-1139b943acd8,2023-12-13,S-003,P-006,1,0
82651541-25a7-4f8e-8877-0efb71e15877,2023-12-13,S-028,P-001,3,0
1d0c68dd-3b76-432c-98fd-ee597b44afda,2023-12-13,S-044,P-004,24,0
3458d2be-ed75-46fd-b623-37ae1e8bb2e0,2023-12-13,S-021,P-005,3,0
e02c573a-7fda-4a56-a42e-b1cafaa1bb5e,2023-12-13,S-025,P-005,2,0
179ebb75-91db-45a7-9f77-be9acf7e4a26,2023-12-13,S-034,P-003,2,0
e19d3e86-64f3-4fba-b5ff-2927e546530a,2023-12-13,S-006,P-001,2,1400
9267d3e6-381d-42e2-b191-0486d5514b92,2023-12-13,S-021,P-003,1,0
cbbcfc4e-9bd1-4a8f-a02f-01cbe682e335,2023-12-13,S-010,P-002,1,0
8b917f29-df2c-4d11-95bc-76aefcdb350b,2023-12-13,S-025,P-007,1,0
db65da8a-4319-4950-8698-1f5f90369c91,2023-12-13,S-009,P-001,2,1400
1b63b54a-4bea-462a-8170-1dd223ae536a,2023-12-13,S-024,P-001,1,0
dfb5f7d4-f1c3-4ba9-9c22-21491f255266,2023-12-13,S-003,P-003,3,0
fa8ec589-c0f1-4150-b7e8-5d52ffcff9e7,2023-12-13,S-002,P-003,1,0
b752224a-49d1-4ccf-8218-809bebfe1515,2023-12-14,S-050,P-005,1,0
3bbad1b0-7a52-46c7-9a3b-be0acbd7cac3,2023-12-14,S-045,P-004,10,0
76c185d0-461e-4694-bd94-16260dcd083a,2023-12-14,S-019,P-006,4,0
d618f3b8-0d58-4dd8-9583-92529e9c701e,2023-12-14,S-048,P-007,1,0
ac97ebaf-45c4-432b-9762-391dc0a395d3,2023-12-14,S-007,P-005,2,2100
a846d358-33a2-4941-a0e1-acc74086f77e,2023-12-14,S-012,P-007,2,0
90b9cdd4-dd98-47cb-8b26-b118da7c9f79,2023-12-14,S-029,P-006,1,0
49b4507c-b96e-4586-85ad-1b1d9fe60217,2023-12-14,S-029,P-003,1,2200
0b616bb4-b8d5-4c40-b310-780686afeb6f,2023-12-14,S-037,P-002,2,0
d1bca999-6e8d-4ef7-af2a-8319b0838669,2023-12-14,S-046,P-002,3,0
a9f541e7-9854-4b75-8ae4-23302b26a9dc,2023-12-14,S-043,P-001,24,16800
64fffeff-9983-419b-ba98-d1a1e366208a,2023-12-14,S-033,P-004,2,0
dcc38202-f5dd-4790-9622-71abd5c5e808,2023-12-14,S-016,P-005,1,0
7f7d2eba-6bee-4217-aa00-5c407e1be428,2023-12-14,S-050,P-004,1,0
3a2eb90d-3739-4c04-a700-d6e2589a75fa,2023-12-14,S-021,P-003,1,2200
ebb14602-8412-4713-bd2a-58ccc540a42e,2023-12-14,S-003,P-003,5,0
7722bea5-7002-4177-a29d-b0f39ce01ab8,2023-12-14,S-017,P-003,3,0
ca13de1b-f5d3-47ec-93a0-f668f7e6447f,2023-12-14,S-046,P-007,1,0
5d1ee00b-bf57-43be-b092-e9f883e350b5,2023-12-14,S-047,P-001,2,0
a6fe88c4-1072-489b-a0c2-7c387f8b75a8,2023-12-14,S-046,P-003,4,8800
8baf2b7b-07af-4f6c-ab8b-63ad6287ecc0,2023-12-14,S-032,P-002,2,0
b6fb7fba-98b4-488d-adaa-80ef0fcf8116,2023-12-14,S-009,P-004,1,0
b7a22019-cfaa-4e17-afca-8b3065b4f75c,2023-12-14,S-013,P-007,1,0
b8675ac6-feaa-4579-9f19-fa274826c01d,2023-12-14,S-016,P-006,3,0
0db76253-5c72-4429-a333-fbd184ead8e4,2023-12-14,S-016,P-002,5,0
185ce86f-c32d-4963-ba18-ff7c17415583,2023-12-14,S-025,P-002,1,0
03c87011-113c-4375-9e6f-bbc6a85424a4,2023-12-14,S-036,P-004,10,0
8fc4a9aa-129a-4c72-a068-d5073866f052,2023-12-14,S-043,P-001,2,0
f4ad2e05-4d54-4d65-b9f8-76d9f5f73c35,2023-12-14,S-002,P-004,1,0
c4bb7ce2-383f-495f-9dd0-d8227819101e,2023-12-14,S-049,P-002,5,4750
157022c5-54c7-426a-a599-be50e25aa19d,2023-12-14,S-023,P-001,2,0
51a11717-c72b-4906-a7b7-a8e7582baed9,2023-12-14,S-023,P-007,1,0
409a3702-1f47-4c8b-811f-15109ea707cc,2023-12-14,S-047,P-001,4,0
a51d73f1-60ef-4ccb-ab74-8a284e44b908,2023-12-14,S-043,P-003,1,0
af7db0ff-3c52-4dff-bf54-d618ed6fa613,2023-12-14,S-027,P-002,3,0
35172731-3572-44eb-87ee-5191f02f3113,2023-12-14,S-006,P-003,3,6600
6d154f72-d9f5-44eb-b17d-9a90fb2411df,2023-12-14,S-036,P-006,1,0
40acf28f-8fd0-4cee-a29f-20409a16537e,2023-12-14,S-033,P-007,1,0
36ecaa9b-a8b9-4476-9fe7-4d47bd903b7c,2023-12-14,S-019,P-005,1,0
c2f498c7-3e02-4953-a26e-8556040c786f,2023-12-14,S-043,P-005,1,0
95d3daf9-07f5-41ce-bc73-78e446d3a610,2023-12-14,S-016,P-002,1,0
5027197b-30bf-441b-b710-b8e7a5769d20,2023-12-14,S-047,P-007,2,0
ccacd9a6-4dd2-4aad-ade9-56c7c5f1ba2d,2023-12-14,S-043,P-001,4,0
747080fb-e00d-4b63-857e-1849523c9b95,2023-12-14,S-011,P-002,2,1900
3d8779e4-94c3-44bb-8a86-dd840c99fb5a,2023-12-14,S-020,P-001,1,0
c30b1201-6590-43c6-8c8e-61a13ca520e4,2023-12-14,S-034,P-005,5,0
0ce706d5-036f-4c65-a923-374a09c7962f,2023-12-14,S-017,P-002,1,0
6c038924-198d-43e7-b45b-28a46edcbdd5,2023-12-14,S-004,P-005,1,0
c4d8ead0-b084-4f9b-89cc-5b56e237ce9c,2023-12-14,S-018,P-003,3,0
7dd897ac-6a9c-4dcf-844d-172c40387f43,2023-12-14,S-040,P-002,1,0
187608df-f3a3-4833-8771-f60f22690001,2023-12-14,S-032,P-006,1,800
ab5b3497-8760-4587-9002-ec574377fd44,2023-12-14,S-037,P-003,3,0
97127113-ab03-4287-a744-4e2c72a97233,2023-12-14,S-036,P-006,4,0
3e2094fe-4b45-478b-b2e8-869d699ef06a,2023-12-14,S-003,P-007,3,0
f5ce7604-3b1f-4295-9e3c-98750a2025d7,2023-12-14,S-015,P-003,2,0
9518b65f-ab5f-4b8c-8c68-979867bdef90,2023-12-14,S-029,P-005,2,0
faa57d75-6b05-444a-b979-19ee8fd43c95,2023-12-14,S-031,P-005,2,0
5c688051-518f-4c25-8679-c482a810deed,2023-12-14,S-019,P-006,4,0
676fe60d-fb77-4442-b330-38af457126c6,2023-12-14,S-038,P-005,2,0
824fa7f0-f3d2-4351-97ce-5e03aa493a39,2023-12-14,S-043,P-005,1,0
0297f576-b86b-49cc-8a8b-3db718b42008,2023-12-14,S-006,P-007,1,0
3a11042c-2144-4f10-a4cc-37223c2d8af6,2023-12-14,S-021,P-006,1,0
c1cd2af4-ffea-4f67-bb68-792c598062b9,2023-12-14,S-030,P-001,3,2100
3969e7ef-8f74-4950-b231-989bc36d6016,2023-12-14,S-027,P-002,2,0
8959788f-8ad9-43ee-a825-c64cb599032b,2023-12-14,S-026,P-004,5,0
d83b5a6c-7ded-4bb0-bf11-5b0f0ceb5c80,2023-12-14,S-005,P-002,1,0
082f91ae-8e0b-415e-899d-ccfe5d2649a5,2023-12-14,S-009,P-007,1,0
e18cab79-765c-41fb-98c8-3cae71092316,2023-12-14,S-010,P-003,1,0
ac69fc2b-ebce-4345-9f86-6d1e56486fb5,2023-12-14,S-050,P-001,4,2800
a958bb12-2a1a-4fb5-b708-d83a114fb666,2023-12-14,S-049,P-001,5,0
5438d56c-a7c8-4fa9-9443-9a5164417f9d,2023-12-14,S-009,P-007,3,2700
5bb7ba9f-0130-4a07-b6f8-409030fac976,2023-12-14,S-013,P-002,1,0
066d16fe-bac4-4f09-a7c1-f85617a02108,2023-12-14,S-045,P-004,1,0
23a96775-cb8c-425f-b7ac-27b1faeb55d8,2023-12-14,S-017,P-005,2,0
532b862f-d549-464d-b0aa-968e01a4e190,2023-12-14,S-029,P-003,4,8800
0cf6fede-e256-4614-a6eb-7382df8c9afd,2023-12-14,S-034,P-007,2,0
e7900db7-795e-4ed3-a9f5-f61478151616,2023-12-14,S-033,P-004,1,0
a2311a02-d265-45f0-8350-10f31c94c418,2023-12-14,S-006,P-002,1,950
d159989f-20d7-4fb1-8328-2f7dad70efaf,2023-12-14,S-009,P-004,2,0
02a059bf-08f6-4f6d-a5c2-8fdd3ad35b9d,2023-12-14,S-028,P-003,1,0
f205edac-0b31-490f-bf1c-91cd17f4741a,2023-12-14,S-015,P-005,1,0
2315dee0-33e3-4443-ab37-9307a8a0a268,2023-12-14,S-012,P-006,4,0
9fa2b24f-7476-4d5b-ba82-67e0d1654434,2023-12-14,S-003,P-006,1,800
5ddaed39-603d-437d-aa3c-5e60e6937c45,2023-12-14,S-023,P-007,4,0
487bad87-705f-4489-8743-1b9dcc4f87a4,2023-12-14,S-033,P-001,3,0
f61db7ff-6001-4a83-b815-b08bc2c58cc8,2023-12-14,S-014,P-001,5,3500
b421fbf0-d754-4dcc-b63c-a3d344e8c074,2023-12-14,S-025,P-001,10,0
09eb203b-bc89-40f5-b295-91eb07f97805,2023-12-14,S-024,P-006,2,1600
ed093475-556e-41a9-9f6d-6b6511a8955a,2023-12-14,S-027,P-005,4,0
6123629b-ce0f-492f-9c59-4c4b23a5ee79,2023-12-14,S-035,P-003,1,0
45e31178-f98f-4c2a-9812-5f3b15d925fd,2023-12-14,S-027,P-002,1,950
7290ed19-de39-4dfb-9fc0-4bb0c99f332d,2023-12-14,S-007,P-002,1,0
ac7f200e-4f9a-4239-857a-bf7b501627e4,2023-12-14,S-039,P-007,3,0
ca2bec66-7777-40b2-92ec-a1455ec06929,2023-12-14,S-010,P-006,1,0
78948582-f4e7-492c-99b8-32323d1acfdf,2023-12-14,S-024,P-004,1,0
5e1d6361-38d6-4448-9384-b54c48a4b2d4,2023-12-14,S-004,P-005,4,4200
eaf5cb0d-1274-4720-a0c2-a1e84642aa89,2023-12-14,S-006,P-001,1,0
695d68f9-2012-48a5-9827-c771d90c44f5,2023-12-14,S-009,P-007,4,3600
8602978c-96dc-4a1f-b66b-3d869d8c7537,2023-12-14,S-041,P-002,4,0
78673006-03e3-42aa-94bb-9b5d71c01887,2023-12-14,S-045,P-001,2,0
9269d732-56dc-4d2e-9a45-e649724fae8d,2023-12-14,S-027,P-002,1,950
e187e419-a40a-4f7e-9a78-af09a35cbca9,2023-12-14,S-048,P-007,1,0
ba4dcd91-60fd-45d7-b5da-a58ce1b2a4aa,2023-12-14,S-048,P-001,1,0
c5c3c9ca-7b5c-4261-8d72-613d299e7bb2,2023-12-14,S-016,P-003,2,0
106a18ed-b3d0-41aa-bc52-619d7b829422,2023-12-14,S-026,P-006,1,0
d53f1daf-0943-46c4-91cf-3a6611c81a4d,2023-12-14,S-002,P-001,1,0
8c43553b-001d-4711-999a-73ffd01e45fc,2023-12-14,S-038,P-007,1,0
4fe1bc54-254a-4636-ba83-cd21a04b013a,2023-12-14,S-013,P-006,1,0
9952c27e-936e-4ab1-a337-9e301716c51b,2023-12-14,S-037,P-003,1,0
f55170bd-9070-48d5-b458-b99b9902cbf4,2023-12-14,S-050,P-002,1,950
195fb11b-ab07-473d-9f18-33d1353086df,2023-12-14,S-011,P-004,3,0
9607455e-72ac-46b6-878a-93c25b2122fd,2023-12-14,S-039,P-005,1,0
753bee0e-0e22-4c0e-807c-93106df428ac,2023-12-14,S-043,P-007,1,0
7d52002a-c551-48b1-b818-8c6ad7112790,2023-12-14,S-018,P-001,2,0
bc3f06e7-97d1-4229-8067-8680010e0e65,2023-12-14,S-047,P-006,1,0
ca6bd5d7-da21-47a3-a2f1-53f1d6292239,2023-12-14,S-019,P-002,1,0
20a8be83-f866-49aa-a6bc-3a99981077df,2023-12-14,S-048,P-002,3,0
466af0df-89db-4360-bcef-af90379cf177,2023-12-14,S-019,P-004,1,0
9e556d2f-df51-4472-9ec4-4ae7809e66bc,2023-12-14,S-046,P-006,1,0
1d28166b-6002-4f47-9ece-540d243ce47d,2023-12-14,S-043,P-007,3,0
4caee2ab-7f8a-4c2c-a916-22b98e6f2ad5,2023-12-14,S-018,P-004,4,0
f3ad965d-0269-47fa-add1-73318c8512e0,2023-12-14,S-039,P-007,1,0
08118fdb-a772-4797-948b-0d8aafdf22c5,2023-12-14,S-025,P-004,2,0
5abfaca4-3640-4ee0-93ee-5c3a316f965b,2023-12-14,S-004,P-007,2,1800
3364063e-6ee8-45fb-986a-1091f98eea28,2023-12-14,S-050,P-003,4,0
45f26f20-2c88-430c-8fbb-41d5f3b83824,2023-12-14,S-022,P-005,1,0
a0f67c7f-1986-4a03-b774-87b922aea331,2023-12-14,S-042,P-001,1,0
6c23ba72-bed1-45a4-a1d2-9f50f67254c0,2023-12-14,S-020,P-004,1,1050
413375b8-0980-463d-a0bf-1b9bf1501111,2023-12-14,S-010,P-007,5,0
a3a3b1c5-1c7e-45a4-9fd3-ec21c8fcdf46,2023-12-14,S-040,P-003,2,0
2745c040-1181-4090-9836-597f4d3893b1,2023-12-14,S-016,P-005,4,0
4e73af1a-39ec-44df-9a28-2ae9dda28553,2023-12-14,S-033,P-004,3,0
2a0c265a-8bf3-4267-94d3-f3c6377cb0dd,2023-12-14,S-050,P-005,2,0
4c925af2-edd4-49cb-a68f-00dc88ce9656,2023-12-14,S-011,P-005,3,0
3aaa07a2-7378-487f-8a4a-ed40c7a3895f,2023-12-14,S-039,P-007,2,0
573fb3d3-01d0-4b46-9d4a-0a5213b0ceac,2023-12-14,S-050,P-003,1,0
8aac95ee-79b8-48a2-8599-c42057c05dce,2023-12-14,S-040,P-004,4,0
70cd1dd1-8f0a-4ccf-a859-42a9c5c76667,2023-12-14,S-049,P-006,10,0
7a4f93da-5b33-4ee7-915b-8976d72405ea,2023-12-14,S-046,P-007,1,0
e8ed86a1-d414-4df3-a87e-25bb98002d58,2023-12-14,S-041,P-004,1,0
05afb40d-446c-4454-b372-73218eb0c64c,2023-12-14,S-002,P-003,4,0
59b3ea7b-8417-4ee2-aff3-3491140b4df5,2023-12-14,S-019,P-007,1,0
d9373fa7-1e02-42cf-8e41-21759b8bb197,2023-12-14,S-038,P-001,1,700
150ee7ec-1d77-4145-9733-92a177f056f1,2023-12-14,S-014,P-002,2,0
2613ebbe-4c85-43a8-85a8-c5b63b64f5a5,2023-12-14,S-009,P-006,1,0
0f48eeca-c926-4f98-86f3-9baf3031c310,2023-12-14,S-004,P-003,10,0
02bc610d-1a05-437a-8463-a13bdc423af4,2023-12-14,S-004,P-002,2,1900
88e83442-42e2-4548-af6a-843571257875,2023-12-14,S-037,P-005,1,1050
9db6b745-93ec-4866-8cec-4c9b95affeb6,2023-12-14,S-022,P-002,1,950
79d9e077-0d27-40cb-a1a6-f87d5dcfbd7a,2023-12-14,S-003,P-002,1,0
6a09aabe-2691-4fe4-b0db-b508ac2feddf,2023-12-14,S-046,P-002,2,0
ede7a491-ba00-44c1-b081-3403f37bfab6,2023-12-14,S-009,P-001,10,0
14a84ab9-16e6-4f15-a49c-394c2eda3b64,2023-12-14,S-033,P-004,2,0
f4a024d4-3373-4917-aae8-c3c7010817b6,2023-12-14,S-043,P-005,1,0
3f7874ab-2be8-48f6-a84d-e4089e465185,2023-12-14,S-033,P-002,1,0
2a5ec0ce-dfb8-4283-827b-f8541a7f61f7,2023-12-14,S-050,P-007,4,0
ad6b5c27-b912-4777-8733-27adafd2e812,2023-12-14,S-041,P-005,1,1050
5be21a79-9eee-4c0e-81eb-c43cdcbf5c8d,2023-12-14,S-040,P-003,1,2200
f52872f1-85de-46f7-a16a-5b45a405c23d,2023-12-14,S-027,P-007,2,0
59a1772d-308f-4347-bd70-05a82bae39ef,2023-12-14,S-023,P-005,1,0
dd186246-bbb5-462d-86aa-e450222baf07,2023-12-14,S-045,P-001,1,700
13cda652-bd45-46ed-85ef-eb145baec4c2,2023-12-14,S-045,P-005,2,2100
d4c5d4c5-f08a-4b2a-85d0-aa0fde0e4a0f,2023-12-14,S-020,P-006,1,0
71aa090c-e757-47ec-8366-90159fb0aa63,2023-12-15,S-024,P-005,4,0
64a9302a-a2db-468e-a711-c4aebc926c64,2023-12-15,S-042,P-003,1,0
01025ee4-11c0-4b43-b38a-1123006597f6,2023-12-15,S-012,P-003,1,0
7e28d6f0-4cff-47dd-a04c-a10a1de03f72,2023-12-15,S-039,P-002,1,0
0330f0f8-1e2b-4387-bfc1-d96074d48f15,2023-12-15,S-042,P-004,1,0
51ca6ccd-b54f-4fc9-bfdb-ea5f2c6e0f2c,2023-12-15,S-015,P-001,1,0
99470488-e16b-4c03-854c-9fd064f413e0,2023-12-15,S-038,P-006,2,0
9160ed5a-bdde-41fc-95c8-2e4bf925d328,2023-12-15,S-018,P-001,4,0
715f9e5c-7f3d-46fb-83dc-dbe876a00fe6,2023-12-15,S-047,P-006,1,0
d2bf38d3-7c28-424e-a7e7-ae017c1cec06,2023-12-15,S-017,P-006,2,1600
aa62cfd0-1aa9-40a3-b5d3-3fd4d1f14108,2023-12-15,S-017,P-001,1,0
d6db5ed4-957a-4439-bec5-e46e2cb64a87,2023-12-15,S-031,P-005,1,0
8e8f0c26-0bae-4b09-9c44-07fc1842e2db,2023-12-15,S-022,P-005,2,2100
5d9a784c-e200-4298-99f2-419a62dacf5e,2023-12-15,S-035,P-006,1,0
c46e8ae3-acf6-49f8-b2f7-1f49ef4ff463,2023-12-15,S-049,P-004,4,4200
c5ee5a25-9b56-4a52-bf76-38ea284cc48c,2023-12-15,S-019,P-006,2,0
fd778c8d-b30f-4c67-a25b-5fde990c1ad1,2023-12-15,S-041,P-006,1,0
de1b155a-b276-4ffc-b4a9-e05f22259e9f,2023-12-15,S-006,P-001,1,0
73e7ceaf-d512-4a96-a5df-c2293edcedac,2023-12-15,S-020,P-007,1,0
8c81ddca-ae90-4f18-8947-5ea63ee1b9a5,2023-12-15,S-031,P-004,2,0
d7a5033d-748b-4b90-9a6f-3cefb091c240,2023-12-15,S-015,P-003,3,0
7112cbe4-2b16-433a-b2cb-b8275db43a7b,2023-12-15,S-008,P-002,1,950
ba1123a2-88f4-401f-a517-7ab523fe5d4d,2023-12-15,S-049,P-006,3,2400
a7564d37-e814-4006-8776-eb598afd0409,2023-12-15,S-016,P-007,3,0
5bd10af4-7d99-479b-a0b6-31e97e90340c,2023-12-15,S-027,P-002,3,0
5419b498-dcfb-4e6c-8bb8-a310bf83b46d,2023-12-15,S-016,P-007,1,0
db7c8314-9954-4ae3-853f-48e7762bdc68,2023-12-15,S-029,P-002,4,0
fe075d7a-b24c-4d96-ac34-9dbf6c5b4795,2023-12-15,S-045,P-001,3,0
94390acf-74f1-4422-b213-a1ed3644511c,2023-12-15,S-020,P-001,3,0
b34c7c0f-f477-4ab8-8814-4af582aa2de7,2023-12-15,S-033,P-002,4,0
1542772c-c1ec-43fe-8e71-8c558812f4bb,2023-12-15,S-041,P-004,5,5250
b415858f-485b-44fd-a5f5-d49e0e8285c2,2023-12-15,S-034,P-005,1,1050
f2e30e6b-3bc1-4421-931c-3be4fa472753,2023-12-15,S-046,P-002,1,950
d43834a9-e5c1-44b5-9098-e69dc8092f9a,2023-12-15,S-037,P-001,3,2100
5fdb141e-c813-4b08-b10f-40a51d5c697b,2023-12-15,S-032,P-005,1,0
0f3e5350-89c6-43f9-bb30-9ec6298554cd,2023-12-15,S-004,P-003,1,2200
2107b396-f64a-4724-b94e-424dc047aeb8,2023-12-15,S-044,P-003,1,0
f6c251a4-9e56-4647-be6f-b7c316c42747,2023-12-15,S-005,P-003,2,0
1f6299a5-df6f-4b92-b25c-b0c45abc3853,2023-12-15,S-017,P-006,2,0
6e2b6756-3b1a-44b2-8b53-7d88a05f0a5d,2023-12-15,S-046,P-007,2,1800
b8b22ee7-c074-4fab-a10a-1e18b135ba56,2023-12-15,S-003,P-004,4,0
1629278f-16e3-47ff-b573-dca3f63f0ed6,2023-12-15,S-012,P-005,1,0
802ab2ed-39f2-4914-8615-b9a206546a3c,2023-12-15,S-026,P-007,4,0
b0dbfc1e-695e-4ca3-b39e-3ed638f1a085,2023-12-15,S-042,P-007,1,900
32931c1f-aa40-4576-9728-920a4e788957,2023-12-15,S-030,P-006,3,2400
478b32b5-9f4b-46a4-8c1e-892cd160a434,2023-12-15,S-049,P-007,2,0
2dbd04a5-dbe5-49ed-9904-2d295aa76dc3,2023-12-15,S-030,P-007,2,1800
b4e67b27-da50-4068-82c8-4534eb423700,2023-12-15,S-024,P-001,1,700
61a3cfbc-51af-4052-a7e4-5aac52144036,2023-12-15,S-023,P-001,3,0
1abb8fe0-3812-427d-9b21-0e90e4a8aaee,2023-12-15,S-035,P-006,2,0
30cff3d1-9099-43be-9ae1-88b270a2c208,2023-12-15,S-031,P-003,5,0
713e00d5-8b35-4715-9ef0-f54567715c03,2023-12-15,S-023,P-005,3,3150
2995826d-5a7b-460f-a59f-8785838a00d0,2023-12-15,S-026,P-004,4,4200
709dbe2e-6f50-4714-a1e5-71d8a13bd961,2023-12-15,S-048,P-005,4,4200
965e25d5-0782-4128-b0b3-36606dc91c4f,2023-12-15,S-034,P-002,1,0
40f24c6c-c6ce-4b61-8d2e-c08fb4d4c5a2,2023-12-15,S-047,P-007,4,0
3199fe22-0be6-4533-a855-a51080792557,2023-12-15,S-020,P-002,1,0
3b2c9109-de30-43e1-83e4-af0127b989bc,2023-12-15,S-027,P-007,2,0
4511f92f-68ec-40c1-919a-64d312e76cfa,2023-12-15,S-032,P-006,2,0
493b599c-2707-4c82-9c9d-e1534a17f99c,2023-12-15,S-028,P-007,1,0
957b0b9e-695c-4300-be0f-2f4b3cfbf902,2023-12-15,S-022,P-003,4,0
584b9c79-6ac8-4783-9212-c3d3f1d0e7dc,2023-12-15,S-029,P-001,1,0
13b0361b-1d8a-4e36-b8ab-33657d815da3,2023-12-15,S-050,P-005,1,1050
b1b6bfe1-7658-42ca-8d56-7869e331bf86,2023-12-15,S-001,P-007,5,0
c527a81b-5fb8-41ac-a37f-944beac707db,2023-12-15,S-006,P-003,4,8800
7abd963f-6614-41a8-abb4-6cc94316b0d6,2023-12-15,S-045,P-005,1,1050
bd36fbdb-6226-4d45-9c71-1768fa92cb8d,2023-12-15,S-041,P-003,1,0
c1a38efd-8212-48b6-8906-181e438162fd,2023-12-15,S-025,P-005,24,0
b6b95dcf-4c04-41f5-86f6-f1837eee5783,2023-12-15,S-009,P-007,10,9000
d1395f81-ee67-4d4a-b827-12fd00b2d612,2023-12-15,S-041,P-006,4,0
357d396a-40ca-4212-ac72-76e8c1eea112,2023-12-15,S-028,P-006,5,0
742472e2-5cc9-42d6-9ad3-ffcb31a04b38,2023-12-15,S-022,P-001,2,0
2288f004-55ce-42c3-8a55-98bd3b19a5ad,2023-12-15,S-033,P-001,1,0
658642f9-2862-48c3-b95c-3f3b1d0acbe6,2023-12-15,S-027,P-003,2,0
82944702-1e21-46bc-bf04-147aeaee946e,2023-12-15,S-013,P-005,1,1050
6b537e32-057d-460a-8fce-4985c92a16bb,2023-12-15,S-004,P-006,1,0
3283ff23-9f0e-4cf8-b4ae-162207a1bb5e,2023-12-15,S-026,P-004,5,0
fef4950b-853b-4174-87fa-df71eda7db22,2023-12-15,S-009,P-002,1,950
34f045cd-0aef-4536-a349-f36c1646a491,2023-12-15,S-027,P-004,1,0
fc82f9d3-bcbb-44a8-8020-89b670ae5ed8,2023-12-15,S-049,P-007,1,0
cec68d33-35e9-4e80-99d9-344a5f82ebb7,2023-12-15,S-016,P-001,1,0
3518800c-e117-4743-88da-04eba88cc42f,2023-12-15,S-038,P-004,1,0
a04ac1ed-eb5f-42f3-b604-cf4ba2709b52,2023-12-15,S-025,P-006,2,0
c385cc0d-6198-48d6-b9bb-1758b8cb1b6e,2023-12-15,S-034,P-003,3,6600
144faa00-3e73-463b-a8aa-17723ee5d086,2023-12-15,S-004,P-006,4,0
32e85740-41b9-48e7-a9b5-cb49d6366c55,2023-12-15,S-008,P-007,4,0
142983cc-3b24-45e6-9e39-9652467fa54a,2023-12-15,S-025,P-006,1,0
3b0a5725-e671-4b62-90d9-f10ce46a6188,2023-12-15,S-011,P-003,1,0
86000608-9a8a-44cf-9b5c-e5a1d3f4e6b6,2023-12-15,S-013,P-005,2,0
6270268e-ac23-4b1c-85a7-9e32a416ad5b,2023-12-15,S-020,P-006,1,0
319f9518-b283-4050-b09f-6aa283dd6658,2023-12-15,S-010,P-006,1,0
75cc47c0-ad52-475f-8b58-d4d757766208,2023-12-15,S-002,P-004,3,0
e5e6ea7f-8455-4e76-8592-3528499290b9,2023-12-15,S-023,P-004,2,0
47fe8470-5513-439f-adad-6a68555d26a2,2023-12-15,S-041,P-003,4,8800
57cff114-0c56-468c-9fec-ee0a7ecc3862,2023-12-15,S-013,P-001,10,0
eda0e2c2-365b-4f43-87ce-b497c70fde31,2023-12-15,S-046,P-005,1,0
4c807ab0-55d8-433f-9861-ad29ef4d72c9,2023-12-15,S-018,P-002,5,4750
650af6d9-b71d-4d03-9c48-dfb87cae406d,2023-12-15,S-031,P-004,3,3150
be27ffd6-3473-4075-8c24-cfc1f855ef3c,2023-12-15,S-009,P-001,1,0
d96cb33c-ec3f-474b-9c2e-c7771513ea8c,2023-12-15,S-028,P-003,1,0
33764f03-9ed8-4c84-93b2-7ac2f8f99fff,2023-12-15,S-041,P-003,1,2200
a1bfe876-4a59-4bda-a574-bc4347632e3f,2023-12-15,S-050,P-007,1,0
8ab82e36-90b4-4b0c-b223-2d07cf205a7c,2023-12-15,S-035,P-004,1,0
957e876d-ebf5-4ca4-bcf2-b31e776a88d4,2023-12-15,S-004,P-002,2,0
6ebc0d06-8ddb-4ceb-95b5-b5e176517173,2023-12-15,S-030,P-003,5,11000
7ca66da1-4577-4754-8bd2-747cbd84724f,2023-12-15,S-021,P-003,1,0
dbe898c9-837b-46bf-9963-14162b777971,2023-12-15,S-029,P-006,3,0
fb9ab4be-4e65-4961-92f7-6b868a2a8089,2023-12-15,S-024,P-003,2,0
b10f2f48-90cb-44fa-9112-9709d89f8665,2023-12-15,S-041,P-001,2,1400
cffb8d9b-dde9-4ea8-a408-e711aac89adf,2023-12-15,S-040,P-007,1,0
fdcc5cfe-d75e-4dcb-8dc4-ac2edd29b5c3,2023-12-15,S-037,P-004,2,0
309a923e-509b-43f2-bb26-bf55484e6f0c,2023-12-15,S-025,P-006,1,0
2434f12e-188c-4e37-8c44-41c0a5797954,2023-12-15,S-020,P-004,1,0
0739790f-b51e-46e7-bd14-5208e4e15832,2023-12-15,S-032,P-002,1,0
50012a3b-ec42-4b69-986f-451712c50a9c,2023-12-15,S-009,P-006,2,0
7f5036f4-c86d-4aff-9454-73a53cfaed99,2023-12-15,S-015,P-005,4,4200
9c4db1e3-9860-42e8-b9eb-6f524145056e,2023-12-15,S-005,P-001,1,700
de2b0fcf-f172-4d18-9760-d31380473c2d,2023-12-15,S-017,P-004,4,0
973fae3a-51a9-4fa6-853b-bdaf019e205f,2023-12-15,S-035,P-007,1,0
917e1694-c223-4491-bfe3-2b881f5678f9,2023-12-15,S-028,P-002,1,0
92f76d87-324d-4db2-9871-06660419864a,2023-12-15,S-042,P-006,1,0
2bd2f6cc-f7da-491d-b50a-fd5b583a46c6,2023-12-15,S-013,P-006,2,0
e69d06e7-43a9-4021-9be7-a3d6bfc8b6a4,2023-12-15,S-049,P-006,1,0
3167bb78-e4bb-4e5a-beed-23ec8a1bacfe,2023-12-15,S-040,P-002,1,950
1cd74ab1-09c7-4aa9-be6d-453fac2c76cf,2023-12-15,S-028,P-001,1,0
1bc68c07-5748-40c5-bcfa-9dbec9722cb3,2023-12-15,S-035,P-002,2,0
4b7ff264-b9e9-434d-9a81-4ddbdd660caf,2023-12-15,S-028,P-007,4,0
d95feb7b-54f5-467f-8e8b-e459b8eac278,2023-12-15,S-043,P-001,1,0
3de39b74-52ce-4e53-9db4-b5180b74f2b2,2023-12-15,S-040,P-007,3,2700
b66c7e19-1d0a-4994-98bf-aecd2f6d4fd3,2023-12-15,S-025,P-004,2,0
520a5820-0c60-4487-a333-e7a1053f5374,2023-12-15,S-030,P-002,3,2850
674d0013-4137-4ac5-8d6f-10dd4fdfad7c,2023-12-15,S-008,P-003,1,0
2dc596b6-75b9-48f5-a88a-f76734a64868,2023-12-15,S-014,P-001,2,0
e0d9a359-6a0d-47cb-9b5a-01c4be66168a,2023-12-15,S-006,P-006,10,8000
988c4549-00e3-4eca-a0b6-9922dce4ace9,2023-12-15,S-017,P-002,2,1900
acb65c13-7399-44c0-9e2d-1cc75b4b42ea,2023-12-15,S-043,P-004,5,5250
46b4900d-e2e2-40bc-a6c8-95bc2c0c851d,2023-12-15,S-030,P-005,1,0
5f47ba12-802b-4d3d-8987-2f34d1950ede,2023-12-15,S-006,P-004,3,3150
92d85e75-f096-4949-bbd2-6a1719d39809,2023-12-15,S-044,P-004,1,0
0f86862e-1fe3-43d7-80d4-aebbc9331e7b,2023-12-15,S-041,P-003,1,0
83b68593-7fd6-4233-bb5b-96b202de074d,2023-12-15,S-026,P-004,1,0
6e8d82d7-ce61-44c6-ba32-e93b969da98e,2023-12-15,S-015,P-007,1,0
c64f009a-37d2-4445-b1dd-75cfdc6d6ec3,2023-12-15,S-013,P-004,1,0
8da7fb36-3868-48c1-aa45-7d10f43b5f57,2023-12-15,S-002,P-006,3,0
8cd30da9-64b3-4a83-bb62-f787adb74e91,2023-12-15,S-033,P-001,2,0
91c80c2a-3a0c-4425-9b5e-153de425b592,2023-12-15,S-045,P-003,1,0
6c159141-dbb4-4e7f-8709-d78318350132,2023-12-15,S-001,P-001,1,0
5d534fe9-a66b-48ec-9e9b-75d25d651618,2023-12-15,S-042,P-003,2,0
988e99d8-6aa8-4cc2-bd73-7ec9e63e68aa,2023-12-15,S-034,P-002,10,0
6eef9e5b-f6c5-4c2f-b8f5-7a976bb3958d,2023-12-15,S-012,P-003,1,0
4a25c64d-ec3f-4639-9824-eca3032d29c6,2023-12-15,S-012,P-006,2,0
e1e39ef5-e4cb-4b15-bae3-0d038ada3727,2023-12-15,S-046,P-007,1,900
3d3a3f2a-be9c-4c43-8d35-f068bd8683d9,2023-12-15,S-041,P-006,1,0
5b9d056f-55de-472b-9b01-9e991b750b77,2023-12-16,S-044,P-002,1,950
b3d0620d-9674-4d00-8deb-3716ba4e1a37,2023-12-16,S-020,P-001,1,0
1cdaaf2b-3cca-4fcc-8c81-b801174d5158,2023-12-16,S-049,P-007,3,0
c9a8cbb8-b9e4-4ef8-9611-4af89d60c203,2023-12-16,S-007,P-007,1,0
7af7438a-f404-46fa-b559-a99fcf183906,2023-12-16,S-015,P-004,1,0
79604b7b-0c3a-419a-bca2-0796d4f60f85,2023-12-16,S-038,P-001,4,0
907112fa-0a89-45ef-94a7-d03622e87d18,2023-12-16,S-041,P-005,2,0
98daa064-fc14-4bb1-8931-373b69b3c9b5,2023-12-16,S-009,P-005,1,0
7aa12cc5-ca19-4b78-b4f8-83facdd2e81b,2023-12-16,S-050,P-004,5,0
95944c1c-52e3-473d-b928-3f5d3ca3c17e,2023-12-16,S-035,P-005,3,3150
3785d846-d818-4eb2-9378-79f8163fd102,2023-12-16,S-005,P-002,1,0
835f45cd-f9a2-47ed-8a41-f8ce1683ccc8,2023-12-16,S-047,P-004,1,0
97de6974-52b0-404d-b332-da484acd7c0f,2023-12-16,S-004,P-001,5,0
5a7da871-fae6-4953-97d7-1422bc7858b2,2023-12-16,S-004,P-007,2,1800
e7194d1b-d1b9-4b8e-9d3d-eddd25e91f47,2023-12-16,S-033,P-003,24,0
f5f8d18d-0cf7-40c9-acbd-3f63191c63a3,2023-12-16,S-007,P-006,4,3200
9792b50e-a110-47b5-81e0-7b665b2c152c,2023-12-16,S-025,P-005,3,0
42d813dc-5e99-4d78-892c-a7f6ed229c88,2023-12-16,S-046,P-003,1,0
2e20c67f-8a46-419a-8f38-b333b77ede54,2023-12-16,S-035,P-003,5,0
c0477f9c-529c-4077-afaa-c3c26baca459,2023-12-16,S-003,P-003,10,0
ba68f0f1-c7d1-443c-867f-16a9ad7d2ce6,2023-12-16,S-028,P-007,1,0
5257acf1-0b87-4416-b619-0c450db38b2e,2023-12-16,S-001,P-006,1,0
97fc6fee-cf24-4ae4-afce-3ba14bd82451,2023-12-16,S-032,P-002,1,0
313441db-3374-4508-a006-eed7b1f353a5,2023-12-16,S-041,P-007,3,0
af02de1a-fd54-40ff-a754-969455478cf3,2023-12-16,S-028,P-007,1,900
cdf96d85-33c3-4ebb-a27c-069bf0eae7cb,2023-12-16,S-012,P-006,1,0
a7b86013-976c-480b-bce1-4b73572f82d0,2023-12-16,S-010,P-004,3,0
1fd5971a-2397-491d-b49c-397e6e087af4,2023-12-16,S-048,P-003,1,2200
c533bdcb-dd2b-4030-9213-c000cb97dc16,2023-12-16,S-012,P-005,3,0
df8aa821-d7da-4e67-970c-01a2319d4712,2023-12-16,S-036,P-001,1,0
fe6f92d4-06d4-48c2-8fd2-c6a95968bff8,2023-12-16,S-020,P-003,2,4400
94b4376d-899a-4beb-ad0c-fe9d5432cd59,2023-12-16,S-019,P-004,5,0
53ae5882-52df-44b2-b009-f5e91475c4d2,2023-12-16,S-011,P-001,1,0
ca6b3802-7d44-4357-8f5d-1535d2c4808e,2023-12-16,S-015,P-007,1,0
471c3e40-ee50-4583-a55e-576a4e5be56f,2023-12-16,S-004,P-001,2,1400
d1ed850a-adee-462a-a2cb-bdf7e2a06c5b,2023-12-16,S-038,P-004,2,0
b474a1f7-0f81-4733-b5c3-74ea743a221c,2023-12-16,S-050,P-003,1,0
c041ff1f-aa3a-4a12-b132-762dbb3dd845,2023-12-16,S-012,P-003,10,0
e589c74d-66d3-4401-82b7-d05fb4cb021b,2023-12-16,S-020,P-002,1,950
fac6a616-a3e1-4d64-8702-a60075be1c7f,2023-12-16,S-017,P-005,2,0
40fa2ca1-5a10-4d22-87d3-96c015069475,2023-12-16,S-025,P-005,3,0
0d46b200-eb7d-4132-b10b-d399c0035c96,2023-12-16,S-019,P-002,3,0
dbc9928d-459b-4b62-87ac-50e43d736573,2023-12-16,S-037,P-002,2,0
a9d694b9-4a43-4d8f-84f7-fb346deb0a71,2023-12-16,S-042,P-006,1,0
7927c4dd-39ad-439b-b177-fc2261bb2bbf,2023-12-16,S-044,P-006,5,0
6be48d0b-893a-4e3f-8376-3841f8c929bf,2023-12-16,S-039,P-007,3,0
4dc51b73-0927-4e22-90a9-fcd40963e22f,2023-12-16,S-022,P-002,1,0
8a5136a7-aaf4-4c43-87fe-4a979de6e6fe,2023-12-16,S-028,P-006,4,0
dd560c78-c047-431f-88da-ce45541e22fe,2023-12-16,S-050,P-004,1,0
363472a5-1fe6-443f-9ab0-e7c3c6e22aa8,2023-12-16,S-046,P-007,1,0
aea5aaf7-6a05-4070-8c54-df981d23a539,2023-12-16,S-026,P-006,2,0
a188e449-ba0c-4546-82cc-c8015864dcc4,2023-12-16,S-024,P-003,24,0
e413dbde-7b9a-4361-b500-4a87418e21da,2023-12-16,S-042,P-005,3,3150
58d5bb7b-af51-46b3-a6ae-445fb866298f,2023-12-16,S-022,P-002,1,0
ac68567b-1afd-4843-950c-1bd4e24c62f3,2023-12-16,S-006,P-001,1,0
6275c482-beff-41c8-8246-46f7c7550e72,2023-12-16,S-026,P-003,1,2200
0a8307e3-a560-4f0c-be9f-d66c1b6190f7,2023-12-16,S-035,P-006,1,800
05b2ccc1-ba76-4d3f-af69-2657c215db4e,2023-12-16,S-028,P-004,1,0
465b867b-0d9d-4e60-b13a-34de9c1253e9,2023-12-16,S-020,P-003,4,0
e2d57198-8a5f-48bb-8b51-e0cd32114c49,2023-12-16,S-040,P-002,1,0
f1d09152-4110-4811-a4cb-4a82dca88806,2023-12-16,S-038,P-003,4,0
e4fa2c6f-f934-4e48-bb7f-b59c5a44b791,2023-12-16,S-027,P-005,1,0
b421797d-fa9a-4633-81ae-de9fce75640b,2023-12-16,S-021,P-006,2,1600
d5a79d6e-268e-4c3f-be1d-dfa8c72c570e,2023-12-16,S-005,P-002,2,0
342cf0b3-44eb-42ba-8e61-bb7ea0c52cf1,2023-12-16,S-020,P-006,5,0
928ed0a2-ccc0-4655-8fb8-2ec5f477631e,2023-12-16,S-006,P-007,1,900
58b5e313-cebc-4ce8-993a-1c8e91df808a,2023-12-16,S-042,P-004,1,0
f4348833-845f-4b5b-8469-44a9000a5074,2023-12-16,S-004,P-003,1,2200
6b63c848-b4a9-40e3-858e-568fba0ebfa3,2023-12-16,S-048,P-001,4,0
50e67342-3b72-4130-ac80-bda44fa2a8da,2023-12-16,S-048,P-004,2,0
d5b71c2e-3a2f-4942-86d5-2cf187e17d44,2023-12-16,S-040,P-002,1,0
5c9f2dd3-555b-40b6-aa6e-5932d57c006e,2023-12-16,S-021,P-006,1,800
0d78d20b-ca61-4a82-a00b-7305f33634ec,2023-12-16,S-046,P-006,1,0
2a19db23-a374-49db-8cc7-bb00cfebe3a2,2023-12-16,S-021,P-005,3,0
0ece2b2d-c105-4af2-8b39-f14438ddd74a,2023-12-16,S-016,P-006,3,0
41ec36fe-dead-4d1d-a7e8-86166ae6e347,2023-12-16,S-008,P-006,1,0
fcf8dbc3-9a6a-4ec8-8544-7b1263ecb73f,2023-12-16,S-041,P-005,1,0
13a41cc9-c08d-45b0-ac32-0af6e4c36ce6,2023-12-16,S-036,P-005,24,0
f0c8786b-fb1b-4751-8fa4-9f0914f46637,2023-12-16,S-030,P-002,1,0
216b641f-feb9-4daf-925b-9dede1a2f3cb,2023-12-16,S-009,P-003,1,2200
995881f4-af75-4631-beff-84da50e2380a,2023-12-16,S-044,P-003,2,0
547b9a6b-d7f3-4a75-af48-31ae6cf105d9,2023-12-16,S-013,P-005,3,0
17178ff5-9c6f-413e-836d-b05cc6a575b3,2023-12-16,S-017,P-006,1,800
6f91f5ef-1df5-4d4c-9d52-8e6797f9b271,2023-12-16,S-030,P-003,2,4400
81c2f21a-e9ba-4d32-ac64-88305bf81560,2023-12-16,S-037,P-003,2,0
d2273fa7-c0df-4492-b3d3-ec1a8cfda29a,2023-12-16,S-039,P-002,4,0
1ed9ebe5-bcd3-4481-b632-c6afc1127926,2023-12-16,S-038,P-007,4,0
c2a2918d-3693-4c67-86bb-a1a35cd6abb4,2023-12-16,S-050,P-003,1,0
e982c900-f26b-4f23-b5d1-77d3d7e41fad,2023-12-16,S-002,P-004,2,0
0cf9a65f-73dd-43de-8620-beddcb3aa719,2023-12-16,S-018,P-005,1,1050
80c647f6-9b1e-48f9-b692-d316bfe73af8,2023-12-16,S-029,P-004,1,0
8ad99137-cfc9-4573-965c-2250e921bd1b,2023-12-16,S-041,P-004,2,0
6ef26a63-963b-4f50-8a28-3c4ad441c169,2023-12-16,S-039,P-002,1,0
0c694fc2-d263-449d-8458-69cb4c66835c,2023-12-16,S-038,P-003,4,0
c0c5fa5d-a1ac-4f85-b80a-4849a31efafc,2023-12-16,S-028,P-002,2,0
8c39139a-7636-4973-9728-ca5f74d7b5e4,2023-12-16,S-014,P-007,1,900
8752f1e6-aca8-453d-8272-bf528d35c726,2023-12-16,S-018,P-006,2,1600
44d279d0-9034-40f0-a214-fde0adb3775d,2023-12-16,S-031,P-003,2,0
27894dd1-60a9-4614-ae6c-976516ca8dc8,2023-12-16,S-046,P-004,4,0
fa93e881-dd96-413b-8947-71fc8f697864,2023-12-16,S-035,P-006,1,0
6d1006ba-14c4-4245-aa42-598ddbd61af9,2023-12-16,S-021,P-003,3,6600
6d2cd4df-83cf-4d0c-8882-fcb86b3905d4,2023-12-16,S-026,P-005,1,0
6a6a62f8-2f84-47cb-a28d-6bc2dcd72668,2023-12-16,S-042,P-005,1,0
e217b7db-7181-4095-87aa-5dbf5d59349c,2023-12-16,S-012,P-002,3,0
5f8a4f0e-2d85-47d2-8dca-78fff10662bc,2023-12-16,S-006,P-001,4,0
c0a01586-1149-46f5-a4ff-b55f35d2f24c,2023-12-16,S-010,P-004,1,0
b7a28389-c88a-4a8a-b7a1-67a1cef64cf5,2023-12-16,S-015,P-005,10,0
6853c127-a401-40a1-9839-05ff8acbb17f,2023-12-16,S-040,P-007,1,0
551e1078-3ad3-4a3b-8cea-96c68a15bf6a,2023-12-16,S-035,P-004,1,0
2f451e4b-0216-4406-beee-98b56d4e63aa,2023-12-16,S-016,P-001,1,0
c5677b82-8930-493c-be3a-1f4c0f6aa2b2,2023-12-16,S-021,P-004,1,0
bc50eca5-3d13-4f5e-a3b4-f10fef032209,2023-12-16,S-004,P-002,1,0
7f4a110c-573b-4848-adcb-a345becec68d,2023-12-16,S-020,P-005,1,0
d80f9dcc-c4e5-426e-9593-394e1e72efac,2023-12-16,S-023,P-003,1,0
35417edc-17e0-48ab-84c0-4ac60da2ef4e,2023-12-16,S-042,P-006,4,0
0a61c5e9-59fe-48c5-89dc-eaa30db1d807,2023-12-16,S-014,P-004,2,2100
6a59af0e-27f9-45dc-91f3-79de6a81bac9,2023-12-16,S-005,P-007,4,0
fbb187a2-5faa-4ecf-a14c-6ecd9b7161dc,2023-12-16,S-009,P-001,1,0
fc91ed39-95a6-4292-a96c-d3f08520eaa4,2023-12-16,S-004,P-005,1,0
136c4c8d-a065-49e1-aa93-ea43b1f17e77,2023-12-16,S-007,P-004,2,0
950d210e-53d4-4c87-a527-2ec5337f6fbf,2023-12-16,S-041,P-003,1,2200
bcfb6dc3-bca3-4329-9ecf-a835cc8f7ee0,2023-12-16,S-028,P-006,4,3200
a194a701-4e36-4366-8190-7be68b764854,2023-12-16,S-046,P-004,1,1050
4f208aa8-0e8e-47fb-bd65-06916299d031,2023-12-16,S-021,P-005,4,0
3161b57b-e333-4828-9796-04b25b028ae5,2023-12-16,S-042,P-002,1,0
2be154f1-d008-4840-a978-4b11be8f12be,2023-12-16,S-050,P-002,1,0
72c3f6ce-b693-4f73-99b2-d880a07a15a9,2023-12-16,S-040,P-002,2,0
fa4033e6-a3e0-4ab4-9dfd-8a3dea251d06,2023-12-16,S-035,P-006,3,0
2cc3dd7d-bbb6-47ce-a2a6-df6898959138,2023-12-16,S-018,P-003,1,0
9e040cd0-da7d-436f-8533-659bf5373cf8,2023-12-16,S-014,P-004,1,0
1d2fef1a-d631-433e-a7ec-b50840aa4833,2023-12-16,S-024,P-001,1,0
63973504-d447-4bf5-956f-441ee4c874b6,2023-12-16,S-017,P-007,1,0
1a20e585-d2cd-4dbd-acba-75af91b92ae3,2023-12-16,S-019,P-005,1,1050
88df2060-a3e7-495e-8324-c7b7de80ae7c,2023-12-16,S-032,P-001,4,0
212e1760-72b9-427b-899b-465ac406ada4,2023-12-16,S-046,P-002,2,0
1563b783-371d-45cd-99ed-2f9c9b7f2ddb,2023-12-16,S-031,P-004,1,1050
0f3fe58b-f1f2-4c0a-b274-9ee30dad59fd,2023-12-16,S-012,P-002,3,0
78c8dd82-9ed8-43b7-b861-ee676aa280e9,2023-12-16,S-008,P-007,2,0
28c0c9b1-800f-4dcc-9e33-c2d05d6b18e0,2023-12-16,S-034,P-002,1,0
8d630e0e-7f04-4bce-a3ea-01a7adc76e9d,2023-12-16,S-009,P-004,1,0
62487e04-6b5e-482d-9e71-b7b72d98deb3,2023-12-16,S-001,P-001,2,0
22c03671-aa0c-4e6a-9831-90d9fd432502,2023-12-16,S-005,P-005,4,0
9a926cdc-a58d-4de5-943a-461dca063ffa,2023-12-16,S-002,P-002,2,0
7b9683f6-902b-4d7a-b9b8-ad7620d114b8,2023-12-16,S-033,P-001,2,0
c41266d9-e8b6-43b3-bdda-15eaf59752d0,2023-12-16,S-007,P-007,1,0
950dc655-b66b-4ad1-978f-88432b16fa99,2023-12-16,S-034,P-002,1,950
16c63e08-300f-4280-8c49-d5e218ec1480,2023-12-16,S-042,P-007,3,0
f0951ec4-4351-4bfd-84f7-299d7eeebd2e,2023-12-16,S-029,P-001,1,0
74a77c34-daff-4bf1-b6bd-3cb24f99262d,2023-12-16,S-040,P-003,3,0
0e7177cc-8151-4335-a737-897099e2b08c,2023-12-16,S-004,P-004,2,0
e4d78113-ddb9-4461-ad09-affd7b8586ad,2023-12-16,S-013,P-007,1,0
3f3785f5-eac5-4e09-96aa-80129396ce7c,2023-12-16,S-009,P-004,2,0
8dab2ba0-5756-460d-b65b-bc9134157164,2023-12-16,S-039,P-007,4,0
355df5a2-6f04-41a9-ad10-085a440a9f83,2023-12-16,S-036,P-005,1,0
b794f8fb-edfc-493a-925e-c28e04cb2c3f,2023-12-16,S-010,P-005,4,0
2b0b6f46-093d-4af8-a640-733ccd7005fb,2023-12-16,S-035,P-001,4,0
f402bb7e-1c52-4ec9-81a3-bc252ed846d7,2023-12-16,S-008,P-003,3,0
e2f41d9b-f59d-4a0b-9c9e-fe83b3face7f,2023-12-16,S-013,P-005,24,0
46387b53-fad0-4c9f-a38b-5e33c46f4740,2023-12-16,S-002,P-006,3,0
32977c52-b98a-4e51-854f-bc8d734c2bfe,2023-12-16,S-044,P-003,1,0
9ba801bd-45ce-403d-8a0f-3323ffc04cb5,2023-12-16,S-006,P-005,1,0
c9ebafb7-4615-497e-8608-1a883f0e3000,2023-12-16,S-048,P-004,1,0
318a7ae7-730c-4430-aac9-6bed9ccd7ef6,2023-12-16,S-047,P-007,1,0
919cd8e5-f53c-4d4c-8aad-234748e29fc0,2023-12-16,S-023,P-004,2,0
d8f0e5e4-d3c0-4df8-8afc-1a724aaaf949,2023-12-16,S-024,P-003,1,0
2910af15-d359-4140-b614-40885a5abf09,2023-12-16,S-044,P-004,1,0
fc18b477-769f-4777-b60d-d7c86535034b,2023-12-16,S-020,P-004,1,0
b15176fb-8a9d-4876-b648-59f1fa17f795,2023-12-17,S-006,P-002,2,0
8360f614-0f86-4cc4-9bca-6a18d35e3611,2023-12-17,S-010,P-007,1,0
ec2ea910-94af-452f-9867-fe9d4c89193b,2023-12-17,S-014,P-004,1,1050
19c270a5-71f4-4a41-bfbd-7fdc01c76b48,2023-12-17,S-048,P-004,1,0
ca9b24ad-3dda-46e2-afa8-26a4a3ebe0a6,2023-12-17,S-007,P-004,1,0
dd8117c5-4e7e-4fa0-8eb3-735f5afe7031,2023-12-17,S-009,P-005,2,0
7c9227d6-f5d1-4d3a-a946-4245a31e0e28,2023-12-17,S-026,P-002,3,0
84f3f046-44a3-4af0-ad8c-145621b7fa56,2023-12-17,S-006,P-001,1,0
a2f3d1d0-b015-4f72-9b58-63f04f28711f,2023-12-17,S-024,P-006,1,0
b6ea3dfc-9077-4934-84a7-21e1c148b0be,2023-12-17,S-028,P-001,2,0
9dfa45f9-45d8-4bf5-97d5-18e6ad692f74,2023-12-17,S-021,P-004,24,25200
f6a42535-c479-47cf-8e84-fb8235b3ef46,2023-12-17,S-025,P-007,1,900
c7ce3228-b23d-4b89-8f10-8422906cbff5,2023-12-17,S-048,P-005,3,0
73702fee-c706-4c80-8606-78400f4bdd0f,2023-12-17,S-045,P-003,4,8800
8b54dad5-ee36-45eb-a815-27c3c1a6a77e,2023-12-17,S-039,P-005,1,0
0681afd7-fa8a-47eb-8872-e9d1881feeec,2023-12-17,S-002,P-004,1,1050
769da914-e22d-4942-8e6b-65387acf5c67,2023-12-17,S-035,P-004,1,0
2297331f-82f2-43e7-9761-dcde377b844f,2023-12-17,S-008,P-004,1,0
ec529c45-5793-4c57-8207-83428a5520c5,2023-12-17,S-006,P-005,1,0
d6647e0d-750d-4cd2-aab3-70ee6d4bf53c,2023-12-17,S-026,P-007,3,0
41ecfe01-337e-405e-b372-946f761bef37,2023-12-17,S-008,P-005,2,0
df59b45e-1685-4981-9c20-18cd1265efcb,2023-12-17,S-043,P-007,2,0
68ce4e60-182b-4436-bb1f-a80e7b08ea40,2023-12-17,S-047,P-004,2,0
7d421619-9e87-4e97-b095-0680a7d52698,2023-12-17,S-035,P-006,4,0
99496a62-d45d-4886-878f-c03fab980352,2023-12-17,S-023,P-002,4,0
20042192-cbd5-421c-af8f-eefd6ef507e3,2023-12-17,S-024,P-003,1,0
c242613c-75d5-402d-a4c6-93f5355aa402,2023-12-17,S-035,P-006,1,0
acd62666-b2c7-4c48-862b-43f0a0c6de60,2023-12-17,S-048,P-001,4,0
33159113-9bca-450d-af0f-93b6db1f9465,2023-12-17,S-050,P-002,4,0
4a778955-78af-46f2-bdf7-02e41b701fd4,2023-12-17,S-048,P-005,10,0
25f02d19-b866-43da-8d50-dc39afd71106,2023-12-17,S-004,P-001,1,0
3b98a4ed-af6f-41b1-8916-c9b5018d2d56,2023-12-17,S-007,P-004,1,0
f4756286-03ff-4a74-9f6e-8353873c3c91,2023-12-17,S-044,P-007,1,0
4fe4f84c-4959-466e-b1b7-471fba4af5d1,2023-12-17,S-044,P-007,5,0
74bd977d-0e16-4ea3-bec4-5411a19e6bc2,2023-12-17,S-011,P-003,1,0
73632aa1-3b39-4afe-bafd-7ed41f9658d4,2023-12-17,S-034,P-003,2,0
ec3f87c4-75d3-4777-b888-f1c23fc53dd8,2023-12-17,S-041,P-004,3,0
e2ff99f5-2057-418a-94b6-f3149939640b,2023-12-17,S-001,P-003,1,0
f1b47a09-1fe7-4895-83e3-01191893dd1b,2023-12-17,S-041,P-004,3,0
5c2e6dcd-e404-402f-8419-6afea49b17df,2023-12-17,S-038,P-003,3,0
3b74f4ae-8345-4124-be47-88f3c72cedca,2023-12-17,S-049,P-001,2,0
d7df5d29-5c9f-4fd2-8cc1-b2dea485331e,2023-12-17,S-035,P-006,1,0
92bec968-0358-48ba-98b0-a80193eca6ac,2023-12-17,S-027,P-002,1,0
428928e4-2318-49e6-a8ad-4f5dc46e2dbf,2023-12-17,S-048,P-003,1,2200
11a90ecf-7491-4fd8-b79e-df328b8c2d86,2023-12-17,S-030,P-006,1,800
a1ebe893-8b56-4880-81ba-36d70d7e8168,2023-12-17,S-015,P-006,10,8000
eb2c19dd-3eea-4940-880c-8a9cf639d783,2023-12-17,S-015,P-002,2,0
79a09689-416e-4d18-85f2-b988831755c3,2023-12-17,S-002,P-004,1,1050
7caa8b5c-d85b-465e-aa6a-66efad12fd2d,2023-12-17,S-010,P-004,4,0
f37e9d84-d81c-477c-b8cc-344fe1d264f2,2023-12-17,S-036,P-002,1,0
706ef56d-6827-4e64-a866-cc2e9c70b85d,2023-12-17,S-017,P-006,2,0
c2e3da45-9dfa-4c3d-bd4c-b4c02046f7ad,2023-12-17,S-049,P-001,3,2100
05e35ca6-a2c2-482f-879d-e67d4110f2b7,2023-12-17,S-023,P-003,1,2200
12b1c2f0-b3d6-486b-b0b9-1ea08a31d1be,2023-12-17,S-024,P-001,1,0
a6224d00-e7eb-46cd-a72c-8ccd61c14c4d,2023-12-17,S-018,P-005,1,0
319dab9b-a570-4948-a006-f96786c4ceaa,2023-12-17,S-020,P-007,5,4500
fe8657b8-fedd-486c-b69f-afa910063d89,2023-12-17,S-004,P-001,3,0
32171212-fdcc-46ea-9037-9323ff3a5d4c,2023-12-17,S-008,P-005,1,1050
89fce2af-a2d6-49cc-b347-db64bd8fcf74,2023-12-17,S-042,P-001,1,700
33fd0594-da82-4373-9f6b-25b8ff8d58d0,2023-12-17,S-034,P-002,1,0
c337fd77-5ec5-4941-b805-c495046acbf6,2023-12-17,S-025,P-001,1,0
6e080204-b755-489b-95e3-c59369b88ee6,2023-12-17,S-001,P-004,5,0
ad98f6f7-72de-461e-bc89-1f74168e243f,2023-12-17,S-002,P-002,4,0
44cbbe7d-5909-48c6-b6e9-e6fcb4c0ef86,2023-12-17,S-018,P-004,5,0
e1b642ff-ad3d-474b-931e-4487bf4833f0,2023-12-17,S-022,P-001,1,0
a44e3118-adf7-4c8e-bffc-e28f14415283,2023-12-17,S-027,P-004,1,0
8979dc1b-f3d7-48d9-90a4-cba879c18a4a,2023-12-17,S-050,P-005,3,0
4676bf78-a7b4-4d82-9c7f-22ae24daa05e,2023-12-17,S-041,P-007,5,0
1ad15739-1445-49e3-bb52-7ec8d2338cb7,2023-12-17,S-001,P-004,3,3150
53feb4bf-4783-4622-8aa2-7d28a2db9103,2023-12-17,S-041,P-001,5,0
998ed03c-3325-4238-8920-ea1305112180,2023-12-17,S-021,P-004,4,4200
0ef712b7-936f-4193-aebd-439656c0e4f3,2023-12-17,S-022,P-005,10,0
04e6bab2-5dec-4c35-a652-9f33a27995e6,2023-12-17,S-031,P-001,1,0
5252c658-90b7-4220-aaec-f5a3427c216e,2023-12-17,S-011,P-004,24,0
0c01f2c8-583e-410c-b6c1-8266cfc01d51,2023-12-17,S-050,P-004,1,0
9ea8b98e-f660-4b32-baca-d75d9e4d2bb0,2023-12-17,S-048,P-002,1,0
87ec7295-0e5f-461c-81b1-2f5dee6ec6af,2023-12-17,S-010,P-002,1,950
1505c153-2544-4b69-8228-9dfecef4011b,2023-12-17,S-008,P-006,3,2400
06f2b579-2785-402e-8b00-facd8d9ae369,2023-12-17,S-019,P-003,3,0
7e665089-e6f5-48be-9245-05cc55ed58cc,2023-12-17,S-045,P-006,3,2400
18a4138f-51f1-4085-a8aa-1c27086bfa5e,2023-12-17,S-037,P-002,1,0
cd888f70-e7e5-4977-8593-dd7ce6e2adae,2023-12-17,S-049,P-005,1,0
223319ac-a6b9-48f0-bd52-071057fa8328,2023-12-17,S-023,P-003,1,0
1b3c15fc-e1fa-4d50-8b44-971898b152a8,2023-12-17,S-017,P-002,1,0
3d1ee853-3555-436c-91ab-13f69f81c295,2023-12-17,S-033,P-007,3,0
d622a621-02ad-45df-b417-24b26f08156e,2023-12-17,S-015,P-001,4,0
fcec1887-b18f-4a19-baac-0adc273022be,2023-12-17,S-015,P-001,1,0
2a6e7c73-02fe-4c09-b881-816af9483e6d,2023-12-17,S-030,P-001,1,0
5a7ca2e0-993e-4d11-bd36-d851b38a2467,2023-12-17,S-044,P-002,1,0
56d2dd4d-6d95-47b0-95d7-40eb60232e29,2023-12-17,S-004,P-004,1,0
3d92b4db-2f39-4d3a-8d75-1debb0fb4805,2023-12-17,S-029,P-004,3,0
b3ffbe80-7ce0-4115-b85c-2c9ceb844604,2023-12-17,S-027,P-006,4,3200
4c97e76e-2ffe-4fda-9e11-82a631c96501,2023-12-17,S-002,P-006,1,0
392a8efc-d1cd-484e-a663-988f2e7a57fd,2023-12-17,S-020,P-007,5,0
ebca115a-5680-4564-a880-53687112e753,2023-12-17,S-034,P-006,1,0
6ad373ce-ffea-4cc5-a708-4a7c7cd6928d,2023-12-17,S-031,P-005,2,2100
f3741312-9a91-4cc5-adf1-9c59f38702df,2023-12-17,S-010,P-002,5,0
126e1988-4c66-4cae-8242-678797af9ffd,2023-12-17,S-022,P-001,2,0
b4cbdc4c-3cd7-4553-ac88-4b7f7efb0daa,2023-12-17,S-050,P-003,5,0
0abcddf1-b95a-4599-82ba-c85afa70ef8f,2023-12-17,S-010,P-007,1,0
b1f43946-d7b1-4265-b41c-35f74592e4a7,2023-12-17,S-043,P-002,24,22800
02dee1db-f200-4641-a1f4-3f52c938626b,2023-12-17,S-006,P-005,1,1050
e17fa715-48c1-49c6-9317-8ee4d3d36048,2023-12-17,S-037,P-003,1,2200
31ad260e-bc1b-4b95-aa38-134721ba74fe,2023-12-17,S-026,P-007,1,0
73223e35-e40c-4918-b812-650f0b7ed9e4,2023-12-17,S-036,P-007,3,0
0665ee23-a121-4e46-9128-33e2c49adb59,2023-12-17,S-015,P-001,2,1400
262f8a06-4dbd-4ebb-a99e-6c0c5c0f3f4c,2023-12-17,S-016,P-001,5,3500
b953af93-005e-43dd-858f-040ae9e86c7d,2023-12-17,S-037,P-001,2,0
24404c3a-a7a5-45dc-b34c-cf426f032f91,2023-12-17,S-008,P-006,1,0
3ea81a71-7914-446f-a304-541c01e2e4e4,2023-12-17,S-023,P-006,5,4000
93a9c07a-8697-4e37-b35a-f6ae6d7483a0,2023-12-17,S-013,P-001,1,700
8ec2fd57-8941-4da1-8e6d-5927abf5bff7,2023-12-17,S-038,P-001,10,0
1f544c92-1c79-4156-a2b6-806295cc58d3,2023-12-17,S-006,P-005,3,0
a4561573-55b0-4713-948a-5984987bb264,2023-12-17,S-004,P-003,1,0
15b3051f-3ff4-4e31-ba83-a5442a26794c,2023-12-17,S-050,P-001,1,0
4dbaa0bb-72c7-43e9-9bcb-f4303fe14cf9,2023-12-17,S-039,P-005,4,0
e7b786ad-abff-4bc9-aaad-31680d54e593,2023-12-17,S-005,P-001,1,700
bc49615d-1113-4359-b16b-0ba223b0c8d9,2023-12-17,S-013,P-003,3,0
8566cc25-42f2-4422-9fa4-68a0eecb7ca7,2023-12-17,S-032,P-001,1,0
47aaed5f-2ed3-4a27-9cf1-e55cad9b5958,2023-12-17,S-009,P-001,5,0
8bbc05ba-0fa6-46de-8ced-1f61306ad933,2023-12-17,S-042,P-001,1,0
e335d7e7-ab9c-4457-a2da-be534da3f1ac,2023-12-17,S-014,P-004,1,0
195c7d31-da07-4613-b3b9-47b7dd1fa395,2023-12-17,S-038,P-007,1,0
d96fee1f-a4c8-49a5-a101-facea8938e88,2023-12-17,S-027,P-006,1,800
a0f70f49-e99f-4f1d-8929-c5b0a5b44d82,2023-12-17,S-014,P-003,1,0
0a769522-881a-41c0-8b86-63b5dd5e3de7,2023-12-17,S-030,P-003,1,0
188aedbe-82d6-432f-a6df-d2f815090383,2023-12-17,S-006,P-007,1,0
f9f7ef14-748c-4ac5-a3c4-b30a7f1c893d,2023-12-17,S-018,P-001,10,0
55f6f3ac-6e4a-43c8-9523-a661cdbfaf5c,2023-12-17,S-024,P-003,1,0
6aa6e6ac-a708-4f3a-bb31-502e66a9e1bc,2023-12-17,S-025,P-001,1,700
c3710534-20d2-4c31-befd-ac39b7d6b4c3,2023-12-17,S-011,P-002,3,2850
34e5e8f9-2461-45ae-805b-c705ec5a21b1,2023-12-17,S-005,P-006,1,0
952fc154-7a88-4155-bbe0-0b31dd6d86fc,2023-12-17,S-030,P-004,10,0
324817c4-65f9-4b8a-9096-c02f219ca710,2023-12-17,S-045,P-002,1,0
15b3e632-eff3-4135-a1ca-6ed5d0ed1fac,2023-12-17,S-007,P-007,3,0
944ebddc-4a39-4ca6-8323-46ead6cd149f,2023-12-17,S-002,P-007,1,0
5d08327f-b68a-4a71-b262-dbf811305759,2023-12-17,S-003,P-007,2,0
50494769-9988-43cb-a109-3b7cf47ca998,2023-12-17,S-028,P-006,1,0
1a9e7b06-834f-4a20-91bf-7b2c781cf9ac,2023-12-17,S-005,P-001,2,1400
165fab34-65d6-45e9-bd33-8dc3acdec62a,2023-12-17,S-009,P-003,2,0
1c76ba72-b17b-4cd7-a44e-5f8444dae8d9,2023-12-17,S-021,P-002,5,0
5979d845-1a06-4701-80cc-6166d90957c3,2023-12-17,S-010,P-002,3,0
0e8c3def-a89e-47c3-a2d7-f73f612c1166,2023-12-17,S-022,P-002,1,0
3a3053ee-9b08-4f92-8b35-ca8022e3abf4,2023-12-17,S-039,P-006,1,0
d7ae14c3-8b0c-472d-8d41-cc1133eff0b9,2023-12-17,S-028,P-005,1,1050
ef5ae721-c353-4ea8-9f9f-08aa0f9c96f3,2023-12-18,S-044,P-007,1,0
bd3e41c2-6f08-4a75-a83d-1116572f3653,2023-12-18,S-009,P-005,4,0
ea504a94-c2bf-4064-9bc4-f2d7703ab694,2023-12-18,S-017,P-007,1,0
c32fb327-2cb5-4148-8feb-7dd093d0a1b7,2023-12-18,S-035,P-006,2,0
c73ee2af-a4cb-4a67-a02c-56c2c83fc07f,2023-12-18,S-048,P-001,1,0
49aab083-d232-44c7-b0da-5a1f8298ac97,2023-12-18,S-038,P-002,1,0
002c933f-0c90-4c2b-8570-7868a7c8a9b6,2023-12-18,S-021,P-006,2,0
bd439ba6-586f-4ffc-97f8-cad00eb30355,2023-12-18,S-026,P-001,2,0
36496e5d-fed6-4d2f-857a-5caf84cecb9e,2023-12-18,S-024,P-002,3,2850
3244d3cf-bab8-4f46-8199-2e9cd5b71e80,2023-12-18,S-025,P-001,2,1400
39c8dc3a-15e6-42d7-959e-d6090ea387d7,2023-12-18,S-014,P-007,2,0
0db154e5-95d0-44ee-8b3b-3d6f87fc9cf8,2023-12-18,S-046,P-003,1,0
aec10afd-d6ab-4f8a-93c4-4974d4f72ff7,2023-12-18,S-011,P-002,1,0
346da605-fdde-41ff-b555-f72dff44ec3d,2023-12-18,S-036,P-006,1,0
f7bdefca-5289-468a-9f70-61257e15369a,2023-12-18,S-021,P-001,2,1400
abc60467-3fe6-41db-b065-51ce3512617c,2023-12-18,S-022,P-004,1,1050
572dba69-2303-40e3-bc15-3f9e595d3321,2023-12-18,S-003,P-004,1,0
71c7d2c3-ff4c-49f9-b301-9aff4ddc156f,2023-12-18,S-023,P-001,1,0
ce0e0c09-b87a-49b5-af0e-3ee33699c589,2023-12-18,S-014,P-006,1,800
63f726b9-7c89-4d20-8dd3-8d9a700676ba,2023-12-18,S-020,P-002,1,0
0a23c111-63af-4542-a9a5-8a056326e0cd,2023-12-18,S-027,P-006,1,0
0b8c7c60-e8ef-4de3-bbab-c5cc7211ee22,2023-12-18,S-025,P-003,1,0
6dfc5099-299e-4710-a78e-667c74943b59,2023-12-18,S-018,P-001,4,0
5677683c-b878-4f2d-bc42-13cd04be6b58,2023-12-18,S-023,P-003,2,0
3ca99448-1555-45ff-add9-9ffc7722797d,2023-12-18,S-038,P-002,1,0
306aef93-ed1f-4ee6-a31a-d03971703cf5,2023-12-18,S-038,P-007,24,0
e5d787c2-af77-4376-8587-19abde024aad,2023-12-18,S-040,P-001,1,0
6f4cf012-e820-4b6d-9175-f88797865d22,2023-12-18,S-045,P-007,2,1800
ddd60bfe-2305-485f-b09a-31ee7b7683c4,2023-12-18,S-023,P-003,1,2200
eeb3c80d-53de-44e7-9f24-b0b0b9c35b5b,2023-12-18,S-039,P-005,2,0
d78c3a41-a248-4825-a7c8-848f9e349983,2023-12-18,S-041,P-002,3,0
bfd315b3-894d-4310-86e2-544fd31c339b,2023-12-18,S-036,P-007,2,0
48fef1bb-1273-45d8-a19e-ad9b5d810b3f,2023-12-18,S-047,P-002,1,0
f30bdce0-9280-45fd-afc9-c7a75266aafb,2023-12-18,S-031,P-005,3,0
4dae7315-7496-48c0-bca4-91b9355a6662,2023-12-18,S-020,P-002,2,0
c84c64f8-b9ba-476d-b623-728da900f2a3,2023-12-18,S-020,P-004,1,0
68bc8cc8-b0b3-4230-8a91-917087a7ee03,2023-12-18,S-021,P-003,1,0
324e76e6-9de5-4961-ab88-d241fa1b6e6d,2023-12-18,S-006,P-001,3,0
1e22204e-9576-4409-8f0b-e3e97ceb9f6b,2023-12-18,S-013,P-003,1,0
1e38afce-72b4-4c07-a218-bbd5bee06d50,2023-12-18,S-014,P-004,4,0
bb29e318-bb0d-4b11-8fe2-4b67d21434cf,2023-12-18,S-019,P-005,2,0
898e3645-7479-45eb-90e3-9e05e4043eee,2023-12-18,S-031,P-007,10,0
433443e5-6e8e-480b-8398-0b65cc969e42,2023-12-18,S-039,P-004,1,0
b5644846-c1f0-41ce-bb3a-27c4afa3511e,2023-12-18,S-019,P-001,1,700
3a595b14-cecd-4698-b3e2-2e16bd05fe2f,2023-12-18,S-024,P-006,3,0
72787162-8286-4fe9-a743-422d742b23ef,2023-12-18,S-023,P-006,1,0
4809b461-9e8f-4c71-8148-0c71aea382a9,2023-12-18,S-004,P-006,5,0
69d73558-32e3-4add-99d7-c29b5dc06f9a,2023-12-18,S-007,P-002,10,0
e5487fec-3e98-4728-a56e-2e7cbeeb71a8,2023-12-18,S-026,P-005,4,4200
a2d90a95-4695-4a16-8fb8-8e8a20fb83e6,2023-12-18,S-034,P-007,1,0
a429bebf-162f-49fd-ac7f-7f953f4028d5,2023-12-18,S-039,P-003,1,0
083e0e92-1013-442b-8cac-0be2cb1088c4,2023-12-18,S-013,P-005,1,1050
b2839ca7-077f-4f69-96a5-6a21fbdd0c3a,2023-12-18,S-030,P-007,1,0
ea626658-b619-4ec6-8cda-be81f7d8a294,2023-12-18,S-036,P-003,2,0
8c02b40b-53a7-417c-9193-84b12722578f,2023-12-18,S-041,P-006,4,0
c541a3d2-3c90-4f24-8419-051885322c99,2023-12-18,S-021,P-002,5,0
b15226dd-a8ba-4145-9e1e-92139624ad26,2023-12-18,S-024,P-003,3,0
28faa363-c6fe-448e-bf1c-c6030ded625e,2023-12-18,S-001,P-004,1,0
9b12e252-c771-47ea-8d27-8034d0f1af86,2023-12-18,S-036,P-002,1,0
f19f6a33-4ef6-4fe1-9ff8-34aeba19adbd,2023-12-18,S-035,P-001,1,0
89f9c7d6-947c-4e74-a864-be01b9d91fc2,2023-12-18,S-027,P-007,2,0
864a8c6c-ae7f-4f26-8845-f4c4562f5267,2023-12-18,S-014,P-001,2,0
fce0d39f-2e76-4d06-b4c8-1e132da36047,2023-12-18,S-019,P-007,1,0
6fc59f0b-6319-4ee0-ac15-df1c2fff8ef6,2023-12-18,S-023,P-004,1,0
fab7ca5a-3a18-4699-80b4-160f372c1a59,2023-12-18,S-048,P-005,2,2100
4a93f7a2-08bd-4cb4-80c9-e16d680a8e29,2023-12-18,S-046,P-003,1,0
b2fcf7e4-d872-45d1-98a3-799dbf6bc870,2023-12-18,S-036,P-007,2,0
2ad1a09d-8a6d-458c-8d44-83d81d40a4f9,2023-12-18,S-024,P-003,1,0
7cc1254f-527f-4a4a-b100-ebd7cc2cba25,2023-12-18,S-013,P-004,1,0
17e9a3b6-f5d6-4714-979a-f93ee52bbf46,2023-12-18,S-031,P-002,1,950
733e049d-4e81-43da-9bdb-1fddbaddac4f,2023-12-18,S-032,P-001,2,0
28a10d7d-3ad1-4367-a457-0eff59bf5d51,2023-12-18,S-033,P-003,1,2200
ff3a483f-1aa3-44d6-b4bb-4f98e591f174,2023-12-18,S-024,P-004,2,0
5df09bb8-532a-4bae-b187-3e6fb1633eb8,2023-12-18,S-028,P-005,2,0
159a8376-55c5-4aa7-a5d0-a48f55cbfd52,2023-12-18,S-046,P-001,1,700
6df68617-7ecd-4bd1-a68b-f91879b3894b,2023-12-18,S-049,P-006,3,0
04793747-fcbe-4e48-b87b-29cd7ffadda4,2023-12-18,S-017,P-003,1,0
f597bcd6-8d5d-45d7-a0a4-1e457622eb26,2023-12-18,S-019,P-005,2,0
ff0399c5-8182-4b5b-89bc-2d3addf33d1e,2023-12-18,S-047,P-002,3,0
f40809f5-e0ed-4aa3-8bc8-7956829e60cb,2023-12-18,S-017,P-002,4,0
7d4c2f1f-38fc-4c3d-8475-0272c063a7c9,2023-12-18,S-002,P-007,2,0
265523ba-2f79-4438-bf46-f26afb26507c,2023-12-18,S-034,P-006,4,0
ac6ee5b9-1916-4be6-a9d2-32a75294f65e,2023-12-18,S-003,P-002,1,0
a3c3ea06-9c20-41a2-b5ce-80bd80001038,2023-12-18,S-040,P-004,1,0
4967b9ca-156c-481a-9525-60fb7c2f9fdc,2023-12-18,S-048,P-005,1,0
1bb5b34c-84ed-4df6-9c9f-787978e304de,2023-12-18,S-035,P-003,4,8800
2e11b51a-ed48-464c-9938-45b3b60f46e9,2023-12-18,S-044,P-005,1,0
d02a6c22-bae4-4338-b971-3a305702ddc1,2023-12-18,S-018,P-003,1,2200
84a1569e-a327-4fbd-83b8-57a1b58918c1,2023-12-18,S-001,P-004,2,0
a3ca8c36-dea5-45cb-b3c7-d678db264016,2023-12-18,S-013,P-006,1,800
f49e68ab-6475-43ed-9913-5f353bb1fb42,2023-12-18,S-019,P-006,1,0
1774d280-70a9-42f0-b2d1-0f96de575653,2023-12-18,S-034,P-002,1,0
55b854fe-6703-4826-9a88-60d90f3d3c6c,2023-12-18,S-034,P-005,1,0
09bcf2ee-47d9-45bf-88a8-9b94e2964025,2023-12-18,S-006,P-007,1,0
6eba078e-1e46-4bac-8c4d-76ef3fb4f886,2023-12-18,S-025,P-004,2,0
e76fe2a6-0559-49a5-927c-63ef9eadda78,2023-12-18,S-020,P-003,2,0
3b867669-bd0c-412f-90b2-f4f7f9877300,2023-12-18,S-027,P-002,1,0
7de0ee04-c4e7-490d-8eca-9a09cffb8da6,2023-12-18,S-001,P-002,2,0
fa64a4e7-5a9e-437d-9822-184d05a45bd1,2023-12-18,S-039,P-007,1,0
a0d32153-a754-4a85-9fcd-47f70f8a4452,2023-12-18,S-045,P-007,4,0
b442cfed-06a9-4a06-ba4d-43c250253408,2023-12-18,S-017,P-001,3,0
a6ebd473-5144-4e25-a784-472d8f63d096,2023-12-18,S-017,P-002,1,950
51134a33-7bdf-4905-a444-681874b61d7e,2023-12-18,S-017,P-004,3,0
7a2011d7-1724-4084-8cc6-e7d76cb25431,2023-12-18,S-027,P-007,1,900
bb418afb-341f-418b-92d6-56d6d62b31b3,2023-12-18,S-029,P-005,2,2100
c01c3df7-47d8-49f0-b62c-f33dc5c3b737,2023-12-18,S-029,P-005,4,4200
84f6ba77-b16f-4978-9d6b-45fb498cc3cb,2023-12-18,S-025,P-002,1,950
67d353b2-d409-4650-81de-7d44e2768482,2023-12-18,S-042,P-004,24,0
9c1b06a8-b5df-4393-b9ef-7a27ee9cf5bc,2023-12-18,S-027,P-003,4,0
6db68096-0de5-4e2a-94bc-935b8b5c962c,2023-12-18,S-046,P-003,3,0
0bd8a9aa-d057-4b2d-9830-106e88246749,2023-12-18,S-014,P-003,3,0
276f8ceb-cabb-46fe-ad7b-6dfb0138b1e8,2023-12-18,S-018,P-004,4,0
b33b30cb-3b54-4467-8279-3d5303db7943,2023-12-18,S-011,P-003,5,0
c8d6ed17-bd7d-4107-b67f-49bde96dfc9e,2023-12-18,S-035,P-004,2,0
343cfa63-2ddc-4bca-9ffb-ccfa45753245,2023-12-18,S-007,P-006,1,0
900810f9-5be2-45c3-9fc0-9d03f172ba98,2023-12-18,S-027,P-003,1,0
c4119aa1-d3bd-4359-843f-4304671ccb42,2023-12-18,S-019,P-005,1,0
5859123a-bf0b-4a31-a6a9-f29c3e53a66f,2023-12-18,S-020,P-006,2,0
64e94336-b0e0-4b80-bc70-37d56798f638,2023-12-18,S-025,P-002,4,0
f8a9cd0a-945a-471f-bd81-c66aa77f61c5,2023-12-18,S-016,P-003,1,0
cd39cbef-0665-46ee-977c-1055470025c6,2023-12-18,S-015,P-005,1,0
9ae712ba-8448-4282-8c20-64168e76413b,2023-12-18,S-001,P-002,1,0
370dea88-5124-4441-bde0-a895e56dd77b,2023-12-18,S-004,P-007,4,3600
a7f32351-be0b-4902-8fba-35f8b7513edb,2023-12-18,S-027,P-004,1,0
a46653ec-db5c-446e-ae8f-3c69e853e01f,2023-12-18,S-046,P-004,1,0
a2fda488-5d61-47be-be2e-05f2d351c60e,2023-12-18,S-033,P-002,2,0
485255d8-7299-4b11-96dc-365e01b1aef7,2023-12-18,S-033,P-007,2,0
2463009c-3b18-47db-9371-f74142c02dfc,2023-12-18,S-050,P-006,1,0
07c7fb22-4bd2-4d71-aeb2-984ea5d30b0b,2023-12-18,S-044,P-006,2,0
98720c32-fa32-4b39-8210-f4b6e931d1d7,2023-12-18,S-035,P-007,1,0
3bbfaf8e-3b54-4304-9837-4ec532bbde71,2023-12-18,S-013,P-004,2,0
f84b8a55-957f-4dd9-99ec-391b7425c3d1,2023-12-18,S-021,P-006,5,0
eae91a3d-81f9-4a6c-ae46-25b9ca528366,2023-12-18,S-026,P-004,2,0
35670467-a9ef-4663-84b1-44cf0c865eb8,2023-12-18,S-010,P-003,2,0
d602e4db-d4d4-4265-9ddf-5da0c644d8b3,2023-12-18,S-019,P-002,1,0
85413a8a-6d55-417e-ab0e-3676b1118c78,2023-12-18,S-050,P-003,1,0
93a4d102-490d-4cf1-adf3-d84c9ab24ad4,2023-12-18,S-011,P-007,5,0
b3624258-dc74-4459-9741-dc966f17a21c,2023-12-18,S-033,P-007,2,1800
46117990-e0b7-4878-8960-84653c51793b,2023-12-18,S-022,P-001,4,0
604d68c3-1725-46b7-8743-a143f2f7fbec,2023-12-18,S-016,P-007,1,0
b4f8dd31-af25-46b6-94d8-f8457f3c6344,2023-12-18,S-050,P-005,1,0
78d449e2-c46f-4353-9f1f-b4b5c3637247,2023-12-18,S-038,P-002,1,0
19507673-264e-4f4d-9729-61613cdfcdad,2023-12-18,S-005,P-001,4,2800
7ce4a4ea-e7fc-40ba-b2d1-4c27405e2822,2023-12-18,S-027,P-005,1,0
2db8e150-71b2-40ef-9c38-9633b2ec155e,2023-12-18,S-045,P-006,3,0
1a11aef2-07d7-463f-97a3-e5c491bb926b,2023-12-18,S-026,P-006,1,0
851ef558-02cd-44a2-a1ca-e4bf5170339f,2023-12-18,S-024,P-005,1,0
47e57624-50ed-447b-be0a-5323d5f2bfb6,2023-12-18,S-007,P-005,4,0
b2354cc6-b251-46a6-a599-3c4e709e3d30,2023-12-18,S-003,P-004,2,0
0fc41b8f-954a-44b9-afcf-438d077d3ede,2023-12-18,S-037,P-002,1,0
9cfc8b3f-acab-423e-91f7-dc3ad1faa952,2023-12-18,S-013,P-001,3,0
c881f626-fca3-414b-a24e-087583462ee5,2023-12-18,S-044,P-005,2,0
f29fe219-7c3a-43ec-874c-54fc8946c590,2023-12-18,S-032,P-005,1,0
bedb728c-f927-4868-a218-41cf6e2e5854,2023-12-18,S-045,P-005,1,0
09bb05f6-3573-4117-af7d-449aeca5d11b,2023-12-18,S-033,P-002,1,950
6a6a7adc-4b75-4e5d-9970-3595eaae558c,2023-12-18,S-003,P-005,1,0
b385830d-1951-479b-85eb-3c587941b7bd,2023-12-18,S-026,P-005,1,0
4a0c4dc3-078b-493f-ad68-e646fcdadc65,2023-12-18,S-038,P-004,1,1050
afc14808-dce6-4aa9-8f2b-cf2148d33ee9,2023-12-18,S-015,P-005,1,1050
64e522c1-341e-4c95-b0d3-49cac0c40d26,2023-12-18,S-029,P-003,1,0
a355a639-f7cc-4e8e-968e-1474625c2213,2023-12-18,S-043,P-002,1,0
15d2ea76-8e0b-4b36-beca-4712eba78859,2023-12-18,S-028,P-005,1,0
17a34726-44de-405e-8f64-462d2f7670f1,2023-12-18,S-027,P-003,2,0
597c035a-0547-49c0-a1b9-86aa1b799bef,2023-12-18,S-010,P-006,2,0
fbafe68b-8ef4-416f-af81-c038396be1c6,2023-12-18,S-049,P-003,4,0
6a4f2c03-d045-47e0-91cc-a6911bfa2559,2023-12-18,S-045,P-006,4,3200
d490c86e-2188-41de-b6b2-4eff35d258ca,2023-12-18,S-034,P-006,4,0
911c2460-c85e-4035-82d4-a473f5ff3f88,2023-12-18,S-023,P-004,4,0
c791beb9-62ae-4960-acf6-d8925638fc57,2023-12-18,S-043,P-006,3,2400
b451da83-8eca-47cc-bf34-8a2cc3a727a6,2023-12-19,S-019,P-003,1,0
212b1aea-d294-4c21-b3cb-b13d6e498644,2023-12-19,S-022,P-005,4,0
459fbfe6-476c-4745-8284-bde0cec4bd6b,2023-12-19,S-026,P-002,1,950
9f63c48e-0a0d-4d0f-88d0-556ab95cb4f3,2023-12-19,S-046,P-006,4,3200
bb7c0dac-990c-4afb-bdc6-742fcd9490fa,2023-12-19,S-036,P-006,1,0
0daacb1d-64f7-4f73-a4e5-7fff84295318,2023-12-19,S-049,P-005,1,1050
17cd9be3-255a-480a-96cd-9f7a1a30f6e3,2023-12-19,S-029,P-002,24,22800
94add4ce-f7eb-472c-8a30-d5546adbb916,2023-12-19,S-046,P-004,3,0
a6d02533-1d54-44cf-af66-3cf056ffc21a,2023-12-19,S-007,P-004,3,0
e21f3e48-dc11-44da-bc1c-03c724844d0f,2023-12-19,S-043,P-002,4,0
df60de6b-d79f-445a-a134-8417ca07cfd5,2023-12-19,S-049,P-003,2,0
be844494-6dc8-407b-8161-0d6882b460f2,2023-12-19,S-001,P-005,1,0
7b12caf5-adb8-403f-ab13-a0f1a5683ada,2023-12-19,S-007,P-005,1,0
85dfb620-c795-41e6-b988-ca550ebd8e56,2023-12-19,S-013,P-001,2,0
eb94a228-6a31-4a00-a386-60cd7e4ff92a,2023-12-19,S-020,P-002,3,0
9e3cc830-e9c8-4f64-90ba-bdc438ac3f74,2023-12-19,S-037,P-005,3,0
fb96d8b0-f5eb-4e0a-84e7-12000e41b854,2023-12-19,S-033,P-003,1,0
9008437c-a6d1-452f-a8d7-f220cf50da5d,2023-12-19,S-027,P-006,10,0
9806d2b9-2271-43b6-b010-124d4f86a04e,2023-12-19,S-033,P-002,1,0
073850de-8204-42c1-9822-e26df0e45a69,2023-12-19,S-016,P-007,1,900
64326505-29f7-4c6e-af65-66a12d77f6e6,2023-12-19,S-030,P-001,3,0
a405cae3-a2c8-4ba0-9c27-98a238b9939c,2023-12-19,S-042,P-003,1,0
13108493-ad9f-41c7-aa50-0c35b2e05a9c,2023-12-19,S-003,P-004,2,0
ab80c17e-1257-4822-b575-cd7cb3383251,2023-12-19,S-045,P-005,10,10500
53bd14b5-4cac-4ab0-a89d-37c5bbf7c223,2023-12-19,S-046,P-007,3,2700
174dac6c-ec32-4e95-a8ad-9461d170ecde,2023-12-19,S-039,P-006,1,0
442f77b3-b93b-4a45-8390-549ae42438ae,2023-12-19,S-007,P-005,2,2100
cf2fea67-4b20-4cf1-ad95-98d4aa7a26c0,2023-12-19,S-019,P-002,1,0
b7968f40-726d-490f-b75f-4e28da053fd6,2023-12-19,S-007,P-007,1,900
a59181aa-4efe-4040-9830-e6de0e4c5d12,2023-12-19,S-048,P-007,1,900
93b82765-52f1-4c5a-a5a7-aacc53a98254,2023-12-19,S-017,P-005,1,0
89aee775-8608-4ba8-914a-ae04cecaeda9,2023-12-19,S-050,P-003,24,0
82ccd9fe-d5eb-4d7b-b8be-30d4039a6830,2023-12-19,S-047,P-001,1,700
b671374a-c8e1-44be-a8da-02baebb74ca8,2023-12-19,S-045,P-006,4,0
44854053-6557-46b8-88a1-cb760adb79bd,2023-12-19,S-045,P-001,24,0
e65303dd-7913-43c1-8715-4f2dc3249130,2023-12-19,S-033,P-001,2,0
55f51539-4298-441f-8acb-aa889fed406d,2023-12-19,S-043,P-004,1,0
270eb4c5-d3a2-4d0f-899c-e9056ca0463f,2023-12-19,S-019,P-002,10,0
eaf11f20-b756-4f08-a856-9461394c63be,2023-12-19,S-045,P-004,1,0
6324b64e-bb03-4d31-bfb6-97ec354cc5af,2023-12-19,S-037,P-006,1,0
6ad737c2-9fbd-42a7-a77a-7e0c9eeff0ad,2023-12-19,S-049,P-003,1,0
629cb4e5-5758-4172-b3b2-394818139b38,2023-12-19,S-015,P-007,1,0
9f0cf117-d76e-4b93-acd2-076ac6dc70e8,2023-12-19,S-049,P-006,4,0
6c338dc2-21a7-409a-b54a-ef1f123a858f,2023-12-19,S-031,P-002,1,950
3b1e21ac-845a-4829-b4a9-2505287156d3,2023-12-19,S-010,P-006,2,0
e1fb74e1-b730-4b28-9534-68999b835358,2023-12-19,S-007,P-003,2,0
7de02bdc-3baf-4b75-80e4-b5962b1212fb,2023-12-19,S-011,P-003,1,0
8ed77f55-abcd-448d-a7f9-e8fbcee526ce,2023-12-19,S-046,P-004,4,0
bff02735-07f1-4c75-99e1-2f7169f1c81c,2023-12-19,S-043,P-005,1,0
d8823ca3-e62c-4036-8c37-5923cbc9e5eb,2023-12-19,S-035,P-001,2,0
cff978c1-fd55-480b-998f-b19930c82089,2023-12-19,S-038,P-005,4,4200
e7462534-6ddf-4f58-bb22-f264c08b36d2,2023-12-19,S-042,P-007,4,0
97617884-2ea8-4614-a50a-9bc97dd05723,2023-12-19,S-017,P-002,1,0
9c563608-0373-4d5b-8eeb-41d6722a96e1,2023-12-19,S-037,P-002,1,0
6f02225b-3dfb-4405-b1c0-cb99b4f75822,2023-12-19,S-013,P-003,4,8800
e63ed133-7804-4bfc-bbb2-b5313aa14491,2023-12-19,S-041,P-006,1,800
5166c3ae-0e74-4ac5-8ffe-0acdebde3aec,2023-12-19,S-005,P-003,1,0
4a216f02-389a-45de-86c6-b76309330564,2023-12-19,S-044,P-003,2,0
a5198a3d-a046-4021-a8d0-6d0a6f9ac239,2023-12-19,S-031,P-003,1,0
c8882804-e920-4b8c-a44b-62910244ca49,2023-12-19,S-033,P-005,2,0
ba28ebe3-a1ec-4198-879f-3b019fd5bf22,2023-12-19,S-027,P-007,2,0
89f95cd3-7ae5-4aad-b536-0f919e5d0210,2023-12-19,S-028,P-005,2,0
2c5af65a-041b-4e08-bcc7-ca0f430f28ee,2023-12-19,S-003,P-006,1,0
10fede5f-2fa0-4cdf-8069-ac02ea55a408,2023-12-19,S-009,P-003,4,0
db007a6e-6326-4de6-a122-7de71d39b709,2023-12-19,S-005,P-002,2,0
06f4dd6a-2cb7-43d8-b54e-41b1d95c4b5e,2023-12-19,S-025,P-006,3,0
18d762b6-13e7-453d-a446-cbf473eecb18,2023-12-19,S-035,P-005,1,0
f667b301-5d1d-435b-89ab-3dbf382c50c9,2023-12-19,S-022,P-007,1,0
41e969e6-3ede-4a6e-86c0-f62e01ed90b1,2023-12-19,S-017,P-007,3,0
6e8ea4bf-e253-4b98-9cae-296afc3f25b2,2023-12-19,S-010,P-003,2,4400
bae1c1a4-b81b-4008-b75e-598b3a2dfbcb,2023-12-19,S-029,P-002,1,0
7e15925e-6d95-478f-b7eb-2318a16fc42d,2023-12-19,S-006,P-004,1,0
af98fd1a-6116-46f1-a510-3e38c48c240f,2023-12-19,S-035,P-001,4,0
cfa5d2e9-e110-48be-a4f0-1ce0a52fb22a,2023-12-19,S-039,P-001,10,0
2309f1c8-cef7-4d02-bcd0-784fcf78a5c1,2023-12-19,S-048,P-001,4,0
6fc1033e-31b2-4d9e-9fd1-1f6325531d6d,2023-12-19,S-043,P-006,1,0
f9041534-4027-484d-a430-f6a41c64aad4,2023-12-19,S-046,P-001,1,0
f313414c-c084-4065-a51f-63913c3966dc,2023-12-19,S-030,P-006,24,19200
f1c4ca30-2ad7-452f-854c-95b50b07e31a,2023-12-19,S-027,P-003,1,0
1338b57d-365b-4c99-bac3-c0f29377df2b,2023-12-19,S-050,P-001,1,0
eaef5660-ff97-4395-add3-2207d2961a5e,2023-12-19,S-034,P-002,1,0
1281b234-b7a9-45ae-bf19-23324651fadc,2023-12-19,S-026,P-002,1,0
c2c29969-103a-443e-8b6b-c650920cc284,2023-12-19,S-042,P-005,2,2100
d887a8c2-967b-4e0a-9802-0a37395b7ed2,2023-12-19,S-006,P-006,1,0
5622be91-293d-423e-b3f5-feae1a1faef6,2023-12-19,S-042,P-006,4,0
81040b6c-90da-48df-97e7-fb087174d00c,2023-12-19,S-021,P-004,1,0
125eb6dd-156e-4d2b-98ed-b5afb7ac5c21,2023-12-19,S-044,P-006,10,0
41c7fcfe-be74-40ad-93df-098f5ae6bb92,2023-12-19,S-019,P-007,2,0
4a66fe92-69d1-4135-8f2e-32286b4317a1,2023-12-19,S-008,P-006,1,0
9ab97342-8e82-4a36-90ce-167c7bad536b,2023-12-19,S-022,P-007,1,0
3c5b6072-68d3-4521-a0ed-9dbf2683e2bf,2023-12-19,S-038,P-007,4,0
2ec8d33f-2f81-4576-a730-158b4aa021c4,2023-12-19,S-044,P-004,1,0
58a518c6-e234-4fa7-91af-d385a874e0a1,2023-12-19,S-027,P-005,1,0
b888ae00-b5bd-4159-a890-069ebac96823,2023-12-19,S-004,P-001,1,700
9fc583a8-1dde-4141-b694-b35eecde0c18,2023-12-19,S-024,P-006,2,1600
ef606703-36b3-4e14-9335-81d69249f846,2023-12-19,S-013,P-005,4,0
9593526b-0de5-4fe6-a491-cf79b0d59de8,2023-12-19,S-006,P-007,5,0
8f699a40-6c81-4fe7-921f-339d9e3d835a,2023-12-19,S-024,P-001,1,0
9ed80036-b48e-4f20-af77-28ad7902eab9,2023-12-19,S-030,P-004,1,0
cf0ca102-0215-4349-8570-175f5a7c6c00,2023-12-19,S-033,P-002,1,950
ce519a95-547a-4407-b8fd-a7d0e08ce416,2023-12-19,S-014,P-004,3,3150
e06890bb-b232-4a50-9695-ecb0ce68f48b,2023-12-19,S-049,P-004,1,0
02d12f6f-4103-4da4-9abb-39dd6145a182,2023-12-19,S-038,P-002,1,0
aa868554-bde2-4af4-ae32-6d361e1ea75e,2023-12-19,S-039,P-001,4,2800
07421145-280e-42f6-a841-1118cf5f8f3a,2023-12-19,S-036,P-001,3,2100
c15c7149-3d13-4427-b2de-8f04aac0ec70,2023-12-19,S-033,P-006,1,0
d3a3a112-50fe-4d5e-9b57-3ddb7796842a,2023-12-19,S-017,P-007,1,0
421bbb89-7255-4bdc-aa57-6751f2196111,2023-12-19,S-017,P-007,1,900
984858d9-fb88-4f20-9e3c-8f9bd538cfbf,2023-12-19,S-031,P-006,1,0
a8ba6205-675b-49fc-92f8-e5faae276ea9,2023-12-19,S-020,P-007,1,900
c264df9a-d0bf-4d4d-aea1-8f5e990700d7,2023-12-19,S-011,P-005,2,0
b9ccd6e0-c8d1-432e-af10-8e3bbd340488,2023-12-19,S-004,P-003,1,0
d32d325d-c88d-4469-afc3-6a9fa815ce7c,2023-12-19,S-012,P-007,5,0
871ef2bc-4924-422b-944c-567216adaf78,2023-12-19,S-045,P-007,5,0
d66d21ce-0842-4f76-9556-a9265be4af7d,2023-12-19,S-034,P-003,1,0
8db0eee2-d1e2-4c8a-945e-a4313c6c8e4c,2023-12-19,S-033,P-006,3,2400
a85fe492-b8ae-4447-a5b7-fec072ec1000,2023-12-19,S-037,P-005,1,0
bde6de1a-f756-49e4-b352-b5b2a727cc07,2023-12-19,S-039,P-005,2,0
43d4916f-85a9-4ef2-9b1a-ef60240f6aa1,2023-12-19,S-031,P-003,1,0
404fa217-ce53-4a04-88d6-d675a7ac8ae3,2023-12-19,S-018,P-006,2,0
bbce507b-cf08-4001-bbda-87bd88e7bbf8,2023-12-19,S-014,P-007,1,0
427f1add-c117-4619-8a84-6e7f190b75ec,2023-12-19,S-005,P-001,1,0
6d7811da-7170-455c-9b94-1b4878e686f7,2023-12-19,S-014,P-006,1,0
6e981dd3-aaef-4a7b-bde0-94702db4dcd9,2023-12-19,S-024,P-002,4,0
cac81e3b-4b01-4415-b348-fa7d452d0f5c,2023-12-19,S-037,P-004,2,0
95d2e745-271f-4cec-a5c3-3ffbe3d7f511,2023-12-19,S-027,P-004,1,0
e05d08b6-9f4a-4233-96bf-1ec3287a6507,2023-12-19,S-017,P-004,2,0
05691bb0-1859-4b6c-bc80-b26eb8b34310,2023-12-19,S-015,P-001,4,0
f0318b19-caf7-496f-b6b5-a57de0f20005,2023-12-19,S-025,P-006,5,0
1301ea00-7437-4b8e-8702-0906ed4fe523,2023-12-19,S-009,P-006,1,0
d9df7865-230a-40f3-85d7-196c18f5a827,2023-12-19,S-019,P-003,1,0
b1e71a9a-e934-490b-8ea4-61e835c030b5,2023-12-19,S-033,P-003,1,0
86a62d3f-d1a4-4a8c-97db-0c5603138a2a,2023-12-19,S-023,P-001,1,0
95305590-b76b-4e2f-851a-5f9791dd504e,2023-12-19,S-011,P-002,1,0
88d336ac-b416-4835-b04b-9cd00133b26e,2023-12-19,S-045,P-001,1,0
4e42c89b-29d8-4ef0-a4a5-e2cb62eb4523,2023-12-19,S-034,P-004,5,0
68acdc2e-65aa-4296-a0cf-0e1d51656f22,2023-12-19,S-011,P-002,1,950
9254c2e4-9cfc-40a7-bab4-d033e200516f,2023-12-19,S-006,P-002,1,0
ff295cca-1072-475a-ba95-7f74a7a48bea,2023-12-19,S-014,P-004,1,0
9f2a1952-f5c2-452a-a7b4-a85891ed9d8f,2023-12-19,S-049,P-007,1,900
0e5803aa-c0a9-451f-a99a-ae3d6aa7eab8,2023-12-19,S-009,P-003,10,0
64ad653e-8b8c-402c-bb12-15b3f9f5ce33,2023-12-19,S-027,P-004,3,0
92e4c33e-296f-4bc3-9d38-febe61527d4f,2023-12-19,S-026,P-007,1,0
a0427688-4777-4cd8-a280-d7835116e7ac,2023-12-19,S-040,P-005,24,0
eaf0e2f4-1117-4433-9744-32c6f2969bc5,2023-12-19,S-035,P-004,1,0
fbfae7f9-9816-43ec-a7d8-c505f7ce17ed,2023-12-20,S-019,P-006,4,0
777cf8b5-8729-40e2-ade7-771c69b2c4b3,2023-12-20,S-046,P-002,1,950
b0af03f4-cabf-40be-a814-19e64d5cfe3e,2023-12-20,S-012,P-001,2,0
c93781ad-233c-4343-a5df-c4096b9b25db,2023-12-20,S-048,P-007,1,900
7f76f50f-86d0-43ae-9fca-04c25c5eb5a0,2023-12-20,S-008,P-005,1,0
3f40ec17-e011-4520-9465-a565fc036490,2023-12-20,S-014,P-002,1,0
8f47b308-0d3e-468a-9e4a-ff2f96a1a2fa,2023-12-20,S-023,P-004,2,0
b061e8d8-72f3-492a-9dda-f27408b9a52c,2023-12-20,S-049,P-004,2,0
80b35c70-432f-4aa9-ac2e-d10bcf577e43,2023-12-20,S-042,P-007,1,0
e84634c9-21ad-474a-b486-b23dbc53f293,2023-12-20,S-023,P-005,10,0
173e5426-3a8f-4bb2-9972-abec51dee657,2023-12-20,S-016,P-006,4,0
0c4cff8c-17fa-473d-b926-c8c6182391e3,2023-12-20,S-019,P-007,2,1800
3d372c47-000f-4f14-93fd-e7a6fdb756f9,2023-12-20,S-033,P-001,1,0
1aaa6455-6c77-430f-abe6-5403a7ca32e6,2023-12-20,S-028,P-001,1,700
0700e151-37ea-4d35-92f0-c0642184c39b,2023-12-20,S-007,P-007,1,0
7cc0449d-3446-4cbc-89c5-6b062f3e3420,2023-12-20,S-007,P-001,2,0
8b19db86-ec97-472b-8c9a-6054180c7b4f,2023-12-20,S-006,P-003,2,0
af90c9d8-24f2-4871-a1d3-ca9ec71a29ed,2023-12-20,S-017,P-001,1,0
a826691f-b862-4673-95ae-f56e07229977,2023-12-20,S-014,P-007,3,2700
063f08ee-44a5-4ec4-bf9c-e7f407ad9cb2,2023-12-20,S-008,P-005,1,0
30d5e87a-d388-4017-87a1-98febd5069ee,2023-12-20,S-030,P-005,1,0
aa12d31f-c1e8-4a28-a0da-a297122b3e2f,2023-12-20,S-012,P-004,3,0
e2902fb9-c952-40c1-a7b0-88b7baa2e0db,2023-12-20,S-020,P-002,3,0
9c3ebbee-10ec-4d01-9be1-4f1a6fd436d8,2023-12-20,S-025,P-003,3,6600
73fddb56-b692-401a-8d63-2da6688c6d6f,2023-12-20,S-021,P-001,1,700
d454688c-6eb5-4779-a5ce-ddfbd7fdc5a6,2023-12-20,S-035,P-006,4,0
1b2858b3-3859-403b-a78f-11c0579dc9f5,2023-12-20,S-038,P-006,1,0
caf6bfc2-7fe6-4ae1-be70-d0289a6d02d6,2023-12-20,S-017,P-007,1,0
ef8325f5-4afa-41d9-8c4e-b73d9087977e,2023-12-20,S-005,P-004,5,0
adfdb2b9-e2b2-424c-aec5-e097a18484ef,2023-12-20,S-046,P-005,1,0
d2f21957-4541-4e5e-bbe9-4ed4fad56dbf,2023-12-20,S-007,P-005,1,1050
30a99608-cfac-40f7-a036-ab8208588275,2023-12-20,S-040,P-005,1,0
5c5ec3ca-f6c4-443d-a603-2a38c522d582,2023-12-20,S-047,P-004,1,0
b2a6b134-acc6-4310-85b0-29a055522595,2023-12-20,S-022,P-001,4,2800
f5c809b9-dfd0-4842-ac60-d96f209c3f41,2023-12-20,S-027,P-003,1,0
74a3374b-c75e-48b6-aa6f-24a1cb058fb5,2023-12-20,S-035,P-003,1,0
e2d591dd-443c-4693-bfd3-029f51362c5d,2023-12-20,S-025,P-002,1,0
b8d098a0-5824-4250-b734-43191f375a22,2023-12-20,S-012,P-001,1,0
cef47ed1-e418-4c2e-8f3f-baade0701037,2023-12-20,S-036,P-002,1,0
cbebef30-0156-4ba0-b391-e9ddd75f73b4,2023-12-20,S-021,P-006,1,0
0901178a-5144-49b9-b0c1-5b734a0bcfee,2023-12-20,S-001,P-003,1,0
64756f7e-e7e9-431d-918d-f819060ac956,2023-12-20,S-028,P-002,10,0
211af91e-fb1c-4444-abca-d5c6f7186acf,2023-12-20,S-016,P-002,4,0
17baaf80-5c10-4f5b-b474-f2fabe8488b6,2023-12-20,S-003,P-002,4,3800
9019b2eb-df67-4bde-a828-01378513fdee,2023-12-20,S-044,P-003,4,0
a992982a-8fd8-4a7d-a7b3-7f58baad4cbc,2023-12-20,S-037,P-005,3,0
b3779202-c275-44ea-96f4-3fec62c926f5,2023-12-20,S-029,P-001,4,0
50bcf3fc-05cc-423c-905f-1edf72b99bb5,2023-12-20,S-023,P-003,1,0
dde7d339-d422-475c-a8a9-c2c08223aae1,2023-12-20,S-036,P-003,4,0
99ebee4d-9c1d-424a-a226-9f26281605c1,2023-12-20,S-007,P-003,4,0
e5d2e76b-d989-4c54-bd81-e1f28642861d,2023-12-20,S-004,P-006,2,0
fcb2567b-38a7-43e8-aa90-2a5a7ce0843c,2023-12-20,S-028,P-007,1,0
6f827df3-6cad-4faf-9337-ad15aaa36e67,2023-12-20,S-020,P-004,4,0
675f58eb-72ff-42fc-82ca-3a9daa7766d2,2023-12-20,S-034,P-001,1,0
769f7127-c9c0-4934-bdd1-9c1f2103b79b,2023-12-20,S-019,P-004,5,5250
6f7c8d6a-895d-4369-b131-ce130e50435e,2023-12-20,S-015,P-004,5,0
b9c7ddd5-e04a-4644-b6ab-96811eec7f9f,2023-12-20,S-003,P-003,2,0
536ed7ff-9958-4256-aac8-4782ba23ae95,2023-12-20,S-047,P-006,4,0
633bc70a-de84-445a-9281-64b5d47a328d,2023-12-20,S-046,P-006,4,0
b1e835ed-05c6-4873-a52b-a77dec8074c8,2023-12-20,S-048,P-007,1,900
679fae12-7564-4b0a-911c-a16df4d11c98,2023-12-20,S-026,P-004,1,0
5c0dbcad-1ae4-4a75-a2fa-8cde01c19fd4,2023-12-20,S-018,P-001,1,0
396f0540-5bb9-4d62-9be5-201af94dc30f,2023-12-20,S-034,P-001,1,700
45e41227-4c35-466b-b8d9-88ab9362e8ec,2023-12-20,S-030,P-005,5,0
1b192ef6-ba1c-4884-b022-aa66a9246510,2023-12-20,S-043,P-004,2,0
501e0916-a611-4787-a24f-4aa1d640070e,2023-12-20,S-004,P-007,10,9000
c67f33cc-b5ec-414e-8e9d-43137bd40510,2023-12-20,S-025,P-003,2,4400
49791b62-2332-4808-9064-e0cbed6ffa9d,2023-12-20,S-021,P-007,4,0
2e827940-8ef4-40e4-a112-9e3426f7c8dc,2023-12-20,S-045,P-003,1,2200
c9b2af25-f28c-46da-961e-c84bf8f5fc1f,2023-12-20,S-038,P-004,1,0
6d5cca5c-051b-4670-9e65-9dc5007a5f8e,2023-12-20,S-049,P-001,2,0
c61cadaf-d73b-4545-ab77-b480a7f7dc4b,2023-12-20,S-022,P-002,10,9500
4b267875-2790-4256-8d3f-54102dba1dea,2023-12-20,S-021,P-005,1,0
4122ed7c-6c96-46bb-98b2-f3274c1ef66e,2023-12-20,S-035,P-006,2,0
2e34ff16-c2af-4fff-90fd-1264e905d835,2023-12-20,S-013,P-001,2,0
2f11d667-9a04-4029-b3e0-568195e0bcbd,2023-12-20,S-028,P-001,1,0
42b2338a-31d1-4598-a6fe-fe37611b6b79,2023-12-20,S-042,P-002,1,0
d2bf95a6-c5b0-4382-a91c-61d8bb417027,2023-12-20,S-005,P-007,2,0
34d9b61b-d261-4daf-a039-9cb2efcba442,2023-12-20,S-007,P-005,1,0
8ce3bec8-ce0d-41d8-b197-0cadfb2bcf72,2023-12-20,S-001,P-006,2,0
614544ab-429f-4db7-847a-2d38c969df44,2023-12-20,S-039,P-004,1,1050
91066334-da41-427c-862a-e678d89c326d,2023-12-20,S-022,P-003,10,22000
e3469043-b97a-4d97-929e-068366305beb,2023-12-20,S-033,P-004,2,0
4eb260a7-7007-4b41-820b-a4ae3ff2b5fa,2023-12-20,S-010,P-003,3,0
11ac7532-cb1c-483f-8e5f-30152b700081,2023-12-20,S-032,P-001,1,0
1b5e2763-dc93-40bd-9fc0-63d5a5cf3558,2023-12-20,S-023,P-003,1,0
bdaa916f-b050-4dd7-9f9f-e0950debb598,2023-12-20,S-006,P-006,5,0
9a83363c-bfef-4d01-bf16-7073b8bff4ff,2023-12-20,S-039,P-004,1,0
acca5211-5376-4eac-9b55-786dfbb97050,2023-12-20,S-036,P-006,1,0
b7f2fdf5-d973-408c-9a03-eb8e3e91bca5,2023-12-20,S-022,P-005,1,0
c0a5a53f-5890-4630-857b-30912371c4ac,2023-12-20,S-024,P-004,1,1050
eb3a773d-9ccf-4c9c-98a9-2259226b84b5,2023-12-20,S-026,P-004,1,0
1e253757-1cec-48e8-8602-d43673f8c735,2023-12-20,S-049,P-001,2,0
2d000693-acdd-4cd2-817d-e623cb174fee,2023-12-20,S-039,P-003,4,8800
704d2bb6-f5f3-419c-8e1a-5e724e550a78,2023-12-20,S-036,P-005,3,0
ee76805e-4282-4cd6-bdd0-4c5e97f03c8e,2023-12-20,S-027,P-004,1,0
4ba06656-00fe-4628-aa16-d00a36c62f89,2023-12-20,S-016,P-003,3,6600
145f2cfb-c949-49af-aee9-1d5f3f561930,2023-12-20,S-011,P-007,1,0
b8dd4477-4e41-4e3c-9d5b-284f3c8ba280,2023-12-20,S-040,P-003,2,0
d94d3d5e-6f4c-4092-ae22-2fdbbe5ea8d2,2023-12-20,S-040,P-001,5,0
ba3bfb6b-a40d-4839-bbe2-1454e294b422,2023-12-20,S-050,P-007,1,900
174821ef-4304-47fb-a0ac-ade6091e5eab,2023-12-20,S-021,P-007,1,900
27c66e4e-939a-48d6-b7ef-3b244f2a87e7,2023-12-20,S-047,P-002,4,0
cb9ffabc-f437-4762-b458-8efed22b4317,2023-12-20,S-024,P-002,4,3800
880bedf1-ed35-483c-ac03-48a05ab1b9f7,2023-12-20,S-050,P-001,1,0
a576f94e-99ca-4461-8ae3-c84ec64a72c9,2023-12-20,S-030,P-004,24,0
1dc4dbc6-7dc1-4b22-8e02-38a01c102f64,2023-12-20,S-020,P-002,1,0
4e677ba4-8798-4cde-b147-56cf8531a3d0,2023-12-20,S-037,P-003,3,0
953298a2-d75f-4fd8-8ad2-f129fdafba06,2023-12-20,S-047,P-007,2,0
ec2bbff0-14ac-4b8e-b1de-2bf93a56d07d,2023-12-20,S-044,P-003,4,0
9812edce-be2e-40fb-9bf4-1dac99eaaa05,2023-12-20,S-022,P-005,1,0
0fe155d7-a5f7-42c5-821c-1fd740432348,2023-12-20,S-044,P-002,2,0
da08fe80-aa87-499f-a9d5-fee00db07dd0,2023-12-20,S-048,P-004,1,0
81743164-7553-4744-9914-8e6c8b351ae6,2023-12-20,S-027,P-002,3,0
eee3e973-70bc-41e2-941d-ca019a8e221f,2023-12-20,S-032,P-007,2,0
dec543ee-c648-4a44-b8fb-d8d4af82e4e7,2023-12-20,S-023,P-004,3,0
e6cd998b-7c1f-4d87-aa02-77729fbdc33a,2023-12-20,S-017,P-002,10,0
71ee3dce-abae-407d-8890-6a9e616f5c75,2023-12-20,S-045,P-001,1,0
5a978c3f-8c2f-4c14-a998-fea830715280,2023-12-20,S-011,P-001,4,0
859c815c-33d5-4b6b-8c23-4ff47c0e8cf3,2023-12-20,S-013,P-004,1,0
41ae145d-1dcf-43e0-ba0c-1ad23fc93a87,2023-12-20,S-045,P-002,4,0
ee9e1233-ffa4-441a-9537-5595711bf292,2023-12-20,S-013,P-005,2,0
bfdb1dc2-8827-4e49-949e-913b7f1c0884,2023-12-20,S-031,P-005,1,1050
cc9315fe-ca3e-4770-ba90-d3909e0fe449,2023-12-20,S-021,P-004,1,0
0cb7bad1-1014-4bfe-8c0f-00311c517020,2023-12-20,S-023,P-003,1,0
3063f9c3-88cd-41fd-a84a-547aa72acd31,2023-12-20,S-018,P-007,1,900
d4dc86e1-7776-44a6-9d09-9a93dac8c409,2023-12-20,S-048,P-004,2,0
84ab2395-665b-4375-82f4-9f25afc7a551,2023-12-20,S-026,P-003,5,0
578faf73-c3e6-43c2-adc9-a0a4f70dad94,2023-12-20,S-008,P-001,1,0
69a43835-274a-41c0-bbb5-ef61d90e03b0,2023-12-20,S-003,P-002,2,1900
b60a9941-5d98-4789-a785-adeb3403fc09,2023-12-20,S-022,P-003,2,0
0b137df3-79e4-4732-9c9b-5ddbf06d3ffe,2023-12-20,S-018,P-002,1,950
bd94f733-670a-4aa8-b966-b158610657e8,2023-12-20,S-021,P-002,2,0
f4f35d5f-5abe-4724-a724-edab2e4e5139,2023-12-20,S-038,P-006,1,0
92af56b8-165f-4344-a183-223b2b2f17a8,2023-12-20,S-011,P-002,4,0
a8946401-a4a7-4bfd-b8c6-27a46399e5e7,2023-12-21,S-014,P-001,1,0
bdacc1a5-82ad-4b47-815e-bed05c9cceb6,2023-12-21,S-015,P-004,2,0
c54d186b-f3b8-4cd7-b44e-aec41cea0253,2023-12-21,S-035,P-006,1,0
57db1b2e-a3bc-4765-818f-29650b4d7436,2023-12-21,S-042,P-003,1,0
05cb7c05-7f8d-4e75-b3f9-cd579c43ce8c,2023-12-21,S-039,P-002,4,0
b262a45b-f95c-494e-a525-13842fd63bb1,2023-12-21,S-037,P-007,3,0
f3ddf9b4-a101-485f-9870-b83768a8f771,2023-12-21,S-009,P-003,2,0
8eb1d312-be41-43bc-81fb-159917e38938,2023-12-21,S-044,P-004,5,0
7a6a5f8c-5255-4e38-80ce-9c41b0d923ae,2023-12-21,S-031,P-004,1,0
97b9f564-c11d-47c5-860f-b84f6acdac23,2023-12-21,S-020,P-001,3,0
2b3c12e3-668c-4ef5-b597-dbbac30f7bcb,2023-12-21,S-001,P-005,2,2100
85e47632-ad03-4f29-8d8f-18ab4d589cc8,2023-12-21,S-032,P-001,1,700
e1660acc-7e20-4e84-b4e4-4df509bd3724,2023-12-21,S-030,P-003,2,0
f17c5bfc-c5a0-4a44-b001-4bff1eba923b,2023-12-21,S-040,P-002,1,0
8c5b85e3-c20b-42a4-99ac-bbcd5f90e96e,2023-12-21,S-014,P-003,2,0
fd14d5a0-02ee-4d95-9b9b-103c2317732c,2023-12-21,S-015,P-002,1,0
1223c655-6abc-4fff-b133-4a4718c92f70,2023-12-21,S-032,P-003,1,0
f33fb378-e8bf-4fd9-bf66-33c6268bccb6,2023-12-21,S-041,P-001,1,0
e1848a20-4c88-4652-b6a0-2a5f998655c0,2023-12-21,S-049,P-006,1,800
46ff0a77-4f4a-45eb-a0e5-f26cc292ef67,2023-12-21,S-049,P-007,1,900
ddf70ae3-422d-4122-94fc-2c450263a7a4,2023-12-21,S-029,P-003,1,0
98050689-40a5-4728-a544-045586a78135,2023-12-21,S-041,P-005,1,0
9c5670c3-0108-42dc-bc47-85709dbed9ef,2023-12-21,S-027,P-003,2,0
eef91280-da71-4f93-ac73-de0ff8b77610,2023-12-21,S-013,P-006,1,800
78c2cf66-90b0-4eed-8f8b-5ea3f79ef9b1,2023-12-21,S-035,P-002,1,0
5fbabfc5-0245-451e-89b0-620e9d102afe,2023-12-21,S-010,P-005,3,3150
2bf5aec2-223f-428b-a9c2-ae9e91c511e8,2023-12-21,S-010,P-004,2,0
17e21c5b-6d77-46f3-b02d-df956004630e,2023-12-21,S-016,P-005,3,3150
18519736-45c8-455b-9a41-ab46bb1a76b5,2023-12-21,S-049,P-007,2,0
9707641b-038f-40d1-9bd7-cb18cf8b7fcb,2023-12-21,S-019,P-004,1,1050
930d1558-3b82-49e7-9492-0324dbbe6681,2023-12-21,S-033,P-004,2,0
4ac8a129-f241-40fe-97ff-750caf85df0e,2023-12-21,S-023,P-005,1,1050
7aa17673-509f-4942-9737-85d36aa0c3eb,2023-12-21,S-009,P-005,1,0
498fd06b-b0b4-44bc-b9f9-7b2c5727ce41,2023-12-21,S-038,P-001,4,0
b6253a4f-4b27-459d-90e4-01aba8339403,2023-12-21,S-046,P-006,1,0
fd0f6ae8-39a6-4e4d-b869-db2490c6bc55,2023-12-21,S-045,P-002,24,0
6240f06f-a976-412d-8e9b-35d0b7314346,2023-12-21,S-001,P-005,5,0
09ece063-f459-4003-b97e-9504620aa3da,2023-12-21,S-024,P-002,1,0
f84c3c45-6df4-4ee2-acb6-9a2e9ad553ac,2023-12-21,S-049,P-002,1,0
4deb7115-065d-446e-8241-7a976ce48ccf,2023-12-21,S-010,P-001,1,0
d3731127-cad9-4e1b-9f03-ce199e2ba6d9,2023-12-21,S-002,P-004,1,0
008d4b1d-29bb-40d4-a99b-16006e1b69d3,2023-12-21,S-023,P-001,1,700
2961746a-8373-413a-b336-41404ba2f8b9,2023-12-21,S-002,P-006,4,0
cc33b0b2-6df1-4b99-8527-e955a9225f08,2023-12-21,S-018,P-005,1,0
e8226895-4816-4176-a066-c784e5afff35,2023-12-21,S-042,P-001,1,0
8526ba51-0d22-4bd2-906c-d18d32b36c0b,2023-12-21,S-046,P-002,4,0
afbe5952-634e-41cd-9c4a-90b9fbc70847,2023-12-21,S-028,P-006,1,0
32986515-c1f6-46f2-94c0-6b78cea8e03c,2023-12-21,S-001,P-007,5,4500
36e4ef0e-5f7d-4c4a-95ea-58ebb8a1dcae,2023-12-21,S-044,P-002,1,950
c7f0ad22-3664-4368-bce1-9bb3f279d38c,2023-12-21,S-021,P-001,1,0
0fb47934-1ea4-4171-b68b-cf7763d2f6de,2023-12-21,S-028,P-003,1,0
a8ee821c-77f5-4325-a7b4-cb78b0c6b0b5,2023-12-21,S-031,P-002,2,0
c3e11f2c-01d3-469e-89c3-03cf0041a9e6,2023-12-21,S-043,P-005,2,2100
eeacc9ea-bd74-4162-894c-2fa5f0051ada,2023-12-21,S-010,P-004,2,0
7d558a78-0d09-44c7-863b-d216a8da377e,2023-12-21,S-026,P-004,3,0
61bc90fd-0882-495b-af5d-4b197c8ceb57,2023-12-21,S-016,P-002,1,950
84ccaf00-21c6-404d-856b-0daa032507ed,2023-12-21,S-045,P-004,1,0
dc3a03fc-961f-48c0-a977-ed94e08563b9,2023-12-21,S-016,P-004,1,1050
8d839ec9-c403-475a-b820-ca95a363e0ae,2023-12-21,S-049,P-006,1,0
a843fda5-6bd0-4f31-9fe1-ead83023db78,2023-12-21,S-032,P-002,1,0
bc9f1b85-40f7-4dfa-a179-ca7299f56399,2023-12-21,S-029,P-007,1,900
8564f99a-8b62-4952-bcd0-a1fcf26b8613,2023-12-21,S-022,P-005,1,0
856dea38-78ec-4162-88c9-f0fe667ce830,2023-12-21,S-028,P-005,3,0
a4361def-85e0-44e6-ac7f-e7d5cbd7eccf,2023-12-21,S-013,P-003,10,0
f94bce80-c939-463a-8c07-6727f6c0dc9f,2023-12-21,S-022,P-004,24,0
07dfba7a-d3e2-4617-a7b7-514dd2e60683,2023-12-21,S-004,P-006,2,0
e060462d-757d-4bda-ab30-da3c0e6db8ff,2023-12-21,S-045,P-001,2,0
0dc57ae9-b9f5-4eea-aa0f-095f7d6c6f9e,2023-12-21,S-002,P-001,1,0
97623853-e4ce-4a08-bb61-79a33dc2d245,2023-12-21,S-043,P-007,1,900
a4cf619f-8d55-4c5e-8a33-af73c85796e0,2023-12-21,S-002,P-004,1,0
a398dd33-5291-4915-864b-4862ecabc1d3,2023-12-21,S-033,P-003,1,0
35c65e8f-e43c-40f6-ac64-b81d8ad06b5d,2023-12-21,S-021,P-005,1,0
7f4b23df-cb57-4f56-bf6a-62eacbafc888,2023-12-21,S-029,P-003,2,0
480f8151-f663-40cd-b123-1b8f36f2b1f5,2023-12-21,S-022,P-002,1,0
868af290-35dc-49e8-b548-ae75d78c1981,2023-12-21,S-005,P-004,4,0
5f416ef7-093d-47b0-857e-92020b41e094,2023-12-21,S-038,P-001,2,0
8d8ebbb3-569b-498a-9e22-3c8e166c7f04,2023-12-21,S-014,P-001,1,0
560b2f6a-d436-460d-870a-bdbfce2cae85,2023-12-21,S-025,P-004,1,1050
224c2712-898a-4458-b454-44b8835b2ff1,2023-12-21,S-022,P-007,1,0
1b296fc1-2f9a-4e02-8026-f056ff72b63d,2023-12-21,S-004,P-006,1,0
f387fbcc-8a8b-42ed-8cd3-fcc87c6b87a6,2023-12-21,S-030,P-006,24,0
2507a7c2-0ada-40e8-bc93-3329bae5e64f,2023-12-21,S-009,P-007,3,2700
203ec24f-5490-4545-b9e8-3f60dfb1d9b2,2023-12-21,S-041,P-001,4,0
08fa2d4f-f410-4228-9ddf-1589b4d5d5b6,2023-12-21,S-015,P-004,3,3150
82a209ab-3907-4800-96ad-71913f502033,2023-12-21,S-007,P-005,2,0
e7ea7b10-e39f-4e46-951a-52c2430c2169,2023-12-21,S-040,P-007,2,0
deee4281-8a74-4893-acf8-628759958ae6,2023-12-21,S-007,P-003,1,0
70a799c3-6516-4f7b-8cf9-1bee9418e22e,2023-12-21,S-017,P-002,10,0
74901227-7453-4297-bca2-5d9c19d4024b,2023-12-21,S-019,P-003,1,0
4b0ab32d-c858-46cb-b714-2a17ebaecfc0,2023-12-21,S-043,P-002,2,0
ce369e18-e0f3-4f61-9ed2-994642c79887,2023-12-21,S-041,P-007,1,0
a221cbeb-dfe2-4c03-810b-d3c7ac838f77,2023-12-21,S-046,P-006,2,1600
a6b9ef08-d55c-43a1-a75d-143b63b5f452,2023-12-21,S-026,P-002,3,0
c6247c9f-08b7-4295-a76e-a19d792b31f0,2023-12-21,S-032,P-001,1,0
ebf825cc-c19c-4dd2-a9b7-2a3a2f6c617d,2023-12-21,S-012,P-001,1,0
443d84d8-3bc5-453c-b8d9-f5fc22d3deb5,2023-12-21,S-010,P-004,2,0
d4d1e95a-ea2c-4d77-bff9-bd7aa5c1c4a2,2023-12-21,S-044,P-007,2,0
3f6febb3-5466-478c-b4da-f259b7d2ff5e,2023-12-21,S-023,P-003,4,0
fb75280b-b963-4f3d-8fe3-490c25404bc5,2023-12-21,S-005,P-004,3,0
0a87d5b8-f7c7-4e2c-8f27-3000504497ed,2023-12-21,S-012,P-007,1,0
95b4bfae-12c9-42aa-9a86-02e8354dfe51,2023-12-21,S-024,P-004,4,0
06e35fc8-6db8-43e1-95e9-2f582761bda8,2023-12-21,S-041,P-002,10,0
f2879d1e-ec40-4f5e-bc18-b653c8184049,2023-12-21,S-040,P-007,2,0
725b6818-b08a-422a-ac14-b38ecd6a07c6,2023-12-21,S-036,P-007,1,0
f4ce7511-2cfe-48aa-b2ff-31db2a625980,2023-12-21,S-046,P-003,2,0
57cd2420-111a-497a-9606-31e3894e5e3f,2023-12-21,S-001,P-004,2,0
fed5125c-8ef3-4068-8b2b-4f1b557a991e,2023-12-21,S-026,P-004,1,0
29d37a36-b5ae-4387-a8db-78ba7ca36b3f,2023-12-21,S-040,P-001,2,0
9283b3f8-63e5-4e17-9632-1dc124715e4a,2023-12-21,S-039,P-002,2,1900
b85af2a0-f9c5-4a2c-a57d-349ee1102a9a,2023-12-21,S-024,P-006,3,2400
2f34a866-b16e-4e01-8315-7e7f2e4781dd,2023-12-21,S-011,P-003,10,0
667ef8f0-1d1d-4bb5-95ab-f4a1414ef3c6,2023-12-21,S-019,P-001,2,0
ecb081c8-733e-4c1f-8a86-4432e21a92d0,2023-12-21,S-043,P-007,1,0
beaa8124-2125-4ed5-a78d-e0bffb4e72cf,2023-12-21,S-045,P-006,2,0
7873c0a0-3689-427a-9ecd-568d36038ffd,2023-12-21,S-029,P-004,5,0
37861704-bbda-44cb-a28b-1276a1c684b7,2023-12-21,S-042,P-003,1,0
cd7db072-2d8a-487b-845b-2f038f04cdef,2023-12-21,S-020,P-003,1,0
876e8f29-18c2-4410-ba1c-274acef2b979,2023-12-21,S-004,P-002,1,0
0788bb2d-c1c5-4e41-ba6a-7d1cb181b803,2023-12-21,S-023,P-007,3,0
41900db4-b98c-411c-be4c-f45a2ffb7fd9,2023-12-21,S-004,P-001,5,0
5367bd94-8a09-447c-92c4-1819dd102f2c,2023-12-21,S-025,P-005,1,0
fbd3579a-5159-4e29-b81e-965ddc2aefee,2023-12-21,S-010,P-007,4,0
41669d4c-9bd1-4a71-9ec9-6d53c007dd9b,2023-12-21,S-036,P-003,1,0
d3ffe9d3-f055-40a7-a190-705cf7249978,2023-12-21,S-020,P-004,3,0
d760538b-7bc9-45e8-9b30-3651abbba841,2023-12-21,S-020,P-003,5,0
0a9d3b69-d2ad-4365-8644-9e171b115eab,2023-12-21,S-046,P-006,1,800
e053ea63-0ea7-4c7b-8d08-a48ce023c00e,2023-12-21,S-006,P-001,10,0
36adca78-ed68-4cbf-9a81-1af2df0de8bf,2023-12-21,S-042,P-007,2,0
c027a147-61d2-45b4-b4a5-1772a4bf3b4d,2023-12-21,S-040,P-002,1,950
399e3864-1a7b-489c-b45d-0cbbcab02ca0,2023-12-21,S-030,P-001,1,0
8bda0301-ad76-49bd-85f2-a10b8fc802de,2023-12-21,S-042,P-005,1,0
f3886b36-8433-4609-a2aa-1fbe68925a3b,2023-12-21,S-048,P-006,3,0
f846a7fb-4219-4e78-9dcc-17d5f5d3cf20,2023-12-21,S-039,P-005,1,0
6319e62e-f25e-41ca-881f-7d7509f055a2,2023-12-21,S-024,P-002,4,0
c27dd143-32dc-4f7a-8c4c-e82055c1e491,2023-12-21,S-032,P-004,3,0
375da166-6638-4b1c-810c-f2101ec5761d,2023-12-21,S-022,P-002,2,0
65bb1f7c-d2c3-434e-9072-0dc708f62411,2023-12-21,S-011,P-007,4,0
45759116-2e38-487d-bb6d-356f98827aef,2023-12-21,S-039,P-006,4,0
f393ce2d-9c20-4ea2-a16e-ae6a096426fa,2023-12-22,S-038,P-006,1,0
94c4c06b-ace3-4208-bd9c-0566ce5f3344,2023-12-22,S-050,P-005,2,0
1f546758-7457-48d2-bdfe-02a72bea9f22,2023-12-22,S-035,P-006,3,0
45173aea-ae58-484d-8ee8-d934f0d8c776,2023-12-22,S-012,P-002,1,0
20c814df-aeac-4c0e-839d-d16e35a679f5,2023-12-22,S-027,P-003,1,2200
30b5400b-39a8-4218-a3a4-e5e5c5ddd983,2023-12-22,S-049,P-006,3,0
e463173d-074f-4f43-a665-f6c792def6bd,2023-12-22,S-007,P-003,1,0
1445134e-cfcb-4d07-93a6-ba9b25c6572e,2023-12-22,S-009,P-002,1,0
50483fdb-52cf-4768-b26d-3b9888a5e178,2023-12-22,S-049,P-004,1,0
f22e9010-6b42-4ecf-a541-63608482f759,2023-12-22,S-001,P-006,1,0
d1a98e6b-3e76-43b3-9978-942a1c8783e3,2023-12-22,S-016,P-005,1,0
88b7f41b-d57c-44a0-8797-ce8cc67a7453,2023-12-22,S-008,P-006,1,0
10ed1949-4f40-42d3-a87a-1c1d328745cc,2023-12-22,S-035,P-007,4,0
00700ccf-ebb4-4568-a86c-fbda1a021691,2023-12-22,S-030,P-001,3,0
7339b69b-4224-487b-855a-e8355e2601d3,2023-12-22,S-044,P-003,1,2200
1118807a-4e57-4065-8fc0-855849dd47db,2023-12-22,S-010,P-006,1,0
ec1426aa-9c60-46dc-bd6d-d3daed2831b5,2023-12-22,S-011,P-006,4,0
00f95d49-c059-4c42-a36c-b197b9eeb6ca,2023-12-22,S-024,P-001,3,2100
1b9f1522-fc44-4701-b823-0e76b981c650,2023-12-22,S-035,P-001,1,0
5c9bdab6-299f-4797-b51e-dc9fb76208d4,2023-12-22,S-047,P-001,4,0
fff1301b-4be5-4679-ae54-a6ffe6779d7e,2023-12-22,S-007,P-006,2,0
08cdf01a-b795-4b1b-a42c-00a6cd66516f,2023-12-22,S-049,P-004,5,0
dcd86918-e099-40ce-8bc0-8bc89bd55383,2023-12-22,S-038,P-003,1,0
ed079fe9-d44a-4df0-98d3-f1cc0a3cdf70,2023-12-22,S-048,P-002,1,0
4fc8beef-321c-4115-b3b3-b7e44372cc5e,2023-12-22,S-004,P-007,2,0
e579b80b-678a-4b4d-9b2a-77e62032fef5,2023-12-22,S-032,P-005,1,1050
e4a6c4e6-a2b1-41e7-92ce-bd8877218ef4,2023-12-22,S-005,P-003,3,0
40c1d0ee-dd39-4699-8b10-196e2ceb72cc,2023-12-22,S-044,P-001,1,0
88787336-f3c4-48a1-ad01-1fda9781c97f,2023-12-22,S-007,P-002,10,0
48bf46f3-c274-4374-b1c1-b24d1685007e,2023-12-22,S-030,P-001,2,1400
531c2f5a-4143-4785-be2f-43436305a805,2023-12-22,S-023,P-003,1,2200
03542c24-4ee4-45d2-9553-5a0493cd1348,2023-12-22,S-028,P-004,1,1050
ce822bdd-0050-4384-af79-c768236deb52,2023-12-22,S-010,P-001,3,0
bb1511af-eae9-4537-be35-7ffc786fd614,2023-12-22,S-043,P-004,2,2100
cbbd442c-3f24-4a61-97d6-ce116cf3d6be,2023-12-22,S-010,P-003,1,0
dab8073e-cab8-4389-a14e-e88889047dbd,2023-12-22,S-015,P-005,5,5250
a542d524-b57f-4586-8e7d-ef3f92035cf2,2023-12-22,S-005,P-003,24,0
f481d8d5-89e8-4b8a-aa24-bf32ad065eb8,2023-12-22,S-012,P-006,1,0
b48d1354-3ece-4fdc-b879-c5ea581dc90c,2023-12-22,S-027,P-003,1,0
73bd0eff-e5a5-4705-b5d8-02b6aaafe6f2,2023-12-22,S-017,P-004,2,0
37ab7366-1eb7-4f0c-9535-c422ee413755,2023-12-22,S-004,P-006,1,0
74d1f6a8-fa3a-4110-a0c6-b8082cf4ab89,2023-12-22,S-013,P-005,1,0
036755f0-4e35-43ca-abd8-c7a308fa0a2a,2023-12-22,S-049,P-004,2,0
8fdbfb1a-a754-4b43-ad12-538bd1aad65e,2023-12-22,S-016,P-002,1,0
45d2bdef-84ef-479b-9abb-3e6a9f279717,2023-12-22,S-007,P-005,1,0
e360247b-7c7d-4451-bf83-1fdc6bc499fe,2023-12-22,S-015,P-007,1,900
82e5f180-b8b9-4f1b-b842-fcb05b035347,2023-12-22,S-050,P-005,1,1050
8f9a25f3-8b17-4888-a036-e455834c9c44,2023-12-22,S-037,P-002,2,1900
c5f983e4-7042-414a-bb35-b2a2fc2c8e42,2023-12-22,S-005,P-007,2,0
59183551-715f-44de-96db-3db1122ae90d,2023-12-22,S-019,P-004,1,0
70ae6e2c-5859-4e31-96dd-c941d8db4678,2023-12-22,S-041,P-006,1,0
870cc8a0-c97a-4208-86b3-d91996ab5a76,2023-12-22,S-030,P-003,1,0
9e02ed93-d9e0-4df2-8ddc-f9fa7b28102b,2023-12-22,S-022,P-001,1,0
1c115db4-860c-48a2-9029-93545f611b39,2023-12-22,S-033,P-001,2,0
187ffa13-a2fa-4e62-87ae-01c19a32c6a5,2023-12-22,S-046,P-006,10,8000
98c932fc-a5fa-4fe1-9de5-f21c9fbe0a60,2023-12-22,S-003,P-006,1,0
bf7b3311-cef6-4cff-aeaa-e4713ce167d1,2023-12-22,S-026,P-001,2,0
acfc417d-edbf-412c-8d1c-b39d275f7572,2023-12-22,S-037,P-005,1,0
ffefca6e-71bb-4b9b-a6c2-6277a0b2214c,2023-12-22,S-044,P-007,1,0
fa1a4159-087f-459f-84c1-cd949b5e7818,2023-12-22,S-047,P-007,4,3600
cf441d2a-24db-40c2-b403-9bcba5ce0092,2023-12-22,S-001,P-003,1,0
ae6cdfcf-02ca-4f60-86a6-f1876fe8ccde,2023-12-22,S-006,P-004,4,0
2584c665-5046-4c80-ab58-d5fe97b1aeca,2023-12-22,S-027,P-006,1,0
a79212e5-d61b-443b-b7f7-71004e00c3ed,2023-12-22,S-009,P-002,2,1900
7ff6299b-f88f-4073-9dc8-ce7be03dbcbc,2023-12-22,S-028,P-007,1,0
56be579e-55eb-42a9-8bfb-32b592d6ee42,2023-12-22,S-037,P-006,1,800
944af572-22da-4233-aa2c-106d700fc6f2,2023-12-22,S-038,P-007,2,0
7eddb480-cffc-4d3b-a087-2fef2a1c89d8,2023-12-22,S-027,P-005,5,0
fb28411e-d0df-457b-b84f-0d1a9d494f63,2023-12-22,S-022,P-006,4,0
7582661a-c060-4711-88b3-e3f00cd50719,2023-12-22,S-018,P-002,1,0
4a961024-f36b-47f6-a5d0-f36fabf5c2a1,2023-12-22,S-042,P-002,2,0
45f08372-8bf4-433a-8d14-4a6c95014879,2023-12-22,S-034,P-007,1,0
ae1326c8-f16e-447c-9a69-dab11dc7708a,2023-12-22,S-046,P-006,1,0
8ec2115e-3bef-40c4-bdfd-2ec8bc3e1767,2023-12-22,S-030,P-003,2,0
121a0870-5414-4fe1-a937-a1085a04e32f,2023-12-22,S-048,P-004,1,0
bf980c3b-e6f7-4228-bc55-70c216d83103,2023-12-22,S-030,P-001,1,0
2d0d59f7-7940-48bb-a44c-c6b16489419a,2023-12-22,S-023,P-003,1,0
450bd8bf-3072-4a9c-8511-2859e82f33ba,2023-12-22,S-018,P-005,1,0
d208ba4e-d16b-4b50-a0bc-93567de811ea,2023-12-22,S-050,P-001,2,0
1f0aff66-e345-4268-bb79-c7c97dda6b7d,2023-12-22,S-008,P-003,1,0
b7d30171-870c-412b-a42c-a1bf12f22a7a,2023-12-22,S-009,P-001,2,0
f61fef94-c9f1-4fe9-8d4c-006b3a32e2c2,2023-12-22,S-019,P-007,1,0
7cd136a3-1a97-4a70-a644-21a718bbcabf,2023-12-22,S-046,P-006,2,1600
f0ef8c95-c851-4c68-89d5-07b35350b288,2023-12-22,S-047,P-002,1,0
beb3d8e2-6616-4bb2-bd3f-d91b77f399d6,2023-12-22,S-034,P-005,1,0
70aa2f5a-fdfe-4fd0-a223-b30756886660,2023-12-22,S-037,P-007,1,0
d3650a56-c64b-4160-b459-264000c57caf,2023-12-22,S-002,P-002,1,950
0b6d6da7-89e5-4e2f-8951-fa49d9509d33,2023-12-22,S-045,P-003,1,0
3b4075d0-e02a-48e1-a614-508561a7adac,2023-12-22,S-008,P-006,2,0
359a9576-2853-46d8-a586-a6fe77f1012c,2023-12-22,S-036,P-002,3,0
886e5f9d-56c2-4331-a0d3-6c89771eb00f,2023-12-22,S-046,P-004,3,3150
5b9d20d8-be6e-4fba-b708-a69208ca05bb,2023-12-22,S-035,P-005,2,0
4ab58475-2437-43a8-9fe8-b994bdc9f43a,2023-12-22,S-036,P-005,1,0
961078f5-d9fc-407f-b4d7-7f66f7121e36,2023-12-22,S-007,P-001,3,0
34ddd73f-033e-4f60-accb-e20389880f60,2023-12-22,S-010,P-005,4,4200
ce4522a9-0fc3-4038-a435-1b2621db4a1f,2023-12-22,S-013,P-002,1,0
ae8182f9-9f86-423f-a648-b87323032f8c,2023-12-22,S-008,P-003,4,0
a2ccec34-4b77-43c1-85bb-63c1ed9bfc99,2023-12-22,S-002,P-003,3,0
67470b29-be08-42c9-b5b4-2cc60131de66,2023-12-22,S-050,P-007,2,0
ba47b801-0767-41a2-b2fe-0d47126b0075,2023-12-22,S-017,P-002,10,0
bede2f94-381b-4035-a09d-8c6dbb1eed1f,2023-12-22,S-031,P-001,1,0
422bbb7d-b8a4-42cb-89a6-beaf76089d8f,2023-12-22,S-048,P-007,10,0
03ad5a32-6099-4a13-a1f0-f676814e47dd,2023-12-22,S-032,P-004,5,5250
bb812a4f-eadb-4a07-b531-8fab6ce9d180,2023-12-22,S-015,P-003,1,0
04717e4b-c697-46b0-b01e-790bbfeb79a3,2023-12-22,S-009,P-007,3,2700
788036ae-52c6-4e95-80b3-64da37f3caa8,2023-12-22,S-014,P-003,1,0
7bfe1108-9758-4df8-be2d-9a9548fbb9b3,2023-12-22,S-040,P-001,1,700
db8dfdab-85ab-4089-bda9-9f35a0ab6d24,2023-12-22,S-040,P-002,1,0
4f78afa9-0072-409f-a299-7172cdd08c1d,2023-12-22,S-010,P-006,2,0
cd714038-2b9a-4af9-a625-aced28d86450,2023-12-22,S-025,P-002,10,0
b64dd902-c938-47a3-ab04-afade8abea5f,2023-12-22,S-046,P-002,2,0
f6ee2160-988a-4a1f-8c2d-c23f6b144a34,2023-12-22,S-032,P-003,1,0
81a58dca-c088-4c6a-a5ae-079216285361,2023-12-22,S-047,P-005,10,0
2da48708-cc9e-460e-84e3-f5daef179153,2023-12-22,S-045,P-001,2,0
61d52825-1bc0-438b-9f33-f7a329c48c50,2023-12-22,S-026,P-005,1,0
a61f27fb-92d0-4d69-9515-d88971ba1ea3,2023-12-22,S-035,P-003,2,0
d1c085ea-2caa-4d79-bb61-8b5807c637f9,2023-12-22,S-041,P-007,1,0
c26813bf-2293-4665-a237-c6e1e2a9a455,2023-12-22,S-002,P-005,1,0
aaccee3b-9098-4bf8-91fb-39eb8e4891a9,2023-12-22,S-022,P-001,3,0
50814d23-0b4a-49fc-bee0-676d700ef49c,2023-12-22,S-015,P-001,3,0
47abce28-b157-4029-92e2-7d7eb7374952,2023-12-22,S-030,P-005,2,0
91c1058d-4983-46a5-89fc-ca028a535ebe,2023-12-22,S-048,P-003,3,6600
5d519779-0b0a-4565-9d34-316b3958da56,2023-12-22,S-044,P-001,4,0
7113b407-472c-4357-9087-d4bc2ee87881,2023-12-22,S-045,P-002,1,0
c57e106e-0c56-49ef-bbaf-bc90b487beea,2023-12-22,S-011,P-001,4,0
f95d16a6-654e-437b-9377-598cc589613a,2023-12-22,S-002,P-002,1,950
a4869b74-5344-418b-8710-f12243229d2e,2023-12-22,S-012,P-005,4,0
ee4cca5c-6ecb-4415-a1a7-b8ff6c3641df,2023-12-22,S-020,P-005,10,0
a5577620-79f8-4554-adae-389d98fc9afc,2023-12-22,S-042,P-007,4,0
4de8de35-5c63-4a63-b902-059d394df833,2023-12-22,S-001,P-004,10,0
79681c27-bb5a-4504-80a9-d74efc6319b9,2023-12-22,S-012,P-007,4,0
e614f4b0-a4b7-4701-9cb3-8d58bd84d393,2023-12-22,S-029,P-006,1,800
ca3e703c-2ee2-4568-a160-5ebbb0846fb5,2023-12-22,S-015,P-005,1,0
1234bc06-e263-4def-bd0d-2d589d9fce45,2023-12-23,S-046,P-002,1,0
36a7c5ab-edf9-41c9-8a67-1ee051afefb1,2023-12-23,S-017,P-004,24,0
da7639a4-443f-4efe-ab79-4ea91371e6b9,2023-12-23,S-007,P-004,1,0
8e0e4888-4262-4edf-9d7c-4179c52e03a3,2023-12-23,S-021,P-002,3,0
4983c3e2-9786-4011-90b7-1b9b1e054752,2023-12-23,S-037,P-004,4,0
e0fabb9b-4938-4ec7-ae3b-409228788a28,2023-12-23,S-008,P-007,3,0
7e1f6a54-1751-489c-8ef2-a9c4e3d39695,2023-12-23,S-027,P-007,2,0
ba111a60-ca79-4b32-a8b8-700c64726742,2023-12-23,S-048,P-003,1,0
6dafba38-9a8d-4235-831c-2ce212d68e58,2023-12-23,S-033,P-006,1,0
5d825a19-2008-4cae-9bfc-eaa76d1c6d89,2023-12-23,S-017,P-007,2,0
a9c38734-9b01-4118-bbbe-5b4491834315,2023-12-23,S-006,P-005,1,0
8ca41794-4d37-4781-a292-f9b3e21b633f,2023-12-23,S-031,P-003,2,4400
f7ab9fa8-f0dc-42e2-979f-6dcbfe0b8af0,2023-12-23,S-011,P-004,1,0
2eb0db0e-67ec-4a68-9477-604543b85942,2023-12-23,S-043,P-006,1,800
adff9032-255d-4e4b-9196-9e462192528d,2023-12-23,S-002,P-002,2,1900
ebbe5a7c-7371-44de-bc0c-5825e9dac120,2023-12-23,S-001,P-001,1,0
9fb10a4a-a50f-4fbf-9cde-1d72d64ca71a,2023-12-23,S-014,P-006,3,2400
ff653753-ff69-4782-8d35-2f7c358f36fa,2023-12-23,S-007,P-003,2,4400
fff18570-4a29-44b4-9de7-c75a7eb0163b,2023-12-23,S-029,P-005,2,2100
4f642c24-e4be-454f-9c39-0a5f9a60fa98,2023-12-23,S-038,P-003,1,0
e1ce98f3-8f3f-4747-873a-10923e054134,2023-12-23,S-006,P-003,2,4400
2df438ab-eda3-4dbf-8fdc-ab0611dad9aa,2023-12-23,S-018,P-007,24,0
4bba4411-f215-43ea-b000-7236bf2d3484,2023-12-23,S-043,P-002,4,0
d7e1d612-77e1-4a8c-8de5-614f600b4ba1,2023-12-23,S-042,P-005,1,0
d74e3441-8284-4bbb-b563-7655cd1c1784,2023-12-23,S-008,P-002,1,0
e355d619-c089-48ab-84bc-655ff1a85ddc,2023-12-23,S-018,P-006,1,0
921dc0bb-5574-4de9-a195-45e152b5e9e0,2023-12-23,S-025,P-006,1,0
f2490840-1613-4496-b369-3c6d1a676d26,2023-12-23,S-044,P-003,4,0
c27ecde3-8a67-431c-a39c-8d12014485b2,2023-12-23,S-028,P-001,1,700
445b396c-d2ce-433b-bd2d-8c8f8a64b77b,2023-12-23,S-012,P-004,4,4200
f8354b3a-f9bc-4b5b-b3e3-7a5e5b027cf0,2023-12-23,S-029,P-003,3,6600
37986997-a7c1-4075-bca7-eeacc5ec3caa,2023-12-23,S-038,P-001,1,0
4277c99d-e438-4cea-b67c-bae696b4f93b,2023-12-23,S-017,P-002,1,0
b03d75ae-d26b-465e-91e9-7b7b43354c5f,2023-12-23,S-011,P-006,1,0
44a8540b-6704-4013-b0be-3852d7c06125,2023-12-23,S-009,P-001,3,0
64368cc7-6e62-42ca-ab32-68f08ddf1e1e,2023-12-23,S-017,P-007,2,0
24d4f374-3287-4874-a8b6-e77d0d7428bc,2023-12-23,S-016,P-004,3,0
40d5ebcc-9099-475d-8a1d-f1e996f0b06a,2023-12-23,S-002,P-006,2,1600
ef2925b4-a765-4e99-9596-1b608b1773af,2023-12-23,S-014,P-007,1,0
461ac5bf-2c70-4042-97f1-717790458148,2023-12-23,S-026,P-002,4,0
1e2ca7b6-d736-4fab-b82f-c2f4a233c105,2023-12-23,S-023,P-006,3,0
cf223f8a-cdba-433c-840f-3f3f7506bf66,2023-12-23,S-036,P-007,4,0
c20d3dd3-4b09-443a-a367-d9163c1c8964,2023-12-23,S-048,P-005,4,0
4f47d8d0-0b8e-4e87-915b-a802ca83e09d,2023-12-23,S-025,P-002,24,0
60cddab5-9f25-4435-9f08-de40ecbc7074,2023-12-23,S-005,P-003,4,0
c9e0f685-58a7-422e-a095-4f26c484c6a9,2023-12-23,S-004,P-004,4,0
94875eb0-2dda-43a6-8f9c-00e1df1a9312,2023-12-23,S-026,P-004,24,25200
3c4b0ae8-1bc3-470e-a344-90053fdb0669,2023-12-23,S-029,P-001,24,0
aac247e4-bf8d-449b-b9af-a41fb0c689fc,2023-12-23,S-009,P-001,2,0
3b38cc8f-c369-4ef2-b874-73087f68ea63,2023-12-23,S-022,P-003,1,0
c9a132cd-e729-49e1-ae04-68539bd37255,2023-12-23,S-021,P-007,1,0
5d04cde8-6db2-46a8-baed-b128ea59d68a,2023-12-23,S-002,P-003,1,0
e15b67f3-96ab-4585-ad01-b09c63857ccf,2023-12-23,S-022,P-002,4,0
8c993741-bcad-49c8-8838-a993c905828b,2023-12-23,S-009,P-002,1,950
dad7d844-d025-4052-9a50-1901d5dba786,2023-12-23,S-026,P-004,2,0
161a6654-713c-437c-a034-7ed3bed0e519,2023-12-23,S-014,P-002,1,0
20917935-770d-4411-b524-b60f0586c401,2023-12-23,S-032,P-005,1,0
a9774984-c196-4def-b702-d84d30a0e84d,2023-12-23,S-042,P-002,1,0
0819e798-394d-4736-a882-cf4314be6d13,2023-12-23,S-037,P-007,1,0
9ed9392d-c42b-40d6-aab2-a9337b529dd0,2023-12-23,S-048,P-002,2,0
61eaf488-fd62-4049-999f-b1ee29035c5f,2023-12-23,S-050,P-006,1,0
3eeff2ad-5344-4405-a263-3c1103d0e655,2023-12-23,S-044,P-001,1,0
a4b1e564-9cb3-4c7f-ad12-ffed0e7ff1b1,2023-12-23,S-019,P-005,3,3150
f32f60f2-8d6c-4554-bc18-361d176c56c2,2023-12-23,S-017,P-005,24,0
877718a9-9c0d-484c-8149-d56472f5e037,2023-12-23,S-010,P-006,1,0
6c99d85d-9591-44b0-90f0-41b5f8aee1f1,2023-12-23,S-016,P-006,2,0
eadbefbf-9763-43c4-81f3-8538184383f6,2023-12-23,S-023,P-002,1,0
51fe1992-fe18-4e6d-a553-c44805936087,2023-12-23,S-028,P-001,5,0
438c0136-b556-440a-a276-f215ae6b149a,2023-12-23,S-007,P-004,1,0
2f3ec409-0082-4a54-924a-913a18681761,2023-12-23,S-039,P-003,4,0
e04d1260-439e-4eef-8718-7d9d9e3369ab,2023-12-23,S-006,P-007,24,0
3d9e26d1-e3ea-44c1-b027-68c6c4800c42,2023-12-23,S-010,P-001,1,0
ea441d37-20dd-4412-9c39-a8c480d2d59e,2023-12-23,S-028,P-007,2,0
b21126fd-23fd-44fb-984d-53606d5e2c92,2023-12-23,S-025,P-006,1,800
5585a6c3-8538-4026-b01b-833965973ca6,2023-12-23,S-020,P-003,10,0
b56c3a96-356f-4a25-acde-8c7dd2d9f468,2023-12-23,S-005,P-001,1,700
d749e710-f3bd-4393-813b-c7523b5ed820,2023-12-23,S-035,P-002,1,0
5d416cc7-2b92-4c79-b665-96a0293a7420,2023-12-23,S-002,P-001,3,0
fe95550a-4e4d-4733-90fb-a9e79b628da4,2023-12-23,S-002,P-006,1,0
cc48c609-c407-4f3f-8a61-86949f35fabc,2023-12-23,S-039,P-006,1,0
c2939362-8a2f-412b-b767-07a22170e3fd,2023-12-23,S-002,P-007,4,0
cf8d7db6-5e13-4cf4-a110-80ffab8d25db,2023-12-23,S-044,P-003,2,0
0465a3d8-4db0-4d9f-b251-415793c703b1,2023-12-23,S-033,P-002,2,0
a6fdb436-e562-426a-850f-13454a87616c,2023-12-23,S-026,P-004,1,1050
0b8c6b3b-4b95-4c91-8ba2-9f929b86ffb1,2023-12-23,S-015,P-007,1,0
bdc04170-25c9-425e-8277-150b4019b128,2023-12-23,S-001,P-007,1,0
afe2cf36-62bb-425b-a3e9-deadf20af916,2023-12-23,S-031,P-005,1,0
ad606c9e-16fb-429c-a50e-250b6b4c9e69,2023-12-23,S-012,P-004,2,2100
0960c25c-34e8-4727-9d65-c268569b37c0,2023-12-23,S-004,P-003,2,0
e575f93e-f3b7-4d0e-a518-c490bd210e9f,2023-12-23,S-038,P-005,1,0
fb2d7acf-56d9-4ed0-aeb6-721e5801d667,2023-12-23,S-018,P-007,1,0
00656542-a009-4a74-9a08-79f8ab657497,2023-12-23,S-019,P-004,2,0
1594f953-f47d-4d9b-b5e3-1021bdbdd52d,2023-12-23,S-047,P-002,2,0
0802463c-c2b8-4853-ac37-de99c88011ad,2023-12-23,S-034,P-004,1,0
192b80b5-67b0-4dd8-b8b8-499ba7766fa1,2023-12-23,S-021,P-003,1,0
98788ec2-a31d-478a-a3ca-620f0470f2ad,2023-12-23,S-009,P-007,2,0
5b6d0323-9e2e-4754-817e-d23c4f397a96,2023-12-23,S-039,P-005,1,0
8aa25c83-661d-4029-81cb-f3993190b13e,2023-12-23,S-024,P-001,2,0
68193844-6fcd-4fa1-a05e-f8055303db6e,2023-12-23,S-040,P-007,1,0
732ef0e6-76ca-4cad-b638-daa29cd77534,2023-12-23,S-035,P-006,3,0
2f98f9f2-ddd7-4878-8122-e7118fcb99e8,2023-12-23,S-044,P-004,1,1050
a2725d69-0ff1-4ea7-aa11-328143028399,2023-12-23,S-012,P-003,1,0
2ef8d2a0-45b0-48cb-82a3-02b44a6a4240,2023-12-23,S-013,P-002,3,0
b07fff17-c51c-47f9-8753-e995bd08840c,2023-12-23,S-007,P-004,3,3150
3520b860-1cc4-47d1-8f67-d230a8f6a0d9,2023-12-23,S-019,P-002,1,0
d61ccddc-2879-41a4-97de-427f3707885e,2023-12-23,S-033,P-001,1,0
260e6df1-693a-40fc-a2c4-2332721442b2,2023-12-23,S-027,P-005,1,0
33e0a7ba-206c-481b-895a-11bbd5d51373,2023-12-23,S-010,P-005,3,0
5415be28-a0c6-4b0f-9c1f-2c50154a529f,2023-12-23,S-022,P-007,1,0
f1be486a-f45a-4648-9ba8-caa3449ff673,2023-12-23,S-020,P-007,1,0
9ec37d74-7774-423b-93d7-a333ee3ee93c,2023-12-23,S-002,P-003,4,0
9958383d-42f2-4b39-86e0-33aa6a180c12,2023-12-23,S-001,P-001,1,0
ecf93238-0c7f-4526-bc3c-8b5b6d6ff2c1,2023-12-23,S-012,P-003,3,0
9c17e353-51ca-4bd7-9a3c-f9cc3a42236c,2023-12-23,S-003,P-001,3,0
8f44e5b3-3905-4ceb-af84-a756191001c3,2023-12-23,S-022,P-004,4,0
671724dd-2214-4372-a19d-3e808bcead8c,2023-12-23,S-019,P-005,1,0
16973379-3c90-440b-85b5-165a3461ece0,2023-12-23,S-049,P-001,3,2100
7782337b-abc0-46ad-a186-feb07e5e4248,2023-12-23,S-004,P-004,1,0
086b8dca-087f-47a1-92a0-6bb69fd9b6da,2023-12-23,S-039,P-006,10,0
54b2dbda-8ab0-46b6-a8a4-928ba0c7f2b0,2023-12-23,S-008,P-007,1,900
8a0f17de-3732-4836-936c-ac1c81487ff9,2023-12-23,S-050,P-002,1,0
19168b6c-4a95-4ab3-a4e7-7114de9cbbae,2023-12-23,S-029,P-001,2,1400
2db70f28-f681-49ac-8092-cfed3ca2836a,2023-12-23,S-048,P-002,4,0
7dec0bb0-bb34-4529-97aa-8ec2b6acaceb,2023-12-23,S-001,P-004,1,0
5efdec69-25e5-4251-af69-ecd92a752572,2023-12-23,S-046,P-004,1,1050
8970cdaa-cb6c-4cff-aa08-5d839f6adbfb,2023-12-23,S-034,P-002,3,0
ef2df3d3-d21b-4386-b46e-a4d06aae0bbf,2023-12-23,S-017,P-004,1,0
e4386d58-3fe2-42d6-a832-21a902d5bc63,2023-12-23,S-022,P-007,2,1800
8d1c4440-de7c-4555-9772-1c9cafc98f31,2023-12-23,S-037,P-003,10,22000
1deb70b7-d957-48ea-9de7-8a30dcb38bf8,2023-12-23,S-014,P-006,2,0
0503f0e3-1e21-430c-9cfd-a4ac503aa77d,2023-12-23,S-028,P-006,1,0
f87ce1f3-d352-4072-a892-05a9625f1473,2023-12-23,S-037,P-003,3,0
ecc5a43d-7d33-4493-b980-33bd7000aaa2,2023-12-23,S-025,P-005,3,0
9959bfc6-bab8-4b62-b650-60ec031d1278,2023-12-23,S-011,P-006,1,800
900f9882-a649-4ff5-8aee-299c9057d04b,2023-12-23,S-014,P-005,2,0
bf90f6f5-7ee2-4510-8618-ff98b62d853e,2023-12-23,S-020,P-002,5,0
446ae5b9-6e58-437f-9574-dfa623329a37,2023-12-23,S-029,P-003,2,0
aeefacfa-8ba5-455a-bf80-32aa475b7552,2023-12-23,S-013,P-004,1,1050
ec944c5d-8b04-43fd-9273-6cdbb98f06cb,2023-12-23,S-010,P-006,1,0
26c25765-caa3-46d5-9d44-d74877e2261e,2023-12-23,S-045,P-001,1,0
7fde3e37-26bd-441c-97b3-6f0797a03cc0,2023-12-23,S-030,P-001,2,1400
bfe5e3a3-abb3-4208-b306-d6c6c27c78da,2023-12-23,S-005,P-005,1,0
b517ef16-a5eb-4fff-9d17-d59661236c6d,2023-12-23,S-010,P-004,3,0
cfdac3b6-3b01-40d7-a27f-3802898712d5,2023-12-23,S-013,P-005,1,0
2c30b682-89ac-48ca-b287-08b21012e824,2023-12-23,S-041,P-004,1,0
6c471760-3ad3-4247-a978-e052e541217e,2023-12-23,S-021,P-001,1,700
6b4aee56-dfaf-460a-94e3-119fc75578c9,2023-12-23,S-030,P-001,2,1400
f2758ecc-827e-40aa-b90f-4e53a5ebc842,2023-12-23,S-031,P-004,1,1050
c340990d-5549-4fb5-823b-da4a94ef34ec,2023-12-23,S-012,P-002,1,0
dd40896a-6012-447d-8908-f5144f0ede5d,2023-12-23,S-016,P-007,1,900
d1488dea-b855-4cb7-9937-def1205a2fb7,2023-12-23,S-044,P-001,24,0
a98984f4-cf2e-4f16-8aa0-9d91167a7ffd,2023-12-23,S-046,P-001,1,0
890b2221-83f8-4653-955a-a0cb868ab73e,2023-12-23,S-014,P-007,4,0
d10146ec-c4e3-49f7-bc50-6c9656b5a22e,2023-12-23,S-002,P-006,2,1600
d5ee768c-8685-4d6b-a8fb-82df04a35e91,2023-12-23,S-013,P-001,2,0
161c636a-a2de-4cd8-b0d0-75409c7c7568,2023-12-23,S-015,P-004,1,0
61a91c8d-570a-4bfd-8008-c3d3698c172c,2023-12-23,S-044,P-004,4,0
e07df2d7-b11b-42d5-9f66-08fce968315d,2023-12-23,S-012,P-005,2,2100
ead0c2eb-d0f0-4b18-9c95-ded0ed56432b,2023-12-23,S-010,P-001,1,0
f57a2fe9-cb53-43ff-bc16-2ba46890895c,2023-12-23,S-015,P-001,1,0
9dd32c48-eee6-4900-86a7-ed30452eeb88,2023-12-23,S-020,P-006,3,0
9be1a6d6-1a8f-4d4a-9e69-a6d71edbc9fa,2023-12-24,S-031,P-006,3,0
fe3e0f3b-4c47-45db-bf3c-1649ee098faf,2023-12-24,S-037,P-004,4,0
34a57d24-f547-4429-a4ee-d8d2e01f8552,2023-12-24,S-012,P-007,5,0
f08b2aa2-9cba-4f72-8b7e-b5077bb45b03,2023-12-24,S-018,P-006,1,0
309f538b-c777-4086-8394-c596dfd13428,2023-12-24,S-027,P-004,4,0
2fe7fe00-a412-4b27-903d-13645edd036f,2023-12-24,S-022,P-001,1,0
822f1a59-b910-425f-bf17-4f69ea430c15,2023-12-24,S-003,P-004,5,5250
2e89cd5c-5534-40d3-9550-0dbc24ddb336,2023-12-24,S-013,P-002,1,0
f0dc8f54-1ebd-4754-ad66-2d3a32c2d851,2023-12-24,S-040,P-001,3,0
357a62ea-63fa-45fb-8f33-0c7fce9c11d2,2023-12-24,S-045,P-001,1,0
d512cbe0-d141-4590-a9ab-1919e92b95e7,2023-12-24,S-034,P-002,1,950
d6ac2879-616f-4c42-ace9-f3b53c021282,2023-12-24,S-044,P-006,1,800
be355597-2d82-42bb-a5ef-600b1de22514,2023-12-24,S-039,P-007,3,2700
d2768ede-bf63-48dd-baf1-5332608c7b03,2023-12-24,S-012,P-005,1,0
e92700e1-a78a-433d-88e6-e0f1abd5a12a,2023-12-24,S-033,P-003,4,0
c2f4ef0d-a1d4-4a42-9df6-8597efdd5ba7,2023-12-24,S-001,P-004,1,0
8a254761-be03-44d7-a2b7-45fb7b37dd75,2023-12-24,S-009,P-006,1,0
92ac90df-23d4-421f-8491-17c890c7c0fb,2023-12-24,S-001,P-007,1,0
40ab4976-13f3-4f2e-bdb4-6f2dffbb0e92,2023-12-24,S-003,P-003,1,0
4c32449a-6456-43fd-9403-7247906e9e99,2023-12-24,S-019,P-002,10,0
eab8af05-25b0-4e19-b490-941f2d6d6307,2023-12-24,S-014,P-003,2,0
c5578a8d-159c-4838-8817-e8040e6a3be2,2023-12-24,S-031,P-003,2,0
5741d2ee-6275-4049-aae9-ac17dc388605,2023-12-24,S-029,P-004,1,0
041945e5-2c92-43b1-be26-b7bea7df74d4,2023-12-24,S-023,P-005,1,0
7e9cd2d2-7323-4230-848f-e13dd48b27cf,2023-12-24,S-049,P-003,1,0
ee0dfb07-bbef-433f-b3c4-9d9225553154,2023-12-24,S-050,P-006,1,0
dcc7bc37-3b8a-41eb-afad-a2ba8a20f212,2023-12-24,S-030,P-006,1,0
d692fb30-f58d-4e55-ab8f-265f59bc62c9,2023-12-24,S-050,P-004,2,0
42b3667d-97f8-4a3e-b3de-e366d52ae7a5,2023-12-24,S-038,P-004,2,0
acaf68d5-adee-40d1-9a4d-d9a1bf5c782a,2023-12-24,S-033,P-003,1,2200
a0718d60-66ff-4476-8e2e-728a8338a9e5,2023-12-24,S-018,P-007,10,0
3ea882b8-3f5d-406b-bebc-c39ac5cf1702,2023-12-24,S-023,P-006,1,800
d32412f0-7843-4a7c-8063-e4d04a82a8a7,2023-12-24,S-028,P-001,2,1400
354fdd7c-8cbd-4e67-8614-8358aff0f698,2023-12-24,S-044,P-002,5,0
36bbace9-2997-4493-87fd-a18272995df2,2023-12-24,S-025,P-006,1,0
bd8d286f-86a5-4089-bd64-2853375ea1de,2023-12-24,S-050,P-004,1,0
ab4fa26f-b035-42c0-855c-8d1450f928df,2023-12-24,S-049,P-006,2,0
3dac22f0-43e7-43f9-a123-8c0f1f84b3ea,2023-12-24,S-040,P-003,1,0
cf1b3fc7-536f-457a-9a81-db91f0359250,2023-12-24,S-049,P-006,1,0
e5149986-3d63-4cb5-b057-e5bf5f2b878c,2023-12-24,S-024,P-001,3,0
7c005cb4-178e-4261-81a4-9aef019e6a6b,2023-12-24,S-005,P-002,3,0
be6518f9-e870-49d4-9a02-015714cb3cc0,2023-12-24,S-011,P-003,2,4400
d4db35bf-b191-4cc1-b15e-f19fd6f3f570,2023-12-24,S-028,P-002,5,0
3e687270-f417-4ff6-bc29-9372322d162f,2023-12-24,S-042,P-006,1,0
a5365cc5-d155-46f6-a619-738693791643,2023-12-24,S-010,P-005,1,0
dd51a83a-e49e-45cd-a61f-79ae65c3d055,2023-12-24,S-025,P-001,1,0
b9c0af32-f0b2-4bf4-be55-3543267d9d64,2023-12-24,S-034,P-005,1,0
53c06dfe-e715-494a-9e39-819d92bdc32a,2023-12-24,S-032,P-004,1,0
9e040df5-e861-493f-bef8-a572455d6b76,2023-12-24,S-026,P-003,3,6600
c6d637de-1ffc-4c27-b1e2-70ea6e81b0b8,2023-12-24,S-023,P-002,1,0
5017244f-0eb0-45bc-9e75-13da4700a856,2023-12-24,S-029,P-002,2,0
9f13973e-79ad-4d3b-a566-bb063913c7a8,2023-12-24,S-019,P-007,2,0
84abca22-74b6-4592-99ba-7a480a6babe2,2023-12-24,S-040,P-003,2,0
7f5f0a3b-7d56-48ca-9e67-6813e0688a16,2023-12-24,S-005,P-001,10,7000
38ebd322-e5b4-49b4-81f9-d8d40e32abdd,2023-12-24,S-036,P-005,1,0
93cd6fa8-4f39-4673-aa51-26510f2ce30d,2023-12-24,S-004,P-007,1,0
243808ca-ba84-4374-8a58-e51dbad26e01,2023-12-24,S-012,P-006,2,0
82e823a9-c0ec-4e16-92b7-e1440ddfadb5,2023-12-24,S-014,P-007,1,0
957c1ce1-7b31-4fd5-8d90-aba8a389b539,2023-12-24,S-024,P-007,1,0
c4041cdc-be1a-44cb-ab2e-641eb31ed9af,2023-12-24,S-032,P-006,5,4000
8c076853-f720-493d-965d-b767dae679a1,2023-12-24,S-025,P-005,1,0
f89ce2ad-a852-43ca-bb08-cab3d67fd97f,2023-12-24,S-047,P-003,1,0
fbd68f2e-4979-49f0-bb2b-7512d7f9b1e4,2023-12-24,S-027,P-002,1,0
264ce653-b70a-489a-8daa-2226a518e60d,2023-12-24,S-034,P-003,2,0
084077b3-1cc1-4625-bd4f-2d854d72cf4c,2023-12-24,S-036,P-002,2,0
972cf778-edbc-4965-8d5b-aefa24492a98,2023-12-24,S-021,P-005,1,1050
3605213f-e2f0-4a00-8f9b-4737256fba17,2023-12-24,S-018,P-005,3,0
1c6e5e8d-1c09-48e7-87fd-29743c1c82be,2023-12-24,S-035,P-007,1,0
ff5c0a62-8b4c-490b-ab8c-bdafa194bf6d,2023-12-24,S-006,P-003,2,4400
29bbfe65-662d-426a-af04-1123db3341ef,2023-12-24,S-046,P-004,2,0
fdb7a1a4-a5ca-4852-8ec8-ad1cc6fa01ea,2023-12-24,S-008,P-007,1,0
15312ccb-ebbe-4239-af28-58199eb0c680,2023-12-24,S-037,P-001,2,1400
661933d1-265d-4677-8376-ee14830b73e0,2023-12-24,S-038,P-006,1,0
33735327-1b6a-40bd-8d03-f860b6e2fa7a,2023-12-24,S-023,P-005,2,0
45a5f24e-a6a2-4301-9198-8dbb1c093996,2023-12-24,S-041,P-004,3,0
84ccf606-d4f2-4149-b31b-942c85cc4f74,2023-12-24,S-023,P-001,1,700
6db8eeb0-bc49-4d36-b43f-67f7b5a64793,2023-12-24,S-010,P-001,2,0
111edde5-f3c9-42ed-86da-530199f1194b,2023-12-24,S-044,P-006,4,0
70dc6562-8bed-437c-a140-54be9eab2aed,2023-12-24,S-037,P-007,2,0
9777b31b-1c65-47ee-a0c4-bac5364b102b,2023-12-24,S-017,P-001,24,0
b3888cf0-9fb9-4e5f-8963-74a6ce72e3dd,2023-12-24,S-023,P-006,1,0
321b521e-db82-4673-bf06-0c4edebd5be7,2023-12-24,S-030,P-003,4,0
471517bb-d108-4174-8225-ad2f7f796fa2,2023-12-24,S-027,P-006,2,1600
4aa655d4-8b46-41a5-a9b3-cc1a17cc710b,2023-12-24,S-028,P-006,4,0
a985fcc6-0fff-466e-aa21-dacc2b3af798,2023-12-24,S-031,P-003,1,0
fcf8ceb6-ff8a-4eeb-b178-0e72876f358b,2023-12-24,S-008,P-004,1,1050
a2c7d477-68f8-4cac-806f-1f45d2648f77,2023-12-24,S-005,P-005,2,0
6a24274d-d1a8-4493-b088-5707d2493b99,2023-12-24,S-011,P-002,1,0
9de527c0-47fa-4953-b776-92094372b028,2023-12-24,S-004,P-001,1,700
5d70e568-8ff7-40cc-9fdf-12b6f92de871,2023-12-24,S-043,P-002,2,1900
febdf6ab-798c-45e6-b52f-5969ddc39799,2023-12-24,S-002,P-002,1,0
619b1f18-6caf-433f-a2b0-b2da312a96cc,2023-12-24,S-047,P-005,2,2100
39fe58c8-35c2-40c8-be6b-c30ebc0e5fd0,2023-12-24,S-029,P-006,1,800
261a187a-2f48-4568-8eff-8e8f3555b340,2023-12-24,S-035,P-003,5,0
68cca0ea-2083-473a-97fc-0d5b7a4fb4e3,2023-12-24,S-028,P-007,10,0
23a7c5c4-3eb7-4561-a50a-ea857d9d6fcc,2023-12-24,S-045,P-002,1,0
975da164-3459-4995-9d74-2894d185c4f0,2023-12-24,S-001,P-007,2,1800
de2b5b3b-e0e3-4efa-a89c-2b43f6acd542,2023-12-24,S-005,P-005,1,1050
d22038ea-dc23-428d-84a9-fbde832243ff,2023-12-24,S-050,P-003,1,0
9271a7f8-f767-4d2e-be78-0043b748c9b6,2023-12-24,S-024,P-006,3,0
98db646d-11e4-4579-b823-d0cabc9f9c22,2023-12-24,S-012,P-002,2,1900
dde0504e-3976-46c1-82dd-f5822b2b40f8,2023-12-24,S-010,P-004,4,0
c0404c90-4eb7-4874-9501-ca926446c04c,2023-12-24,S-006,P-002,2,0
d39b3999-dff5-4eb1-8642-9f9173eefd44,2023-12-24,S-044,P-002,1,0
1ef92dcf-76fe-43c7-9476-0b72b78fc496,2023-12-24,S-041,P-004,10,0
72182f15-59fc-4898-82cb-5cf590ca44a0,2023-12-24,S-046,P-002,2,0
a222b2e2-3247-4b18-bca9-a93992c434ea,2023-12-24,S-017,P-004,1,0
368c7767-6150-408d-bae5-27770e82d9c1,2023-12-24,S-022,P-007,1,900
2b61100e-8c6f-42b4-ad6b-78adbce9bdcd,2023-12-24,S-020,P-004,3,0
176de6e0-d9f1-404a-a75e-6e79407dbaf4,2023-12-24,S-043,P-005,1,0
6eea1cd8-20c6-4edc-8244-35ba32a90b4a,2023-12-24,S-014,P-004,1,0
ede57e02-ecc0-468f-b61f-228eb399a03c,2023-12-24,S-050,P-001,4,0
bcf16b1d-1356-47b5-a61a-571466341c6d,2023-12-24,S-038,P-001,3,0
819d8f51-d01b-46ee-988f-843462a3e81f,2023-12-24,S-025,P-004,5,0
e76e8c8c-f62b-4c1a-a833-1cd128a9f24a,2023-12-24,S-012,P-002,2,0
6b02152b-a425-43cc-aa08-63460badd933,2023-12-24,S-042,P-004,2,0
3d5dce50-4437-48bc-9c53-acbdf2430e21,2023-12-24,S-002,P-005,1,0
ff6a1084-c8dd-436c-89c7-b4de2a930ca8,2023-12-24,S-016,P-002,4,0
f781e537-baa8-4cbf-9f5b-a583d69bd432,2023-12-24,S-002,P-005,2,2100
f683d9b1-590c-470a-af44-1d3c9a64f1ab,2023-12-24,S-044,P-005,1,1050
8add0776-5b69-4d47-8059-c214b150a0e5,2023-12-24,S-046,P-007,1,0
9ee8d3c2-b3e9-43c9-88a0-097ffd6ee268,2023-12-24,S-018,P-005,2,0
759a6bad-eeb6-4caf-b829-2e8496d35e49,2023-12-24,S-011,P-006,1,800
4b375247-8046-41e5-be10-c5944c0e788c,2023-12-24,S-047,P-006,1,0
b63ca47f-6e74-4010-9c8a-343deafb1d6f,2023-12-24,S-004,P-002,1,0
775d30d5-65da-4d4b-8da0-baaee6167540,2023-12-24,S-049,P-005,5,0
06dbcb37-123b-4514-95af-7f55ef56ca18,2023-12-24,S-025,P-005,5,5250
2187d951-f7e2-4a80-ad4f-df985b32198e,2023-12-24,S-047,P-007,1,0
c2ed0d38-db15-44d8-97eb-7b2459138d82,2023-12-24,S-015,P-004,1,0
6aa44431-1992-49d4-ba3b-db25f36ce74a,2023-12-24,S-014,P-007,3,0
fb794744-9866-421b-a55d-309bd2ced030,2023-12-24,S-023,P-001,4,0
6f7e7b1e-c8c3-4c79-8445-5829c5a279d9,2023-12-24,S-005,P-005,1,0
1e592700-0153-44d3-a299-a6e846b8cb21,2023-12-24,S-022,P-002,4,3800
64b50119-b129-456b-ba2b-c5687e859979,2023-12-24,S-047,P-002,1,950
c8d4b64d-fa11-4360-bcf3-0e9dbc5c3550,2023-12-24,S-015,P-004,1,0
f5b5008c-467d-4903-9d42-d209e96dc62d,2023-12-24,S-036,P-001,1,0
4618d00a-cdf3-4f2a-99c0-42beeb98693b,2023-12-24,S-047,P-004,4,0
eff08108-f79c-49aa-a248-1a8ddf163e8a,2023-12-24,S-041,P-001,1,0
e0004241-835c-479e-ad4f-a1b00a0c0a1d,2023-12-24,S-050,P-004,1,0
873e1ac0-3159-428f-a2d1-d22744eb51cb,2023-12-24,S-002,P-004,5,5250
52804d6b-f9e3-462c-9824-a5fbf1dd346d,2023-12-24,S-007,P-003,1,0
dfc04854-9c2a-4e6a-a376-9784f66b6bc3,2023-12-24,S-003,P-007,2,0
14e34ba8-2e9d-411a-86b6-5fa7eb315969,2023-12-24,S-038,P-001,1,0
f19fd8c3-f0b0-4bc4-a2d8-0d86fb1a18ae,2023-12-24,S-032,P-003,1,2200
12d7dd6c-0a66-46fd-9992-9a5805fc1db1,2023-12-24,S-041,P-002,2,0
dd2feb18-e2e6-491b-bb09-d5ee8e3aeb7b,2023-12-25,S-040,P-006,1,0
785fc4ca-c70a-4953-90ad-106a77cfe417,2023-12-25,S-004,P-005,2,2100
cb60323f-037e-4b40-966b-5d6b9e8432d9,2023-12-25,S-049,P-003,1,0
d4688000-f0ab-451b-b13f-c47f7da9f481,2023-12-25,S-030,P-004,4,0
4cb66667-e49f-4141-955f-17c9a19a3260,2023-12-25,S-034,P-006,1,0
12438e25-d6a6-44f8-b772-4008401c6f39,2023-12-25,S-026,P-006,2,0
ae696bf5-564f-4eb1-91f0-786f3331d084,2023-12-25,S-007,P-004,4,4200
995e91cb-3c36-4030-9102-4e09b517f3dd,2023-12-25,S-002,P-007,1,0
4cf16ca4-c6cc-4f41-8112-6ce2227af167,2023-12-25,S-020,P-004,2,2100
7dfe8a84-6cf2-496a-add4-b43f59a3ddb3,2023-12-25,S-022,P-004,3,0
bf68ad10-2a5a-493a-9c29-20fee93622df,2023-12-25,S-003,P-006,2,0
b5bde8ae-215c-4db3-a337-3cb73f13f0ad,2023-12-25,S-032,P-003,1,2200
41fe0e52-b696-4857-aadc-c5a466599ea6,2023-12-25,S-023,P-006,1,800
19e2b3e7-c692-4a58-b794-785af41afc7d,2023-12-25,S-017,P-002,3,2850
6e73a5a9-8dac-4ffd-9124-4e41ba4b62eb,2023-12-25,S-008,P-004,1,0
7680d251-e6cf-4f2c-85f6-a8b0cf8363df,2023-12-25,S-039,P-007,4,0
fc2b8302-6f75-4737-a744-ed4853e42595,2023-12-25,S-047,P-006,1,800
27e96ff3-ca58-4761-9010-036dd9ff8d38,2023-12-25,S-010,P-006,1,0
956fbc61-e600-4022-a4a9-d65444ca78e6,2023-12-25,S-013,P-005,2,0
d020cc99-f0c0-4cca-96d2-e071b40287d5,2023-12-25,S-004,P-002,4,0
0b0d2f5c-380f-4341-b22a-540d506909ab,2023-12-25,S-047,P-004,1,1050
736edb9a-0fd3-4115-8d36-86ee4f1ab1c1,2023-12-25,S-009,P-007,3,0
0dc2b5df-38f3-41a6-b206-9b9f3a9fbd2e,2023-12-25,S-027,P-007,1,0
2653879d-dab7-414f-b476-a1aa096c5a76,2023-12-25,S-015,P-007,1,0
704a7eec-5011-4440-afe6-8d7720a11e30,2023-12-25,S-009,P-007,1,0
2ecc5a54-7013-45b7-af40-db6f77b4698c,2023-12-25,S-007,P-005,1,0
ef4616d0-201f-4984-b086-f76892414103,2023-12-25,S-023,P-007,1,900
375355e1-3d81-4901-854c-39d69bc9f7de,2023-12-25,S-046,P-007,2,0
485ff202-2811-4e6a-a165-850f7a6b59c1,2023-12-25,S-014,P-006,1,0
693164ee-5152-4fdd-a7ee-2291666897e9,2023-12-25,S-025,P-006,2,0
ccdeef54-ffec-44c8-acb7-d8c971b20a32,2023-12-25,S-023,P-006,1,0
cb3bc117-026f-4271-8093-c83a7db37e98,2023-12-25,S-049,P-006,5,0
63d0f8e4-0cac-4f19-9ac1-8a654e0fe907,2023-12-25,S-040,P-006,3,0
dd57fd68-c9d9-4d1f-bc22-6825fe3d9694,2023-12-25,S-018,P-002,2,0
ba254054-d21b-48ff-9395-c315c26888bf,2023-12-25,S-007,P-003,1,0
de154a60-fde6-4b25-a064-88a4942d0637,2023-12-25,S-025,P-006,1,0
82596628-6e70-43ef-9d72-04a96f410aa8,2023-12-25,S-019,P-002,1,0
18baffbe-80b7-4e20-8943-f5723b0c2cb3,2023-12-25,S-034,P-006,2,1600
14e400fe-d112-4c9f-8833-04e87fe2a3c2,2023-12-25,S-023,P-002,3,0
60b49aa4-4f3c-449f-90b2-01ab4c113888,2023-12-25,S-009,P-001,1,0
4500da5a-971c-48d1-9ea1-175329f9341b,2023-12-25,S-036,P-005,1,1050
08c30184-2839-4509-8c61-2eaac6a285b3,2023-12-25,S-011,P-001,2,0
9ee1f2ca-51a5-4f5e-9275-995ae5cec569,2023-12-25,S-009,P-005,2,2100
a27851f0-9621-40aa-8d3e-b861613fe871,2023-12-25,S-010,P-005,2,0
e6809ae0-cb69-4717-8565-40fc9b5331a7,2023-12-25,S-044,P-006,1,0
366a7f8c-8d30-4492-9fe6-d66a48dac59c,2023-12-25,S-013,P-006,3,2400
5f9fe499-ff41-4752-bcdd-c0d2299e4989,2023-12-25,S-033,P-003,1,0
b0c06fae-1b31-4223-b518-01513f92a6de,2023-12-25,S-026,P-003,2,0
1313bc29-6c72-4f97-876f-23107b69c9ce,2023-12-25,S-017,P-005,2,0
89997967-1558-4b0f-9404-5bb8fb9cf4f6,2023-12-25,S-023,P-003,1,0
c86bd656-9c4c-4668-ad19-03149e91e075,2023-12-25,S-030,P-002,2,0
3ae11623-a74e-497c-892b-3412db4beb2f,2023-12-25,S-026,P-006,5,0
6ff41a42-e13f-40c1-8d0a-4a7631f93d52,2023-12-25,S-023,P-003,1,2200
49c43e1c-7333-445b-ac69-01d58e8112a6,2023-12-25,S-048,P-003,4,0
a25c4e10-9621-4919-b2cd-a6320a6798bd,2023-12-25,S-004,P-007,1,0
adb1dca8-cc77-4137-9c76-444f9ec42670,2023-12-25,S-042,P-001,4,0
e4051b80-f5e4-4c49-9b8f-03303f430e40,2023-12-25,S-043,P-003,24,52800
e0f7f2a3-3ac2-4baa-a0b4-58ef75d37ad9,2023-12-25,S-032,P-002,2,0
d9b0d579-8077-4c66-9727-64c31c940482,2023-12-25,S-049,P-005,1,1050
5a78e502-d08f-406a-b7db-cb8c22fae390,2023-12-25,S-031,P-001,3,0
e1e9698e-8753-4a42-b41b-78ee91e021c2,2023-12-25,S-020,P-005,10,0
11c7296c-a961-4c64-97ad-a63f288011a7,2023-12-25,S-016,P-001,3,0
26af76e1-08ea-49d8-a0fa-12ea4f52d93b,2023-12-25,S-021,P-007,1,0
2a75ee3f-9582-48cb-bd4c-0b1cf50ecd63,2023-12-25,S-028,P-004,3,0
29fe1891-d611-4e75-8ae9-652ead9551b0,2023-12-25,S-039,P-001,1,0
068f8c9c-58da-4189-99e1-1cfd549e6f44,2023-12-25,S-049,P-004,3,0
4109327c-b65e-4fde-a964-905e88febeab,2023-12-25,S-019,P-003,1,0
65f0b65b-8139-43f0-89aa-9ed9ba27c2fa,2023-12-25,S-037,P-007,2,0
3535de82-c54b-4b89-8f98-3e75c695efa2,2023-12-25,S-041,P-004,2,0
685371c4-f652-4519-a015-dc42dd71c889,2023-12-25,S-018,P-004,1,0
8caf14bf-a686-4942-ba8f-30e2f1e9c434,2023-12-25,S-006,P-002,3,0
61d6e85a-da6d-417f-a984-407da9ea390c,2023-12-25,S-022,P-003,1,0
5c8d02ff-d962-492c-a10e-9a3f12e4568d,2023-12-25,S-023,P-005,1,0
400d1f5c-396e-4254-94ba-46af13628af2,2023-12-25,S-047,P-001,24,0
3e0c633f-1a25-498f-885d-33fb24005083,2023-12-25,S-038,P-002,5,0
869e934a-e0e7-43fa-a210-92bff978aecf,2023-12-25,S-037,P-003,2,4400
9fdde93a-3319-473c-879f-87098bfef9c6,2023-12-25,S-045,P-007,1,0
538970b6-1a64-470e-bdc8-2699ad53d765,2023-12-25,S-018,P-004,1,0
09f37823-12b7-43d0-89ec-d486c9463dbc,2023-12-25,S-044,P-003,1,0
170d182b-791a-4ea1-a3b2-d74e1514d9cf,2023-12-25,S-025,P-003,2,0
a097b5cb-6fda-4908-968b-063df3958f72,2023-12-25,S-039,P-006,1,0
ecb27925-d3a6-4f8b-afe3-6de3b1418745,2023-12-25,S-050,P-005,1,0
1ac99a5b-fc43-435e-910f-c9837044ce09,2023-12-25,S-046,P-004,1,0
837d9912-0c99-4a83-9410-c353a4ca81dc,2023-12-25,S-012,P-001,1,0
370fe39a-10f0-4c95-af1f-7755396610c9,2023-12-25,S-013,P-007,2,0
aa3d63ab-6364-4e99-8b67-70d1b7b4fc4b,2023-12-25,S-017,P-007,1,0
cf1993dc-3aac-4c74-91df-d86a4e07ee40,2023-12-25,S-024,P-001,2,0
9d68ff2e-bc85-4e0e-8e17-f586f9d6cf27,2023-12-25,S-025,P-004,4,4200
63926caa-1362-437e-bd9a-19f5cff2bb89,2023-12-25,S-045,P-001,1,0
d01b436a-5f0a-48cc-a8d7-c75f46655bfe,2023-12-25,S-037,P-006,1,0
3c1573cf-a082-4ecc-8531-385f8631b1f0,2023-12-25,S-045,P-004,1,0
b620833d-99e9-491c-9b86-b648bfe9f79f,2023-12-25,S-041,P-005,5,0
a566ad60-bd22-47b6-b5bc-c1556c44fe60,2023-12-25,S-012,P-004,2,0
ab0caad2-2e26-4b15-92e5-7b11544bc619,2023-12-25,S-005,P-006,1,0
efb7fd1b-160b-4db9-a8fb-b7266ea684e7,2023-12-25,S-005,P-005,2,0
4971d52a-83f7-4724-8679-dcb9f242372c,2023-12-25,S-038,P-002,2,0
c7357cd1-f03b-4c61-996c-ca507c585338,2023-12-25,S-004,P-005,2,0
225aa014-8c9a-4532-b57f-9e4fc010f8be,2023-12-25,S-019,P-003,2,0
b6b8da55-e1a0-46e0-a7c0-edc02cbc7050,2023-12-25,S-038,P-003,2,0
4b3187c3-f5c4-4d23-934c-97eeb44a1075,2023-12-25,S-039,P-007,1,900
9877a4c4-f75d-4a50-bcfa-45dd4fa6ca81,2023-12-25,S-016,P-005,2,0
c618a9c3-6e1e-49a7-8769-9b10ab5cd947,2023-12-25,S-050,P-005,1,0
43a5ddbe-9683-45eb-b1cc-0f2ba86f2972,2023-12-25,S-045,P-004,2,0
85c8fc55-ef80-4f66-af6a-2d4c3c2ec832,2023-12-25,S-004,P-004,4,4200
02fd65fc-1bf4-453a-b99f-9f35297f4efe,2023-12-25,S-010,P-006,4,0
989afdb7-bc87-4d2b-8e1c-933df93cbdde,2023-12-25,S-013,P-005,1,1050
94e15bad-3741-45ab-b579-13bddc7c7ddf,2023-12-25,S-047,P-007,3,0
07401886-19cc-497a-ba69-812ef4474d86,2023-12-25,S-016,P-001,3,0
f91c1f25-da32-46b8-a586-a959555a1f51,2023-12-25,S-044,P-005,1,0
c47c0058-fbba-4873-8dd3-3598f64d4ed4,2023-12-25,S-002,P-002,1,950
38a11ac8-249b-4681-af58-290a4127b503,2023-12-25,S-047,P-005,10,0
10dbb69e-8fcd-49a6-b5a5-98420c91511d,2023-12-25,S-010,P-005,4,0
671b35b4-719e-4c15-986c-41835c918e30,2023-12-25,S-007,P-005,4,0
52ecce39-b940-4387-a075-5e5685ca530c,2023-12-25,S-048,P-003,1,0
09e55256-1c27-4281-b9da-1dd99440780c,2023-12-25,S-049,P-003,2,0
e6c8706d-2703-40e7-8a52-a73c309495f2,2023-12-25,S-041,P-001,3,0
5e4d76d5-59ef-4ac8-a0c3-f97de8fa3325,2023-12-25,S-003,P-005,1,0
e7ace4e6-17c3-4d69-a538-764450215a54,2023-12-25,S-033,P-004,4,0
480fa512-c89e-4beb-bf4b-3d28cbd90447,2023-12-25,S-032,P-005,4,0
07929a2e-3d61-4896-b98e-bbbaeb55387c,2023-12-25,S-005,P-004,1,0
ce886931-8030-4547-92b8-c72f92374147,2023-12-25,S-034,P-003,4,0
6e04d5dc-15b1-454a-8c6b-b473f6e96a63,2023-12-25,S-044,P-003,2,4400
156596b0-76f1-4fb8-b1df-5575d0ceb08d,2023-12-25,S-037,P-007,3,0
fc86a7e4-6794-4a62-a552-936ea236aa6b,2023-12-25,S-047,P-002,1,950
80aaaf68-59df-4390-a7a9-9772c9b1aa29,2023-12-25,S-040,P-006,1,0
60b1418d-cec1-47e9-bdd6-f148121f46ae,2023-12-25,S-050,P-003,1,0
6a1dea6d-3665-4eef-8a94-3cd20c1e6dab,2023-12-25,S-014,P-004,4,0
914af413-1254-458b-8a5c-17ed1ec18d79,2023-12-25,S-020,P-007,4,0
09fa7264-b33e-4b61-9258-f97d1df3fc3d,2023-12-25,S-018,P-004,5,0
f4f2daae-c67c-499d-9cea-0fa2a7147d64,2023-12-25,S-037,P-007,2,1800
53a9adb2-9988-43a5-b3b0-32ef673661f1,2023-12-25,S-018,P-001,5,3500
32b0a3b8-5350-4b0f-b523-853598598779,2023-12-25,S-030,P-006,1,800
50cafc90-771c-478f-8717-50e3dd9eb8a8,2023-12-25,S-021,P-002,1,950
54da0655-5fd1-4eea-b317-fa382651b199,2023-12-25,S-043,P-001,1,0
eb9192f1-cf1b-46f3-ae6f-aa9ed40f1f33,2023-12-25,S-039,P-003,1,0
0889550e-fece-4c14-9d2a-bb8f88bfb94e,2023-12-25,S-021,P-004,1,0
cb328370-d3de-4d3d-839e-0a9e1ac3f9d9,2023-12-25,S-030,P-003,1,0
dd632185-ef7f-4ffb-ad89-2538b2305d41,2023-12-25,S-018,P-003,1,2200
f1c1aee6-cb8b-4edc-a8b3-2fb6ea17d2ab,2023-12-25,S-021,P-002,1,0
721b21cb-625f-4fe6-b487-ab102eff34b2,2023-12-26,S-005,P-002,1,0
fae578d0-5b36-4502-b21c-484a98b14734,2023-12-26,S-023,P-007,1,0
7c582295-09e3-4198-891c-acac4920f39f,2023-12-26,S-020,P-005,1,0
5cef07e0-d137-45ec-b48d-db6512498c52,2023-12-26,S-033,P-006,4,3200
41b89815-9ff5-458d-96a2-d87efaeceb5c,2023-12-26,S-007,P-004,10,0
80f5cfb6-0c16-43e1-bec9-b58f466c8c65,2023-12-26,S-050,P-005,1,0
5bd80471-d4c4-4166-8789-ecf58f250e11,2023-12-26,S-035,P-006,2,1600
e124ea8a-de52-42b8-9a55-9da70fa4a81d,2023-12-26,S-041,P-002,1,0
2ce62b5b-ce8b-4f58-8c8e-e627419fd839,2023-12-26,S-040,P-005,1,0
a471fe63-8f25-4118-b870-7d449d000c6e,2023-12-26,S-030,P-007,2,0
c58a86b3-4a38-4978-be0b-8a049e84952c,2023-12-26,S-049,P-004,2,0
899cd98c-2e54-43bc-9912-d3126c893693,2023-12-26,S-039,P-005,3,0
25da1982-4ef6-4d40-a48b-a5b3109f4c07,2023-12-26,S-043,P-002,2,0
384029f5-b642-4fe4-89ee-84df96d52f75,2023-12-26,S-004,P-005,2,0
e1c6c92d-b133-4c2e-850f-bab21b15d994,2023-12-26,S-010,P-001,10,0
d3cac9ed-a6fc-4106-9b33-b0b3a0c95c18,2023-12-26,S-040,P-005,4,0
e8643c8a-385f-422b-80a9-c5c5ecc9827e,2023-12-26,S-050,P-005,1,0
4042fb4f-0c47-4bb0-8936-2da222af34a8,2023-12-26,S-009,P-007,2,1800
ebd88484-f965-43b5-a17a-5f47811671a8,2023-12-26,S-022,P-003,1,0
711d0fb1-d922-47ac-8e22-3cb9fa6e12bc,2023-12-26,S-021,P-001,3,0
a65ecfec-c423-401b-88aa-5c4eb2039a44,2023-12-26,S-008,P-001,1,0
4f1ffea7-08f5-4843-b7e4-7843779027a6,2023-12-26,S-030,P-005,4,0
1a37a8e1-21a9-462f-9689-9b458086cb3d,2023-12-26,S-030,P-005,24,0
4a82f2f3-8a87-4517-ab59-5b5a2e4ecf41,2023-12-26,S-006,P-006,1,0
17b1bcc4-cd07-466b-8227-2d2b41f50928,2023-12-26,S-043,P-002,2,0
0d2ab014-1172-4871-aea4-6cbb7eb2ec46,2023-12-26,S-049,P-006,24,0
d072c120-000b-4f02-9356-09f7a1cec752,2023-12-26,S-006,P-003,1,0
7f917a63-cc11-4c69-b9ee-b9c0d682a0c6,2023-12-26,S-029,P-004,2,0
00efde81-9e39-42b5-b48c-4e089dec82f5,2023-12-26,S-027,P-006,2,0
29101fb1-9644-4f76-9506-b948d8464899,2023-12-26,S-014,P-004,2,0
ec8c26e2-a14e-479e-904b-651bead360ee,2023-12-26,S-042,P-006,1,0
5d60ef1c-78be-4aa5-b11a-2c9b178d1b7b,2023-12-26,S-041,P-005,4,4200
3bbfccde-2f03-4f56-b084-99834b2adc46,2023-12-26,S-032,P-002,2,0
b45aab01-642e-4598-a026-9bf15075a458,2023-12-26,S-046,P-005,5,0
9968e58d-1191-40aa-8e1d-84772e1cab8b,2023-12-26,S-030,P-004,3,0
1d39e42e-ee06-4252-97a5-e33a7a193fe4,2023-12-26,S-014,P-004,1,0
4b3023d1-4d2a-48b8-b7d4-23e7dcced30a,2023-12-26,S-012,P-006,1,800
bb25c7fa-5d79-4beb-9914-704e4e56daef,2023-12-26,S-028,P-005,3,0
e54af972-b2d4-4839-8e40-e9be85d98d6e,2023-12-26,S-021,P-004,2,0
81ca4572-d934-4d9d-8584-0cc05c714018,2023-12-26,S-020,P-001,1,700
b467fa6c-81c7-437f-91b0-a46bb09b033d,2023-12-26,S-009,P-007,1,0
12b78157-8788-4e26-b3fe-3c9df9d8ef08,2023-12-26,S-010,P-004,2,0
87797958-5cb0-46ec-9565-b147f5b92e3b,2023-12-26,S-016,P-007,2,0
3ad238d9-8557-46a3-9480-20eb26f33db8,2023-12-26,S-002,P-006,5,0
369ac4c6-99dc-46d4-8ffd-fcadeb9a7609,2023-12-26,S-044,P-002,2,0
9d442186-be77-493d-bb76-6fa7b6e74409,2023-12-26,S-048,P-001,5,0
864a0e49-274b-4aef-baf9-859344b0b704,2023-12-26,S-025,P-007,1,900
5f18655c-23ae-46ed-ac33-847f86e5b8e7,2023-12-26,S-026,P-003,1,0
6bc019af-4050-4f1f-8ea8-f766a1a187c5,2023-12-26,S-030,P-003,10,22000
a939f7a4-3469-4cf2-886e-a5160e5dfab5,2023-12-26,S-012,P-007,2,1800
b0351e2c-4174-48b2-a8b2-24711a5e08a6,2023-12-26,S-020,P-001,1,0
73f6dc24-deae-4b7b-80df-a87d25a53112,2023-12-26,S-004,P-001,2,0
aadf1ed3-5543-486c-87dc-1ab67d7d3f72,2023-12-26,S-041,P-003,3,6600
11b1ce0b-6cfc-41e7-874f-0bcd27d827a1,2023-12-26,S-043,P-005,1,1050
4a7c6b57-ec79-4c65-9033-16197dcfd75e,2023-12-26,S-004,P-003,1,0
94b5831b-9a0b-4218-9163-2ee1915bb41d,2023-12-26,S-025,P-001,1,0
b0fb8625-3416-438b-969c-cf7f38eb1f77,2023-12-26,S-026,P-003,1,0
da48df1e-2e68-4ca0-883c-b376d31e357a,2023-12-26,S-030,P-007,5,0
ee49ba28-4381-423f-a0a1-87deb917c88a,2023-12-26,S-020,P-002,1,950
f337590e-217f-4422-819f-39ccfd567da3,2023-12-26,S-005,P-003,1,0
a2bb6534-459c-46dc-a3d3-4bb98b0d2fbb,2023-12-26,S-022,P-005,1,0
7333579e-ab8c-4ff2-ae99-84c117b376ef,2023-12-26,S-017,P-001,1,0
13908561-3e80-4a38-957b-9edae49461b1,2023-12-26,S-019,P-002,1,0
1f20bd0f-84a5-430a-8cd8-8ca97871f8fc,2023-12-26,S-005,P-004,1,1050
09a6e302-a5fa-4109-bf8b-beee2d69c0a5,2023-12-26,S-016,P-006,1,800
5a348c71-c38d-4649-ae15-9332f137ab47,2023-12-26,S-017,P-002,24,0
0978b4c6-a0fd-4cac-af04-f5769a151679,2023-12-26,S-016,P-002,1,0
fb6512f7-7d4c-4277-bf3f-b68d75cbf6c1,2023-12-26,S-030,P-006,4,0
e866ac47-33da-451d-a1b3-e9cf7c0d5d89,2023-12-26,S-025,P-004,1,0
50817f7a-c5ea-4fb7-98fe-5cecea2c8ab6,2023-12-26,S-036,P-005,2,0
b00b97e8-9635-4dcf-a5bc-432cce982309,2023-12-26,S-025,P-005,1,0
03905e87-b1c1-4282-bc0a-60a6c8cae359,2023-12-26,S-049,P-002,1,0
c70860d1-7c17-4b68-90aa-81190c44c420,2023-12-26,S-047,P-005,1,0
3b24c949-2d7b-4c60-9ea6-266df6981a90,2023-12-26,S-043,P-004,1,0
2aeba1ad-5bd1-4149-ae7e-4e3c8662d50f,2023-12-26,S-040,P-003,2,4400
78da4db6-be58-4b59-8e91-9f9866b7a1db,2023-12-26,S-005,P-002,1,950
b3869b21-8fa6-4b45-b3dd-40edf3ab09bf,2023-12-26,S-015,P-005,1,0
6a5ef329-450d-45cf-9e16-42c12f07d54e,2023-12-26,S-038,P-001,1,0
542b064f-988f-46c3-9c9a-f0c2ae999b45,2023-12-26,S-002,P-002,1,0
d7b69852-d998-48f1-86e3-bd1f875b88a4,2023-12-26,S-047,P-001,1,0
4840a6a5-576d-408e-939c-b82f2ef40d48,2023-12-26,S-029,P-003,1,0
a9e16450-4743-4b99-b0fa-da7002204f76,2023-12-26,S-024,P-002,2,0
55813a88-0df0-4b99-931f-3ec83a3f152f,2023-12-26,S-008,P-005,1,1050
75740fb7-3d4e-4be6-a809-4da435a5f621,2023-12-26,S-028,P-005,10,0
c3108cb9-f5fb-4dda-9b32-45fd7a89c194,2023-12-26,S-011,P-003,1,2200
baa0e6ed-6bcf-4427-bbd5-43dc8e2d61ee,2023-12-26,S-018,P-006,2,0
a1d4ba8d-63f0-4905-8c91-7b2cad291d01,2023-12-26,S-025,P-004,1,0
ae126212-e418-4bde-a279-e08d2b89f4f1,2023-12-26,S-004,P-002,2,0
312ea585-9b15-454d-8a19-826fc99cc4ad,2023-12-26,S-042,P-007,1,900
2f330847-0a09-4301-86e9-2b0cdfdc4c93,2023-12-26,S-022,P-002,1,0
6e3b7c9c-6ec3-4b04-a04b-e3da6d750fe1,2023-12-26,S-003,P-006,3,0
ccb7d14a-342c-46f1-85d9-29795cb79356,2023-12-26,S-047,P-003,1,0
b4a95d41-273f-47f4-bee2-c94ff01e3e58,2023-12-26,S-022,P-001,10,7000
b5ae80c1-74d9-4839-8e4e-707d8ce481d2,2023-12-26,S-037,P-002,2,0
412a3253-e85b-4473-b55c-1917c5bf1a4d,2023-12-26,S-023,P-004,2,0
7c17d15a-c9cd-415f-8b1e-4e1ebd728f5c,2023-12-26,S-032,P-001,1,0
9648dc2d-53fb-4966-89cf-910e1ebf7e8d,2023-12-26,S-046,P-007,1,0
6fc4af1c-3082-4645-b1cb-2e1d366343ae,2023-12-26,S-049,P-006,1,0
6717db45-f41b-45e9-a58a-5244948c7431,2023-12-26,S-039,P-005,1,0
90ff6c4c-8660-483f-bd75-1fcb8e011cb2,2023-12-26,S-042,P-006,1,800
3f342c02-90b9-4a44-8b51-cf51b07f9b17,2023-12-26,S-041,P-002,1,0
659c3245-f1a0-4986-8c30-bbbfe2c8f801,2023-12-26,S-028,P-006,2,1600
0f8430b6-e02a-4369-8da5-ac93dc5f75c6,2023-12-26,S-046,P-001,1,0
bb02a2e3-1c41-4979-ba25-10a3f9cfad62,2023-12-26,S-006,P-006,1,0
6d80b7c6-b488-4ffd-9035-e7d7d6168a1b,2023-12-26,S-034,P-004,2,0
7d68f6f4-2126-4be3-8183-a08d57162ce5,2023-12-26,S-036,P-001,1,0
0291e44f-fac1-4d1e-97db-b3ce62a04bdb,2023-12-26,S-007,P-004,1,0
df0e4f62-d720-4455-bcc4-54d178377815,2023-12-26,S-032,P-004,1,0
7cf0e1e1-b13b-4892-aaee-b9b52c51f16d,2023-12-26,S-005,P-001,24,0
07bb5273-37cb-4235-a30c-c74a72022417,2023-12-26,S-023,P-001,2,0
467e2543-7bd8-476e-b210-0b546ba5d7e9,2023-12-26,S-040,P-001,1,0
c669805c-5069-4474-b337-183233149df2,2023-12-26,S-025,P-006,1,0
649de2e1-7c92-483d-80d4-7c0a1c5dd5f8,2023-12-26,S-005,P-002,2,0
52f5621a-5d56-4101-a0ac-408e3af45e02,2023-12-26,S-031,P-003,2,0
33ebce4a-0958-4e4e-81a0-381d3d16eb91,2023-12-26,S-018,P-007,2,0
7a400993-2033-40c4-abbf-44371eaa3355,2023-12-26,S-034,P-006,1,0
547fee9d-164e-4351-91c2-7da5d4881256,2023-12-26,S-043,P-004,10,10500
f0c3eff3-4ab2-44c4-a18f-cc4af6f2bbab,2023-12-26,S-012,P-002,1,950
0f6aad02-3c1c-46c8-8184-4b7aefd7d58c,2023-12-26,S-045,P-006,4,0
56a81c3e-ea96-470a-a55b-ecb5926fbb62,2023-12-26,S-050,P-004,3,0
ec2b2e06-349d-46c9-b731-c799fc5fd0d6,2023-12-26,S-016,P-004,1,1050
459060bc-f92a-4555-a29c-b33dfcbd009d,2023-12-26,S-034,P-001,2,0
cd09c38f-e39b-4751-b6e1-dd3be7200666,2023-12-26,S-019,P-003,1,0
d59fc0c2-c8d8-41ea-a2f9-52551d0aeef1,2023-12-26,S-047,P-003,10,22000
36058e91-a265-4558-91af-19c9290248c0,2023-12-26,S-026,P-002,1,0
c703acc5-daa7-4fbb-93d6-378e29c28d00,2023-12-26,S-023,P-002,5,0
0f74fcb9-a3fb-4667-b4e7-1611927aa4b9,2023-12-26,S-016,P-005,4,0
2a1f8ef0-d79b-451a-a249-55b96db2596e,2023-12-26,S-022,P-002,10,9500
514fea7f-6728-4595-a2cd-7f171ee154ce,2023-12-26,S-008,P-003,1,0
b8b754b4-287e-4121-a1ba-58324586fe9e,2023-12-26,S-030,P-003,3,0
b77b7d5a-f8ea-4ad0-89fa-a0fb5a7ea3ba,2023-12-26,S-038,P-005,2,0
aca0ff8c-87c7-4e43-a92d-664b05c86728,2023-12-27,S-017,P-006,10,0
3b3eaa01-f067-429d-a866-745141b9d28e,2023-12-27,S-007,P-004,1,0
65f2bfdd-c17c-403c-8ca7-6d2e34dd4a68,2023-12-27,S-029,P-003,1,0
0388f4c0-5652-4f6e-960c-d2eb088f1917,2023-12-27,S-022,P-001,1,700
75b4b16b-987d-4c2b-b4de-b95df322b1d6,2023-12-27,S-022,P-005,2,0
4ffccd37-4004-4159-9119-eab22fbb6119,2023-12-27,S-049,P-004,1,0
e53c86f9-f674-4658-b262-da55d005c7fe,2023-12-27,S-009,P-006,3,2400
88e84564-4cb6-480e-9225-edd2a8f84413,2023-12-27,S-028,P-003,1,0
22c65bfb-4aa2-476e-a304-c6f6cceef151,2023-12-27,S-031,P-003,10,0
efe39994-d22c-4411-9766-218f0c5fbee3,2023-12-27,S-018,P-002,3,0
7f44a392-ecba-4939-9e55-352bec222109,2023-12-27,S-006,P-007,1,0
c4a9edb1-d9f5-45e5-acaf-762784d65478,2023-12-27,S-022,P-007,1,0
8c63b4b7-4580-4a6b-840a-1f703dabc079,2023-12-27,S-013,P-004,1,1050
1565eb9b-c69a-44d2-8bf0-f6b4f4b31a05,2023-12-27,S-044,P-005,10,0
81f7c326-dbe8-41c2-ae38-5e33740ce7db,2023-12-27,S-027,P-005,1,0
036247ce-c28c-49f7-be6c-56398f2b541a,2023-12-27,S-018,P-001,1,0
cb92f7d7-787e-45c1-ab13-d795f33b3fbb,2023-12-27,S-008,P-004,1,1050
c825e7f4-cd94-4e8f-81a6-0a197f8beb3d,2023-12-27,S-002,P-007,2,0
38efd73f-9a7c-4ea3-8b4f-86967eb4b3ae,2023-12-27,S-001,P-001,2,0
9655bc2d-5f50-4630-91dd-1d87d81b3258,2023-12-27,S-046,P-007,1,0
7550d0b4-be51-4fc7-9f21-8cc53d090089,2023-12-27,S-042,P-002,4,0
0154658e-7056-43c8-a83d-6e54c40be2c4,2023-12-27,S-003,P-007,1,0
0e4aa8ac-2541-423a-b92f-a3cc363e5775,2023-12-27,S-014,P-007,2,1800
c22fcc9c-338b-4e4b-95cd-601f215bc06c,2023-12-27,S-028,P-004,1,0
cb59ca27-b6b9-46e8-80cc-89e2eb59daf5,2023-12-27,S-004,P-004,1,1050
0c42633c-b839-4b9e-8a0c-ccd795bde830,2023-12-27,S-043,P-001,3,0
8d66e527-003d-4cfd-b968-3369090286f3,2023-12-27,S-035,P-002,1,0
972e74cc-5ce8-4721-9e4e-535cc4def764,2023-12-27,S-007,P-005,1,1050
28f94add-3035-48e8-9c9b-8feabc50436f,2023-12-27,S-041,P-001,2,0
5f81ea83-7406-480d-a337-c6f8697e5dcd,2023-12-27,S-016,P-005,3,0
df15d254-083c-4a2d-b24b-058fbb58ee2b,2023-12-27,S-015,P-003,4,0
73671317-0883-4919-8c46-cff549d2ba3e,2023-12-27,S-041,P-005,3,0
d1035619-e440-4710-9256-26d735dc6cc2,2023-12-27,S-044,P-002,3,0
de4fdcf7-d550-4e4b-a3fd-0bbe9dc06f81,2023-12-27,S-023,P-006,1,0
828f944b-2cd8-4da8-985e-5ffc0b392b02,2023-12-27,S-013,P-001,1,0
3882c5a0-66fd-4088-8344-af3746445cc1,2023-12-27,S-032,P-007,1,0
5800b3e4-b71e-4da0-9ab9-48dee7ed7ef5,2023-12-27,S-041,P-004,4,4200
592be802-c22e-4f45-ad78-45059bff6cce,2023-12-27,S-022,P-005,2,2100
fa119cfe-8938-4926-baec-d4dfa47db8a5,2023-12-27,S-018,P-001,4,2800
7eb45983-a732-40f3-99ed-8f44ea82b37d,2023-12-27,S-041,P-001,5,0
6621d728-31e3-4066-b0ef-74b7a88d2ed2,2023-12-27,S-020,P-003,1,0
789cea26-3cf5-4226-a781-62b07e153d53,2023-12-27,S-038,P-001,1,0
24e836a3-7da6-49d7-b5d1-0692c7882f51,2023-12-27,S-021,P-003,1,2200
62274880-96b3-4aaf-8677-4449da5cab04,2023-12-27,S-008,P-002,1,950
36733866-07fd-4e2e-b87c-fd4a1d61fb0c,2023-12-27,S-022,P-004,5,0
57c94f87-2dc7-4484-8648-edd2a2fd9daa,2023-12-27,S-029,P-003,10,0
eab38500-1dc2-4ecd-92c1-44a50b81ddca,2023-12-27,S-007,P-001,1,0
bc0a6fa6-8432-4c39-84ab-e54f65f88a41,2023-12-27,S-041,P-007,5,4500
5b9dac47-8bed-4203-8136-f53f391dd44a,2023-12-27,S-033,P-001,10,0
98d50187-4b64-4a3f-b012-d29fb6111f9f,2023-12-27,S-044,P-003,1,0
a3d42ce8-c0b4-459e-a316-50522d06e9e1,2023-12-27,S-005,P-001,5,0
ac283746-4cdc-4bd6-a475-4ceef7686b00,2023-12-27,S-006,P-001,1,700
50f2c719-cc2b-44a1-b2ae-1b50c5d8fb72,2023-12-27,S-011,P-003,2,0
c9e823ae-0edb-4926-84d8-eed75dcb0022,2023-12-27,S-021,P-007,1,0
3fccfd25-1b63-4ebb-bd04-cda22bf1c397,2023-12-27,S-002,P-007,4,0
49373dbe-b4e0-494d-a0b2-69795f73e8c9,2023-12-27,S-024,P-007,2,1800
888756e6-006f-4419-9356-1c41aa56e4d1,2023-12-27,S-039,P-004,1,0
89b5ec14-a84c-4e8e-8730-e4439c758819,2023-12-27,S-007,P-002,1,0
b8f9f418-6441-4ed4-bef3-56a35f496ee5,2023-12-27,S-016,P-002,4,0
1307cddd-27ba-401c-8d48-3d8ad21facb0,2023-12-27,S-015,P-003,1,0
604026aa-c271-4b2c-ad6f-0cc5b09f6937,2023-12-27,S-011,P-005,2,2100
fa14e3fe-bcb2-43b9-b25f-33255fd1958d,2023-12-27,S-025,P-003,1,0
c21b2a31-52e6-46f3-9275-d6c6762cf312,2023-12-27,S-026,P-006,4,0
c7a4cc97-29bf-4e22-a726-c27836dccd4d,2023-12-27,S-043,P-001,1,0
aa4dea77-f6ab-4339-8886-867c4a150e72,2023-12-27,S-012,P-006,2,0
498d4619-207f-4b06-a761-8edd6523d894,2023-12-27,S-014,P-006,1,800
bb2deae7-1935-436d-a688-f9e5b9a1be49,2023-12-27,S-023,P-006,2,0
a1934a45-4e3d-4325-aeb8-d0787d10dd3c,2023-12-27,S-036,P-004,1,0
ec9d3aad-aa3a-41f2-bd69-b7a88dc3922d,2023-12-27,S-013,P-005,1,0
8a51c19e-8594-4df8-92f3-befe32926149,2023-12-27,S-015,P-004,5,0
63ec41c4-877c-4894-b9c3-a82add61af85,2023-12-27,S-016,P-003,4,0
fac296dd-d5b5-4638-ab72-89dd30da1dbf,2023-12-27,S-040,P-006,5,4000
606d7842-5f15-4c8e-b8b3-8069bee67db1,2023-12-27,S-010,P-005,5,5250
fcd4928b-fcef-4ead-9454-121cf94ae8c0,2023-12-27,S-025,P-005,2,0
a9e79fbd-999c-4d3f-b116-f76bbdb6c4b5,2023-12-27,S-028,P-005,1,0
0d64de01-b110-44a3-9a1c-0a1879d94fc5,2023-12-27,S-018,P-007,4,0
cde88040-4eee-4afc-a019-16d52c638e0f,2023-12-27,S-040,P-005,2,0
153d12d9-a668-47b9-96ee-c184e0c2b1a3,2023-12-27,S-007,P-002,1,0
410df1c6-03cf-401c-ae6f-e301ac2c195e,2023-12-27,S-015,P-005,1,0
0593d970-9024-4e51-b4f3-470c4fcba7f4,2023-12-27,S-020,P-001,1,0
f77377c0-9915-47da-983c-1774d0b3d203,2023-12-27,S-013,P-001,5,0
dbfc3bcf-c073-424c-b756-16aa96aef22e,2023-12-27,S-007,P-001,1,0
1b6e924f-422f-45fa-8f3c-caee5e6bca5b,2023-12-27,S-012,P-004,4,0
74d1cbeb-c3cd-4772-a7d8-7172203a1a51,2023-12-27,S-024,P-002,1,0
02a7e415-aeb7-4047-bde9-3da0d9e66329,2023-12-27,S-018,P-005,1,0
e8d60b24-cfea-4741-8f6c-09706dd41e46,2023-12-27,S-023,P-006,1,0
f819783f-695e-486b-940e-f5dcadbe4b86,2023-12-27,S-012,P-002,3,0
68b5348a-42bf-4ca1-ba58-d559bec72cd5,2023-12-27,S-033,P-007,1,0
bc9a74e6-32ef-41fa-b092-5db6f536764f,2023-12-27,S-027,P-004,2,0
d9d4ac98-5699-4a57-9fe8-afff6b5f13dc,2023-12-27,S-022,P-007,1,0
8b68a654-67bb-4a01-ac57-59dd6312127d,2023-12-27,S-032,P-003,2,0
33261c06-51c8-4d4c-af18-6476719e339a,2023-12-27,S-040,P-003,3,6600
0beb3c2d-5fa6-429c-bda2-c493969b6582,2023-12-27,S-029,P-001,1,0
d4de8103-5f8d-429b-8171-04fca1cb64b5,2023-12-27,S-016,P-002,2,1900
a0ac43fa-f286-4c05-9138-5c333599732f,2023-12-27,S-017,P-006,1,0
3cd9844e-8309-4bf5-b188-9b5109988310,2023-12-27,S-001,P-005,10,0
80eba9cd-0c4a-45db-bca2-024828cbb770,2023-12-27,S-036,P-007,2,1800
adf3d206-e233-43c1-a132-047c24a6af9c,2023-12-27,S-029,P-007,5,0
192811b8-a86c-4f36-a93e-9857502a86d6,2023-12-27,S-036,P-005,5,0
e83000b8-52b5-45ac-b229-db1eaa3b49db,2023-12-27,S-041,P-004,1,1050
c45b1801-2d6f-48ee-9950-3e435b406dd6,2023-12-27,S-022,P-003,4,0
07f16868-820b-4245-a62d-436fd6f1d766,2023-12-27,S-015,P-005,1,0
5d6c2c94-89cc-48fa-a6ee-fb44438f69cc,2023-12-27,S-019,P-002,1,0
5d14586f-ad7c-49bc-8775-f83064707599,2023-12-27,S-013,P-001,3,0
e0aaff94-433c-47ad-aa65-40ed80a8cbc8,2023-12-27,S-039,P-006,1,0
bd28aaf1-855a-4ee0-b548-01890c1ab261,2023-12-27,S-030,P-007,1,0
875246d5-8509-4d8d-9104-7b47fc6f001a,2023-12-27,S-018,P-004,1,1050
06e020a0-4c8f-4bfb-a5f1-f4b32f055b2e,2023-12-27,S-025,P-003,1,2200
61765ed7-71d9-47c5-b404-9c4e892fde5f,2023-12-27,S-022,P-007,5,4500
ce809594-8cb3-4288-b23f-ce94e52a185d,2023-12-27,S-048,P-006,1,0
cf1bc0ec-9f21-411b-9403-f456b6f85fbd,2023-12-27,S-046,P-003,1,0
1d7011a3-1f63-45cc-bbc3-af52a4174d2b,2023-12-27,S-014,P-002,1,0
d9c555b3-363c-4250-90e1-0a3c75e727be,2023-12-27,S-023,P-002,1,0
b1d2513f-1f3e-4fa5-a377-b6174546f87a,2023-12-27,S-044,P-007,1,0
36ccc18b-795e-4ff4-83f5-59d7afd63ee3,2023-12-27,S-035,P-006,1,0
c30edb86-4a97-46c9-be4c-4e4bfa842f80,2023-12-27,S-042,P-003,2,0
bffe3933-ad9f-4959-927a-6c38ca378144,2023-12-27,S-018,P-002,1,0
dcc58dcf-8cf7-4418-866d-76d0d44e91d9,2023-12-27,S-043,P-005,1,1050
e1bf2302-4e36-4966-9892-581ab51dbffe,2023-12-27,S-035,P-001,2,0
188b61bd-8b9c-4520-bc68-b7f9348a0b9f,2023-12-27,S-011,P-004,1,0
0d1ba7a0-a7c9-4c01-ae03-abe56ac66fa1,2023-12-27,S-024,P-007,1,0
c1f57b37-07ac-4133-a19a-4296d272adaa,2023-12-27,S-001,P-006,2,0
9b22c59a-df84-4077-8194-27271727275c,2023-12-27,S-048,P-004,3,0
6c123fb0-34d7-41e3-9244-e37bae0e940a,2023-12-27,S-041,P-004,1,0
41154da6-b812-4b6d-8bb1-950e63141075,2023-12-27,S-048,P-006,1,0
e9dc58fb-6815-46b2-a638-3fd2911417c0,2023-12-27,S-042,P-002,24,0
6744349d-89c7-489e-895a-1e9835b46686,2023-12-27,S-036,P-002,1,0
9f3c1587-3160-4d2a-a9ab-64e10a4aafc9,2023-12-27,S-017,P-001,3,2100
f6ba01a5-8e06-45c3-9e5b-1ecce017465b,2023-12-27,S-010,P-003,1,0
d707727f-8492-4cd4-8889-661ddae77461,2023-12-27,S-013,P-004,1,0
21c1c00b-db83-40f2-b777-b277c30b02e3,2023-12-27,S-040,P-005,5,0
067a5b63-856f-40e2-abfe-e04fbe4f69f1,2023-12-27,S-047,P-003,1,0
52799681-aa75-49de-82d5-d4e65f107778,2023-12-27,S-031,P-007,4,0
a362bbe5-0fe1-4eaf-b545-d059431b0e64,2023-12-27,S-002,P-002,3,0
646cd924-43af-43b9-93cb-63db4fa90d67,2023-12-27,S-024,P-002,1,0
0dfbd6ac-6d99-4fba-b231-5d2b3aed99d7,2023-12-27,S-037,P-006,5,0
d4a2eeee-2610-4575-9177-5bea9c4b54f9,2023-12-27,S-037,P-001,4,2800
e4ce02df-ec5a-436c-b44b-ae99fa572e5a,2023-12-27,S-049,P-005,1,0
c6c2b9d0-8c30-485f-a24a-cc05fa2e8c65,2023-12-27,S-035,P-007,2,0
ed57954d-c495-4bb9-96ad-f2e8a5319537,2023-12-27,S-022,P-003,4,0
2b14d90f-9e6a-4166-8c93-99c264a9102c,2023-12-27,S-012,P-002,1,0
55ce547e-871b-413b-8d01-7c6ad3465c06,2023-12-27,S-009,P-001,3,0
0334413b-d42b-4261-ae75-28d3fa414c90,2023-12-27,S-030,P-006,1,800
66be44c6-931d-4eb9-986e-3b26a5fb4aac,2023-12-27,S-017,P-002,1,0
595c0023-88c7-40c9-aef6-22891d709694,2023-12-27,S-029,P-005,1,1050
24b5d58d-d776-4a8a-999f-13485d128f69,2023-12-27,S-001,P-007,3,0
02a6da4a-f14c-4f74-85dd-a68c377b6832,2023-12-28,S-009,P-002,2,0
8548faef-087c-4c4f-b845-d132314afeea,2023-12-28,S-006,P-002,2,0
dc4d4152-a1e3-47a7-8a59-38f94cf5e3fc,2023-12-28,S-044,P-006,3,0
a1acb89a-8f55-436f-88ce-0ccc2aec3aaa,2023-12-28,S-027,P-001,1,700
571c4e2b-4cd6-4447-8c74-7a3fbb51b9b3,2023-12-28,S-044,P-003,1,0
b05090e8-a905-4e39-a1aa-5ce25cc136e9,2023-12-28,S-046,P-004,4,0
316fee9a-0771-4bbd-bae3-5a42b7d50b75,2023-12-28,S-039,P-007,4,0
2d1d18ae-1052-4847-9538-0da6e706df32,2023-12-28,S-049,P-007,5,0
9908c4d0-e931-42c1-8eac-8d1152cef8d3,2023-12-28,S-025,P-006,1,800
846a8558-f65b-4d1a-b6a7-63ad71dadbb3,2023-12-28,S-024,P-006,5,4000
71d7cd62-9f9b-4de4-8262-ce25bd64523a,2023-12-28,S-043,P-004,1,0
97f4b9c9-91f9-46d6-92a3-be26ec68f8a7,2023-12-28,S-007,P-007,3,0
c87fbd32-0816-41c2-9aab-6cf7818606b3,2023-12-28,S-007,P-005,1,0
359c6e27-4cd8-4461-9ba8-17041be5b538,2023-12-28,S-038,P-007,3,0
41af7dee-6119-4c11-a67d-772de24f6385,2023-12-28,S-035,P-007,3,0
d2c8fb78-f3d2-444b-b4de-43d6a23bee88,2023-12-28,S-011,P-001,1,0
28ab0033-e45f-454c-9ff7-695116d9707b,2023-12-28,S-032,P-004,2,0
15950e1e-70fb-4a75-9d9a-09ba2cd68f92,2023-12-28,S-021,P-004,2,0
78db74a8-896c-4311-9fc9-a207fef0b447,2023-12-28,S-047,P-001,4,0
daad7e6b-9214-4bb4-9efa-4f3f041079e2,2023-12-28,S-041,P-005,4,0
9d469a0a-0f02-4e9e-9e15-24a963e41980,2023-12-28,S-044,P-004,1,0
1e34687e-6679-4135-8218-d394a189a9d5,2023-12-28,S-014,P-004,1,0
2fd214a8-9d55-44d3-a5dc-29df169d6833,2023-12-28,S-012,P-006,3,2400
5daea203-4362-4ff2-9da1-46d27b424b56,2023-12-28,S-037,P-002,4,0
eeaf7c59-6dbe-4f6f-a1cc-bb6b18f1208f,2023-12-28,S-029,P-007,2,0
5358ef98-5e90-4dce-8bfe-e6f3773f357c,2023-12-28,S-001,P-002,1,0
d5579f63-9df0-4934-80d6-81e786d2a7f1,2023-12-28,S-007,P-003,1,2200
11093607-4485-40a9-a5a2-08c4f366406f,2023-12-28,S-013,P-002,1,0
3eeb72b3-635f-4ddb-a148-90e61d2ec8e5,2023-12-28,S-010,P-001,1,700
0f371e63-ad6d-49fc-af6e-9d8d0e9f19a1,2023-12-28,S-028,P-005,1,0
416a0cf8-9dad-493f-ab03-6c0e798b7179,2023-12-28,S-006,P-005,2,0
766babf1-d17a-45cf-9744-60db672f434d,2023-12-28,S-047,P-007,1,900
cf8cc244-0abf-4e7a-b88d-f7945ef65b97,2023-12-28,S-021,P-004,1,0
1e879706-f071-4561-b9fe-4ba73d97e599,2023-12-28,S-014,P-004,1,0
ba23c0b0-8601-4850-8f27-3439466894b6,2023-12-28,S-016,P-007,1,900
b607dc84-e212-483c-b6e0-eeab3e47f271,2023-12-28,S-040,P-003,1,0
269b9db1-9f38-460c-8a2d-cad92fee8cc1,2023-12-28,S-016,P-006,2,1600
12a50588-d8a7-4af9-856a-bac636981da4,2023-12-28,S-002,P-003,3,6600
054aa977-51f6-494d-a8cd-a2e25e09dc02,2023-12-28,S-035,P-005,1,1050
b3128283-dc5b-4713-96f1-073c8bca3663,2023-12-28,S-004,P-003,1,0
97eec10e-2c12-4d06-9690-7bce73817d3f,2023-12-28,S-004,P-001,1,0
cbb6612c-9725-43ad-9026-ee688d121e80,2023-12-28,S-030,P-005,2,0
1f4eafdc-6e4b-4db4-baad-a2297ac716e7,2023-12-28,S-038,P-002,1,0
76147797-9913-4235-91dc-e8469ac1633f,2023-12-28,S-039,P-001,1,0
2d7479a2-dda6-4a02-8e3a-113b1790b0ad,2023-12-28,S-001,P-004,1,0
d182667e-0c54-46cf-bea5-e37a7932d7e4,2023-12-28,S-013,P-004,1,0
73b9ddf4-1969-4a36-b093-3c3cc58b6034,2023-12-28,S-033,P-003,3,0
69a77f68-755a-4591-a7fa-d3cbbe7f35e9,2023-12-28,S-016,P-006,1,0
79afc7e3-943c-41f9-b9d1-b693824321bb,2023-12-28,S-044,P-002,1,0
33c48451-5376-4f22-995d-30cc8402f78f,2023-12-28,S-048,P-003,3,0
4ff0f423-b81a-45a1-a695-e957affe32f5,2023-12-28,S-041,P-005,1,0
a2b2ad16-8818-4452-8ae6-1e31bc4fafe0,2023-12-28,S-003,P-002,2,0
d3ea2edb-bceb-4514-9291-4552ef968123,2023-12-28,S-035,P-004,1,1050
0286a10d-219d-47d9-ad9c-a5df24f3875f,2023-12-28,S-013,P-004,2,0
8aa4247f-321a-48b8-a5bf-63982fb6866a,2023-12-28,S-025,P-007,1,900
084a9bae-cd6e-4ad2-b0dd-59ad411e31f1,2023-12-28,S-034,P-002,10,0
228edf8a-59e4-4acb-b10e-5790f2c55fba,2023-12-28,S-049,P-004,4,0
6b9c5c9b-2bc9-4413-8e44-a3211c9de03d,2023-12-28,S-003,P-001,1,0
e642de9a-a66b-4d7e-9b36-d2e4a9904872,2023-12-28,S-003,P-002,1,0
523fabb5-d5f0-4fa3-add1-60db9e14432f,2023-12-28,S-004,P-001,3,0
417d0331-36f3-400f-aa38-6f0f7934100d,2023-12-28,S-024,P-005,1,0
2235264b-5017-4f55-84b1-3bd070a5867a,2023-12-28,S-045,P-003,1,2200
86b192c6-8132-49c5-9114-b61ecd9d5bb9,2023-12-28,S-040,P-004,2,0
5c06710e-ce04-445a-82dd-0209585705bb,2023-12-28,S-009,P-004,3,0
d7cac3e6-9f3f-428a-8233-eafe88dbc08b,2023-12-28,S-026,P-003,1,0
07f203c6-7cfa-4ea5-b336-324e78746f21,2023-12-28,S-042,P-002,10,9500
5fe049c0-c74c-4d54-8559-e5326b0040dc,2023-12-28,S-030,P-005,5,0
fa1c5079-263d-4414-a060-e64a47964ece,2023-12-28,S-020,P-002,4,0
fa56812e-087d-4bb3-b747-9bccc645166a,2023-12-28,S-044,P-004,1,1050
34925315-dcca-4bfa-8217-01469e806531,2023-12-28,S-020,P-006,1,0
cee2ee75-9667-40ae-8fb5-44e95bc61bfc,2023-12-28,S-035,P-007,10,9000
20fcb28f-e065-45bd-8827-0c252bec514e,2023-12-28,S-005,P-004,2,0
9c3fc681-d9ea-4b6b-bf22-085a5651a1b2,2023-12-28,S-033,P-004,2,0
4112ec60-4b7d-4f98-a10d-c59fd0779743,2023-12-28,S-040,P-007,1,0
799daadf-865b-4e63-ab40-8730cc090081,2023-12-28,S-014,P-004,3,3150
eee95f49-2eda-44c7-9314-39ce870b082d,2023-12-28,S-011,P-005,10,10500
f09be4c6-618e-4a06-a406-c5a99e40f193,2023-12-28,S-046,P-007,1,0
519160ba-0892-4e79-ba0e-1f4e79b004f3,2023-12-28,S-023,P-005,1,0
39edbedc-d61f-4258-b7bd-95ae0715fd54,2023-12-28,S-027,P-007,2,1800
7245848e-4576-40b6-94f2-04e64fe62bc9,2023-12-28,S-024,P-005,1,0
ab440c79-b00e-498e-9aed-ef4a81fa4360,2023-12-28,S-048,P-001,1,0
59f38f51-49ee-40fe-bc09-ee0a851255d5,2023-12-28,S-040,P-002,3,0
4d881756-5ab4-491c-a259-33b351c7c40a,2023-12-28,S-021,P-005,1,0
7c381a78-e6c1-45f0-9748-3df92f9aa14e,2023-12-28,S-002,P-002,3,0
bd948cd4-d906-41a4-bf93-ae2afc60d77b,2023-12-28,S-008,P-007,2,0
f15143b8-1b12-402f-ae2d-c5201460f3ea,2023-12-28,S-041,P-005,4,0
a7b78350-14ee-4ea1-a166-9146756bc7c1,2023-12-28,S-010,P-001,3,0
9704320b-cd5c-4d73-84d0-d9dbb6702297,2023-12-28,S-045,P-003,2,0
f9befb06-b5ce-476c-99b6-ccdf11c618c7,2023-12-28,S-001,P-005,3,3150
71421617-c18d-4b0e-ab05-a01d404abccd,2023-12-28,S-030,P-002,2,0
07d31cce-7547-4628-bd16-418fbcc61ed6,2023-12-28,S-026,P-003,1,0
e0621bf6-4e27-4b94-ac19-2fb407f9ac5f,2023-12-28,S-020,P-007,2,0
380cc6f7-dd44-4523-9bac-844f8fd88f98,2023-12-28,S-005,P-005,3,0
dc1f0914-4100-4ff7-8e38-64b59f39bb7f,2023-12-28,S-041,P-003,1,2200
2465663d-d628-494f-b3e9-fb57b6185adf,2023-12-28,S-002,P-001,1,0
827ab2b4-00ac-49f3-a051-98ea9a2ee69d,2023-12-28,S-003,P-005,3,0
5e3e8df3-3d6e-4b52-8933-d3f1b843dc69,2023-12-28,S-003,P-002,1,0
39a30f84-f5ff-458e-89dc-f315ed13b8f3,2023-12-28,S-043,P-003,2,0
5b2350a8-e974-4031-b4cd-1cc3e8fef4f7,2023-12-28,S-043,P-006,1,0
98f92202-a94c-49ca-a61a-c9c9fe131444,2023-12-28,S-033,P-004,1,0
4dcc6f08-a794-4948-ad01-dbc5db6e20ae,2023-12-28,S-032,P-002,3,0
7f3e326b-95f1-4f1e-bda6-76db8d6c18cc,2023-12-28,S-041,P-002,1,0
ab4100b6-f1f1-4120-82d0-8350f915b5d1,2023-12-28,S-022,P-007,2,0
5b570340-60e9-4118-8492-c4bee4394e8e,2023-12-28,S-025,P-005,1,1050
3eed4a8a-86d4-40f4-8a3a-024b31aa7e03,2023-12-28,S-019,P-002,2,0
ca399736-32f8-463b-ae5e-64127d651734,2023-12-28,S-045,P-002,2,1900
84bde5d6-af23-4706-a7f3-97ddf0831727,2023-12-28,S-044,P-001,1,0
3508cae0-1a26-4a7b-9e28-7e1a04b6ce2a,2023-12-28,S-036,P-005,3,0
9339253b-a24f-4f89-840c-4aff4174097d,2023-12-28,S-019,P-007,1,0
f7e70efd-696b-4451-85e8-29a8654001fa,2023-12-28,S-021,P-001,1,0
9a461645-ddf6-43a6-8e05-2670ee314975,2023-12-28,S-017,P-005,1,0
7b404017-8e0b-43f6-9a53-523ca0d16e7f,2023-12-28,S-023,P-004,24,0
ec387388-3496-4b03-b025-740206658606,2023-12-28,S-008,P-006,5,0
cd096718-4df8-4526-b705-4d87e26e9761,2023-12-28,S-011,P-003,10,22000
f3f80d05-b58b-40fa-b12c-821379527b53,2023-12-28,S-039,P-005,1,1050
d160e698-13c9-4624-b403-6f90bd37df1a,2023-12-28,S-001,P-004,5,0
03a17a21-cd1c-4c1a-b1b2-c2a15e1fd692,2023-12-28,S-027,P-001,4,0
3ea2ef79-48f8-43c7-873d-1417d799591e,2023-12-28,S-010,P-004,1,0
8825ffbb-e422-4453-9585-4a4b39ebb9e8,2023-12-28,S-006,P-007,1,0
516f271e-91d1-4175-9634-979e53cf1366,2023-12-28,S-015,P-002,1,0
d850c7c4-a123-49d1-8154-b9bf877b1ec0,2023-12-28,S-003,P-004,3,3150
1541ef02-6609-4482-a70f-ac9cf4f517cc,2023-12-28,S-004,P-004,1,0
1ef26a75-b962-4f6c-b3c9-84d3277d57ec,2023-12-28,S-022,P-006,4,3200
9ef606f4-81fd-46bf-8ecd-8a2aefee824f,2023-12-28,S-039,P-002,24,0
b0216485-8d1e-4fde-8dc6-a99988699b20,2023-12-28,S-013,P-005,2,0
31c4f09c-f10d-4de1-b153-581008089c72,2023-12-28,S-035,P-004,2,0
82ef9345-2c5a-485a-a165-c6dfaf651556,2023-12-28,S-023,P-006,1,0
dd5680f2-f390-4bd8-b88e-66617f130fed,2023-12-28,S-029,P-001,1,0
6515e0a2-06dc-43b5-a700-3f0203c67692,2023-12-28,S-034,P-003,1,0
563d6b53-d80c-4fe9-a2f1-59470f217130,2023-12-28,S-027,P-006,4,0
6bda965e-cc2c-489e-9922-88c1a90510c8,2023-12-28,S-029,P-002,2,0
2636201a-c040-40db-bec0-021e02f2095e,2023-12-28,S-049,P-002,1,0
535aa606-3630-4857-a238-5370723cdbb3,2023-12-28,S-013,P-002,24,22800
d0a47b3a-9e42-4c26-af52-72052f5ed1d5,2023-12-28,S-024,P-004,10,0
9e11a859-b21b-46f8-8d94-b55abe4033dc,2023-12-28,S-006,P-005,1,0
6b4d51d1-7b98-4016-b97e-b0c7d790d47b,2023-12-28,S-005,P-007,1,0
dae7a530-55d3-46f1-a174-9776c03a2b93,2023-12-28,S-048,P-007,4,3600
b62c9f3d-8485-498b-acc0-8755a8590f67,2023-12-28,S-041,P-006,4,0
9b3ba3c8-be2f-44d2-9a51-1a9a8f23defe,2023-12-28,S-045,P-007,24,0
5181ffde-39a9-410d-a06a-7ad3ae0696aa,2023-12-28,S-010,P-006,24,0
af06e54d-f3a6-4f58-b578-aca3ca82b723,2023-12-28,S-033,P-005,5,0
6b0ce159-a116-40cf-a2ff-78af5ae28b5c,2023-12-28,S-040,P-004,2,2100
5a30b909-99f3-4850-b672-e4e82660d570,2023-12-28,S-026,P-005,1,1050
42e95560-2ccc-4cb2-9189-6fd3298442d8,2023-12-28,S-027,P-003,4,0
96953291-4e62-4e58-b68c-d5c21cc9cad7,2023-12-29,S-016,P-004,4,0
21f5c57e-65ee-41ef-bc6a-f3bdece3698d,2023-12-29,S-012,P-002,1,0
c2b82817-9b8e-4a31-b83c-19c798790ec9,2023-12-29,S-045,P-006,2,0
52f17ac8-49a2-42f1-981d-dcc6392808c4,2023-12-29,S-008,P-007,2,0
c5dfb9f0-1b4f-46fb-96c7-db5e8868ffdc,2023-12-29,S-048,P-001,1,0
e8635ae1-c797-4ef9-ae55-4a4a02b207e8,2023-12-29,S-014,P-002,1,0
f351fb0a-cfc8-476d-a0c0-0909539aeb87,2023-12-29,S-038,P-002,5,0
9337c59c-bfd1-4820-9809-57796ca6a3c5,2023-12-29,S-040,P-003,2,0
d1f41b31-9825-4b96-a792-954c0a63791b,2023-12-29,S-035,P-002,1,0
b75eca1d-d52c-4cea-bb12-a07f73d759e1,2023-12-29,S-025,P-002,4,0
f9e85efa-ee3a-4d30-b066-909e21fa43e2,2023-12-29,S-031,P-006,2,0
66d2d182-96fa-4026-b028-22a588a414cc,2023-12-29,S-004,P-002,5,0
f0ddf75e-880a-4c5a-b79d-7dbba6af20db,2023-12-29,S-032,P-002,1,950
bf1532f8-e149-454b-9126-459a5f7c165e,2023-12-29,S-002,P-006,1,0
9fd111a2-37f1-4c55-bcfa-ddcd90e4bd71,2023-12-29,S-019,P-007,2,0
0fdd1389-fea7-484c-aaa1-0e2af5d28881,2023-12-29,S-018,P-001,2,0
7870dd33-a763-465f-b9f3-5f19571c13d4,2023-12-29,S-036,P-003,1,0
1d11744b-b49e-4b06-a695-6085f8a5a8e7,2023-12-29,S-023,P-003,4,0
09ac26ce-7c7c-4042-8814-b435e08be7f2,2023-12-29,S-045,P-003,1,2200
449c2b04-f73e-4790-b499-356b92cec336,2023-12-29,S-040,P-003,2,0
4072f340-a284-43aa-a57a-20137436767a,2023-12-29,S-032,P-006,3,0
be32b7f9-73d7-4a5e-b7f6-ed55582f750a,2023-12-29,S-027,P-002,3,2850
79b06192-1a05-47c1-85eb-9f5a0af847f5,2023-12-29,S-011,P-004,1,0
aca6f6e8-3b34-45cb-8ee8-fb8bc9460d4d,2023-12-29,S-043,P-004,3,3150
fb8e02f8-154b-4597-9aa7-d71f0da96058,2023-12-29,S-041,P-006,2,0
b2af42d0-925f-4da6-9ef9-6f91acdddf5f,2023-12-29,S-014,P-006,1,0
bf3c445c-8645-4636-a417-6d97385c1735,2023-12-29,S-010,P-007,1,900
f8f4f7ce-7091-4aa2-ac6d-e34c395d1031,2023-12-29,S-045,P-006,2,0
2757fae9-d8f2-4ed2-95c6-8d2f7018ba3f,2023-12-29,S-042,P-003,4,0
ded9ab67-481a-4339-b0d7-bfddc505ae52,2023-12-29,S-011,P-004,2,0
c8538978-a58c-48b4-bd2c-58c054287975,2023-12-29,S-013,P-004,1,1050
6e63948d-ac55-4f9c-9393-ebbc97ae7d02,2023-12-29,S-019,P-007,2,0
25ce0397-5e80-4802-b458-4cf25011dd13,2023-12-29,S-036,P-004,5,0
31635f62-eb9a-4be6-9997-9aca0b11640a,2023-12-29,S-020,P-001,4,0
76c282a6-7596-481b-97dc-9a989b72d2ed,2023-12-29,S-016,P-007,1,900
2df85ec0-e322-431c-b270-da5ef3a6d0fb,2023-12-29,S-031,P-003,2,4400
8206b6cb-a77f-45df-b61e-019b29e3f108,2023-12-29,S-021,P-003,3,0
d3794a00-2b48-44a6-93eb-f33212efc753,2023-12-29,S-050,P-003,1,0
061472a7-25e0-4104-ae3a-7c097345b950,2023-12-29,S-028,P-003,1,0
a18ae240-1d63-4294-8424-194ddb0251ee,2023-12-29,S-009,P-002,2,0
7a5b84e5-acf9-40f9-96e8-82e2f9af9423,2023-12-29,S-011,P-004,1,0
268044e1-f3dc-4cfa-b6d4-ab65798e7c0d,2023-12-29,S-003,P-005,2,2100
acc832d4-3f53-4f50-9900-6687b64ee079,2023-12-29,S-049,P-002,1,0
e7f5f877-c408-49b4-a82a-c0c44624084d,2023-12-29,S-004,P-002,2,1900
ea5d83f9-1d6d-4a5a-b84e-6d568fda6bac,2023-12-29,S-045,P-001,1,700
923728b4-f984-4db6-acbc-5df08b5d233b,2023-12-29,S-028,P-003,1,0
de1f2a40-4bb8-499e-be88-9d99bda1412d,2023-12-29,S-002,P-001,3,2100
782c98bf-be51-4c00-a758-0be25fc31755,2023-12-29,S-025,P-001,1,0
723f94ae-9e4d-4ba1-a527-d0ee20cb4ffc,2023-12-29,S-046,P-001,2,1400
cd291e78-15d7-49ce-8fbd-6ba9ce01c631,2023-12-29,S-046,P-005,1,0
739e8ac0-a23c-44a0-82ff-a0e4c665bceb,2023-12-29,S-024,P-005,10,0
aef7f9d6-70d9-4691-8a26-e85e87169d14,2023-12-29,S-047,P-002,1,0
2641e088-6bb4-4e0b-b829-6fe1ca00a7df,2023-12-29,S-018,P-003,2,4400
e49c0ab7-943c-40bb-95eb-e727db8d2dff,2023-12-29,S-035,P-006,1,800
4382492c-00a2-4ab0-8bad-ab7428b2f0fb,2023-12-29,S-028,P-007,1,900
0b695aa2-ef92-46c9-bd91-522959dc2631,2023-12-29,S-016,P-004,1,0
329a79af-515b-4fa1-b3f3-67c85f61ef6d,2023-12-29,S-009,P-002,1,0
32fdedd4-e587-4952-82f2-17a612407e06,2023-12-29,S-033,P-002,1,0
dc417f1a-f4f1-4cc8-98d5-cd14f4af0242,2023-12-29,S-015,P-003,5,0
19715248-256d-4eec-9013-7fbdbd12772e,2023-12-29,S-046,P-004,2,2100
6315559c-e066-41f2-8e27-e2f40e71ec27,2023-12-29,S-025,P-001,1,0
46622c67-21d1-4c08-a36c-9c05a0f23b8f,2023-12-29,S-015,P-006,4,0
b1dd789b-c72d-4650-b1a4-33506fdea17c,2023-12-29,S-035,P-003,2,0
8f2d5570-4a1a-46fc-b833-b5abb787948d,2023-12-29,S-032,P-005,1,0
bf2a401b-69e7-47ec-a7e9-6b02b6706155,2023-12-29,S-044,P-004,1,1050
ca45fda2-6f45-4ebd-93e8-5b104d6253aa,2023-12-29,S-019,P-005,3,0
87dea24c-397f-4dd8-936a-2f0ede554da5,2023-12-29,S-010,P-001,4,0
f7d91fbf-ec3d-4889-950a-21477dc52c9f,2023-12-29,S-034,P-005,1,0
8bcf9380-c20c-47ee-9a62-9f653c741616,2023-12-29,S-028,P-007,24,0
a448739f-3c2b-4453-8220-2b4a25d78b78,2023-12-29,S-013,P-006,1,0
e21f53ab-3737-41b3-a7ad-80791277819b,2023-12-29,S-020,P-003,1,0
ce22e41f-3853-446a-a309-69992f7a045c,2023-12-29,S-044,P-001,4,0
cc1065f3-211f-4282-afdd-a583870def7e,2023-12-29,S-011,P-001,2,0
9ec17fd7-7f19-4de3-bdb8-19d045a4569f,2023-12-29,S-033,P-005,2,0
d0442406-4573-4e1c-8d29-94c31cd72b91,2023-12-29,S-048,P-004,1,0
01110bfc-0fa8-4e8c-b723-247d306e20bd,2023-12-29,S-016,P-006,10,0
260d4348-c5e2-4fed-ae13-69ccae94805e,2023-12-29,S-013,P-004,1,1050
1a0ba74c-45af-4c90-8daf-b0dbe49b0be2,2023-12-29,S-050,P-002,1,0
e77ebaa7-b31b-48fe-8a86-9a1199dded7d,2023-12-29,S-010,P-001,1,0
ae002441-18e9-4acd-8d62-eb5a1e597459,2023-12-29,S-010,P-006,2,0
17adff9e-5675-4743-8f46-337175ca4ed7,2023-12-29,S-004,P-005,1,1050
e1a43b0d-1a11-41a3-a0d5-a0b3aaa8a568,2023-12-29,S-009,P-007,1,900
0c76cd26-4bb0-45e4-9f5b-6a1b67394bd0,2023-12-29,S-002,P-002,4,0
43d74315-d731-4b64-b7d4-701b8bb4712a,2023-12-29,S-030,P-001,1,0
673cbf66-167d-490a-9314-64e172f429c6,2023-12-29,S-043,P-006,1,800
ab38b642-ff2a-4ffa-b770-ef244407c55a,2023-12-29,S-019,P-007,4,0
70bcffe3-2cf4-4c6f-a7e8-70aacba915e3,2023-12-29,S-008,P-005,1,0
3db784aa-71c3-434c-8b80-491019d3e062,2023-12-29,S-022,P-007,1,0
a25cac1b-7c15-410d-8dad-b5e7bf4f18f8,2023-12-29,S-034,P-003,1,0
39c5c362-53d4-449f-b12a-5842f71e767d,2023-12-29,S-031,P-002,3,0
77a2f3e8-3f53-4d15-a840-b1af4cd5415d,2023-12-29,S-031,P-005,2,0
b03c07ee-b77c-412e-ba3e-1aa2347019e2,2023-12-29,S-027,P-007,1,0
f4168992-5d15-4c05-bd7f-22fc01958c13,2023-12-29,S-048,P-004,1,0
df9439e2-3870-421e-bb0e-bde8bc93d583,2023-12-29,S-038,P-005,1,0
4d8a00b4-4020-49f0-9bb9-f0d72557a2ae,2023-12-29,S-025,P-005,3,0
abef0dc4-3f01-40fb-97aa-546f3d8b0155,2023-12-29,S-026,P-001,1,0
ee01767e-67db-4041-99cb-14b12a94b11f,2023-12-29,S-011,P-003,1,2200
ea3e503f-9fc6-4e1a-9425-772d2e15aefd,2023-12-29,S-050,P-005,1,0
ef4e1984-b580-4477-bd8b-b48ac69550b4,2023-12-29,S-012,P-005,1,1050
c7e9cc32-808d-476d-bad6-469cbdc33917,2023-12-29,S-028,P-003,2,0
b4adb92a-1a31-4b30-903a-f31bf71eb2d4,2023-12-29,S-031,P-002,4,0
8ce943c8-1ed9-4b2d-9f3b-b62f4c561ddd,2023-12-29,S-006,P-006,10,8000
2aa9fbce-a8e0-43fc-8b75-60febf5d2c77,2023-12-29,S-024,P-005,1,0
c849117f-9d47-4c90-abd2-7902966f955e,2023-12-29,S-037,P-002,1,0
daa8387b-36b5-4d49-89e0-15a8ef806a3b,2023-12-29,S-024,P-004,4,0
3fdc5ce4-7dae-4be8-8f5b-f03ac413dd0b,2023-12-29,S-046,P-001,4,0
ad0925f4-cced-48dd-9d46-dc5c93659705,2023-12-29,S-016,P-003,1,0
8f71e35f-fa1c-4cb9-8f90-d62351e92c28,2023-12-29,S-041,P-006,2,0
733451bb-f29c-4326-be10-ecd9dc123f1d,2023-12-29,S-011,P-003,2,0
24855226-12ba-4ac2-8db9-f7e5922f2cdc,2023-12-29,S-050,P-003,1,0
ea99cc92-1842-4ed4-9123-5c6f01571a16,2023-12-29,S-019,P-005,2,0
ee9accf0-d1c0-4bc7-b342-05b0f323ea81,2023-12-29,S-020,P-003,1,2200
91e26bf7-e9ff-4c8f-8b7a-ab1f80a718d5,2023-12-29,S-023,P-006,2,0
958e9b6a-912b-414f-a6ee-92179a5a1d7c,2023-12-29,S-029,P-007,2,1800
425c03c0-63aa-4a22-8495-629e29e70c78,2023-12-29,S-036,P-004,2,0
62e11f3e-1ae7-41ac-b81d-097881d4fbb8,2023-12-29,S-034,P-006,1,800
18c99658-f72b-403c-9d82-1d645e423b40,2023-12-29,S-012,P-006,1,800
ee9afed5-53a0-4652-904b-0cc00cbd8bb3,2023-12-29,S-049,P-007,1,0
aed631e3-f76f-43b1-a49d-4cbcf34dd69c,2023-12-29,S-013,P-004,1,0
3561e413-0663-408a-b8bc-e4c497e70a1d,2023-12-29,S-006,P-005,2,2100
7df7d5ab-ecf3-48b2-8db4-ef7d1fadeec2,2023-12-29,S-009,P-005,1,0
a2aa703a-4120-4c61-b8d4-87a92df85e1e,2023-12-29,S-026,P-004,2,2100
38e6b0ae-8034-4cd9-be92-6f060479acef,2023-12-29,S-047,P-001,1,0
a49050ed-6bcb-4969-bde2-459db4dece34,2023-12-29,S-020,P-005,2,0
bb2694a0-e235-4976-9f57-7df870bfe3ba,2023-12-29,S-024,P-002,1,0
33089237-6dd6-4852-99cb-582e757ca86f,2023-12-29,S-015,P-004,1,0
8fc5abfa-98d3-458b-b271-0d7736b655e3,2023-12-29,S-043,P-001,2,0
e5ee48a1-434b-43f5-948e-8499fa93d5e0,2023-12-29,S-023,P-005,5,0
d4193adc-ab50-4585-91f4-41e6d985068d,2023-12-29,S-035,P-002,1,0
389b658c-3251-475b-8553-d4ae840b630a,2023-12-29,S-034,P-005,2,0
8ae65637-e7d4-42e2-9fcf-d9acb84f983d,2023-12-29,S-014,P-001,1,700
ae69907e-a2ae-45ac-88a1-d5f31f7a2d68,2023-12-29,S-024,P-002,1,0
d5cdd2db-a4d8-4468-8953-5a4e798d5dba,2023-12-29,S-044,P-006,5,4000
7ad0b609-a046-4819-8764-583d5b3c32b1,2023-12-29,S-020,P-001,4,0
059a9a9d-1c5d-4820-ba51-c80474ae6a79,2023-12-29,S-031,P-006,1,0
02c7bef7-1f80-43b6-8ac4-9d39200a96df,2023-12-29,S-038,P-003,5,0
3cc31b9a-e292-4ef5-92dd-fe04657b74de,2023-12-29,S-031,P-006,2,1600
e8274498-4f68-4f26-8cda-4691de7e3ebb,2023-12-29,S-034,P-005,2,0
9a624d0f-fc70-4e1e-88df-1c6cec3a2a5c,2023-12-30,S-048,P-001,1,700
870b57af-1000-4515-b996-c0a4141aa4c2,2023-12-30,S-041,P-006,3,0
8d6dfb45-b7d1-4b87-b26c-4352c7d4292e,2023-12-30,S-037,P-003,1,0
f3fd158c-482a-4fa9-9085-f44fd28d98e2,2023-12-30,S-017,P-001,2,1400
d047eece-59fe-41e5-9f94-bc38ad5b8a18,2023-12-30,S-043,P-005,2,0
d12b21ff-199e-41c5-9e5d-85ec71489e60,2023-12-30,S-018,P-006,1,0
bc900755-35ab-46c2-8f59-c6dbbe69284e,2023-12-30,S-002,P-007,10,0
7f1fa1cd-7a39-4e9f-adf0-58a470efb1f8,2023-12-30,S-026,P-007,3,0
af19440c-ced1-454d-aca3-5e6e1820fdc2,2023-12-30,S-017,P-006,4,0
07209824-a2fb-400c-8736-47544545e3ef,2023-12-30,S-031,P-002,1,0
4b544e50-49a9-43e1-84c6-98c61c1106ad,2023-12-30,S-027,P-002,1,0
e4618fa5-f9ea-409a-94b9-02f6734cd587,2023-12-30,S-037,P-006,3,0
44089a10-d925-4bee-8c5a-24e0b348c240,2023-12-30,S-028,P-001,1,0
5afa0f7e-323a-489f-8714-214907d96145,2023-12-30,S-014,P-004,1,1050
bbecb359-ab0b-483e-9e03-758b4c1cee0b,2023-12-30,S-033,P-001,1,0
c7771094-0d06-4fdf-a0ed-9e64da3a9e26,2023-12-30,S-021,P-002,2,0
56a63a10-cc27-430b-9908-7a6b219dfc93,2023-12-30,S-050,P-004,1,0
2e29c4c8-84b2-4bd2-9fdf-09eba3ad99b2,2023-12-30,S-030,P-002,1,0
78d613fa-8f7f-414c-8327-2334b39bf42e,2023-12-30,S-047,P-007,2,0
41c6a747-e311-4f0e-b7d2-98668a6e7040,2023-12-30,S-030,P-002,1,0
d4a029cd-f5f4-4d88-9722-daca1b556774,2023-12-30,S-034,P-003,2,0
86c8ec28-7f10-43e4-8558-9d1677183651,2023-12-30,S-003,P-004,2,0
448e31ff-8b82-41b2-a71e-0db7596bcda0,2023-12-30,S-005,P-005,1,0
8d265013-8528-4faf-9158-7a91934d987b,2023-12-30,S-043,P-005,1,0
fb29ffa0-3db6-4ce0-9c71-796487a0bbaf,2023-12-30,S-048,P-006,2,1600
687b1ac6-f23e-4a7d-ab95-930ea412bb80,2023-12-30,S-009,P-002,3,0
ccd2e255-b6d7-4ebe-b4e3-2e9e9805d429,2023-12-30,S-029,P-001,2,0
50dd2a0a-01c0-49c1-aeb0-5916538b17dc,2023-12-30,S-035,P-004,1,0
fd713365-334e-49e4-890d-3a446d4e756c,2023-12-30,S-013,P-001,1,0
947ccda9-cfcb-4cee-bc5d-eeb70d77d334,2023-12-30,S-020,P-003,5,0
db4a9697-7481-4da4-b964-7cab8f743524,2023-12-30,S-003,P-007,1,0
549086e3-dac3-4686-9fa8-031d6fab893d,2023-12-30,S-014,P-003,2,4400
c676f951-fe0f-461c-985c-4cfb5a173720,2023-12-30,S-046,P-005,2,0
823f41ae-f2a1-4ae0-ae88-87d45fe51c7e,2023-12-30,S-030,P-001,4,2800
614f32ae-482d-4d7b-b799-8cac0391e11a,2023-12-30,S-021,P-007,2,0
7413c803-fd4d-43c2-b9c7-9c5f7e32ec18,2023-12-30,S-026,P-002,1,0
6c4053bc-d6d4-4299-9fde-6b703a933973,2023-12-30,S-022,P-002,1,0
c4bedd1a-8dca-49ba-a484-a88acf49c00d,2023-12-30,S-025,P-002,1,0
ecf74234-bea1-4a57-8743-052a5ca94b20,2023-12-30,S-048,P-005,1,0
a33d787b-85d8-458d-8ed7-c32402c6aa33,2023-12-30,S-020,P-007,1,0
e91834bb-faaf-457f-ad5d-154a92adc7e2,2023-12-30,S-031,P-006,4,3200
3bba3069-daa4-4d38-8768-8d522acbbfdc,2023-12-30,S-031,P-006,2,1600
a826e375-30d2-46f8-9efc-99f3e3897a44,2023-12-30,S-029,P-006,2,0
4e54670b-2646-4dab-ad03-a1493278cc65,2023-12-30,S-034,P-002,1,0
7f779ebf-d549-4741-8029-bb3ca4144b7b,2023-12-30,S-041,P-002,4,0
890a3f0f-4456-4cb8-a3d0-4d89b500c5e1,2023-12-30,S-024,P-007,1,0
a106d332-2277-458c-8590-6522951fe477,2023-12-30,S-028,P-004,1,0
fac02495-a6ba-4267-a991-af9819df535d,2023-12-30,S-003,P-004,2,2100
6dab27ce-5d32-403e-87c7-103155513ff7,2023-12-30,S-003,P-002,1,0
30a01802-dc36-407d-a4b1-c4b4883385ef,2023-12-30,S-013,P-004,1,1050
e746dff3-3c09-4109-a1a4-93118afcbc67,2023-12-30,S-018,P-006,2,0
2d31d1b3-4d0a-4afb-9e24-41cef508f9ac,2023-12-30,S-048,P-002,1,0
b156e233-b056-48f9-83b8-885c769d15c3,2023-12-30,S-026,P-005,1,0
dea9712d-8af1-4b86-aeff-d8615b98d0dd,2023-12-30,S-010,P-006,1,0
e9e3dd69-151a-4f7d-aae0-ef3bdcffef27,2023-12-30,S-011,P-002,1,0
a90f5a54-9739-4653-bfdc-4e8adaf7f05b,2023-12-30,S-001,P-002,1,0
2e872fb7-e9d1-4f32-8267-07abd9d78f5e,2023-12-30,S-022,P-003,1,0
a83a5564-db7d-4dc4-bdec-d480d0479466,2023-12-30,S-017,P-006,1,0
d4dfcc13-8e5b-4ccd-8e61-e6f9a6b6fe59,2023-12-30,S-033,P-002,1,0
0332fb50-ae7b-4df7-a72b-38869f43aa21,2023-12-30,S-030,P-003,1,0
b9acb65b-21af-4311-beff-d59636d326e2,2023-12-30,S-014,P-001,2,0
45fc7825-44ec-475c-b995-9c4d5edf1ef0,2023-12-30,S-013,P-005,1,0
31c84f56-4542-46b2-94e8-fb11eba9b59c,2023-12-30,S-031,P-004,2,0
ebb78d54-979f-4ea0-89f2-6614aa0d0cd8,2023-12-30,S-009,P-004,1,0
5f2ca331-f383-4929-8d8c-872a330d4f5a,2023-12-30,S-034,P-004,1,0
0f5c2ea9-4b5d-4ff8-af05-28a50f349b0d,2023-12-30,S-044,P-006,4,3200
4d002006-571e-42b9-8af4-43cb07e50f96,2023-12-30,S-045,P-005,4,0
d05e5c4d-33c3-498b-b11d-2bff20660329,2023-12-30,S-023,P-006,1,0
0c358cc9-dfeb-47fd-a31a-a01127a946f2,2023-12-30,S-022,P-007,4,3600
3555a9e4-6a68-4a94-b1c3-ea9bce4ab4a8,2023-12-30,S-033,P-002,1,950
2b4a6f64-2849-4c9a-8b38-d78095218212,2023-12-30,S-016,P-001,1,700
b15d7e99-cbb6-48eb-91b0-96ecb1f8c158,2023-12-30,S-015,P-002,1,950
121f80e8-5a0f-4efb-bd53-4b07574d42d8,2023-12-30,S-047,P-004,2,0
9bd479e9-24ed-41eb-bb47-c12efa155ef0,2023-12-30,S-014,P-003,2,0
56d36053-9d6a-4a70-842a-e1437b996ce9,2023-12-30,S-018,P-003,1,2200
a1a9752d-ae49-44de-af69-43962aa543e8,2023-12-30,S-017,P-006,1,0
0c237c5b-0cae-405b-85e4-79177310604b,2023-12-30,S-016,P-004,1,1050
4f99e6ea-b051-4019-9967-c27343f2bb3b,2023-12-30,S-029,P-004,4,0
ab7e36ca-b419-4874-9c0a-140dd67b465e,2023-12-30,S-049,P-007,2,0
1d12d6d4-56d5-498e-8c7a-827d5be0ce7c,2023-12-30,S-012,P-004,2,0
3fff7f38-6a97-46a1-8ac0-d110c9b9aaa5,2023-12-30,S-007,P-006,1,800
0cc32499-f312-44d6-8f14-02e53bf55e5d,2023-12-30,S-039,P-005,1,1050
a2c1c280-b1a7-4bfc-b4f6-392f55b18b99,2023-12-30,S-022,P-005,1,0
8ff82354-46d0-4469-95f3-da780cbd1f57,2023-12-30,S-024,P-003,2,0
6b3e199a-5c69-42f6-bbd4-565a9ea723e8,2023-12-30,S-020,P-001,10,0
6a7ce3a0-3440-4576-802d-8c89cc461af1,2023-12-30,S-010,P-003,1,0
a86091f3-7007-48ce-89ac-deb55937157b,2023-12-30,S-029,P-007,1,0
c3b389f2-0ea1-4d07-a7c9-525839534483,2023-12-30,S-021,P-001,2,0
ea5048ff-ec84-4da1-b093-20ac0f5acf73,2023-12-30,S-009,P-001,5,0
6f75341a-c251-4ca0-8759-9e15ef451629,2023-12-30,S-017,P-007,1,0
2c2c4c7d-2417-44fa-9c19-e3a39169418a,2023-12-30,S-016,P-002,1,0
baec27b2-8c6a-4330-a1a9-f5b1376cbedb,2023-12-30,S-024,P-007,2,0
a1f35f72-49e9-4ded-8895-46aa6f5f4b27,2023-12-30,S-004,P-001,1,0
16152fdb-996f-4e9b-81b0-bc2a10481422,2023-12-30,S-004,P-007,1,0
07bd6e22-e166-428a-a437-1e70f2380fc9,2023-12-30,S-022,P-001,2,0
0ba21c57-c9f8-4152-87db-bd756c5bce8a,2023-12-30,S-034,P-004,1,0
c7a89db3-45f1-4bc8-9add-9a8381b96529,2023-12-30,S-010,P-002,2,0
1e89c9be-7f30-44e8-a2b9-3e4e82176ad8,2023-12-30,S-031,P-006,1,0
ba59cc81-6d63-4bde-a456-20a6fdc5f843,2023-12-30,S-013,P-007,1,0
0da78cd6-6790-4fe6-9e98-ea5936f337d2,2023-12-30,S-006,P-005,1,0
b339665c-3ff5-42f4-b7c9-b487ca967bd1,2023-12-30,S-031,P-005,1,0
2e6a1af6-b718-451b-8dd2-b2fb15d69fef,2023-12-30,S-026,P-007,1,0
84a0646e-18f0-4305-9954-571790592ef4,2023-12-30,S-015,P-003,2,4400
245d37ed-4291-4f34-8521-cfaef53b27a8,2023-12-30,S-014,P-006,4,0
c5c434a5-63f5-41e4-8186-e7850f081078,2023-12-30,S-025,P-006,2,0
96821730-20c2-4602-8078-bd96cab9e5e2,2023-12-30,S-004,P-001,1,0
8c979fc3-b850-4a6d-af32-36c4c472d417,2023-12-30,S-042,P-007,5,0
82026ab7-3c0b-4ddd-a140-9cbc03863d2f,2023-12-30,S-005,P-003,1,0
27ddf5ed-9211-4d04-89b4-b3526e1bd5ec,2023-12-30,S-049,P-006,1,800
8dcfcf18-10ee-4862-88be-322a1cb3e959,2023-12-30,S-021,P-004,3,0
5dc22d8b-40c4-4650-b974-8de4f274d159,2023-12-30,S-014,P-001,1,700
3c713cb6-dc67-4c1e-a054-26b62c4a617a,2023-12-30,S-010,P-004,1,0
777b3f5e-4f76-476c-89a1-f897e85e516c,2023-12-30,S-030,P-006,2,0
0e607219-2dc8-4a4a-b6cb-ae02c29a41e0,2023-12-30,S-027,P-004,1,0
c8508909-cfc4-4317-b6a2-931e29c0aacb,2023-12-30,S-011,P-005,5,0
65fae4f0-76a6-4f05-b306-c1cd30a1a514,2023-12-30,S-042,P-005,3,0
578870f2-2ac1-44d3-9095-055f39a42cfb,2023-12-30,S-017,P-007,3,0
33d38f8c-f168-4934-b7e6-e1f3313ec7de,2023-12-30,S-031,P-003,2,4400
e766c60b-940b-4fa4-86da-348928ff5bb5,2023-12-30,S-008,P-005,1,0
9a267f9e-b884-4b20-816d-36c9730c860c,2023-12-30,S-029,P-002,1,950
2689d00a-144f-4098-81af-69f1d18e57a8,2023-12-30,S-022,P-003,4,0
3253e913-3811-4fb3-b999-624432bf5118,2023-12-30,S-004,P-003,2,0
8b822b33-2d8e-4dd1-a854-9d8cec544e19,2023-12-30,S-048,P-007,1,0
bd1b545f-db71-4179-bea8-b17a8d1ffade,2023-12-30,S-038,P-002,5,0
3c9e8785-57e6-42c3-a8ee-13dfec940b17,2023-12-30,S-042,P-007,5,0
2b7e04aa-25a4-43da-a899-b314b92445c0,2023-12-30,S-010,P-007,2,0
5e8030f1-c00d-41fc-824d-58a828080f29,2023-12-30,S-040,P-001,1,0
3b7ee758-1a7e-4ec9-ae39-b7e0212edcb5,2023-12-30,S-044,P-007,1,0
19ac62eb-60a7-436c-9ddc-d11b515606a6,2023-12-30,S-041,P-007,4,3600
02eb3264-6b3f-41b9-95ff-b2a9222abed4,2023-12-30,S-008,P-003,2,0
82e50af6-d4d3-4cb2-ab2a-86107786bd74,2023-12-30,S-035,P-003,10,0
f03af57a-a08d-40af-9b33-9f57d9c4ba34,2023-12-30,S-002,P-007,2,0
853a2bd6-aaea-4573-9700-1bb771cc11eb,2023-12-30,S-020,P-005,4,0
8232e2b9-6b0c-48d8-ae74-afea3128e6ac,2023-12-30,S-013,P-004,3,0
cd3e03de-17c3-43c9-88e7-4ab534720a73,2023-12-30,S-009,P-005,1,0
d66c5301-301d-4f1a-818e-fe504d8ccd41,2023-12-30,S-037,P-004,5,0
451dae7c-04be-4772-80d6-7b5bc794b6ac,2023-12-30,S-016,P-002,1,950
e3022b67-f5db-4dde-9f51-f5b460ed16a2,2023-12-30,S-049,P-004,1,0
d547c7be-54bb-4a2d-bf12-2d25fb20ee5c,2023-12-30,S-046,P-003,3,0
69cf9fb6-fe38-4fc3-8d3e-dee7725e0cfc,2023-12-30,S-008,P-007,2,0
0dcc9e01-5867-492c-be71-ad9b3d4c28f8,2023-12-30,S-048,P-004,5,0
13b7f032-01fc-4cf1-80be-cb40b7fb5482,2023-12-30,S-023,P-006,2,0
ac611849-6e39-46ff-98c1-ead63180d8af,2023-12-30,S-020,P-001,1,0
eb14d8a8-2873-4bab-82c3-ee10aed01e77,2023-12-30,S-006,P-007,1,900
176f4879-019a-4981-a317-527417046aba,2023-12-30,S-030,P-004,2,0
3c3b5d06-e126-4078-b538-3f1ec698872a,2023-12-30,S-025,P-004,1,0
efc81f9b-c4c0-45ad-8fc7-b57a9ff93b5b,2023-12-30,S-003,P-002,2,1900
ed664c55-03f3-4d7a-bc2d-09b7cf7fe2c1,2023-12-30,S-032,P-005,1,0
bad52792-4944-4b1f-99a6-20f4882f4953,2023-12-30,S-034,P-007,4,3600
9370d1e9-027d-433c-bc67-0abed97cca06,2023-12-30,S-023,P-006,2,0
9e9e1ce9-41f9-4ed0-b0af-fa2c9903ab6d,2023-12-30,S-009,P-003,4,0
0b24dde0-9da7-4717-8f08-a85ae0282c3d,2023-12-31,S-040,P-002,4,3800
141d27a5-f954-415a-b021-f90eeb896359,2023-12-31,S-030,P-003,1,0
993c19ca-3177-4581-a4a6-e53e58c8a501,2023-12-31,S-039,P-005,1,0
3c6b7066-0936-4531-aafb-3960fcebad03,2023-12-31,S-044,P-004,1,0
2090dd66-e6d8-4275-a9cf-2962fad4cf61,2023-12-31,S-025,P-003,1,0
2889acde-dd5f-4b6f-aa2b-593d5d8e68ae,2023-12-31,S-047,P-005,1,0
dc2e6615-5038-441f-bf2a-44f6d02f80a5,2023-12-31,S-016,P-005,1,0
966ba89b-503e-42f6-8db8-595bae83c908,2023-12-31,S-007,P-007,1,0
e28c0b08-e0dc-4615-bfab-ceac54fd596d,2023-12-31,S-049,P-005,1,0
a82ee1bd-a017-4fa0-9c1b-b208bd1b1929,2023-12-31,S-045,P-001,1,0
a39cbdaf-8a52-4582-8915-d7abe42c893f,2023-12-31,S-036,P-006,2,0
31d61a4b-388c-4d8d-be13-0563dc663348,2023-12-31,S-035,P-002,2,0
b8050f0d-4766-4f24-8ca4-6666340d1b0e,2023-12-31,S-045,P-005,1,0
b6a9de90-aac1-4537-912e-a53595366709,2023-12-31,S-027,P-001,2,0
41708e8e-dfce-41e6-b5ba-54b37ca6bc2d,2023-12-31,S-018,P-001,1,0
6241bea3-6786-4c45-90b2-ea65b8cd94b9,2023-12-31,S-002,P-007,2,0
75ec0b70-7d2e-455c-bd05-04377d54d394,2023-12-31,S-012,P-002,1,0
b7a00002-5ada-4ec2-a4bd-2c5f937f2089,2023-12-31,S-046,P-002,24,0
10275251-ce43-4805-ad26-0985b0fd6bcc,2023-12-31,S-009,P-002,3,2850
e0c3f9f6-2953-44b2-981a-9e4beb1cd7f4,2023-12-31,S-046,P-002,1,950
7297bd02-274f-4bea-94b2-6900880e0ce2,2023-12-31,S-033,P-001,1,700
6f61cde1-b4d6-41fd-a7ad-a24ad66f286e,2023-12-31,S-046,P-004,1,0
3612f7bd-d475-40a1-81d4-e6c418bbb36d,2023-12-31,S-035,P-005,1,0
e081280d-50f2-4109-878c-53dee5fcc15b,2023-12-31,S-026,P-001,1,700
8a1113a4-0635-450a-887a-16f10a06fc19,2023-12-31,S-021,P-002,1,0
0921ca64-a6db-4208-842a-b2f468909e49,2023-12-31,S-009,P-002,2,0
9d06ebd2-1552-4ea3-89c4-0a2ea5356df5,2023-12-31,S-041,P-001,1,0
e9c49d4e-4604-41da-90ff-b5cfab7f74fd,2023-12-31,S-024,P-002,4,0
8ae7899d-e115-4c60-b2e1-e6a9edd9b998,2023-12-31,S-032,P-006,3,0
3879fd8b-aff9-409e-b09b-9d46d0b35603,2023-12-31,S-035,P-001,1,0
ffd6007e-ae48-4cce-b48f-18cafb602c1e,2023-12-31,S-009,P-002,2,1900
0a3a665f-2a58-4a64-99a2-f8ecc054fef5,2023-12-31,S-013,P-001,1,0
8b8adccf-5917-47e7-bfd7-87e6e9fdc5c4,2023-12-31,S-019,P-002,1,950
e58b624d-5066-432d-a06d-250b4be2d8f6,2023-12-31,S-029,P-003,4,0
8c260be3-049b-4ed2-8462-0773009d3985,2023-12-31,S-009,P-005,1,0
3920b909-f899-473b-9388-a313c1766cdf,2023-12-31,S-032,P-001,1,0
d75cfe72-265c-4705-b890-af501aa5fced,2023-12-31,S-028,P-004,1,0
cc7a6ede-3186-4224-b140-a2e13abd9dc1,2023-12-31,S-030,P-005,1,0
566751de-85bd-41e0-8921-b5fff643a484,2023-12-31,S-030,P-007,4,0
8edd8693-2480-4259-9d84-dff09d227e19,2023-12-31,S-041,P-005,3,0
3c4dca53-219a-4bfe-812d-5109df038784,2023-12-31,S-017,P-001,1,0
7b1ede84-9571-43e9-8122-45ab524b64a4,2023-12-31,S-040,P-001,24,0
a5c9043c-f658-4629-a454-0580410406e6,2023-12-31,S-034,P-003,2,0
4945db55-35f5-4211-b742-31677ea38579,2023-12-31,S-008,P-005,1,1050
5c3cd05c-59e6-4552-a01b-9a830a5edc9f,2023-12-31,S-037,P-005,1,0
3a6f7ad4-49fc-420f-9d97-caf7c67c8ce3,2023-12-31,S-009,P-001,24,0
f311d64d-19a3-47de-a88d-744001b6e893,2023-12-31,S-018,P-002,1,950
45679515-28fd-41ea-a1d5-3108fff31a95,2023-12-31,S-014,P-004,1,0
986fc53a-f15b-4b2f-8eb3-64465c447ee8,2023-12-31,S-043,P-005,1,1050
4a082144-90e9-4580-a61e-0f62d2996c10,2023-12-31,S-012,P-001,2,0
536238a0-193c-429b-85bd-664fda87c76d,2023-12-31,S-004,P-006,1,0
bf6454b9-3ca5-4b8c-85a0-6a19f64d079f,2023-12-31,S-032,P-001,3,0
9e590cc4-da39-4f74-a119-60d75aaeef78,2023-12-31,S-004,P-001,1,0
c9dd0d0a-1151-48f0-9e32-81a9e974c2f6,2023-12-31,S-025,P-005,3,0
330ad0ee-0783-4b2c-bf16-23193339418b,2023-12-31,S-024,P-001,1,0
c518770f-22a7-4b5e-80b1-c1e293c154cf,2023-12-31,S-030,P-003,1,2200
97f4f511-e186-400a-a2a2-6f1a18c74fff,2023-12-31,S-018,P-003,2,4400
56dd91d4-2c24-4a81-b909-af40a7b61d12,2023-12-31,S-005,P-007,1,0
b0dfff9e-9b7e-4676-be3f-3ab74f05efc7,2023-12-31,S-036,P-005,1,0
8c5af3ed-307c-4f95-8558-e323454dca93,2023-12-31,S-006,P-007,2,0
c3f78b3c-86ca-42ed-9094-c2bba9261986,2023-12-31,S-030,P-002,1,0
8d99750c-a890-4aa5-aa03-48d6109c7ac5,2023-12-31,S-027,P-002,1,0
8e79f46d-896e-437f-af2e-49f45f8c93df,2023-12-31,S-023,P-002,1,950
3888feb7-39d6-47ef-96a7-6e38b5e2e195,2023-12-31,S-012,P-006,2,0
b7419d16-a68f-4483-a7a9-bc69f0e1943b,2023-12-31,S-026,P-007,2,0
57b59a96-0a54-491a-8450-a254574b3d27,2023-12-31,S-022,P-004,1,0
7a070cb9-9b5f-4856-a77a-b4891269f8d1,2023-12-31,S-021,P-003,2,0
b9cd07e0-8408-44c0-be71-108a69f65440,2023-12-31,S-037,P-007,1,0
22263f7e-6a06-4b5f-8109-7a7e49205b78,2023-12-31,S-040,P-004,1,0
2a389930-fac5-44e0-8131-de91e4a8020d,2023-12-31,S-019,P-001,1,0
ce8d13ce-ab27-40d0-8a67-2c2ae927368e,2023-12-31,S-019,P-005,1,0
c6205ce4-1e68-46c1-9f77-9ed86b9bf2da,2023-12-31,S-002,P-003,1,0
d114d9b5-a397-431b-bb3e-aa5a54d16de2,2023-12-31,S-020,P-004,2,0
a4864c00-0500-486b-aec0-3c3755980768,2023-12-31,S-004,P-004,1,0
7b6884bf-f4ac-4699-be48-86a69601a096,2023-12-31,S-003,P-001,1,0
3e7ab154-9678-4842-a060-598e88ed095a,2023-12-31,S-015,P-001,2,1400
9f2565f9-f885-4537-9c92-44837f10d213,2023-12-31,S-001,P-004,1,0
feaefc04-57aa-44eb-b5a4-c83e1f3f6755,2023-12-31,S-025,P-002,1,0
01fd0b1f-00b9-4b34-ae87-0397b7a66c54,2023-12-31,S-028,P-005,2,0
f5a20d26-270c-4a1c-a5c4-62f6b2c4680e,2023-12-31,S-029,P-004,1,0
5d4226d3-e029-4d60-ae4d-bc286c48ced0,2023-12-31,S-009,P-002,4,0
6c1c6f95-a540-4ad8-9e88-f5485e0a07f7,2023-12-31,S-017,P-005,1,1050
0209fdcd-68dc-4af1-9dec-8b9faaae1640,2023-12-31,S-017,P-006,1,0
a528dd01-18cb-48bc-a3a4-1ae7a520957a,2023-12-31,S-041,P-002,1,0
52f01e83-58b4-47dd-a98c-878e58511303,2023-12-31,S-025,P-003,1,0
925ee949-b093-47b9-a2f4-d21cb13265d9,2023-12-31,S-021,P-004,2,0
7200b9db-580a-476f-a50a-b0efb69775e5,2023-12-31,S-031,P-003,4,0
a143dd9b-27b5-4461-866a-0df45b7efb8f,2023-12-31,S-050,P-007,2,0
d7fc73f1-3812-4da7-9426-1497725d7e71,2023-12-31,S-033,P-005,1,1050
512c9ebc-7d05-41d1-8cbb-0bcb85842234,2023-12-31,S-044,P-005,1,0
7f936ca5-4355-44c1-9cbf-daa0c7fd20d1,2023-12-31,S-048,P-006,2,0
2ace2e3b-687b-4f67-8250-759bd1ebb4c7,2023-12-31,S-035,P-001,4,0
18fcc28e-ed22-40d6-8487-1d31adfc08fa,2023-12-31,S-037,P-001,1,0
6e92eb7a-bd49-406e-8df6-4abd188272fb,2023-12-31,S-044,P-001,1,0
1edbfd07-df4e-4c76-93f5-90c62d27dd57,2023-12-31,S-004,P-003,1,0
badd999b-db86-4b70-bb64-5d63cf33c925,2023-12-31,S-030,P-006,4,0
f7462bf6-5ec1-4494-9598-9083cfb8e58e,2023-12-31,S-021,P-002,1,0
883fb87c-ec2a-40c5-8e82-3747024f371c,2023-12-31,S-031,P-003,1,2200
4178ec0f-0553-4c31-a5d4-0fdfe1b8043e,2023-12-31,S-017,P-002,1,0
5641e435-4183-4f12-ac73-fdd33c130b89,2023-12-31,S-001,P-005,1,0
41f666b5-b734-4681-8d96-2879153b499c,2023-12-31,S-034,P-004,1,0
ccf736ed-74dd-4134-86e3-f987a1f6cbc5,2023-12-31,S-025,P-003,1,0
ed46281c-c016-481e-8c7d-261ce14a87c1,2023-12-31,S-043,P-003,1,0
0fea52bb-fb8d-4f2c-984e-328ed951f3d4,2023-12-31,S-026,P-001,1,0
11d5fcba-eba5-4095-9b65-1604515fab41,2023-12-31,S-045,P-006,1,800
05abc590-1af0-43e0-809a-2261305fa249,2023-12-31,S-048,P-005,1,0
331d371b-0a6a-451f-829e-baec6bdf620d,2023-12-31,S-033,P-003,10,22000
052fdac8-d14b-4cc4-b004-9c4721b294a2,2023-12-31,S-002,P-007,1,0
852ba22f-a2ac-4ca2-959f-61d74fd0bc3a,2023-12-31,S-045,P-005,1,0
eb009345-5545-4952-a020-cb821df591ca,2023-12-31,S-025,P-006,10,0
99fedf15-5b4b-46ab-8781-ced53aa766c9,2023-12-31,S-018,P-002,1,950
39a122e7-2714-4bf7-903f-2d84c63e2bdb,2023-12-31,S-027,P-001,24,0
964337d2-6790-42c7-81b4-7ea14a5a8194,2023-12-31,S-049,P-002,1,0
989270ed-8e54-4724-b13d-06954e1c3c4f,2023-12-31,S-044,P-004,1,0
71e87e54-73f1-4e03-b872-f1ed89d059d5,2023-12-31,S-019,P-002,4,3800
4479515a-f5ac-41ed-b848-914063a60f53,2023-12-31,S-025,P-005,1,0
fbf47a5b-0d86-41c9-a928-447450deb62d,2023-12-31,S-019,P-007,4,3600
c68eac3e-1b72-45c6-9bf9-9ce34225a2bb,2023-12-31,S-038,P-005,2,0
5503ae68-306e-457b-8313-2b3833b74c1d,2023-12-31,S-031,P-004,2,0
2b3ea2f5-9c6d-4060-ab7c-2bc3de2a0597,2023-12-31,S-010,P-007,1,0
1f463c44-363c-4ea9-b108-373cc971f523,2023-12-31,S-037,P-004,3,0
3ff62e08-2fad-4f83-8106-5dd16da06636,2023-12-31,S-018,P-007,1,0
cf665efb-7393-41f8-8343-a563cd672b0c,2023-12-31,S-012,P-003,1,0
100ea102-687e-4c44-8434-48c24f5a1c7b,2023-12-31,S-004,P-004,1,0
4a3b5519-d439-45e4-b655-da4d603e1d88,2023-12-31,S-014,P-006,5,0
a66a1195-fa22-49e0-b13c-80c9517bb0f1,2023-12-31,S-038,P-003,4,0
3e6c1c62-32d6-4bc9-b406-77d8db730ff9,2023-12-31,S-005,P-004,2,0
0f529be6-bea5-43f7-b79c-8f7736bbaec0,2023-12-31,S-042,P-005,3,0
5e4b2679-f830-49aa-9748-c7d9248ada32,2023-12-31,S-026,P-001,4,2800
27c9f12d-9cfd-4919-9a5a-88182954c0f6,2023-12-31,S-036,P-003,2,0
f38725ec-6877-4557-84f0-7dde28e1290b,2023-12-31,S-017,P-006,1,0
a278d999-9fee-4052-ade6-c891a515f28a,2023-12-31,S-010,P-007,2,1800
a9059aed-90d6-440a-93f0-8df68135c002,2023-12-31,S-018,P-005,3,0
88e64770-d3d2-4e1a-a2cb-e1af54726266,2023-12-31,S-017,P-004,2,0
cabe1e82-b3b7-4078-8b0f-3a65efcbc0d8,2023-12-31,S-029,P-002,1,0
61bf70fb-aeec-45ba-a937-63cde35463aa,2023-12-31,S-027,P-006,4,3200
d1557154-d71f-404d-9eee-fdcc727b187d,2023-12-31,S-031,P-002,3,0
e819ee94-5886-47a3-9f89-479bb68e6fc0,2023-12-31,S-014,P-007,2,0
a87b31c0-4f48-4fc5-a806-45a060a709aa,2023-12-31,S-006,P-002,2,1900
93db00e9-2a05-4259-a27c-b61aaabf49e6,2024-01-01,S-015,P-003,2,0
1951980a-93ef-404d-b389-4f278c648675,2024-01-01,S-006,P-003,1,0
7a65eda0-3e9b-4019-af1d-e942ee97f92c,2024-01-01,S-028,P-005,2,0
268c13e2-5387-4984-b567-61ad12070523,2024-01-01,S-022,P-004,1,0
d9348202-b0d6-420b-bffb-9db0a90016d1,2024-01-01,S-021,P-003,5,0
056356af-9f8a-4097-aa8a-dffc5db1225a,2024-01-01,S-017,P-005,4,0
41b32671-4d81-456c-80cb-b712fdd8fae7,2024-01-01,S-030,P-006,1,0
0560e16d-136b-43ed-b431-15021923154c,2024-01-01,S-004,P-001,2,1400
e053cbaa-723e-4ef7-a5d5-af4f42990d79,2024-01-01,S-038,P-007,3,0
53ed3f48-6d05-4e89-8125-cfd28866b1db,2024-01-01,S-045,P-002,1,0
951d53be-517b-4a50-a480-8869f8fd4714,2024-01-01,S-046,P-006,1,0
09f6273a-0139-49af-afff-df8e81d2e55d,2024-01-01,S-007,P-007,1,0
18c79fd4-376d-43d6-9891-88613f38d953,2024-01-01,S-037,P-001,3,2100
a2c292bb-2c5b-4b60-968c-bc9e5ec5dd24,2024-01-01,S-050,P-001,24,0
2254c0db-1ada-48a0-b32c-f197c3d928cb,2024-01-01,S-001,P-005,2,0
2e495285-0ed2-45be-9f7a-ab81fd71b39e,2024-01-01,S-037,P-003,1,0
be406e0d-9c67-46a3-ad24-c6524da0ce43,2024-01-01,S-038,P-005,2,0
52cdaebb-ce54-4e40-8f64-0dfd3e46e64f,2024-01-01,S-003,P-005,4,0
6828837c-620f-4916-b50a-3d97e7ba9b1c,2024-01-01,S-047,P-002,2,1900
0dc43542-cd88-450f-aa85-f3493b0092dd,2024-01-01,S-019,P-003,1,0
929b0283-b327-4861-862c-544cf7178e79,2024-01-01,S-044,P-002,1,0
27bf1994-de46-4414-b523-a1c638fa2725,2024-01-01,S-024,P-003,1,0
0e93fe25-5d5d-4d8c-af6d-7416b54d35be,2024-01-01,S-044,P-007,1,0
86962993-1e28-4bdb-898e-1cf71b9e7f1f,2024-01-01,S-018,P-004,1,0
75680510-2019-4221-96de-b6fa475e28fc,2024-01-01,S-050,P-003,2,0
629547e1-545e-4664-aafd-8bbdc161fdad,2024-01-01,S-026,P-002,1,0
0c7e1025-4a83-4835-9872-98cfce27f798,2024-01-01,S-039,P-004,5,0
5ff58a8b-6cd6-484f-81b4-f35fa2dac4ac,2024-01-01,S-037,P-002,1,0
10a31b53-de2c-4e82-8fa8-c1b2f1763771,2024-01-01,S-047,P-007,3,2700
3764f35d-85cb-4b76-b3d7-133a2c82d121,2024-01-01,S-013,P-003,1,0
30d564d6-7adc-404b-b353-7965ceb37696,2024-01-01,S-048,P-005,1,0
2c4fce47-fc24-434a-9f37-33104c5dc886,2024-01-01,S-009,P-005,2,0
ab19b5cb-e8bc-47cc-a87e-17e60651d251,2024-01-01,S-038,P-006,2,0
a3172f81-5580-45d8-9d47-6c99d36cf032,2024-01-01,S-027,P-007,2,0
71e62741-2747-4fc3-bf6e-08488d61e272,2024-01-01,S-047,P-005,1,0
4c63e4df-eb8a-4d5b-b8c0-842b2b029977,2024-01-01,S-009,P-003,1,2200
11ca6655-99e9-406d-b6e7-9e5a75785edd,2024-01-01,S-038,P-006,1,0
5e5477ed-58eb-4628-b6f0-bface867614e,2024-01-01,S-022,P-006,1,0
b4601165-c3c6-4c3c-908f-810dccfb4516,2024-01-01,S-028,P-006,1,0
549ba9f2-0fb3-41fc-9b6f-26d274f48f7e,2024-01-01,S-013,P-004,2,0
5cb8680f-0e14-46bb-a007-9365066efca0,2024-01-01,S-011,P-004,4,4200
4bfa3af9-493c-444a-ad22-fab1540bbdcb,2024-01-01,S-048,P-007,1,0
8bf1fe9c-6258-49e8-85f7-5690e4578f89,2024-01-01,S-019,P-007,5,0
9ad916a2-08c5-4a1d-9969-343cef51aa9e,2024-01-01,S-008,P-007,2,0
0528fece-2f56-4e67-9ab9-f96ecb504bb3,2024-01-01,S-029,P-002,2,0
d191fd44-3baa-4cf0-9a7d-fa2736cd6ca0,2024-01-01,S-018,P-005,1,0
571667dd-1ca5-4d76-ba14-8d88f16ed283,2024-01-01,S-042,P-005,2,0
a1f3e517-8219-4418-94db-48e69b02839e,2024-01-01,S-039,P-002,3,0
d74ea11e-a9da-45eb-87af-2afa1300f392,2024-01-01,S-034,P-004,1,0
982f6214-6bc2-42ab-89a2-70e421aa5e0c,2024-01-01,S-033,P-001,2,0
582f24ec-6708-44ba-b6ad-8351c960d9cb,2024-01-01,S-040,P-004,24,0
0529e36a-80df-4471-ae9b-bbe429f00d40,2024-01-01,S-027,P-007,3,0
cb4e62ac-99d4-494b-b3dd-d2dce8219fc5,2024-01-01,S-041,P-006,4,0
2cce893d-7883-4f43-9170-64e7b7ecc47a,2024-01-01,S-013,P-001,1,0
af2eed50-c331-48b9-b7dc-17cea0b9795e,2024-01-01,S-048,P-004,2,2100
8a038dbe-fd64-44a2-95a7-eeb8160c7ddc,2024-01-01,S-030,P-007,1,900
3178332b-8318-43cd-a484-1a7ea7c8741c,2024-01-01,S-043,P-003,2,0
8641b5aa-ee0b-4ba9-a913-09dfeea2074e,2024-01-01,S-039,P-002,1,0
5bda80ae-c97f-4ef5-837c-2975812bd1b5,2024-01-01,S-022,P-001,1,0
90231601-5bc8-429e-a1d0-e1cf7dfdb1f1,2024-01-01,S-015,P-003,3,0
1c8f4be9-e345-4175-a4ba-5d44e6cfd64e,2024-01-01,S-036,P-004,1,0
53ee3189-8b5f-405e-86c1-406c7b28b396,2024-01-01,S-024,P-002,1,950
e91b9f9b-6ab4-4d5e-a828-8ed925fa453b,2024-01-01,S-010,P-004,5,0
3a10c97b-673e-4de8-9f06-a17a4983e95a,2024-01-01,S-020,P-006,2,0
a92efd42-3f1f-4203-b597-3b68a52edcf8,2024-01-01,S-044,P-002,2,0
92e0545d-a5b6-46fe-a8d3-a3c0ea452d58,2024-01-01,S-028,P-004,3,3150
2440552c-bbc2-49f1-90a4-75079bef9129,2024-01-01,S-011,P-003,1,2200
6676eb20-d4a8-48cd-a543-31a15a7324f5,2024-01-01,S-018,P-002,1,0
e184e5f4-c3a8-4338-9e48-a8ed7d130d62,2024-01-01,S-043,P-001,3,2100
988ac87a-d666-4d0b-b134-3220f0c4c273,2024-01-01,S-018,P-007,2,0
c2660de2-e1b1-4721-ab50-72a1297bc5ca,2024-01-01,S-034,P-002,4,0
221a54c1-7e88-4068-a503-6b65e5753741,2024-01-01,S-020,P-006,2,0
8c4118b2-e858-48d2-a0df-046c12dd0efb,2024-01-01,S-001,P-004,1,1050
ca070cf7-78ce-403d-bf82-fb19ac7ba3ce,2024-01-01,S-020,P-002,1,0
6379c620-4819-4725-8ba8-6939f58b7364,2024-01-01,S-021,P-001,4,0
3d2aed69-9f74-496c-a43b-e4aa063db02f,2024-01-01,S-042,P-002,2,0
4e6e630b-b320-4927-a916-076a16cb68aa,2024-01-01,S-021,P-001,1,0
c9f31c8c-d15a-4880-8334-98f8a0425c54,2024-01-01,S-021,P-007,1,900
c1fd51fb-4003-4196-94b6-f318b885f280,2024-01-01,S-040,P-002,1,0
ffe1fbaf-f4d1-4a1b-8d4f-af412bab7090,2024-01-01,S-046,P-005,2,0
99186dca-85c2-4ea7-a31d-981608495cf7,2024-01-01,S-039,P-004,5,0
0fdcddb2-d238-4f67-8bf8-c1f130820df7,2024-01-01,S-013,P-001,2,0
1f238919-ed81-409e-966a-e06e80d5cd26,2024-01-01,S-049,P-006,1,0
ea3ec1e9-8602-49fd-865d-d984ad236195,2024-01-01,S-037,P-006,10,0
6885dbf2-3e73-4cf6-ab84-800f214bd807,2024-01-01,S-045,P-006,4,0
d7999e38-f93e-4ade-86f9-49aa08cd50ec,2024-01-01,S-016,P-001,1,700
c4709ddb-9184-4272-abb7-cc4dc712e51f,2024-01-01,S-013,P-007,2,0
de4ef64b-c755-47d9-8eef-ca3a8d9f27ee,2024-01-01,S-008,P-002,2,1900
5b1d2789-4195-4569-89c6-92322fba87ea,2024-01-01,S-005,P-002,1,0
6f0ca7ff-0c28-4ced-b44b-bbaf5e8d7129,2024-01-01,S-029,P-006,1,0
0498d88f-f3cf-4e2f-9670-38a7cde9180d,2024-01-01,S-021,P-006,3,2400
0741e82e-758a-4bd5-ab8e-6070b28b625a,2024-01-01,S-016,P-007,1,0
6075e2bf-9054-498a-b58f-2f3085efeefb,2024-01-01,S-012,P-004,5,0
d6f5f950-c29f-42a3-b0a0-38dbdaf9f0dc,2024-01-01,S-046,P-005,24,0
42c280fd-abab-41ad-99e0-17526b0e64fa,2024-01-01,S-011,P-004,2,2100
fee233a1-dab4-44d2-bdc7-14a783300f99,2024-01-01,S-040,P-001,4,0
cf03b926-5a59-4278-a582-cf21f1e8a431,2024-01-01,S-018,P-002,1,0
9fc3263d-6536-4336-9635-f2aa34a66d95,2024-01-01,S-040,P-006,5,0
9d4fa088-39b3-497c-88f3-ea2f13f253b1,2024-01-01,S-049,P-003,1,0
ba2eb0c9-9ba1-4648-a964-7e76a0af1be6,2024-01-01,S-009,P-007,1,0
b45351d6-6be9-4641-bc81-76d660b51644,2024-01-01,S-001,P-001,3,0
34f134bc-dff2-42d0-834f-acc80c840472,2024-01-01,S-014,P-002,3,0
e4227870-33fa-468f-ada4-5df141e1d04c,2024-01-01,S-004,P-007,4,0
3b70defa-3f94-4ac5-8611-a0ceb36e124a,2024-01-01,S-020,P-001,1,700
245b5096-81be-4863-b707-17113c53d0f2,2024-01-01,S-022,P-005,5,0
7bfb84bc-9465-4b97-a3c8-b65820658ad3,2024-01-01,S-006,P-007,1,0
14c4d329-0580-4ec6-bf54-d0b362b5ae40,2024-01-01,S-001,P-002,1,0
6d97d776-6ed6-4a55-b93b-8af2be4a2f6b,2024-01-01,S-027,P-005,3,0
0121e68c-2280-4dfe-bd6d-3ffbaed44e94,2024-01-01,S-046,P-006,1,800
88bc9b45-ad54-4f90-913d-f1786d522810,2024-01-01,S-044,P-002,4,0
c7ff7489-26b8-4846-8ab7-7349f90a27b0,2024-01-01,S-050,P-002,1,0
15f5b730-7fa6-4f44-a18a-a98d6751d5bc,2024-01-01,S-016,P-003,1,0
783d9dc5-5013-4211-b196-37e4e5f34f72,2024-01-01,S-029,P-005,4,0
e2362114-a6b7-4c57-954c-05f4169a51f7,2024-01-01,S-024,P-007,5,0
fd1e6438-1050-4a38-9bdd-c0a7192eff13,2024-01-01,S-023,P-003,5,11000
fe6a4ba9-6525-42b2-bf4e-1e5d1d2ec015,2024-01-01,S-005,P-003,24,0
abb94d33-13d1-4ee1-8b84-fe28d585a387,2024-01-01,S-036,P-001,2,0
e6a9a56a-83df-4469-b6c3-b4fdab54b6c4,2024-01-01,S-046,P-002,3,0
ce7de21a-bc60-44fd-b0af-fb2d023dee00,2024-01-01,S-039,P-006,1,800
83011a88-4f22-4246-9887-ef44a8a1f20c,2024-01-01,S-006,P-003,1,0
d2b632fe-4da4-455c-ade9-094dd6fe171b,2024-01-01,S-048,P-004,3,3150
14a4a3ae-5dba-4c96-8fd8-3de758e53a6f,2024-01-01,S-023,P-007,1,0
fd95f684-eecd-4001-ab29-708e8bc965cd,2024-01-01,S-029,P-007,2,1800
6f833af9-89f5-4807-806f-7615579ad6af,2024-01-01,S-017,P-004,1,1050
d6b20b48-ce37-4243-9d78-36d87fc722ab,2024-01-01,S-030,P-005,4,0
674eabe9-9e7f-4f87-94b0-2e00fdc126a6,2024-01-01,S-023,P-002,1,950
145eb1e9-3c1e-47fa-8183-e76794d5e044,2024-01-01,S-043,P-006,2,0
c01124cc-3333-46b1-903c-4612a1a75a0d,2024-01-01,S-019,P-006,1,0
7c22faec-d6d7-41cd-9edb-a2b04dc2259f,2024-01-01,S-028,P-006,2,0
a27b67cb-b8f6-41fd-b2ca-11692eea18bf,2024-01-01,S-014,P-001,1,0
46a39898-5c96-4ce4-ada7-b998968a5522,2024-01-01,S-043,P-007,1,0
7db9f08b-a670-4910-a000-84d593d52bf1,2024-01-01,S-050,P-007,1,0
01b1c99d-15c6-4b24-ac98-9b178f04e6f3,2024-01-01,S-049,P-001,1,0
85396842-2ba4-4cdd-bba1-e76ca9ac5abd,2024-01-01,S-007,P-002,3,0
2defd883-912b-49d5-96e8-1490b1365a99,2024-01-01,S-015,P-005,1,0
6cba8dd9-d84f-4472-b8b6-149af687f932,2024-01-01,S-007,P-004,1,0
d5611234-1e86-42e8-9b4f-fe8c1db8f18c,2024-01-01,S-002,P-005,1,0
6242af79-bb2e-4981-ae58-132fe39fe803,2024-01-01,S-002,P-004,2,2100
10589d59-cdcd-4a74-855b-a2ac904620db,2024-01-01,S-039,P-007,1,0
569fba98-fd04-4a80-a27d-da76b5de70f1,2024-01-01,S-046,P-002,1,0
7a150e5b-b12c-478c-b841-5e9edf88b2cc,2024-01-01,S-003,P-004,1,1050
629e5cd1-0078-43b3-a9ec-0eabe13641cb,2024-01-01,S-031,P-007,1,0
f9e876b1-92ca-468b-b05e-f75063a5b0e7,2024-01-01,S-033,P-006,4,3200
17de07f6-350d-4080-b9f9-c96c0747318e,2024-01-01,S-028,P-001,2,0
e3389203-2fb7-41ad-8838-0eb8020d1f3e,2024-01-01,S-047,P-004,1,0
0a5910b9-ca32-42ab-a255-23fab6f9f07f,2024-01-01,S-026,P-001,1,0
24cd19bf-cdbe-45c7-bdde-6950cbd6e121,2024-01-01,S-044,P-001,5,0
fd4363bd-85d6-43f9-a22c-e2d45b01c762,2024-01-01,S-026,P-001,1,0
ad35574a-0b51-40f4-ba2a-910d69aa388c,2024-01-01,S-044,P-006,1,0
52e00e26-5165-49a2-8c36-f3d9339f6b11,2024-01-01,S-017,P-007,1,0
ec684044-d284-44fa-ab43-91ef37e8f2d6,2024-01-01,S-031,P-003,1,0
f0412da3-5eb9-4f21-902c-2ba0328efe46,2024-01-01,S-030,P-003,5,11000
570205a3-4b89-4f94-afca-1778d543a88c,2024-01-01,S-025,P-002,2,0
aadd0013-dc4e-40aa-a77d-30b27f79bd3d,2024-01-01,S-024,P-002,1,0
86097198-62c1-4730-be2e-1c650a1a78ba,2024-01-01,S-030,P-007,1,0
e122e30b-ef78-483d-9cc1-17ffc9cb9e7f,2024-01-02,S-032,P-006,2,0
680a19db-ba1b-4f36-b8d8-1da8f1bccceb,2024-01-02,S-041,P-006,1,800
a85ee98c-9e89-434e-b493-39cbbadeddd5,2024-01-02,S-026,P-003,1,0
eb6780fa-e767-432f-ba0b-6afe21d965f1,2024-01-02,S-004,P-003,1,0
8992d2c6-200a-479f-8310-d7478ca4ed0f,2024-01-02,S-030,P-001,1,0
8f54df7a-2807-407a-806b-3036055257d9,2024-01-02,S-046,P-003,2,0
f08ef4de-1f91-4348-96f3-157641cd7102,2024-01-02,S-018,P-003,1,0
35ccc928-46cd-4e6d-9ac9-5f3b90e369c3,2024-01-02,S-004,P-006,3,0
e2212233-050b-4a2c-8212-44bd7ebd6f16,2024-01-02,S-046,P-004,2,0
2f5063ee-d1ee-4fe4-8b6c-28955f99a035,2024-01-02,S-008,P-001,1,0
e30cbf0c-b29a-420a-876b-d369e8e7ec6a,2024-01-02,S-031,P-006,2,0
73f04d8b-6f5c-42b3-8372-bc0ad6fa4cdd,2024-01-02,S-037,P-001,1,0
95450abd-8c50-4ce7-91f3-df799949aa89,2024-01-02,S-014,P-005,4,0
8c0374c0-54b8-4d74-9dc1-c8245c247588,2024-01-02,S-038,P-004,3,0
3e686797-5e43-41a1-bbe4-97338e980eb2,2024-01-02,S-039,P-001,1,0
bb8a6370-5ecd-47f9-ad56-88f16f1fb19a,2024-01-02,S-047,P-002,4,0
68b7bce2-d4a3-4947-b086-e805bbb77f34,2024-01-02,S-036,P-001,2,0
6bf36d2e-fd2a-4a50-80f2-e706b46c1ad9,2024-01-02,S-043,P-004,1,0
82109390-b2c3-4c44-a687-af1f978722a6,2024-01-02,S-025,P-003,1,0
b61dfa4f-56de-4aa3-9954-7d7ec5a66b52,2024-01-02,S-021,P-005,4,0
fb6abf9e-c59a-43b6-999b-4fa044cfef9c,2024-01-02,S-044,P-001,5,0
33c724da-ed37-4c1c-b03d-5593d999e5d0,2024-01-02,S-007,P-007,1,0
e96d5316-16f4-46df-a950-ef752769cf8f,2024-01-02,S-002,P-002,1,950
64e9362c-97e4-47a2-a796-aa65a482dc42,2024-01-02,S-016,P-003,1,0
07862d22-5a4e-4c4d-80f1-707e4c8b66ee,2024-01-02,S-030,P-001,1,700
ab0568d0-19ee-4369-8812-6cfd869a1330,2024-01-02,S-016,P-004,1,0
4fa8464a-14a9-4afd-97c5-20b12ba33593,2024-01-02,S-033,P-002,10,0
bc40993a-7d6c-4656-a3eb-777e2afbb74c,2024-01-02,S-032,P-006,2,1600
fc384d8a-9264-4ea8-819b-c0bedcf1f8d7,2024-01-02,S-008,P-004,2,0
4561bcb4-dc72-4a88-93c1-4b62f6cd0a4e,2024-01-02,S-032,P-006,1,0
ac646108-23a5-4ccf-aa69-582de7d37c53,2024-01-02,S-029,P-005,4,0
891e33ba-df50-4864-9f39-6257daa6df4e,2024-01-02,S-017,P-001,2,0
291979cd-c435-4dad-b4c4-87c82effd0f5,2024-01-02,S-015,P-001,1,0
dd251940-e4c5-4949-adfb-87c86bf1b61b,2024-01-02,S-011,P-006,3,0
a7b25558-823c-48f0-a26e-989f82990cd6,2024-01-02,S-037,P-005,1,0
36e1f2b5-e44f-4472-b452-be0b62e03e8b,2024-01-02,S-003,P-004,1,0
cd3ab9d0-b55f-4274-b059-b2fc036e721c,2024-01-02,S-012,P-005,1,0
891cc797-6cfb-41f5-92f5-684993fd70b3,2024-01-02,S-029,P-002,2,1900
e6034e35-c7c0-431f-b1b0-4e55fc129aea,2024-01-02,S-020,P-002,1,0
93b36c2d-f241-49fb-982f-4bac72e208c5,2024-01-02,S-023,P-003,1,2200
74c8639b-a5b8-4286-ac77-43729290db48,2024-01-02,S-008,P-002,4,0
e1bd0a7e-f8d0-4278-b596-20f49c86f66a,2024-01-02,S-006,P-007,2,0
65cbd515-d589-4985-b6c9-f378b02cf002,2024-01-02,S-007,P-003,1,0
55fd31a8-a9b8-4ce0-8f4a-033890dda55d,2024-01-02,S-007,P-005,1,0
c56e71c7-0677-4baa-b000-a55ba699fc8d,2024-01-02,S-033,P-007,10,0
0558a4ce-9f2c-43f9-b8bb-e2fe2d5a5b73,2024-01-02,S-009,P-002,2,0
4087d60b-7d09-4557-b409-024e8b1345cc,2024-01-02,S-017,P-002,2,0
0a407bbf-aaea-4dd5-8665-b35181c7d606,2024-01-02,S-004,P-005,1,0
0621a955-3ad2-4467-a6d2-5b9359ba5e14,2024-01-02,S-023,P-001,3,0
4bd9778c-f262-48bd-a54f-a371dc3a48bc,2024-01-02,S-006,P-006,1,0
ba886204-2103-41d9-94ab-3a0aa3324da3,2024-01-02,S-028,P-002,4,0
b4880c7c-09d3-4e33-b1f6-0992f4e28c7c,2024-01-02,S-034,P-005,2,0
45f4533f-2fba-487f-aabb-eade29bf45f6,2024-01-02,S-026,P-002,2,0
aaa258a0-104e-4eb2-bc3a-2c1f0b2a924d,2024-01-02,S-038,P-005,3,0
570b6b61-9df6-4b5b-82d3-4d804d54554b,2024-01-02,S-050,P-003,1,0
89b20006-5803-4beb-9662-3170b87f6311,2024-01-02,S-047,P-004,1,0
1bcc29bb-1051-498f-9b31-8fea7f7e9aa6,2024-01-02,S-041,P-006,3,0
a780c56a-0c36-4e7e-932c-f8e637aec8ef,2024-01-02,S-002,P-003,3,0
7fac57ea-c0b9-4fda-9769-ebe7de2bad06,2024-01-02,S-040,P-006,3,0
27817af3-2da6-40df-b6e9-eda1aa916a0c,2024-01-02,S-025,P-002,2,0
b4a8fbb2-8dde-4d22-b695-af2340076b9a,2024-01-02,S-040,P-004,4,0
5afc4256-5611-4d7d-a03b-889187596abc,2024-01-02,S-050,P-005,4,0
22d58249-2cc0-413c-ac93-496e99008b90,2024-01-02,S-050,P-005,1,0
c1b62443-646e-4483-bf72-23e23c908042,2024-01-02,S-047,P-001,1,0
f164fea6-bbc0-4ab5-a374-8476d8e87c30,2024-01-02,S-042,P-007,1,0
35ad8092-df0b-488f-9420-062e75435fb8,2024-01-02,S-007,P-004,1,0
783839a3-9405-43d4-8da8-cecf232813c9,2024-01-02,S-001,P-001,1,0
05b709ca-b25a-45b4-ab60-68e67e8cda86,2024-01-02,S-004,P-003,3,0
a2a044e1-09e5-45fd-93e1-44284103b5e8,2024-01-02,S-031,P-005,2,0
cfb4dd97-d88a-40b4-9f58-50458c258fac,2024-01-02,S-030,P-001,1,0
37990a4b-d50e-4a58-ba14-a6d5245239a9,2024-01-02,S-035,P-003,2,0
fb33b3b8-e228-4e09-b2df-39a05ba8d973,2024-01-02,S-022,P-004,3,0
407adeca-4198-4f5a-a189-351fd9d59252,2024-01-02,S-025,P-003,1,0
4dd89a9f-3fc2-4d78-920f-d30c987f0043,2024-01-02,S-028,P-003,2,0
6fd6621e-9e1b-4ee0-b681-7dd1a9c3a5dd,2024-01-02,S-019,P-001,1,0
25f45ee7-97a5-4622-86cb-edb8655eedcf,2024-01-02,S-005,P-001,4,0
19fa0745-f879-41a7-8d32-8770ebe39f0b,2024-01-02,S-050,P-001,2,1400
4574b189-308e-49c8-896a-84644199d2f5,2024-01-02,S-030,P-001,2,1400
b13e925d-eea8-4d8c-b274-b5f105365a74,2024-01-02,S-018,P-003,2,4400
b81ee533-2b2a-48ae-ad3f-daf46029eed6,2024-01-02,S-041,P-001,10,0
07af1a4e-cea4-4244-a350-7c1c57a9b891,2024-01-02,S-011,P-005,1,0
58132759-b21b-469b-bdb3-1436af1b2731,2024-01-02,S-021,P-001,3,2100
83232ab1-7e2b-46bb-8668-b9981e22c229,2024-01-02,S-025,P-007,1,0
83497dee-67a5-46bd-848b-6ca3065d26a1,2024-01-02,S-047,P-007,1,0
5f4785eb-5541-4329-a09a-ff48ad10a67f,2024-01-02,S-014,P-007,2,0
21939a44-b214-4e28-bf7f-7413d9e681df,2024-01-02,S-018,P-001,1,0
c46afcac-ff5b-425e-90a6-5120995dd6d9,2024-01-02,S-027,P-007,3,0
a463c707-c35a-4fd1-ae8b-d7759170eeef,2024-01-02,S-019,P-006,2,0
6ad38cff-5210-4f6c-83d6-bbf7d386d74c,2024-01-02,S-033,P-002,24,0
3752036d-02fb-48ba-bcfe-cbb53fcca8fb,2024-01-02,S-036,P-001,1,0
948a8d4b-12d4-459e-a4eb-47e0f73763d5,2024-01-02,S-018,P-003,4,0
fe9a8da7-8d43-4110-9aa6-3fb87d0e4a7d,2024-01-02,S-006,P-003,1,2200
198e970d-a059-4afd-8b53-eb166465b5c6,2024-01-02,S-015,P-001,2,1400
4c4c875f-5b93-44ae-b08c-0e62f3180b68,2024-01-02,S-012,P-002,1,0
81640907-58d2-47c6-955a-c50d38d7fcfb,2024-01-02,S-001,P-001,2,0
69646154-6829-4e48-8d2d-f47d25723ca0,2024-01-02,S-003,P-006,4,0
1de1a0b7-7d8d-4c1d-adcf-79cee08418c2,2024-01-02,S-019,P-003,2,0
5cb0be36-57b7-460f-8288-980dae50c141,2024-01-02,S-038,P-004,3,0
01b77db2-2e87-4e74-b5c9-54c773fbdf1f,2024-01-02,S-011,P-001,1,700
f1cf7bf8-a505-45eb-8b30-fc7ea900f9c9,2024-01-02,S-011,P-002,5,0
ecd52d6e-592b-49d7-b59c-aa2fcd126bcc,2024-01-02,S-013,P-002,2,1900
8d838f84-d975-4fc4-a47e-9a2d8702c2df,2024-01-02,S-007,P-002,1,0
8baa70a5-d9c0-42a4-a4a1-8d87e83dcfb8,2024-01-02,S-026,P-004,1,0
2a9e6023-0afa-4215-b8cc-311ae1437c6f,2024-01-02,S-050,P-004,1,1050
4be9acd6-e334-44c3-a0ed-2fc34aceec02,2024-01-02,S-018,P-003,3,0
95763b49-fec3-4537-ba1f-b044ee418c93,2024-01-02,S-017,P-002,1,0
6533af22-0ca6-48a6-982f-ffb1f560e549,2024-01-02,S-046,P-006,1,800
b0617c57-639d-4388-ba7e-72a2cc16f8b1,2024-01-02,S-042,P-003,1,0
36fb2e88-3608-45d2-899b-ecd7e395105c,2024-01-02,S-028,P-007,2,1800
5a1f7cd9-1675-4d92-8609-b4256fda332c,2024-01-02,S-012,P-001,10,0
52bc5317-7f78-494c-89f0-95eb0596a0ab,2024-01-02,S-047,P-004,1,0
9f78b7f3-573b-439c-91ba-e948e1c8ded4,2024-01-02,S-044,P-004,1,0
a8e701e6-445b-471e-9e34-dbc91b11a2fc,2024-01-02,S-008,P-002,1,0
2f212bd1-57f0-4277-93e2-b296889ae795,2024-01-02,S-050,P-002,2,0
4945b642-f745-4808-88f7-77d7b284088a,2024-01-02,S-019,P-004,1,0
6e66ec44-3284-4ffa-a2bb-338465bf1595,2024-01-02,S-049,P-007,2,0
b7ace3d2-e229-47ee-866d-779e9e527182,2024-01-02,S-003,P-006,2,0
f5eb2373-7485-43a8-a800-816b9a1ea597,2024-01-02,S-044,P-006,1,0
c2142d34-469e-4b43-8d68-9b649d36bb63,2024-01-02,S-002,P-004,3,0
636b738e-a37a-477c-8f18-98faf70d2796,2024-01-02,S-013,P-003,4,0
f935f6aa-bc0b-4234-b310-cb2c519ffaa5,2024-01-02,S-036,P-001,1,0
9d54e407-40a2-4318-8e2d-34b7d4ea08a3,2024-01-02,S-032,P-004,2,0
35f974a2-0540-4b48-9504-fd157f076f86,2024-01-02,S-030,P-005,4,0
1ee6ec6a-40ce-459f-8b42-1ac526d93b1a,2024-01-02,S-037,P-006,1,0
0e14240a-8419-4544-bb04-6d6e078142ef,2024-01-02,S-049,P-003,4,0
0e3cfdcb-0bfd-4e7f-a1d6-804782ba74e0,2024-01-02,S-024,P-006,2,0
be32de10-69a7-4c02-a544-e23c330367bf,2024-01-02,S-007,P-007,1,0
a92056f2-581e-4093-84d3-b0dc919ca93a,2024-01-02,S-018,P-006,3,0
5d0909db-2688-4b1a-ac89-8884c26c8a9b,2024-01-02,S-012,P-002,1,0
87f80e76-2e4d-45a4-8478-8d82fcac201e,2024-01-02,S-035,P-002,2,0
305fb35a-e4e2-48a5-ba36-d5ece410fbb2,2024-01-02,S-040,P-006,1,0
bbd4c40e-1bcb-41b1-a2df-b485208d7a4a,2024-01-02,S-047,P-005,1,0
1bc04367-c63b-46ff-8a34-3cb5ccfca1b8,2024-01-02,S-007,P-006,2,0
12f82eb0-a897-4e3f-a33b-5ddc80541ef5,2024-01-02,S-042,P-002,1,0
28c8d63b-3252-4a3e-aeff-e4a846063cc9,2024-01-02,S-010,P-001,1,700
b0787e9c-900c-4bac-9104-f6cf75477a0b,2024-01-02,S-043,P-005,1,0
542718ba-5e67-4f5f-8118-1354fdd4f31a,2024-01-02,S-033,P-005,2,0
c693c18f-c9ce-419b-9e90-fe346c7605fc,2024-01-02,S-019,P-005,1,0
4dcc3224-250b-41e8-837a-f051dce739cc,2024-01-02,S-013,P-004,5,0
a625e00e-5840-45cf-bb88-2c2cb0280ae2,2024-01-02,S-022,P-006,1,0
a2456527-9eed-4650-a503-8127c3b98a6e,2024-01-02,S-030,P-001,2,0
29e43b58-7a9e-44a6-a29e-59cfcc7700cd,2024-01-02,S-016,P-004,2,2100
aef55841-7c29-4aeb-bfe9-011850426e02,2024-01-02,S-037,P-007,5,0
ddf60301-fd6f-441b-9126-1466be1812f8,2024-01-02,S-004,P-001,2,0
06200d43-0135-4f07-9a0b-8519d0d72d38,2024-01-02,S-018,P-005,1,0
06e5897e-ac31-4417-bef3-f49382b31be7,2024-01-02,S-032,P-001,2,0
f5f195bc-5eeb-448f-a4a3-168221c25b18,2024-01-02,S-018,P-006,1,0
06cd4af8-8b79-4d56-a9d9-d0ea3e70a6d3,2024-01-02,S-017,P-005,1,0
8449e855-d46b-4588-b374-c53a30b278ad,2024-01-02,S-046,P-003,1,0
6a70b5ff-a7ec-4c61-a262-5c924137e96f,2024-01-02,S-033,P-004,2,0
38c631be-96f4-4546-92d0-63d66f033d43,2024-01-03,S-044,P-001,3,0
74b07a78-ab61-414b-be29-7b37b3cdac47,2024-01-03,S-002,P-006,24,0
b578450a-8aeb-4a0f-8f75-f613c81eb161,2024-01-03,S-045,P-002,2,1900
97e0dc0e-792a-4e7e-89b1-d18799476a73,2024-01-03,S-049,P-003,3,0
369cd13b-a628-424f-a34a-05093b7516c3,2024-01-03,S-006,P-004,4,0
48442305-7028-4656-8214-d90962933282,2024-01-03,S-011,P-006,2,0
d0620d0b-cd33-448b-936e-e7a3a3a25a3b,2024-01-03,S-005,P-006,1,0
f47dec46-c30e-4e7c-bf3a-2fb1b79c4ed5,2024-01-03,S-030,P-007,2,0
ef372fed-a4d2-4cc1-9290-32e466c33cde,2024-01-03,S-006,P-006,1,800
5987ec77-248b-4532-b302-4935c3e9197b,2024-01-03,S-043,P-002,2,1900
d087819a-5a92-4d27-a655-3850ae3032ea,2024-01-03,S-006,P-005,3,0
001fe0b6-64cf-48ae-8a3c-2aee6580979c,2024-01-03,S-032,P-006,3,0
df5e58c3-a0ad-446b-9937-8290cc26b76e,2024-01-03,S-017,P-007,1,900
93f5d178-848e-401c-8eeb-c7425fc1bb00,2024-01-03,S-036,P-001,3,2100
e38ef733-67fd-4599-af14-322284a4f96f,2024-01-03,S-014,P-003,1,2200
70068b7e-cb49-42f1-a3f5-11fec895389e,2024-01-03,S-019,P-001,4,2800
ea5ccc7a-9cb5-4c22-aff7-f9a3407088f3,2024-01-03,S-045,P-002,1,0
307a3b6a-92f8-4b49-8c71-ebdf5e89db5d,2024-01-03,S-044,P-001,1,0
0e0f3bc0-246d-4902-b290-693a3574f89f,2024-01-03,S-001,P-006,1,0
7a920e3d-ca07-49b0-936b-728912d4bdb4,2024-01-03,S-045,P-003,3,0
5b2abae2-c7ff-4d8c-a530-bdf5be7824a2,2024-01-03,S-012,P-004,1,0
57c9db9a-0ede-4a85-b305-a2dd8fc99e4d,2024-01-03,S-044,P-005,1,0
3f883943-ad75-4001-835d-ca84e8adac08,2024-01-03,S-038,P-007,1,900
30ad49ad-500b-4111-853a-d53d91de23a1,2024-01-03,S-021,P-004,1,0
bc361533-6f2d-442c-b006-ba0e9a7230ae,2024-01-03,S-035,P-006,4,0
7d49a702-117b-4d54-b4ea-f382cec4a2d1,2024-01-03,S-014,P-005,2,0
8d585668-aac5-4f35-ad9c-076ed5e8b1dc,2024-01-03,S-046,P-004,1,0
fcc8f459-516b-40af-9aab-cdc1d450c76a,2024-01-03,S-021,P-005,1,0
92e4d71b-10bb-4227-97b4-e81fe007260a,2024-01-03,S-003,P-003,4,0
5162f7da-3e09-43e9-9928-09c2c527009b,2024-01-03,S-032,P-004,3,3150
3824b51b-3260-4dc1-83a9-a5d1593d531d,2024-01-03,S-040,P-006,3,0
bf8684d8-7a3a-4662-930d-e123129657ce,2024-01-03,S-035,P-003,1,2200
2001eed4-b30c-483d-8969-06bb8cae5437,2024-01-03,S-042,P-001,1,700
2fb183d6-b34b-4a14-9d5e-8cd4d59a7c16,2024-01-03,S-029,P-005,1,0
71b46239-328f-4ba6-9443-5402a25fe16f,2024-01-03,S-047,P-002,1,0
ffc7b937-64fd-4e05-8524-028f1b1577ac,2024-01-03,S-038,P-004,2,0
bb09d785-b5ab-42b8-bba3-9e356a4bcb25,2024-01-03,S-039,P-004,1,0
46a0eb3a-4fa7-4397-a947-dce86e25ae29,2024-01-03,S-020,P-002,1,0
e297ca74-a354-47ac-9f85-710a4abe3a45,2024-01-03,S-049,P-003,4,0
9b9887d3-f051-40ab-98e2-b9751ad5e6bf,2024-01-03,S-041,P-005,1,1050
0d476c4e-e1ca-47d9-a011-88c24fc92900,2024-01-03,S-008,P-005,4,0
e2656383-297b-4342-a191-d0cf77a9f921,2024-01-03,S-045,P-005,2,0
ddc21cda-9d9a-4dcd-b209-7227ed4e3992,2024-01-03,S-008,P-007,4,0
feb79b8a-d83f-4555-a46e-2e1b58b5d597,2024-01-03,S-019,P-006,2,0
df8036d4-7495-4940-a5bf-6f659e81cf57,2024-01-03,S-034,P-007,10,0
20ed68ac-af87-4741-9b45-93d81be83da1,2024-01-03,S-042,P-005,1,1050
7b903e58-0bcd-4c5c-bf37-6d1642cd78c6,2024-01-03,S-021,P-003,1,0
69baefca-496f-4ccf-998d-adacb45da90b,2024-01-03,S-021,P-005,2,0
1ef8c12e-47bc-474a-be8a-61a72f639259,2024-01-03,S-021,P-007,10,0
42c56470-c8f5-4d30-b9b8-d2ca88d1223f,2024-01-03,S-031,P-001,4,2800
5219174d-5035-42ce-b032-c785974c16bd,2024-01-03,S-010,P-006,2,0
378545ec-6fbe-4399-9ecb-fa6ea09d6375,2024-01-03,S-044,P-001,4,0
23d89a6e-09c1-45d8-91a5-42b0b7f6b85c,2024-01-03,S-041,P-003,5,0
938a6238-605f-4834-85c6-61e0083b8ec7,2024-01-03,S-030,P-004,4,0
36698946-15dc-4a87-9241-45a633e6beaf,2024-01-03,S-048,P-001,1,0
d186c46c-94fa-467c-a906-bc279446cf67,2024-01-03,S-009,P-006,2,1600
ecbf43d0-1b11-4b31-a659-711ab5135162,2024-01-03,S-020,P-004,3,0
ac4a3852-9fde-4cb8-977c-10af2fe78d7d,2024-01-03,S-010,P-007,1,0
a13153ac-8bcf-4163-894b-71d9e6452b72,2024-01-03,S-044,P-001,4,0
86402c9c-56a7-4da4-839f-2e8824ec58d3,2024-01-03,S-040,P-003,1,2200
3dbb370e-7d7c-490b-8c4b-6db45edb68e4,2024-01-03,S-037,P-002,1,0
a64b301e-cdff-44c6-aa17-ed22a2fa1802,2024-01-03,S-012,P-007,3,0
cbaed67e-139e-4760-9105-b408cd0280ec,2024-01-03,S-047,P-002,1,0
c28a4d3a-0e18-4c45-84cb-280d995c7f4e,2024-01-03,S-041,P-002,3,0
622aad39-7c85-4404-b49b-50a0a12b8df8,2024-01-03,S-012,P-006,1,0
df6b6493-8a8a-43d0-893b-5a1d4599ffc8,2024-01-03,S-019,P-003,2,0
7fb75e1e-aaab-4737-b513-808d68e0414d,2024-01-03,S-005,P-006,1,0
8421639f-ed2f-4864-b577-3f3d23a66327,2024-01-03,S-030,P-001,3,0
1e144c05-7b46-475b-b188-96ae9de22c99,2024-01-03,S-005,P-004,1,0
3a18514b-8bdc-4ce5-b1c7-562ea9ad548d,2024-01-03,S-022,P-007,4,0
346de443-4bf5-45f0-b2d7-a000b33d4125,2024-01-03,S-020,P-007,24,0
ed5e98de-f44f-4f62-96f6-128b4d429f59,2024-01-03,S-027,P-005,2,0
447f6003-4c28-4c25-802e-72e9f001c245,2024-01-03,S-007,P-001,1,0
a2c3596f-b3fc-4714-95cd-0eb17782e461,2024-01-03,S-023,P-004,1,0
95780405-7bf9-4870-b82f-09ace448f0d0,2024-01-03,S-020,P-003,1,0
71d10361-94a2-43e0-80b3-b557462ff3b7,2024-01-03,S-043,P-004,2,0
3944c864-2e61-434b-91aa-5b979f23e02b,2024-01-03,S-045,P-005,4,0
4976d023-6c96-4160-b5e9-0e5c170372a6,2024-01-03,S-005,P-007,2,1800
513392d7-46ec-4c7c-98c7-693b784eda7e,2024-01-03,S-033,P-005,1,0
7bdc2a53-fe07-4a34-b502-2ddd2ad8f0a1,2024-01-03,S-035,P-006,1,0
2aea50b7-a97d-4493-aa95-34f1180f1d46,2024-01-03,S-031,P-007,3,0
44c42477-01ae-4295-b6a0-2ae9d0ca8f50,2024-01-03,S-020,P-004,1,0
2fa6178e-889f-40a9-97c1-94e64439367c,2024-01-03,S-043,P-006,2,1600
f6940e84-7a7a-42d5-be7c-7d6d54d5b119,2024-01-03,S-035,P-006,1,0
9cd5e6e6-0b77-4839-829d-8dd9f1d882ad,2024-01-03,S-028,P-004,1,0
aac2b670-1718-44c3-8147-f42061c23772,2024-01-03,S-029,P-004,1,1050
bcc9a59f-19c4-4c88-846b-b69edf26e9d6,2024-01-03,S-008,P-006,10,0
ca45c0f1-5622-442d-9fe7-c308a3ebc76f,2024-01-03,S-004,P-001,3,2100
1101f41c-2a37-4e72-8d59-fe716c3e47b5,2024-01-03,S-044,P-007,1,0
b05e6707-0547-4350-9449-b6a2f53fc2d8,2024-01-03,S-032,P-001,1,0
21082251-610c-45be-87a6-7e4e9da055a5,2024-01-03,S-001,P-002,3,2850
403746cf-9851-40a5-b962-153f6d068a06,2024-01-03,S-006,P-003,1,0
067edb9d-747e-4b8f-9cea-4e9eb6fab836,2024-01-03,S-026,P-005,2,0
5227e7b0-6f23-417e-9cdd-6cda9107fad2,2024-01-03,S-027,P-003,1,0
7b3f9532-9754-4200-9092-5be1749dc6e8,2024-01-03,S-003,P-003,1,0
c6c04398-a7b4-4530-b016-3d9bc82f6e73,2024-01-03,S-037,P-006,1,0
572ff7df-a876-41b9-a91d-3b130e8ccc56,2024-01-03,S-034,P-001,3,2100
37118820-cb60-4cb8-ab13-5849923da283,2024-01-03,S-032,P-002,24,0
d00706d1-64ad-4fca-a0f2-3c12e716bd3b,2024-01-03,S-021,P-002,3,0
0cdfc1cf-558b-4c91-83df-67d3f9c0e062,2024-01-03,S-037,P-006,1,800
95353cd6-4435-4022-8064-ae6df2dae708,2024-01-03,S-039,P-004,3,0
68b83771-590a-41e4-859b-dd5baba05fd2,2024-01-03,S-046,P-006,1,800
4c75ea9d-35b9-42fd-a56c-44d7baff4b17,2024-01-03,S-043,P-001,10,0
cd9e476f-911c-42ca-becb-5fb1bb3d22f4,2024-01-03,S-025,P-004,1,0
2d0e19d7-47aa-49c1-b994-50de5c439a7b,2024-01-03,S-038,P-006,2,0
abbba3f2-b955-4668-b9dc-003e518fc784,2024-01-03,S-029,P-007,3,0
a1b976bd-2254-47d8-8420-a8efa61b91e1,2024-01-03,S-046,P-003,2,0
0e777c10-d65a-4670-91f0-842b13ea5ab1,2024-01-03,S-004,P-005,1,0
a80f4cb1-5e05-4ae8-8a4e-09806026e55f,2024-01-03,S-022,P-007,1,0
fb2c221d-dae4-4321-9833-c70653985c01,2024-01-03,S-020,P-004,4,0
ae3b44e4-4e84-4eaf-bb9e-bbec3a5b5229,2024-01-03,S-049,P-003,2,0
1d9de601-41b5-482f-8fb6-98d89bf2d7cc,2024-01-03,S-044,P-005,4,0
24c53e56-c214-47e8-b8c1-e61cbd554d10,2024-01-03,S-039,P-003,2,0
d35278d9-38ed-46d3-b807-efd1bcaf296d,2024-01-03,S-003,P-005,1,0
ec570703-0ec1-48d4-831c-7c2c9982734a,2024-01-03,S-026,P-002,24,0
9dadbcdf-d77b-4e11-aade-a8b74b377dff,2024-01-03,S-023,P-006,1,0
282e4239-f4ce-49eb-84cc-f5fcebda04e8,2024-01-03,S-024,P-007,24,0
329d2d1e-3e9a-4938-8308-4f6cf4ecfb87,2024-01-03,S-009,P-005,2,0
5b5c272a-46d2-4cc3-bd39-03a9cc13551d,2024-01-03,S-017,P-001,1,0
0e8e1338-e7dc-41ae-8565-b855e22c6e31,2024-01-03,S-010,P-001,1,700
3768cd36-bb87-485f-a87b-89cc54e3a892,2024-01-03,S-008,P-004,1,0
9722f115-6c29-424e-a1b1-1990a762a631,2024-01-03,S-027,P-007,2,1800
c3b03df0-101c-48c1-b972-eae35cbf735f,2024-01-03,S-016,P-004,4,0
f1118eb8-dcd5-423a-873c-741674f843d7,2024-01-03,S-046,P-006,3,0
1235314a-a938-4492-92b0-0f15c65435e6,2024-01-03,S-049,P-007,2,1800
4424e6d5-9a7f-42bd-8dba-3e6573653b40,2024-01-03,S-019,P-003,1,0
dabf8607-b6ff-457c-b932-4fba2aed0e7e,2024-01-03,S-036,P-004,1,1050
45e34c6b-bd6d-452e-a0b6-de2236e3b9d2,2024-01-03,S-007,P-006,1,0
de5858a0-82de-48bb-a8cb-dc51fe9fa524,2024-01-03,S-021,P-007,1,0
eb0a4b37-4614-4307-abc0-ef402d1c7ef4,2024-01-03,S-046,P-006,1,0
c9c038e7-3077-4e5c-8300-dd0a443d04d4,2024-01-03,S-013,P-001,1,0
eb2959f7-b23c-44f4-bc53-7c180cc4051f,2024-01-03,S-044,P-006,10,8000
4e146e6a-da06-4352-b978-e2e5cd06ef1d,2024-01-03,S-003,P-001,3,2100
85c7d982-22cb-4e73-87bd-b6e6e5027c9e,2024-01-03,S-002,P-006,1,0
78576918-704a-47c9-9b9f-4489aa04013e,2024-01-03,S-011,P-003,1,0
b67b0597-3259-4cf3-8eaa-04e88ea13919,2024-01-03,S-016,P-006,2,1600
51dcad3c-3071-4d82-9b10-d934499139c4,2024-01-03,S-047,P-002,3,2850
57833f6a-42b5-4e89-afb5-b9390680fe41,2024-01-03,S-046,P-002,10,0
f8cc29b6-0b67-401e-b04e-cfa3969ec705,2024-01-04,S-038,P-002,1,0
2147e257-4cd2-4952-b087-fce55f84b516,2024-01-04,S-034,P-003,1,0
45825ac5-efaa-4b05-b655-0e3f49c42cf8,2024-01-04,S-014,P-005,1,0
5264584c-3430-44a8-b1e8-e733071741bb,2024-01-04,S-029,P-002,1,0
45a77566-6c4e-467f-bc32-fcb0d8408db3,2024-01-04,S-046,P-004,1,0
53eec791-9ed3-42ba-ad9c-982c189ae4d3,2024-01-04,S-009,P-006,2,0
a33e528c-6c30-4a57-a81d-89d641ed1878,2024-01-04,S-045,P-004,1,1050
c6202f4e-a569-4f2c-8a8c-b3a2fa0c05fe,2024-01-04,S-026,P-005,2,0
3a3dd305-f825-4bd7-adaf-60e389c398a8,2024-01-04,S-031,P-001,2,0
fcb912b2-d289-4af4-a69a-d61a12e2652c,2024-01-04,S-015,P-001,1,0
904319e4-62a3-48e8-b325-685c44e786d9,2024-01-04,S-009,P-003,2,0
462a9ac0-469f-48ea-9f49-268aacf74af4,2024-01-04,S-002,P-001,1,0
f654bcd6-9dae-4e52-9074-0fa38ccf6604,2024-01-04,S-020,P-007,1,0
a14d3dd6-778d-49b9-a6bb-d4b9ca91c947,2024-01-04,S-043,P-001,4,0
785425bd-c4e7-4181-851b-8594a015bbec,2024-01-04,S-014,P-007,1,900
eaa2b808-7b9c-44ad-a1c5-375880dac4c6,2024-01-04,S-006,P-003,1,0
046ec60b-464b-4f77-9f86-0e6952665166,2024-01-04,S-024,P-001,1,0
f391f03a-0fd5-40ed-8e8e-987f951e1b1e,2024-01-04,S-048,P-005,2,2100
065b9d75-4bdf-4a5b-aed8-22d9c6abe4f0,2024-01-04,S-034,P-002,10,0
6c514163-cff6-4e14-8737-54fb1ec017b9,2024-01-04,S-001,P-006,4,0
e21cdc98-b383-4bf6-b541-532f6391bbfb,2024-01-04,S-014,P-002,1,0
d7e363fb-30c5-41f8-a307-d3d5e738c3b1,2024-01-04,S-015,P-006,1,800
4889bd39-3d9c-4e82-9d25-c8fc772775e0,2024-01-04,S-036,P-004,1,0
93bb71ee-a17d-4d45-915b-fe0ab44383ab,2024-01-04,S-019,P-007,2,0
86e32269-b5b1-4dcc-9c81-0b62c542ca0a,2024-01-04,S-050,P-005,1,0
7ef05f36-990d-4ba1-ac93-af702b059bf3,2024-01-04,S-044,P-003,1,0
c1068ddf-b215-449a-93a9-387632df9365,2024-01-04,S-027,P-005,2,0
111f6363-eed0-4f61-84e7-c0d4b79fa8c3,2024-01-04,S-033,P-001,1,700
13500fbb-1e2a-402a-80b0-ad2729c0c86c,2024-01-04,S-026,P-002,2,1900
9fc94e01-1e39-4677-8e77-2179c40a7889,2024-01-04,S-022,P-002,1,0
d0cb94ef-a4d4-49b6-8fb4-4d18a482b227,2024-01-04,S-027,P-004,4,4200
3c4b6f9e-17df-4e77-bd8f-e880b7a17dd5,2024-01-04,S-026,P-004,1,1050
76cc58a0-ea3f-47ce-96e3-6d51b822fda2,2024-01-04,S-039,P-007,2,0
7a38cb05-61e8-4e54-8595-8779f1821918,2024-01-04,S-040,P-002,4,0
acd32397-0523-4d07-9682-e9c16dd2f24c,2024-01-04,S-013,P-001,1,0
cfb8b676-1c08-4315-92ff-8bed436133ee,2024-01-04,S-006,P-003,3,0
06f7832f-bf4a-4007-9302-7814a82a2971,2024-01-04,S-030,P-003,1,0
f934c052-35c3-4f1f-ab8a-892e01d08869,2024-01-04,S-044,P-005,2,0
b2f5a3e7-d19e-4108-bd3f-cf25c311cc6d,2024-01-04,S-010,P-005,1,0
a5192903-b99b-401c-ad3b-ac14ad3f2ecb,2024-01-04,S-011,P-002,1,0
75d2c611-c0f0-4449-a1b8-0e58746871d6,2024-01-04,S-008,P-001,5,0
70f4905e-7275-40d8-ae12-caa52bd00122,2024-01-04,S-028,P-001,1,0
5155c6b4-f1d3-42ef-844a-98d9fac71363,2024-01-04,S-037,P-003,3,0
9c266e9c-74f0-4a03-893b-631f619aebf0,2024-01-04,S-012,P-003,4,0
99a40ca6-5006-4e46-942e-65dbbaca4530,2024-01-04,S-050,P-003,1,0
26c32a1f-3ca6-4194-8ada-a92a1b35bb41,2024-01-04,S-016,P-007,2,0
9ceb3d0a-c28b-4948-836d-a9a2c9e67396,2024-01-04,S-008,P-003,1,0
7f5b6c14-2a19-4438-9b08-1ed84e5c065b,2024-01-04,S-023,P-005,1,1050
75a835db-5cef-4a15-9cc9-14ea4675020a,2024-01-04,S-013,P-004,1,0
2785eb8a-7300-46f6-b0fd-c371dfaafd8d,2024-01-04,S-011,P-003,4,0
bd7a32a5-d9c0-40d7-816f-22d6573afe36,2024-01-04,S-032,P-006,2,0
86178925-734e-4af6-a002-d244445c9463,2024-01-04,S-009,P-001,3,0
5692a530-c642-4879-914d-19cb4c41f44f,2024-01-04,S-015,P-006,2,0
048cde00-8cc8-438b-9c51-99a951efcbc6,2024-01-04,S-022,P-004,3,0
608b5dbb-849b-44b3-943a-d684fca9f597,2024-01-04,S-044,P-007,1,900
cac441d7-0482-4cd5-81c9-63f27d06e7b7,2024-01-04,S-042,P-007,1,0
3d766d7a-2b52-47ee-b482-2f5c18b7cdfd,2024-01-04,S-047,P-002,1,0
f7043e92-6e0b-474f-a775-7f6b15a620ed,2024-01-04,S-021,P-004,1,0
84421433-8d1e-4e61-af11-ed36a1c6bb78,2024-01-04,S-047,P-004,4,4200
17f630f3-b692-435f-bfa2-461308cb1f4d,2024-01-04,S-023,P-006,1,800
acfaa2d6-e4e5-4d72-b9f2-5b4517c2cae4,2024-01-04,S-002,P-004,1,0
702b52a4-a57c-463e-9d31-412209c9a52f,2024-01-04,S-025,P-004,1,0
56cc64fb-9881-4aa3-8d74-0f763a8f7c06,2024-01-04,S-019,P-004,1,0
a5fb7ec6-1c17-4da0-bffd-09b973fa0440,2024-01-04,S-002,P-004,1,0
4b9589e3-684c-4056-8d73-967b866b1ea5,2024-01-04,S-016,P-004,4,4200
95eee21a-01c5-4720-a413-fa958f21d55f,2024-01-04,S-042,P-003,4,0
1aa821a0-fc5d-4d2d-8a7f-263aa7807e0f,2024-01-04,S-018,P-001,1,0
1b0d9e73-1329-43de-a4d6-a820263078cc,2024-01-04,S-015,P-006,2,1600
ca83ecee-bffc-4345-9663-51e907f67ec3,2024-01-04,S-048,P-006,1,0
4827cb5e-3f5b-4316-8f3d-de850e8fdab2,2024-01-04,S-014,P-007,4,3600
84ccb8c2-5a19-43f9-ade5-b021453bfb94,2024-01-04,S-016,P-002,1,950
48088075-42e4-4e64-8a8e-8ff655b9be5d,2024-01-04,S-043,P-003,1,0
179eac45-8850-4a68-a1c7-e352a743e35e,2024-01-04,S-012,P-007,2,0
1ebce4a7-51bc-44c8-820e-94117a59346e,2024-01-04,S-033,P-004,1,0
9e042ed1-aeac-4a5e-90f8-6857e2879c1e,2024-01-04,S-032,P-001,1,0
e0d02c44-0d1e-4b9a-aaca-e43d4db32459,2024-01-04,S-009,P-004,1,1050
70c3c0d1-50be-45d2-9a5f-23553352d52c,2024-01-04,S-045,P-002,1,0
14b301c5-80a8-498d-b9c2-aab51a06ca06,2024-01-04,S-003,P-002,2,0
c26b7a6f-33d9-43e5-95b8-298efd28742a,2024-01-04,S-040,P-006,1,800
e3ba060f-516b-4abe-9688-4e5602d6119a,2024-01-04,S-025,P-007,1,0
7de58c58-617f-4b85-ad16-a68d94239b01,2024-01-04,S-010,P-006,10,0
f0b2d271-a191-457f-a9e7-c94304a2669b,2024-01-04,S-016,P-002,1,0
f9918beb-4627-49ff-80a0-d4a52a3021ce,2024-01-04,S-029,P-003,1,0
6b0c5ced-21d3-4ed5-8b65-f407ce6c52b5,2024-01-04,S-018,P-007,4,0
55b9fb0e-f454-427a-b357-6cf3bc30b6e8,2024-01-04,S-037,P-001,1,0
66a634d3-ed1a-4cdf-8d3a-1263168c0ecd,2024-01-04,S-002,P-001,1,0
4db835e1-b7d0-4939-89a4-905e1f578b75,2024-01-04,S-003,P-005,1,0
2781c49c-45f9-45ff-8d4a-bec546045517,2024-01-04,S-049,P-005,5,5250
5181f76a-ed6d-419d-8a8b-676766c49a62,2024-01-04,S-035,P-006,1,0
47bb975b-c949-4430-9a77-883b417a471c,2024-01-04,S-002,P-007,2,1800
f7f46f6e-4537-4671-8a2a-9b20ca880aae,2024-01-04,S-018,P-003,1,2200
49eeae44-6b41-4c20-8000-821d7f5d0e3a,2024-01-04,S-010,P-001,1,0
1b16ec06-6640-4ac3-a935-800280ad1ec6,2024-01-04,S-040,P-002,1,0
e753b7f9-d03e-4f8e-89d0-4417d70f9253,2024-01-04,S-035,P-001,2,1400
899036d8-25ef-4535-ae5c-6ddc6bc6319c,2024-01-04,S-001,P-003,1,0
ca95c0c8-696a-45c3-9641-e760b2b2c8a3,2024-01-04,S-049,P-004,2,0
e1d55a9e-f582-47d9-84fb-b05dc8124d90,2024-01-04,S-032,P-003,1,2200
e5f71309-6587-4fff-a3c1-b2af803cb64a,2024-01-04,S-038,P-001,5,3500
c50f4b60-1384-4046-998f-045ad0eeaf20,2024-01-04,S-035,P-007,1,0
a3106b40-58bf-441c-ba80-402ebe913429,2024-01-04,S-001,P-004,2,0
21d97c05-a18f-4cd3-b751-7f9ae5d88499,2024-01-04,S-021,P-001,1,0
800ccefa-05af-49fc-9343-81cd9da37e9c,2024-01-04,S-004,P-006,10,0
dec3aa2f-ba23-4fc6-aaab-14f71c44af0c,2024-01-04,S-010,P-006,1,0
ae7999b7-c903-40ef-b830-81f9d35b4cdf,2024-01-04,S-015,P-007,1,0
55c88382-066f-43ab-bc4b-05f87202948a,2024-01-04,S-020,P-004,2,0
8ccbcde4-56f4-460d-ac3a-82358614272a,2024-01-04,S-009,P-003,1,0
7b52ad5c-1b9d-4f17-bfde-5d6a0e23d53a,2024-01-04,S-025,P-004,1,1050
57c00bc4-4a41-4e2d-9887-3c4ecddfe737,2024-01-04,S-032,P-007,1,900
5a8ce2ad-5f17-4890-ba6e-bae6b2ab9e85,2024-01-04,S-042,P-005,1,0
f1ccf9d3-33e1-4509-a6a9-ace12ef9bf90,2024-01-04,S-011,P-003,5,11000
4e571936-d0a4-4729-a5c7-5c34f244aa09,2024-01-04,S-043,P-006,1,0
5f8c970f-c01f-42ff-933e-bf6e7bc8ff39,2024-01-04,S-028,P-004,1,0
ca4c98bc-319d-4c81-8145-5335d1b49752,2024-01-04,S-002,P-002,10,9500
59912f1d-44b0-4f62-b3d9-22540d255001,2024-01-04,S-024,P-003,1,0
56b54688-47f3-4f89-963d-068bb1803a9b,2024-01-04,S-027,P-005,3,0
c9e236f9-6a1f-4603-9202-469a4e893de1,2024-01-04,S-023,P-002,5,0
b26cb137-24d6-4cf2-90d9-85ce85a0381d,2024-01-04,S-010,P-002,4,0
4110267f-ed66-4546-b1fd-b48c8dfdfb8b,2024-01-04,S-019,P-001,1,0
18cc5fc9-b85f-4fff-bca7-aa8e51e6497b,2024-01-04,S-032,P-007,1,0
211c8582-7669-4beb-8371-1f16bc7c3a4a,2024-01-04,S-005,P-002,2,0
4d56b872-5e71-4e06-9cc3-95c6f19f18d0,2024-01-04,S-046,P-007,3,0
c537f70c-7ee8-4787-ab71-5c780c557f25,2024-01-04,S-033,P-006,1,0
f4468f74-706c-447b-a497-ec5d72063d93,2024-01-04,S-046,P-007,2,1800
c82c865f-e48b-4162-b8d1-c325fd729fcf,2024-01-04,S-039,P-002,5,0
bd80933e-d7eb-4ffd-b3cd-2f1413088430,2024-01-04,S-008,P-005,3,0
79685663-a639-4c79-b07c-9c8907905e50,2024-01-04,S-007,P-005,2,0
2434b6b9-5a33-4a69-b06d-8b75fa298041,2024-01-04,S-013,P-001,1,0
dbf360fd-3d3a-4894-bdd9-6b633b393a70,2024-01-04,S-033,P-002,2,0
3ec2d30c-9153-401c-b708-59f9e6fa30fc,2024-01-04,S-011,P-006,1,0
cef62015-ca08-4032-951b-f7d92044800c,2024-01-04,S-022,P-006,1,0
a0626700-cd8f-4beb-91a2-864c70c1929a,2024-01-04,S-024,P-005,3,0
f537cb9f-2ae5-46e9-b4ed-d22957280a04,2024-01-04,S-025,P-007,4,3600
dd39e280-b4ad-483c-98a3-82b890088ea4,2024-01-04,S-018,P-001,1,0
444f2b46-c70e-418c-b589-2e3087f62af0,2024-01-04,S-023,P-005,2,0
490f94ef-d5f5-437a-b7c6-0401d0b16880,2024-01-04,S-012,P-007,1,900
e452f78d-e031-4bad-923d-d1c08b1ae591,2024-01-04,S-022,P-006,1,800
bf926c15-a257-42d8-bb90-f392d2ba1a6f,2024-01-04,S-049,P-002,1,0
349302b5-5f23-488a-ae2c-4d08b6aa4412,2024-01-04,S-038,P-004,2,0
03190fee-716b-4e0a-bff0-f88b133c9e07,2024-01-04,S-047,P-005,1,0
7233b25d-82c7-4789-88c0-02e9641e7842,2024-01-04,S-021,P-005,1,1050
d94cf1d1-3765-47cf-adb8-74c292bb5c74,2024-01-04,S-008,P-001,1,700
69b4573d-d7e7-411c-8da4-48d5f5d93c8d,2024-01-04,S-009,P-007,3,0
963b6d42-307c-40dc-8db9-fced48c51607,2024-01-04,S-046,P-001,1,700
0ec6a54d-5086-46a2-ba5b-15d8586e65f4,2024-01-04,S-033,P-005,3,0
37c59a69-bbc5-44c6-ae07-356837b44d70,2024-01-04,S-032,P-003,1,0
a67e2593-e57b-4267-a11b-ed2a65e7ec1f,2024-01-04,S-001,P-002,2,0
b54ad8e7-cc86-47ee-ace0-56e29698668c,2024-01-04,S-010,P-004,24,25200
61b530fd-8568-42d8-84ac-9470f519762e,2024-01-04,S-009,P-005,2,0
47921502-ac37-43bb-8058-83b0e3dd463d,2024-01-04,S-029,P-006,2,0
dc1cb17f-116c-4c87-a401-0270854cc813,2024-01-04,S-036,P-001,1,0
61515820-3014-49d2-b2af-82aa995b8ef0,2024-01-04,S-015,P-005,3,0
811fed2d-dd32-45b8-a6fb-054aeb95ec56,2024-01-04,S-002,P-002,10,9500
5ac7cec8-a7bb-46c4-bc9f-d7ee1ace7321,2024-01-04,S-028,P-001,10,0
c64fc973-b973-4af0-a42e-b370538fd3c3,2024-01-04,S-033,P-007,3,0
55e68c46-d3b4-48fb-afff-681b11bd0af1,2024-01-04,S-032,P-006,2,0
e6a441f7-248e-458f-8599-5784cece4255,2024-01-04,S-032,P-003,1,2200
cbb4afae-8366-4d44-b285-1a2b553ae4eb,2024-01-04,S-037,P-001,1,0
86841fcb-8cbf-4a4d-94bc-c1d57f726579,2024-01-04,S-001,P-001,1,0
3ca832b7-bd23-40e2-9ed7-0051bd9149cb,2024-01-04,S-015,P-005,1,0
0da77d6a-704c-4af2-90a3-9150bd598264,2024-01-04,S-004,P-001,1,0
a8e5cc06-8bf7-486c-8c87-1d80843e8dbb,2024-01-04,S-039,P-004,1,1050
407ac67b-a4f6-4cae-9dcc-dd4b01a21339,2024-01-05,S-030,P-002,3,2850
52829b76-7f2f-434c-9067-721c15021939,2024-01-05,S-049,P-002,4,0
25b97f9d-3a97-4c13-8e95-da9c4012aec7,2024-01-05,S-043,P-003,4,0
1a52069d-e6b5-4fe1-b8f0-7ba90d93543f,2024-01-05,S-046,P-001,1,0
74cefe16-7c4d-4a30-8d31-c14d8f3e37b7,2024-01-05,S-024,P-003,2,0
0a31c92f-5c81-4f3a-b624-39b0041772af,2024-01-05,S-006,P-002,1,0
4471d583-f5b9-49f8-bad9-858e57cff91a,2024-01-05,S-033,P-007,1,900
0a645b1b-b14c-4f7b-811d-7c4ca467364c,2024-01-05,S-045,P-006,2,0
ce40df49-4b82-4044-b778-10b6e58868e9,2024-01-05,S-012,P-007,1,0
f3ecb409-d439-4926-a3c1-0e07636a31bb,2024-01-05,S-013,P-006,2,0
51f1bfaa-b15c-436b-94c9-705b759b291e,2024-01-05,S-004,P-005,2,2100
b122c4be-f0a4-4c4b-9948-1a972d76cf73,2024-01-05,S-045,P-002,4,0
165f81b5-a666-41c5-8ab5-80e5c06399e6,2024-01-05,S-021,P-001,4,0
0458d785-4489-4f54-a101-24af17d2c5df,2024-01-05,S-047,P-006,4,3200
77694740-513a-4c8e-b876-e6df17a76adb,2024-01-05,S-008,P-004,2,0
fcae9193-1fb7-4b9f-9de2-15123bb33a8c,2024-01-05,S-048,P-001,1,0
c60e4d7b-7525-40d3-a142-70e538c60cbd,2024-01-05,S-021,P-007,4,0
ffb98a9a-3d09-45c8-8caf-2b927ab4ab63,2024-01-05,S-006,P-004,1,0
9dcdaf08-9b2e-4b17-bafc-64633d2eda7c,2024-01-05,S-007,P-005,4,0
f8133f51-1973-4221-9930-ffd278fcb029,2024-01-05,S-032,P-006,4,3200
20e02acd-9dc9-48e7-86bc-17c3a6fbf9a8,2024-01-05,S-042,P-006,1,0
1b007d2a-771a-49e5-90dc-99d695d62c94,2024-01-05,S-024,P-003,1,0
ac5d9591-2ee6-417b-9dac-5f0ac9e792dd,2024-01-05,S-047,P-006,1,0
61754465-1f1f-47dd-89ff-fe4858a49521,2024-01-05,S-028,P-003,1,2200
4c119cad-d28e-4efe-8404-b3ae50e60d45,2024-01-05,S-039,P-003,1,0
78420caa-0e68-4ba8-ac94-f90c537d6710,2024-01-05,S-036,P-006,2,1600
69f70be6-2527-4d21-95bc-5a9ce00289e4,2024-01-05,S-031,P-005,1,0
bbfaf064-ee58-4a94-ae23-48a2ede6bfde,2024-01-05,S-029,P-006,1,800
4f203e0f-5106-4a3f-ad2e-d45318d07b68,2024-01-05,S-045,P-005,1,0
70628156-652a-4cf3-a353-8f6075146a8a,2024-01-05,S-004,P-007,2,0
68394f95-e54c-4e38-b939-3e3dd8d9b0a7,2024-01-05,S-036,P-002,1,0
ccdd460e-1d54-4dfe-a966-844072cfba7e,2024-01-05,S-015,P-003,2,0
69b65c51-d952-4b28-99c1-40c6df406b6f,2024-01-05,S-002,P-004,1,0
f44c4dd8-c6cc-4d24-82ea-6c428b52f9f2,2024-01-05,S-022,P-006,3,0
5d889e71-0fca-4a5e-ba39-c752ca02dc8d,2024-01-05,S-014,P-001,2,0
4fd3990b-fe50-4c59-8fa8-de8552e41e04,2024-01-05,S-040,P-003,5,0
1e6133d7-9765-4e4e-bb92-e4c577f4dbae,2024-01-05,S-018,P-007,4,0
52ebf942-4546-48de-867c-ee5fa7b3e62f,2024-01-05,S-044,P-004,2,0
985e2328-f3ef-4501-b537-89080fbb1c28,2024-01-05,S-010,P-007,3,2700
e5d61721-7067-4f67-aa16-e97547391678,2024-01-05,S-040,P-001,2,1400
ea371ad2-c908-4afa-8ba3-caf7f9e06436,2024-01-05,S-030,P-004,1,0
f5b6bc9e-340e-407b-b495-742d603dcb79,2024-01-05,S-002,P-005,1,0
7e6cda94-e88f-42bc-8b16-a1658ec23a40,2024-01-05,S-018,P-006,1,0
e7111a35-2cae-4c17-afb5-d003f154c946,2024-01-05,S-007,P-007,1,900
52020d28-0ec6-48ea-806d-cb480e93574e,2024-01-05,S-031,P-005,1,0
5b4f72ae-ab28-4135-904c-d59e73e6778b,2024-01-05,S-005,P-002,1,0
2604b254-47bb-4a81-8adf-213041886f08,2024-01-05,S-023,P-002,1,950
a6168274-8f78-4b90-890d-78a581d5b8cf,2024-01-05,S-047,P-001,2,0
5618314d-da93-488f-bbf8-d01f54cf0b9b,2024-01-05,S-025,P-002,3,0
49e8b1ad-c74a-4dc8-a3f2-c3bfb854e0d3,2024-01-05,S-046,P-004,5,0
26f1d4d4-c019-4c4b-8f6f-60dc1cb05085,2024-01-05,S-034,P-001,1,0
8b4aced1-2a6b-43a8-a43f-bb17b6ea0baa,2024-01-05,S-009,P-004,1,0
f4a9a55f-e87b-40d0-8735-1335540d176f,2024-01-05,S-046,P-003,1,2200
83dec14e-f5a5-44db-b4a2-b23b4550e5eb,2024-01-05,S-028,P-003,4,0
31fbe644-aaa9-4a60-a67b-479e2d215d11,2024-01-05,S-011,P-004,2,2100
ac6a7669-074d-47df-9787-d99a00355b06,2024-01-05,S-038,P-007,1,900
736cc4ff-cf7f-4807-8cb3-d918862cb70a,2024-01-05,S-032,P-001,4,0
09374378-10a7-4263-a17e-69985e3924a5,2024-01-05,S-016,P-002,1,950
dd75a473-9b76-4d14-84bb-664070e64fa7,2024-01-05,S-013,P-004,1,0
ebb337be-5e89-4bd1-ad3f-34c82d87b014,2024-01-05,S-006,P-005,2,0
031bf4ec-9a74-4071-93ef-42c32bd6062c,2024-01-05,S-004,P-006,2,0
f98fec1d-56f6-41d8-bf80-396e6c768542,2024-01-05,S-011,P-006,1,0
e7889db6-ffeb-4ed1-b180-f4693b78642f,2024-01-05,S-002,P-007,2,0
3dc76b1d-d7cf-4b44-967b-87240e399d52,2024-01-05,S-038,P-002,1,0
353148ac-3e7c-4351-a845-77f831bacc3a,2024-01-05,S-010,P-007,1,900
83b8a0d1-6a1a-48b2-a69a-ab0193f5c414,2024-01-05,S-045,P-003,1,0
3930e99c-5cef-4587-a84f-9959996e0bf2,2024-01-05,S-035,P-002,3,2850
8e06393b-fef7-40cc-badc-cc882af2ae4f,2024-01-05,S-012,P-002,2,0
511e688e-a321-4282-876d-cce7cadd4541,2024-01-05,S-032,P-002,5,0
cb61219a-5254-464d-a81a-1969a400f8db,2024-01-05,S-043,P-001,2,1400
c2afb46d-43fb-4868-b620-67b5235a7764,2024-01-05,S-001,P-005,24,25200
cff4ac83-29db-4f61-b0b3-9c71cbe10500,2024-01-05,S-050,P-007,1,0
db1c8bbe-b306-4a6b-920e-52c605e82bdd,2024-01-05,S-001,P-002,1,0
602e2179-e77f-426d-afde-5e745ed7709d,2024-01-05,S-009,P-007,1,0
a4ae062e-734e-43a8-affa-573f82b2f1ac,2024-01-05,S-027,P-001,1,0
52573adf-b7ba-4843-bd24-79aadab5b62e,2024-01-05,S-029,P-002,1,0
68ddf957-c507-470f-bf3a-cc689a73cba7,2024-01-05,S-048,P-003,1,0
361906b1-2e14-4d12-afe7-d01ce4ccce47,2024-01-05,S-004,P-001,5,0
e5ced76b-b46d-46da-bcb7-4e9d3bbd871e,2024-01-05,S-011,P-004,4,0
ded33936-8b19-4a6a-8a6c-4d38dae4a005,2024-01-05,S-046,P-006,1,0
33842fa4-4c28-4666-9737-6d4ab6adb446,2024-01-05,S-030,P-004,1,1050
b402251b-0b8c-4ba3-b0aa-9688e480b535,2024-01-05,S-014,P-004,4,0
a12d5e3d-e167-47fd-b176-63335fca2944,2024-01-05,S-006,P-002,3,2850
7292c1fd-e8fb-4df5-8e1f-b9951bf80771,2024-01-05,S-013,P-007,1,900
892b14a6-bf2f-4f04-9f3a-d702f75468f3,2024-01-05,S-001,P-003,2,0
94bead37-4bc5-424b-8155-53e97cef477f,2024-01-05,S-002,P-002,1,0
a3fc4007-8594-4174-873e-d515a7a356ff,2024-01-05,S-048,P-002,1,0
dad649ae-5617-4487-9261-f6bf4d4db095,2024-01-05,S-034,P-006,4,0
d83dee1f-4ec9-478b-a7eb-6ec1abd16799,2024-01-05,S-018,P-004,2,0
b59f7fd4-8863-481e-a092-f90f15f2b3b1,2024-01-05,S-013,P-005,1,0
9dd624cc-1785-45ba-a9b2-363c8972e3b8,2024-01-05,S-012,P-003,2,0
8b6fd4be-6eb8-49a3-b41a-64b3abbb0ba3,2024-01-05,S-009,P-005,4,4200
dcc3667a-7aae-43ee-964c-c8cec3d8d4c2,2024-01-05,S-005,P-005,1,0
d6988767-0a98-4e71-9c91-1441ba268498,2024-01-05,S-030,P-002,3,2850
99ee8ee9-998c-42be-890a-55a2a17d6f38,2024-01-05,S-009,P-003,4,0
1165a7ed-5327-40c1-9817-9a7a4bbdf76f,2024-01-05,S-018,P-007,2,0
d4ddd74e-9da9-4569-be12-82da84000953,2024-01-05,S-036,P-003,2,0
8586ec2b-2893-4bac-a186-6a0cd359dd1c,2024-01-05,S-004,P-003,1,0
cfbc7b70-22d9-44be-acfc-b36d4908a324,2024-01-05,S-045,P-001,1,0
4e6eac69-0341-473c-a933-47f5b455311f,2024-01-05,S-012,P-005,2,0
83f6583b-ce61-425b-9a0b-338136ed5d4f,2024-01-05,S-040,P-005,1,0
6b164ebc-feef-463e-88ed-a56a66296a0f,2024-01-05,S-015,P-007,1,900
053871af-84cc-445b-8849-2966ebe62169,2024-01-05,S-010,P-007,1,900
4d817efc-6c44-49be-a83e-dbfe61068988,2024-01-05,S-010,P-001,5,0
e709cc54-56d8-496f-9e04-830dd34a07ff,2024-01-05,S-043,P-004,1,1050
1339a124-9976-4bb9-8614-7d7b8dfc0e2a,2024-01-05,S-028,P-001,3,0
347fba37-f317-4189-9a17-32f42091d00f,2024-01-05,S-010,P-006,3,2400
47cc6586-bc7d-4a88-9f9f-c6bc941e9c4c,2024-01-05,S-024,P-002,3,0
db20a040-3229-4d86-80e5-d25a7a9ea982,2024-01-05,S-013,P-004,4,0
b21054b2-9c62-4e07-bea5-e836e738983c,2024-01-05,S-048,P-007,1,0
e4864a77-f7b4-4ff9-ac34-5f218d3d2951,2024-01-05,S-049,P-003,3,0
0a293f58-3136-4e2a-ba9c-b8ceb47ea7f2,2024-01-05,S-001,P-007,3,0
2cf4ad3e-bc67-49ee-b389-31cf2cee8e71,2024-01-05,S-005,P-005,1,0
6ca8e2c1-a5a6-4a61-b474-b1d37c6163ba,2024-01-05,S-024,P-006,1,0
98233f2e-2a57-4b74-b735-ae52ad2bacbc,2024-01-05,S-020,P-005,1,0
7817bd63-903b-49aa-870b-268d194ea196,2024-01-05,S-001,P-006,5,4000
9508eafa-ef6b-457c-898e-5641780f59dd,2024-01-05,S-048,P-004,2,0
6b9aeec1-5405-4a8b-b449-e9b838e835ae,2024-01-05,S-014,P-002,1,0
9a7c114d-4e60-47c0-b998-1f56f199b9b4,2024-01-05,S-029,P-006,2,0
b8fe88d9-5d8e-4852-b3ff-8216cf2af1e9,2024-01-05,S-041,P-007,2,1800
90888f55-ad4b-4761-9413-0b03a13ac48c,2024-01-05,S-027,P-003,1,2200
fd569492-9d7f-4d7e-9b66-b9ade571b5ea,2024-01-05,S-010,P-001,2,0
f058dc59-6467-4aa7-8eaf-6ddd565eabe1,2024-01-05,S-041,P-007,3,0
b74f21fe-9546-4152-bf1d-2d5ccb50e705,2024-01-05,S-002,P-004,3,0
f33a507d-0996-4cf4-b49c-46ae2f5823a6,2024-01-05,S-027,P-002,4,0
34cb1802-04b0-414c-b387-77e88a925fdf,2024-01-05,S-035,P-005,1,1050
19063313-85d3-4f5b-97e4-31d862390cc8,2024-01-05,S-030,P-004,1,0
0b11a3fa-d59c-4e8c-ae36-5cdc8076dfe1,2024-01-05,S-002,P-001,1,700
3e449d0d-5d46-453b-8029-723bc4e8b3b3,2024-01-05,S-027,P-004,24,0
b4c5d157-09fd-451c-8173-dcd466e49791,2024-01-05,S-017,P-004,4,0
db298816-8cb8-46bf-a96c-1b8ce56bc2cf,2024-01-05,S-026,P-002,1,0
ac1635ec-ecb2-4e42-8809-0e2991ef086e,2024-01-05,S-016,P-005,1,0
be54a0fa-c2a0-43ca-a59f-af0a5af6016f,2024-01-05,S-036,P-003,1,0
d10ee069-c3b5-4224-b9c6-98ef8a91249b,2024-01-05,S-044,P-001,1,0
819a0237-0caf-47c3-a310-6de50e6e5d30,2024-01-05,S-026,P-001,1,0
34e116b1-ac70-4a10-b51f-5b3a060e8a9e,2024-01-05,S-034,P-003,5,0
dbb4e10d-fae2-4a73-ae75-0339b83e236a,2024-01-05,S-013,P-001,2,0
b8e5f0f1-c3ec-4dfe-9e37-0daa6636d8bf,2024-01-05,S-006,P-006,2,0
e76303d9-68b0-44b7-9dc1-33b0472cae53,2024-01-05,S-042,P-003,4,8800
ccb00621-6653-465b-9c85-2f5c94c93dc5,2024-01-05,S-040,P-005,2,2100
708e7726-ed52-499e-8034-b932212adf93,2024-01-05,S-020,P-004,5,0
39277efc-8ad4-4675-ba16-4ad595bda43c,2024-01-05,S-008,P-005,5,0
8be66e2d-fb20-4e1d-ac64-63e271659a6e,2024-01-05,S-012,P-005,4,0
86bedffc-6509-4bc1-89b6-d259b6cdbf3b,2024-01-05,S-010,P-007,2,1800
d1d886d7-6f6b-4667-88b4-b3ac9a7b9877,2024-01-05,S-046,P-004,1,0
8793c2f7-1464-45db-8c18-3fee5eb8b8f2,2024-01-05,S-034,P-004,4,0
05879877-9aa1-40e2-93f3-dbae1767c40b,2024-01-05,S-015,P-006,1,800
b6c0f385-7e73-4abb-ae8c-f7c961b48ab6,2024-01-05,S-046,P-006,1,0
8031d97f-ec7c-46c5-ab6d-5c37105ff1d8,2024-01-05,S-049,P-005,2,0
53c66b17-19eb-44ea-a7ba-2930b5601d65,2024-01-05,S-030,P-003,4,0
98360ec1-d81e-45ee-9b9f-c6ae0b718a24,2024-01-05,S-041,P-007,4,0
cd0fa274-a1ad-41ef-9442-81dfa213c286,2024-01-05,S-040,P-002,2,1900
7d255ee9-2c4a-4d96-968e-c9b3c5867592,2024-01-06,S-012,P-004,1,0
febb1e45-1c24-4aab-b518-1f900f892ce0,2024-01-06,S-012,P-005,2,2100
bf8b61b4-232a-409c-80c7-9c85a275064a,2024-01-06,S-002,P-002,2,1900
085002e6-8852-45fa-bfae-dd9e6ded1b39,2024-01-06,S-040,P-007,1,0
c6ec22a4-1a57-4d9e-8f55-387b24411b68,2024-01-06,S-008,P-002,1,0
8991c7ec-adc5-485c-904e-1548dc094ffd,2024-01-06,S-010,P-007,1,0
977a9414-c40e-478b-ba56-411d43bac2ae,2024-01-06,S-008,P-007,3,0
4cba4572-3d86-4bb5-b37d-2fdb60ca82e7,2024-01-06,S-050,P-006,1,800
9f19f914-4139-4186-8b49-7ba33c402644,2024-01-06,S-049,P-005,1,1050
2979eea7-16ab-4a17-b3f4-58058b5086af,2024-01-06,S-050,P-004,2,0
9a01e265-877b-4861-a322-097781703fe8,2024-01-06,S-008,P-007,1,0
90ac0e6c-b2a8-4242-b473-fe5e98ee68a8,2024-01-06,S-020,P-006,1,0
6590f918-7ef8-40b8-81a6-974290837e8d,2024-01-06,S-008,P-001,1,700
730e0842-b455-4093-a211-44c1546a4b02,2024-01-06,S-002,P-002,1,0
2968b7ec-522f-4fae-8067-7fb17423086e,2024-01-06,S-005,P-002,1,950
50dc0e71-01ed-46bb-97dd-65c0350d2a9d,2024-01-06,S-024,P-007,4,0
286907b9-f5e7-48f9-b286-04de69e462e7,2024-01-06,S-013,P-005,1,1050
062b8c16-9152-4d67-a0fa-1348fada23a2,2024-01-06,S-042,P-003,3,6600
fdf452a6-aec3-4b52-8858-d52f031b4747,2024-01-06,S-023,P-007,2,0
c7864cc3-ff11-4c30-b9aa-0c02efee5efd,2024-01-06,S-039,P-004,1,0
bd45e149-2827-4f60-b9fe-f0c88f3f5ff2,2024-01-06,S-033,P-004,1,1050
17544c77-ad58-442c-bcf4-eba08425ba7d,2024-01-06,S-002,P-001,1,0
ee782179-431c-4b94-80a7-5a46a19ffbab,2024-01-06,S-047,P-007,2,0
0b5d1dc9-2bb6-4719-92eb-9f49b43da37b,2024-01-06,S-001,P-001,2,0
c38936f5-d195-4a80-afa0-dd0fce2266b5,2024-01-06,S-039,P-003,1,2200
9de645a7-54aa-4760-9121-50771be83268,2024-01-06,S-036,P-002,3,2850
d73a7d1d-de3c-4761-9925-8d7c7375df00,2024-01-06,S-001,P-002,1,0
39c7f738-e07e-44b2-8bb8-50495e5d9a90,2024-01-06,S-018,P-003,4,0
da29c91b-6a55-4799-b2fa-15601c3008bb,2024-01-06,S-047,P-004,2,0
fbbd2b8c-6adf-445d-a674-41954696e4cf,2024-01-06,S-011,P-006,2,0
b08f3022-c866-4536-9b09-89d1deeb5e6b,2024-01-06,S-039,P-004,1,0
eff09dc1-da47-47dc-96a5-80827159a31b,2024-01-06,S-014,P-003,1,2200
af4f0907-c06d-4aac-a4b0-4ba37f32193c,2024-01-06,S-049,P-003,10,0
085aa94d-78ea-47bc-aaed-c9c6ca77e231,2024-01-06,S-032,P-006,2,0
17dfb0e3-e093-41d2-9de6-c8e52fbb3dab,2024-01-06,S-005,P-001,3,0
3ba5a6ae-e8c9-4a84-a928-2f5270780aae,2024-01-06,S-042,P-007,2,0
da4f6702-13d2-4472-9f2f-a12db69c2b46,2024-01-06,S-014,P-004,2,0
c4f20822-3f69-4ddd-9fa7-de007cf86142,2024-01-06,S-023,P-005,2,0
ea45854a-84bb-42a6-9405-ba9b0e463068,2024-01-06,S-043,P-001,2,1400
82ce9ff6-da52-4016-a6b4-4c7f42efc272,2024-01-06,S-013,P-006,1,0
f81c9079-0bc8-4e22-8a14-f25268968936,2024-01-06,S-034,P-001,2,0
5faa1050-a127-4ccd-840e-859b8dbdecbc,2024-01-06,S-005,P-004,1,0
454ab930-3be4-43b8-bc49-05c96260a50a,2024-01-06,S-048,P-004,1,0
c1790175-4804-4c55-85d8-f2ed022667b0,2024-01-06,S-032,P-001,1,700
831c96c3-fbb5-4d72-b6cb-080dad8e1036,2024-01-06,S-005,P-001,1,0
9308c0ee-23a0-437c-b429-3394929636a9,2024-01-06,S-049,P-005,4,0
224c75c8-aaf7-406b-a75e-38a8abbafe3e,2024-01-06,S-022,P-004,2,0
b69ec2e5-2f2e-438f-a952-a8543f40913e,2024-01-06,S-014,P-004,2,0
d4bf7e66-5eb1-4c5f-aec8-0168eeef1cea,2024-01-06,S-041,P-004,1,0
f1681afe-fc8c-4f45-8267-de5f12e4f148,2024-01-06,S-002,P-007,2,0
f1415175-f265-4036-ab84-d47cc8d9208f,2024-01-06,S-031,P-007,3,0
ea656f88-5161-4903-b211-6794985e6f00,2024-01-06,S-013,P-004,1,0
64c1ab15-daef-46f3-91fe-583c55503a2b,2024-01-06,S-026,P-007,1,0
90aa82ff-e47e-4e4b-b4c4-08eac2fa6bca,2024-01-06,S-030,P-007,2,0
646640c2-dba3-4657-829d-3b3d86760a0f,2024-01-06,S-039,P-007,1,0
fb9258b0-9bc3-4dda-baaa-280355d84f91,2024-01-06,S-008,P-001,2,0
abd8053a-edf3-479f-9246-63f0aa4f3a8f,2024-01-06,S-016,P-003,1,2200
9791d310-4379-46a1-a398-e07da258f5a5,2024-01-06,S-016,P-007,5,0
bb4799c2-0253-438f-bccb-3d638db0697b,2024-01-06,S-014,P-006,2,0
7a00aa1b-018a-4273-a1d4-94d76e124bf3,2024-01-06,S-045,P-007,3,0
e1c63c60-5ccc-4f87-bcea-544b87deda72,2024-01-06,S-019,P-007,2,0
ebbafeea-ec47-4636-af77-5fd1a6e1aa66,2024-01-06,S-045,P-002,5,0
e395e9ae-fddd-4bc6-9779-5e5ea44bf50a,2024-01-06,S-014,P-007,1,900
b4d23feb-8e26-428d-afc3-90ea0e11206b,2024-01-06,S-049,P-005,1,0
5c2825e0-0def-4252-99d3-d972b176bd25,2024-01-06,S-001,P-004,2,0
2565382d-ffa9-4c84-ac5f-250e77848c25,2024-01-06,S-043,P-001,1,0
90919f24-746a-4b10-8929-055bc7288abd,2024-01-06,S-036,P-006,1,0
877bac2a-c512-49c5-aff7-93b089af60f3,2024-01-06,S-020,P-004,3,0
a998220b-2cb4-419c-a37a-1049c0bb2bfa,2024-01-06,S-018,P-004,1,0
f233ddac-1101-4ca4-bac8-b925690b80b6,2024-01-06,S-001,P-001,1,0
5bacb7fe-098f-45e5-b9db-74ff2f8cb43e,2024-01-06,S-010,P-005,5,0
cfc29cfb-d686-44f3-8f4f-91551912a7fe,2024-01-06,S-010,P-007,1,0
589c0df8-fc29-4059-9f73-70acdd0672e1,2024-01-06,S-040,P-005,2,0
6f9b3c55-0b48-4cb4-8ef5-76de2f7c016b,2024-01-06,S-018,P-002,1,950
002786a4-0431-484b-9764-6346afdb22c3,2024-01-06,S-015,P-002,2,1900
1f048185-d1f2-47a7-9339-0412159a75cc,2024-01-06,S-046,P-002,3,0
51c39b00-e3b3-481f-82c2-74eadd4b5159,2024-01-06,S-044,P-005,1,0
397d5e3c-da2f-42f1-b298-66f9d087d63a,2024-01-06,S-038,P-002,1,0
b53ee267-3143-477c-b258-80cfc27aa586,2024-01-06,S-050,P-007,2,0
e3189f4b-8920-4bee-b89f-5a2ec3d8ff67,2024-01-06,S-015,P-001,1,0
0b6475c9-4ecb-46ef-b12c-ef527031c883,2024-01-06,S-009,P-004,2,0
87cce094-669b-4bf5-8c43-1ac328add3a5,2024-01-06,S-023,P-005,1,0
adc71297-4d69-4fe7-9ea9-eb595bbf7d89,2024-01-06,S-011,P-006,1,0
fe641e9f-8d70-4eaa-8104-ac2342a21d3b,2024-01-06,S-017,P-004,1,0
2eb983dd-9d26-4992-baba-2f65392381d9,2024-01-06,S-045,P-005,1,1050
e86aaae3-19b2-4c50-953c-2a063fc26561,2024-01-06,S-010,P-005,1,0
f6080d02-6d46-40a4-86aa-3729a10f4afd,2024-01-06,S-015,P-005,1,0
e3bf55e7-f694-46b1-83a3-001c811a7510,2024-01-06,S-029,P-003,1,2200
09873f25-2385-4d12-8c19-b2a8a86e88ff,2024-01-06,S-013,P-002,2,0
fc6e6f51-9ea1-4b09-b798-202cf9c9cd3f,2024-01-06,S-036,P-007,1,0
c6d323da-b4a9-4566-a95b-ce4504fca7a4,2024-01-06,S-015,P-002,4,3800
f2bd081d-66ee-47c4-ab2f-a97283099f45,2024-01-06,S-009,P-006,2,0
9368bb01-b9fc-431e-8e24-62d728b656cc,2024-01-06,S-013,P-002,4,0
db5b9240-fa3f-4c30-8e96-27043a8cfa80,2024-01-06,S-039,P-004,1,0
ba38a2f5-3fdf-48e6-82c9-ae1fae123ead,2024-01-06,S-038,P-002,4,3800
ce8b6765-508c-473f-b575-b650625003b9,2024-01-06,S-002,P-007,2,0
f9952eba-4f05-4255-a3b6-2793b179a99c,2024-01-06,S-049,P-002,4,0
b0e98a68-5ab2-4005-887f-aa62197b9fe6,2024-01-06,S-038,P-002,2,0
f2ff5a87-0661-42fe-a75e-71a467815405,2024-01-06,S-006,P-005,1,0
1cd83eab-f210-4d3d-b520-c29366a5a1c4,2024-01-06,S-035,P-002,5,0
ae92e953-aa95-4eb7-84d3-a076782064a5,2024-01-06,S-041,P-007,1,900
610025b9-10a1-4bf1-8cfc-0beedef0a8a5,2024-01-06,S-019,P-006,4,0
dd6fc88d-c34d-40f1-95eb-685b94ed6b4b,2024-01-06,S-019,P-006,4,3200
86c29f27-bc89-4ef5-862d-e1cc8c946e7d,2024-01-06,S-036,P-007,2,0
305a98f7-d47e-40b7-b068-cfdc85ff0454,2024-01-06,S-046,P-005,1,0
dfca0d55-d5e2-4ba3-92b7-9005ab2c43ce,2024-01-06,S-023,P-004,2,0
dd9f951c-5e1d-4476-8859-c6dd46064d12,2024-01-06,S-038,P-001,1,0
820e8376-0ea2-4024-9682-3596502b4e78,2024-01-06,S-045,P-002,1,0
ce1504ee-9ca5-4e67-a1ab-d38cabfdf916,2024-01-06,S-030,P-007,2,0
cdcad073-f23e-46ae-a863-2e5e3319f5c0,2024-01-06,S-009,P-004,1,0
e641d3d9-3116-4ef7-b958-44355eaff004,2024-01-06,S-028,P-002,1,0
9df85084-7be4-4db0-a2b6-37325feafd65,2024-01-06,S-042,P-004,1,0
d72b2ac5-310b-4faf-84c0-6cbb1dc11f41,2024-01-06,S-048,P-004,1,0
56e18cc7-338f-4ebc-9282-1b21ce2befc3,2024-01-06,S-044,P-001,5,3500
18bfd844-ae9c-45c4-a990-01f78bb5c00e,2024-01-06,S-029,P-006,1,800
fb7872d3-9570-4fad-af20-e045e25e3203,2024-01-06,S-017,P-005,5,0
35af6634-f002-4ea1-bb41-b99b589e2bb8,2024-01-06,S-017,P-005,24,0
d7585f62-4ad6-44c7-911e-35a349212ff7,2024-01-06,S-007,P-001,2,0
588cc37f-e577-4208-b064-3921813c46cb,2024-01-06,S-039,P-003,5,0
170176e3-26c8-499a-8d7e-143f5fa00775,2024-01-06,S-001,P-002,3,0
9fd47119-2b91-4382-bb01-e6d1cb12dbae,2024-01-06,S-023,P-006,1,0
ec87166e-8e96-41a8-9069-53a5928943eb,2024-01-06,S-014,P-007,2,1800
bc84bae8-f183-4720-b8d4-ad53959c4d63,2024-01-06,S-041,P-003,1,0
52c82432-bcd7-4f5d-aa0a-a9ebd4ad7435,2024-01-06,S-036,P-007,1,0
affe1008-3e51-44c5-88cf-65c172d442b6,2024-01-06,S-007,P-005,3,0
cfc41d0f-6501-499a-bb35-0e0169c4ae8d,2024-01-06,S-001,P-003,2,4400
bb0e4d56-9bf7-4de5-8362-97bf5f0cc1c7,2024-01-06,S-027,P-004,2,0
3982ee41-af42-4255-b7bd-29e9e60f2b2a,2024-01-06,S-046,P-001,24,0
641f6a8f-cf1d-48dd-8fdc-307b1538a9e6,2024-01-06,S-043,P-004,3,0
eabcde6b-8109-4118-b9a3-07f45a94559d,2024-01-06,S-028,P-005,1,0
4811d77e-7d67-48f6-aae7-804c973aa46f,2024-01-06,S-047,P-003,1,0
b0a9d5ca-0b85-4e23-981e-241ee08c09ee,2024-01-06,S-039,P-001,4,0
2cba8c0f-f378-44e6-bcd2-81f87d992695,2024-01-06,S-035,P-007,2,1800
754b8ff7-dcd8-4b42-b4f7-8da5aaa0e33e,2024-01-06,S-021,P-002,3,0
7c095cb6-0470-4181-8c28-434c720cedcb,2024-01-06,S-029,P-001,1,0
2ae1a065-52dd-4c21-8a56-bc00138586f3,2024-01-06,S-021,P-004,5,0
fb129745-ad43-4a01-a00f-91f8a324d6bf,2024-01-06,S-017,P-001,3,0
51ccb163-37a9-46d1-baed-4001f1a4dbc7,2024-01-06,S-024,P-002,1,0
07d409a8-6066-448c-a265-863d4709f102,2024-01-06,S-007,P-005,2,2100
ed0f1859-db78-4ea9-a0ae-17c70d42d870,2024-01-06,S-001,P-001,2,1400
8c808070-e0d7-456d-8b51-1186365b9608,2024-01-06,S-041,P-001,1,0
0fe74c68-ef31-47ca-af70-c92e28c9747f,2024-01-06,S-041,P-007,2,0
5b61f1ab-a46c-400a-a4d5-69451f5c78f4,2024-01-06,S-007,P-003,3,0
dad4ed63-519b-414c-8a8f-fa1d4de52ba3,2024-01-06,S-013,P-005,1,1050
a22140f7-c210-423f-99c7-da9831f946b7,2024-01-06,S-011,P-004,2,2100
3fa78ae4-9f0c-44e7-92f5-b156e3112e65,2024-01-06,S-041,P-003,1,0
9f95e070-a789-4154-ab6d-86eeba216792,2024-01-06,S-047,P-004,1,0
da9ecac1-9fc2-4d7e-b2a5-357c9ceb4a70,2024-01-06,S-032,P-006,1,0
05099c4a-e448-43cd-9643-ec70cdf34936,2024-01-06,S-032,P-007,2,0
856f7674-3c9f-4534-bbbf-18af8e1b76c7,2024-01-06,S-036,P-002,1,0
6cf94eff-6bec-4fb9-bb8e-8551448ff283,2024-01-06,S-025,P-006,4,0
e9e3255c-e02a-4c9b-bff0-494301510972,2024-01-06,S-008,P-004,1,1050
72086ec4-7032-4f25-920b-23114216e41d,2024-01-06,S-019,P-003,10,0
90803f99-9e96-4470-97a5-da9f37187ce6,2024-01-06,S-015,P-006,4,0
3b16c5f5-6170-48eb-9f85-1e8ffb545f2e,2024-01-06,S-010,P-007,2,0
1d6f2ce8-1bf3-407b-b11c-e8a49bb6d2c4,2024-01-06,S-036,P-002,1,0
0eed0717-81ce-40f7-bbaf-9ca3a23c990e,2024-01-06,S-030,P-002,3,0
e8db67fe-6469-422a-b1f7-0874a5e5f935,2024-01-06,S-003,P-003,1,0
bc53fc5b-f781-47ce-9252-3e23fa0529d2,2024-01-06,S-028,P-004,3,0
a17bd425-b981-4d45-bc81-7b97695c98cc,2024-01-06,S-047,P-006,1,0
0b71d6aa-dccb-4f7f-94b9-9b6d3eeabc0d,2024-01-06,S-009,P-003,1,0
8560dfc6-b8f0-4b64-b285-17734d0bbe20,2024-01-06,S-028,P-006,1,800
6b7303e7-ccd2-421d-a46a-8f4714eaee06,2024-01-07,S-004,P-006,5,0
ffc4643e-db40-4a9e-adb1-83ed7bf4516a,2024-01-07,S-014,P-002,1,0
50f10674-2f23-4068-8eba-5b792af388c5,2024-01-07,S-048,P-006,1,0
a51ccb15-7320-41c5-9633-dd9fd54e06fc,2024-01-07,S-024,P-007,2,0
1f0e0a87-afc7-40ca-bfdb-47f363555b53,2024-01-07,S-033,P-007,1,0
0d7819a6-786f-4cab-b727-8bf832236167,2024-01-07,S-012,P-007,1,900
7e9cdf0a-b0e8-447e-9ce2-64f4cc19e3eb,2024-01-07,S-044,P-005,2,2100
d430a0bd-5c9f-489e-9d45-efc443db3d7a,2024-01-07,S-048,P-002,1,950
5c3e5394-97c0-4d05-9f34-ce748b069256,2024-01-07,S-042,P-005,10,10500
8d719440-6515-40bb-a93f-1529d53b1b70,2024-01-07,S-010,P-005,4,0
559c1f58-840d-4d5e-9ba1-26be4e1437f8,2024-01-07,S-041,P-005,1,0
cfe6329e-3e16-4e88-bacc-f61bbc221e9d,2024-01-07,S-014,P-004,1,1050
d168273d-3863-41d3-b871-849ffe761b3d,2024-01-07,S-043,P-005,2,0
10aa6951-a049-4a0c-9e33-7f360061a2af,2024-01-07,S-022,P-005,3,0
9829ef9f-3023-4420-a420-42cdd3739a1f,2024-01-07,S-011,P-002,10,0
1de1e8d1-c63a-4e22-890b-a28f767d884f,2024-01-07,S-002,P-006,1,0
7d90b1c5-e5f8-469d-91e0-2930c18b338f,2024-01-07,S-037,P-004,4,4200
6bf1c5fc-314e-4864-9df6-d2c18ec3663e,2024-01-07,S-045,P-005,2,2100
e02ef1ab-df6b-4e17-81eb-951f5d428045,2024-01-07,S-049,P-007,2,0
e99b788e-f906-422b-aba8-01998e611ef6,2024-01-07,S-037,P-005,1,0
dd5fee86-a58c-4947-ae72-5356c7fb7c12,2024-01-07,S-045,P-006,5,0
7294ce73-39f8-46db-ba0e-15786dbee398,2024-01-07,S-025,P-005,2,0
2373cb65-ba04-49bb-a692-d0276820f81a,2024-01-07,S-020,P-007,2,0
88769820-ca24-4bb5-bdfb-c71d1245c0ee,2024-01-07,S-047,P-007,1,0
330c8693-97b9-416a-958e-a23ef1380d3e,2024-01-07,S-006,P-001,4,0
787a7174-8631-43c5-b372-97386cef79f4,2024-01-07,S-043,P-002,5,4750
31bbec65-2483-41df-9dc7-795c36fb36a7,2024-01-07,S-027,P-002,1,0
daac15cc-3a8e-4892-865c-f960e4bb4987,2024-01-07,S-038,P-002,1,0
d7621ed9-6a71-4b46-ba5a-36f2e65e7314,2024-01-07,S-039,P-004,3,0
a09dcb2f-8cee-48bd-985a-e0846b79e637,2024-01-07,S-041,P-002,5,0
4b449e36-197b-4d53-8637-0b2616c9188d,2024-01-07,S-014,P-001,10,7000
8c83fba2-47db-4bca-b79c-16b80726ec8e,2024-01-07,S-031,P-003,3,0
be384fa1-8cf5-4278-9926-616adf1d850f,2024-01-07,S-020,P-003,3,0
b07f64e9-a31a-48b2-a0ad-c3b3257ea418,2024-01-07,S-036,P-005,1,1050
dae20911-9337-4ecc-a942-8a8e2f98df16,2024-01-07,S-046,P-002,1,0
42103c11-c792-458d-a612-6cdf77741c20,2024-01-07,S-036,P-002,3,0
32861aea-b50f-4afd-a975-2c5496be1e5e,2024-01-07,S-009,P-004,24,0
ddd1f4e1-9336-4c8b-94f6-6a3bc74fce99,2024-01-07,S-003,P-003,10,22000
82424315-88bc-49a5-b789-7c3c3fc67fea,2024-01-07,S-032,P-002,2,0
3f1253de-aa32-4f2e-8f93-786d512acb52,2024-01-07,S-013,P-004,2,0
5b8e6e3f-b136-4ea1-826c-38c0b63a8f44,2024-01-07,S-032,P-001,5,0
10a11e62-26bc-48e9-9d4f-ba48b9a84f47,2024-01-07,S-033,P-003,1,0
7c0f4043-18b7-449e-9bfb-0cd0a111ee5b,2024-01-07,S-042,P-003,1,2200
008c2f22-4a9b-4ade-bfc0-815a38db7711,2024-01-07,S-003,P-007,1,0
94f3e043-1d59-4d14-8a18-256f0ad85c0a,2024-01-07,S-026,P-002,1,950
e98fea22-7d49-4c30-b571-cf95af113cfa,2024-01-07,S-028,P-006,4,0
797274c0-bcb7-434e-b3f6-1dc15bc891de,2024-01-07,S-006,P-003,1,2200
9f422204-4b84-40c7-b2e6-954384016862,2024-01-07,S-045,P-007,1,0
5dbcb3f7-ad81-413c-90de-504f41255a02,2024-01-07,S-050,P-007,1,0
b3b8dbcb-5558-48fa-85a7-ceda44bfb55c,2024-01-07,S-028,P-005,1,1050
abe78c7a-6dbb-4fdc-89f3-a33d8c8a3d1f,2024-01-07,S-035,P-005,2,2100
b7bee8de-f219-4f07-87ef-18b6fecc70d9,2024-01-07,S-003,P-006,1,0
df978220-c8e0-411e-b7bd-3f0e8fa17518,2024-01-07,S-047,P-004,2,0
ee99aa0a-e616-4942-a61a-c2414bc017de,2024-01-07,S-029,P-006,4,0
52db0a38-c925-420f-bcdb-2839ba099110,2024-01-07,S-006,P-007,1,0
45a25a09-a093-454a-bb6a-570fdce2750f,2024-01-07,S-022,P-005,1,0
5b2db007-2bfb-49e3-aa1a-695264259455,2024-01-07,S-019,P-004,2,0
254694e0-0d8e-4176-aa57-066aa71b2d62,2024-01-07,S-014,P-001,2,1400
d04087e2-f851-4285-8250-3cc0bee5f53b,2024-01-07,S-012,P-001,2,0
badc70c8-e98b-4296-8969-d1299154fe56,2024-01-07,S-017,P-003,1,0
6ce21e84-cfde-4d24-a62e-72c506ada6bf,2024-01-07,S-048,P-004,2,0
c661e444-f8b2-4c57-9e0f-22455db9b0f5,2024-01-07,S-046,P-001,2,0
6a68af67-9c4d-42fe-b6c3-68ed09bbfd83,2024-01-07,S-025,P-005,1,0
b5afe304-6898-4ebf-887b-3ac4967855b4,2024-01-07,S-045,P-005,2,0
c84c770f-88f5-40dd-8f77-d99487d5e225,2024-01-07,S-013,P-001,2,0
5ab53c0d-2a2c-4521-bf68-4d0d1c030e16,2024-01-07,S-029,P-005,2,0
f7c565c9-a2bd-44af-a8c5-a53ed9917456,2024-01-07,S-004,P-002,2,0
51ce03c6-d23c-48ef-96f1-d6573ebf927a,2024-01-07,S-046,P-003,4,0
573b3d77-ce54-45a6-8cbe-1811099a6eca,2024-01-07,S-021,P-003,4,0
ca3ce957-54e1-487b-a0c7-a72b40388ced,2024-01-07,S-008,P-003,1,0
f3d40ddc-6b64-4dbc-bbcc-0f97ac6bc5ba,2024-01-07,S-010,P-004,1,0
b586eff9-5b0b-43a2-92d9-288520de1cdb,2024-01-07,S-028,P-004,2,0
d46eb309-0dd6-4f75-ba61-78f8956ff803,2024-01-07,S-004,P-001,1,700
b52064f3-31bb-40bb-a8db-563fb4896812,2024-01-07,S-050,P-007,1,0
c97d760d-6c38-4fcd-a026-fb275f7bd36a,2024-01-07,S-029,P-003,4,8800
e638c712-db92-4716-931f-10b09e41f26d,2024-01-07,S-027,P-004,5,0
f8b3f5dc-ae70-420e-8400-da5a8aa46b15,2024-01-07,S-007,P-004,1,0
c922d95c-a2a6-4b6e-a097-a017eee17158,2024-01-07,S-046,P-004,4,0
ec84b164-2639-4bdd-a300-95203197fceb,2024-01-07,S-025,P-002,1,0
8a30153c-43c2-46f7-95bc-a705885fea47,2024-01-07,S-037,P-007,1,0
f2e252fc-7fd3-4b7c-a44f-8b8082fd570d,2024-01-07,S-026,P-001,5,3500
bb7ca9e9-cfe4-4c26-8b57-2aaae2c31d7c,2024-01-07,S-005,P-006,1,0
78ceb537-8a9b-4d59-a160-a6f783b65009,2024-01-07,S-020,P-002,1,0
26d10831-a71d-4182-87f2-66ea1192861f,2024-01-07,S-039,P-007,1,900
08d48f24-cfbb-4608-9099-672f63ac91d4,2024-01-07,S-023,P-006,1,800
44aef461-e074-4f32-b217-54c9adf82fcf,2024-01-07,S-010,P-005,1,0
0b2a182f-eb16-45a9-a206-a9d358078986,2024-01-07,S-019,P-007,1,0
562e32b6-454e-4c32-b658-578ab9ff5506,2024-01-07,S-048,P-005,1,0
a0ef69d9-e7fc-4e2c-ba41-65b131656437,2024-01-07,S-021,P-002,1,950
9f37545c-025d-4a04-96c6-9de964b16db1,2024-01-07,S-018,P-004,5,0
2391a5ba-79cf-4ca1-bd52-42d9d77726cd,2024-01-07,S-013,P-001,1,700
8e1d1171-4fcd-4d07-97d9-bed8c7ddca11,2024-01-07,S-033,P-002,1,0
4b2eddef-177f-4ca5-9ade-a8b548c66ab6,2024-01-07,S-049,P-002,1,0
a95d3ec3-36ad-42b4-8765-4000cbe98862,2024-01-07,S-006,P-001,1,0
14faf0ae-d361-4650-947f-2e7e314389a4,2024-01-07,S-042,P-006,1,0
a951521f-9936-4fab-9c38-196c6abec30c,2024-01-07,S-046,P-006,10,0
c41e07c5-499b-434e-898b-e488b870719e,2024-01-07,S-024,P-001,3,0
0e6dcb6d-78e1-4502-91f4-d53ccd88eb77,2024-01-07,S-014,P-007,2,0
6749dfaf-a566-43dd-a244-5e9591019e14,2024-01-07,S-033,P-005,1,0
bfc512a6-1a11-4940-ba8c-67490481e037,2024-01-07,S-040,P-002,1,0
16ecd56e-ab78-4d71-98d0-e998f0b36e6b,2024-01-07,S-027,P-004,3,3150
18eeab73-9f3b-44cc-9e60-c547dec50eb9,2024-01-07,S-043,P-001,10,0
61098f92-b799-4a9e-a3c0-9f93885b8d27,2024-01-07,S-028,P-001,10,0
96bd40f7-8a77-4d5b-845a-6ca1867cc519,2024-01-07,S-045,P-005,1,0
71ac30a9-2b11-47cb-9fdb-8fa236b92d8d,2024-01-07,S-050,P-003,24,0
9754d4ff-07ab-4796-a3cd-56a4722d07a0,2024-01-07,S-044,P-005,5,0
42b13f42-3a19-4055-a2ee-f09a4748e254,2024-01-07,S-011,P-003,1,0
8d2289f9-87ed-4377-a647-4706eb2d0a15,2024-01-07,S-039,P-002,1,950
c82cc26e-2326-46cf-afdc-7f7c4aca2cc1,2024-01-07,S-026,P-007,4,0
91d89987-6489-45dd-bb88-1ce031230115,2024-01-07,S-048,P-002,2,1900
d3e8267d-7252-4680-979a-d7bac258961d,2024-01-07,S-016,P-004,1,0
9cfd2c0a-d8cb-4107-af5b-ced8f591873e,2024-01-07,S-007,P-007,3,2700
fb7cfa7c-0933-44a2-a4a0-8e24a7ff5ee0,2024-01-07,S-047,P-004,2,0
7d280bcf-bdf5-45ee-923b-2b718e884e8e,2024-01-07,S-048,P-001,1,0
28d12466-f76a-45e2-a32f-1e0fe178e0f0,2024-01-07,S-010,P-004,1,1050
4e5a3fb3-ba07-4c0c-86af-9636d36adfa3,2024-01-07,S-035,P-002,1,950
2667a6ad-32ee-4bc8-8d43-2afd298c27ce,2024-01-07,S-043,P-004,2,0
5c34d536-2a61-45cb-9445-b25f0a36e612,2024-01-07,S-011,P-007,4,3600
7fdc7ecd-1c95-427a-aa30-566df3efc810,2024-01-07,S-015,P-002,1,950
21174250-1503-41e5-b547-ecd5deb82e90,2024-01-07,S-014,P-003,2,4400
ee798df6-040e-4949-89bd-f3166f25f2db,2024-01-07,S-027,P-002,1,0
b7c64263-11d2-4d5d-9175-22ff5b2a4756,2024-01-07,S-027,P-007,1,0
2fab37b8-5b1d-4433-9f20-e1ab39522a6c,2024-01-07,S-044,P-003,1,0
31e6aed0-0ea9-42f0-8c46-ab3381b0b89f,2024-01-07,S-021,P-003,1,0
76cbef1f-7182-41c3-9277-a5660d02700b,2024-01-07,S-023,P-003,5,0
c9ebfbbc-38e0-44de-9386-9286abf9fecd,2024-01-07,S-021,P-002,2,0
779fd18a-997b-49e4-8f24-e2274d8baa9a,2024-01-07,S-027,P-002,4,0
f7884751-582e-4fa9-93b8-60df7a93c90b,2024-01-07,S-022,P-005,1,0
4965d435-49d1-4975-a9a5-4c9be776dec2,2024-01-07,S-024,P-005,1,0
4b763e38-3a39-4ab1-9dc6-19def7b54e3c,2024-01-07,S-021,P-002,24,0
1fdbce31-5d5a-47bc-a1dd-edf3578cd301,2024-01-07,S-025,P-006,1,0
83e59d3a-d46b-4b16-b4a6-fda99674f04b,2024-01-07,S-030,P-005,1,0
a89f7094-cdcc-4979-9726-7954c28a20c8,2024-01-07,S-012,P-002,24,0
c5141f92-5776-409d-9a43-9cccade1dc32,2024-01-07,S-040,P-007,2,1800
c945ebb9-af7f-40ff-99eb-de95be5fdd8f,2024-01-07,S-005,P-007,1,0
3e114695-eee7-4867-b998-dbebca7348e2,2024-01-07,S-037,P-003,1,0
a5ba3d4f-1d81-43db-9a02-24ea071ee1e4,2024-01-07,S-011,P-007,2,0
600d0aa5-d4a7-4e73-b4e5-82bf070006f1,2024-01-07,S-022,P-003,4,0
b4915ce7-3e18-405f-b8db-0297ad099131,2024-01-07,S-005,P-007,1,0
e6b26977-4774-413b-9712-95f9ddf41152,2024-01-07,S-022,P-006,2,0
9ab28b4f-09e5-439c-b10f-d75123af4465,2024-01-07,S-048,P-002,1,0
a91da4f7-348d-4038-b79d-40ef42fe56a5,2024-01-07,S-030,P-001,1,0
07604be6-d617-4c9e-a8e2-09f64064b70e,2024-01-08,S-004,P-005,2,0
8de75116-dd0f-4f16-b9c0-3af0cc5e864f,2024-01-08,S-017,P-003,3,0
c6c2e76b-48b5-4bf8-a4f5-76cc6b5b64e2,2024-01-08,S-003,P-003,4,0
5c4ba99d-b315-490c-b040-a0c7565aab17,2024-01-08,S-041,P-002,2,0
04542a34-f8e0-4e39-bbc4-1805c5f22788,2024-01-08,S-040,P-001,5,0
91488770-f19c-42b2-b9f9-b59df0745f69,2024-01-08,S-038,P-006,1,0
0fb695e5-0b26-400b-851a-7d99f2e84d02,2024-01-08,S-022,P-003,24,0
2f0cbb40-8dba-4a61-a45d-c335ec409c70,2024-01-08,S-044,P-007,1,0
f2348de7-9171-482e-96a1-b5b1032391de,2024-01-08,S-008,P-005,3,0
e122fe5b-509a-435d-9215-b8135ec416df,2024-01-08,S-021,P-005,5,0
abf6c161-8ff9-46fa-be2b-e5b66ea362d4,2024-01-08,S-028,P-002,2,0
0262ce4d-4e62-41e5-9e3b-28293228bb43,2024-01-08,S-030,P-002,4,0
cd09430f-c6fe-43e0-bd2d-bc8b52c9672d,2024-01-08,S-037,P-007,1,0
9f000384-2efd-4226-870e-be38c346996b,2024-01-08,S-007,P-002,1,0
d87130e1-1c40-476c-b3db-6fb4709d8c0b,2024-01-08,S-002,P-004,2,0
e8bdc3b8-cf3f-4547-aa58-6efee3321a82,2024-01-08,S-018,P-004,4,0
738d004e-159b-4777-89a7-53a84136d66d,2024-01-08,S-049,P-005,1,0
9a705d7b-3c2b-4512-a23a-2e4c17930aec,2024-01-08,S-018,P-007,5,4500
922982ed-c216-4ed9-b407-2871ab30ca33,2024-01-08,S-041,P-003,1,2200
b21eedb8-0998-4336-95a6-38e50e79e957,2024-01-08,S-018,P-003,4,0
40fb3766-d699-47b4-96eb-601727e211a5,2024-01-08,S-049,P-001,2,1400
fe2781e5-9d77-4c19-b924-76e6307c8871,2024-01-08,S-015,P-004,2,0
e26be030-4b7f-47db-b67f-87e8a95797f0,2024-01-08,S-036,P-005,2,0
c4e99f2a-5b39-4619-8fb7-86b42be5d7bd,2024-01-08,S-013,P-006,4,3200
cff51950-2f71-4f64-ab50-453348100adc,2024-01-08,S-050,P-001,2,1400
c9bf3ce0-5a0b-406f-94f1-a1eab8669b11,2024-01-08,S-013,P-006,1,0
ae3d1298-058f-4238-9fef-c0082be46b2d,2024-01-08,S-042,P-007,4,0
01eeeafd-557a-45fa-a9ad-0a26860a17ee,2024-01-08,S-008,P-003,10,0
026ccb96-6e0a-48ba-8441-04b102a93a76,2024-01-08,S-029,P-002,4,0
002e7be9-422c-477e-9048-0db8d1fe87c0,2024-01-08,S-028,P-001,4,0
590f63c6-ddb4-45bf-a80a-683dab352ae0,2024-01-08,S-003,P-002,2,0
2096e696-1080-430a-8456-7b1763058dac,2024-01-08,S-046,P-006,1,0
7e0b7f4c-bf0b-438b-ac36-5cba1256add8,2024-01-08,S-039,P-007,1,0
0f242b2b-6d19-402b-8a48-4ebd70bef5f6,2024-01-08,S-046,P-001,2,0
4d42e6a8-da73-4ae2-8f56-5c543f1533f6,2024-01-08,S-007,P-006,2,0
f43cc5ab-2919-4b24-bba4-2c6da8b89470,2024-01-08,S-015,P-001,2,0
b8dd067c-b8a3-4a9b-9483-04c1b22e1221,2024-01-08,S-049,P-004,2,0
b6d8b576-a3ef-4f40-86a2-a33ff138080b,2024-01-08,S-042,P-007,1,0
bbab0184-e752-42a6-afa3-66b06209a6d1,2024-01-08,S-047,P-005,1,0
4db2319a-6549-4dc5-a8a6-ece446c88c68,2024-01-08,S-023,P-001,2,0
377582b3-2e59-4655-bfdd-9bd9992ed95d,2024-01-08,S-033,P-006,1,0
69c05d76-8ed1-49ca-ac70-322cb0683b15,2024-01-08,S-048,P-006,1,800
4c9106eb-cbbb-45aa-a5c0-ec81f9c1999d,2024-01-08,S-011,P-004,1,0
b9e7ac2c-ef60-4101-8724-9cadce95ffec,2024-01-08,S-040,P-007,1,0
0a7dd434-b10f-4766-a66b-b8a6906d6387,2024-01-08,S-039,P-003,2,0
8dd423ae-7a05-4208-b4df-f0980bf208e8,2024-01-08,S-047,P-005,1,0
ae490670-b3d2-4bb4-926e-155d801ba237,2024-01-08,S-029,P-001,2,1400
c487b146-22fd-4342-9b28-9a9a833b971e,2024-01-08,S-010,P-005,1,0
16bd9b94-d054-4d40-9ba5-ce274ab295f5,2024-01-08,S-013,P-002,3,2850
fd76db7a-a4b0-45a8-a378-da4e5a80ff5d,2024-01-08,S-037,P-001,10,0
f17fc73c-ad87-44fa-a493-8429bb1c8a02,2024-01-08,S-037,P-002,2,0
bc203804-084c-4e67-8336-9cbed14ab9ee,2024-01-08,S-018,P-003,1,0
3e992fae-bc35-4d6f-8c09-9eaffe942da8,2024-01-08,S-008,P-002,1,0
09e66b52-c100-4a7a-ac9f-cfc59917071d,2024-01-08,S-005,P-004,1,0
9dd11e52-83f0-4a07-89d9-fa00bb91669a,2024-01-08,S-013,P-003,3,0
98103043-31ab-4408-bbaa-eb98604a4023,2024-01-08,S-019,P-005,3,0
72494ec9-2eb5-4265-b2f6-2ae8fbb1da2f,2024-01-08,S-045,P-004,24,0
1617f9f0-da29-4070-adda-f9cae23b73d8,2024-01-08,S-012,P-007,1,0
6552ed6b-f963-4a83-8f7b-0423ee3ad246,2024-01-08,S-004,P-003,1,0
1c94e60f-bba4-4786-9902-c6054b86764e,2024-01-08,S-027,P-004,1,0
a207e86c-c662-49f4-91c4-7c2f99cb62f5,2024-01-08,S-012,P-002,1,950
ce1aa1cd-dfb1-465e-9b67-2ced9288bb3c,2024-01-08,S-043,P-001,1,0
e74585bf-5e8d-4ca5-8b8b-9c45e66d5946,2024-01-08,S-006,P-004,2,2100
f8d34559-bce7-42f2-b3e2-811771510347,2024-01-08,S-006,P-004,1,0
73f87500-eec3-4296-821a-624d4f633127,2024-01-08,S-041,P-001,4,2800
28d2f466-a9cd-451c-b654-1b9591565e59,2024-01-08,S-001,P-007,1,900
3d637e40-a84e-4cfa-8814-81c6aec6636f,2024-01-08,S-040,P-005,1,0
219c253d-3346-4c1e-8c40-06382bb30b4a,2024-01-08,S-018,P-005,2,0
4122e7c3-ed9c-4ddb-ac3e-6c85c561c484,2024-01-08,S-023,P-002,1,950
267cb42d-b4d8-4845-91d5-1ab8155cc1d7,2024-01-08,S-040,P-005,1,0
695b77a6-7623-4217-94ad-8323b28b21f0,2024-01-08,S-048,P-006,1,0
c24845e9-9ab4-4e76-b6ad-c49eefd9c809,2024-01-08,S-005,P-005,1,0
22947564-5560-4d94-9e58-a94791dcf30b,2024-01-08,S-042,P-002,1,0
b57b180d-9cbc-418b-86a3-8431487cb8d3,2024-01-08,S-042,P-006,1,0
b2b8b96c-aef9-48c4-9ab7-4a10de29c642,2024-01-08,S-021,P-003,1,0
9043dae5-4684-46bd-a654-f5346e5fc7b7,2024-01-08,S-010,P-006,24,0
12bc2348-50c9-49e9-a814-c5909b04a881,2024-01-08,S-016,P-005,1,1050
db6fe163-bdfd-4978-a477-cbbada0432b7,2024-01-08,S-023,P-007,1,0
ba69b1ce-cd77-4fea-94d6-eaed97bd5d1a,2024-01-08,S-036,P-006,2,0
d7510b80-93b2-490d-935f-4cf2b5168f0d,2024-01-08,S-027,P-001,1,0
7d27946c-ca82-485b-9ac5-6906e1cf0df1,2024-01-08,S-030,P-002,1,0
ebb98428-6c16-4f5e-a376-5de19818e2a2,2024-01-08,S-016,P-003,3,0
d3d2d048-54de-4206-856c-378f708a3867,2024-01-08,S-017,P-005,2,0
254c6411-e727-47ca-aa2d-6390e78a4ea7,2024-01-08,S-039,P-004,1,0
37b9d8c9-6508-49ef-8ab3-6f97d3a1caf3,2024-01-08,S-004,P-002,3,2850
525530ad-12f8-47dd-a2e6-7e52999282f2,2024-01-08,S-001,P-007,1,0
e635188d-310b-4ddd-8361-ef9e038cf918,2024-01-08,S-030,P-003,1,0
90e9389d-2381-46c8-8570-5d70e222183e,2024-01-08,S-013,P-007,3,0
7df19cf5-3a80-448c-b07b-128a0981eb61,2024-01-08,S-044,P-006,2,0
cc8e40e1-95f0-40aa-934f-a54810bdd9c0,2024-01-08,S-049,P-005,3,0
a87b3306-f08b-4866-8d9e-de62f1906546,2024-01-08,S-049,P-003,1,2200
2fb14c32-4593-4092-9a01-971d813ecd2c,2024-01-08,S-027,P-005,1,0
264d4670-3a6e-40c1-a686-3f878bb2dbc8,2024-01-08,S-010,P-003,4,0
a06afa2e-da3d-4f44-84c7-80d107f809d1,2024-01-08,S-043,P-001,3,0
1ebb252d-adbf-41eb-a316-674174b738c5,2024-01-08,S-007,P-005,1,0
9668319c-8a9c-48fc-b328-6f5d8d3373da,2024-01-08,S-003,P-004,2,0
fa82916e-030e-4369-b610-142dd95dae0e,2024-01-08,S-018,P-002,1,950
92c6f435-f235-4a27-8d48-eb402c0ba50a,2024-01-08,S-030,P-006,10,8000
b82f992a-748c-403f-9914-7a016336948e,2024-01-08,S-003,P-007,3,0
64b594f3-905c-482e-a2c5-429adce1067c,2024-01-08,S-014,P-007,1,0
b4d866af-1142-4eee-8405-9c4823c8cc4e,2024-01-08,S-018,P-005,1,1050
f1e93ca6-ced4-4fba-b82b-fe8e48fdc075,2024-01-08,S-020,P-007,2,0
b4abee1f-f0a4-42d1-afa2-572adefb21b7,2024-01-08,S-022,P-007,1,900
0b3d630b-9d79-4c0f-8125-bb426a5a37e3,2024-01-08,S-025,P-006,4,0
0dacd441-9ce9-493c-9980-0c19249cd1d6,2024-01-08,S-024,P-006,2,0
34eaf217-093c-48ad-ad53-f4d2f3016323,2024-01-08,S-003,P-001,2,0
cec3f734-f5da-4c30-b47e-e5b320c481fc,2024-01-08,S-034,P-004,1,0
99e8e25d-2f3c-47a3-a633-96d1bd0f9f1a,2024-01-08,S-026,P-007,3,0
e3d5d105-20e6-4cdd-a6f7-e1feb7dcea05,2024-01-08,S-046,P-005,1,0
da8fe28b-c482-4b66-b262-003c6f79e7ef,2024-01-08,S-038,P-001,1,0
06caab89-e616-4552-a2b6-416cb896d567,2024-01-08,S-030,P-002,1,0
324b255e-e40e-4e9f-b050-58162fad3882,2024-01-08,S-012,P-004,3,0
ff365e89-c734-41a0-b584-33ec5a8fa03f,2024-01-08,S-017,P-004,1,0
ba9749fd-3170-4643-a1b0-6aafdcf4eb58,2024-01-08,S-006,P-005,1,1050
d73c3c9d-74ec-4721-9c5e-195da979c2bd,2024-01-08,S-010,P-004,1,0
48ace7c5-bda4-413f-a808-b00c7a5d6289,2024-01-08,S-029,P-007,3,0
d1637deb-46f4-4151-99bd-f307c92ccf4f,2024-01-08,S-042,P-002,1,0
f78c6ad8-dca0-4947-adfc-30c03f0e1b7f,2024-01-08,S-025,P-005,1,0
8102f349-ca47-4212-9199-4f4dc812286b,2024-01-08,S-034,P-004,1,0
6823a19e-a8e1-456e-86ce-1d9161b9f5c8,2024-01-08,S-035,P-002,2,1900
f7891e15-4452-42af-b25d-f69eb4437ed1,2024-01-08,S-037,P-004,1,0
208b7767-9d77-484e-8021-90cd99800ba1,2024-01-08,S-027,P-005,1,0
a8f33d00-a416-4412-a588-e690daeb5ef7,2024-01-08,S-044,P-003,1,2200
f6a42842-a174-460b-86cf-cf9e72f265e6,2024-01-08,S-022,P-007,1,0
6ede3223-e293-45e2-be71-b1b63173c7ec,2024-01-08,S-040,P-002,2,0
1bf2e253-9bf2-47d1-a4b8-3737938cda47,2024-01-08,S-016,P-007,1,900
87bdac8a-009d-4def-b0c2-b3008f4d40b3,2024-01-08,S-043,P-003,2,4400
fd10eb29-daad-49e7-95da-493862799d6c,2024-01-08,S-020,P-002,1,0
76ff0d8b-9eac-4029-977b-092da2bfe611,2024-01-08,S-020,P-005,1,0
41c2889b-f0dd-41a4-9fb8-53dc3a6f6820,2024-01-08,S-027,P-007,1,0
afc40d3f-b94f-4ea2-96f4-ac50146a1b48,2024-01-08,S-010,P-005,1,0
1c117ba4-52cd-4630-9bcf-3b31dd547d3d,2024-01-08,S-036,P-002,4,0
b35d7166-48f9-4cb3-9a2c-92e5ba9bbdde,2024-01-08,S-027,P-002,1,0
e2162786-0b19-4af9-8f87-ff4b90993437,2024-01-08,S-016,P-005,1,0
19276bc6-019d-4e9b-839b-6fb467f6ee0e,2024-01-08,S-023,P-001,3,0
35b3b558-f5ea-4696-a997-0de42de0fc5e,2024-01-08,S-028,P-004,1,1050
cbd89d0b-1190-4637-836a-d5a1c009bf68,2024-01-08,S-007,P-007,1,0
072c23e7-251b-4f60-b8e9-4e2d4d7856b1,2024-01-08,S-025,P-005,4,0
1c7051cc-e8ab-4760-a295-e6b2b7b0585e,2024-01-08,S-036,P-001,1,0
1d460ea6-951d-4171-b7db-ca9fcbac38b3,2024-01-08,S-018,P-001,2,0
e0cc7dfa-2b57-468c-84b5-a1302f12328a,2024-01-08,S-026,P-004,5,0
fadd6f20-2070-4391-a2b0-4d55edf231ef,2024-01-08,S-021,P-003,1,0
3bc9a00f-f331-4807-8407-36643ae95211,2024-01-08,S-009,P-003,1,0
d859e0bd-f4c2-43a0-9473-e551f59033d2,2024-01-08,S-021,P-002,4,0
0d702ea0-bb67-4f0e-98a3-5df27677ba42,2024-01-08,S-008,P-006,1,0
dd9270ba-21c5-44d7-afeb-d3f8d6e5e6a0,2024-01-08,S-021,P-003,1,0
e04458ea-bcfa-4641-8fea-ade6c6f29a95,2024-01-09,S-021,P-002,3,0
0ade64a8-d04c-4a9f-ae2c-122c89c33ee5,2024-01-09,S-008,P-001,2,0
01a8104e-d16e-4ed8-a982-de606513c2d1,2024-01-09,S-009,P-003,4,0
4e4cd721-18ae-4f10-b372-5725a0de624d,2024-01-09,S-017,P-005,2,0
e512eb42-cca1-46b4-ad3f-b8b02901ce42,2024-01-09,S-035,P-003,4,0
f05f8119-1597-44cb-a4ac-d0b2fcb92265,2024-01-09,S-022,P-006,1,0
e7448429-2bb6-4573-aeff-e37bcac2b429,2024-01-09,S-019,P-001,10,0
1c9a337b-c8e9-4e80-8f16-b452e28aa00d,2024-01-09,S-009,P-007,4,0
06778133-ccf3-4943-9065-0f4a6eec5a83,2024-01-09,S-044,P-001,3,2100
1c332bf9-9c19-49a2-8611-0408e6224d1a,2024-01-09,S-037,P-003,1,2200
64673513-c4de-4e50-8315-c5d4b1a55c2c,2024-01-09,S-048,P-004,4,4200
ea874df7-b8a0-4b0d-a1b5-61f52218e260,2024-01-09,S-046,P-006,4,0
74cc2b49-309d-4622-89ae-62839392edac,2024-01-09,S-046,P-006,4,0
8f0d5105-0ad0-49dc-83c9-6eb8915519ed,2024-01-09,S-035,P-005,1,1050
eed3dfe5-e00e-4de2-8ae1-c21ec8dcac65,2024-01-09,S-017,P-003,3,0
36c75e6f-46bc-40df-a057-8e6ddfd28fa3,2024-01-09,S-003,P-004,1,0
b6744682-5144-46f1-9d2f-67775512b910,2024-01-09,S-028,P-004,1,1050
a82e0ddb-f7c8-49c4-bda9-234fc31630a7,2024-01-09,S-004,P-002,1,0
71b46ef6-78f9-4f8d-83aa-dbc31d7e49ce,2024-01-09,S-022,P-002,1,0
e0ae81b9-9843-4152-a743-c94f06e357dc,2024-01-09,S-038,P-006,1,0
a08b9b0d-6f66-436b-968f-e15ce04c3f6b,2024-01-09,S-013,P-006,2,0
d56d1db6-c3f7-4ff5-905e-6dc4f76cf73c,2024-01-09,S-009,P-007,10,0
3b5d48cc-3a3f-4af5-b986-bdf6a57e4549,2024-01-09,S-025,P-007,2,0
238a72ae-39b8-4dd7-9dfd-88557991c1d2,2024-01-09,S-025,P-006,1,0
05ab9b42-936f-42a3-8ca5-c7245c44ba22,2024-01-09,S-035,P-006,1,0
6501e561-c5b2-4cee-abc9-f4a2934b9ce1,2024-01-09,S-031,P-004,1,1050
f276337e-51da-49ec-bc54-981fb25e1219,2024-01-09,S-001,P-003,24,0
4a0b58ed-b72f-4940-bbfa-df8901d92681,2024-01-09,S-003,P-001,2,0
2dfd5f6c-2e74-4435-9fb7-ec8a5e4c2815,2024-01-09,S-045,P-002,1,0
16c2a9d1-08d5-4ec1-8453-d24e56aa8722,2024-01-09,S-049,P-001,5,0
c3a6b9c7-bdfa-46e2-8dba-fb9a46db792d,2024-01-09,S-050,P-001,1,0
f1d709ab-c912-4e1b-9e8f-27930606d481,2024-01-09,S-030,P-005,2,2100
ad950c48-2063-4ede-a26e-3dffe1a63f2d,2024-01-09,S-008,P-003,2,0
35b3b835-3fe2-4cf2-bed3-9ee15994b3b4,2024-01-09,S-047,P-005,3,0
d2890971-bad5-4a08-b7a7-6a9f63d0e8b3,2024-01-09,S-029,P-002,1,0
2c07742f-ae3e-41b7-b016-0e66308c1bb5,2024-01-09,S-037,P-002,2,0
b95e762c-b89b-4856-8433-3048c72ebdce,2024-01-09,S-030,P-001,3,0
51b23b0f-ecd5-421c-9828-b06d1c94734d,2024-01-09,S-031,P-005,3,0
28167e3f-3d4e-43d8-9274-b0679a5fb23c,2024-01-09,S-012,P-001,2,1400
ebc1c8f1-5645-451a-b253-daa912b5e80a,2024-01-09,S-037,P-007,2,0
082c190d-d829-4752-aabc-84c2e7b7a67a,2024-01-09,S-049,P-006,1,0
02a62772-357a-4a55-84a5-8c2943d4f154,2024-01-09,S-009,P-007,1,0
ccbb61a1-6990-457c-af69-9861bec424f9,2024-01-09,S-049,P-007,2,0
197cf634-b79f-4a53-aad2-48c37eb44f81,2024-01-09,S-046,P-007,5,0
0a3325fe-b647-483e-850f-1427e1df3853,2024-01-09,S-037,P-007,1,0
602dde0d-c066-4ae4-bb92-474ce50ef754,2024-01-09,S-003,P-003,1,0
f8ba3fda-90b2-487d-956c-3dfe6b05bb55,2024-01-09,S-015,P-001,4,0
54ba70d4-e8fd-49a0-b0ca-c99a460ffe9f,2024-01-09,S-036,P-005,2,0
532e41e4-b182-493c-a5b5-7542aef19911,2024-01-09,S-030,P-005,1,1050
e726aa42-fba1-4dcf-bb7a-c2d600b97cbc,2024-01-09,S-050,P-004,1,1050
bf513e52-5258-4546-abec-0c3dc3964cb5,2024-01-09,S-033,P-005,4,4200
6f705fce-c9fc-4b6c-a216-a8f1fd573319,2024-01-09,S-026,P-005,1,0
128a5a8f-7b1b-4177-a521-2bc278347279,2024-01-09,S-005,P-002,1,0
adb965c6-2beb-4bff-a0f2-c5f198444a40,2024-01-09,S-049,P-007,2,0
0a53dea5-a3df-4e0e-a521-f5b028b63622,2024-01-09,S-013,P-006,1,0
66333749-d49a-4825-9abe-c2f7757d5605,2024-01-09,S-006,P-007,1,0
5390cdbd-73d0-429c-8877-9e8f1eedd379,2024-01-09,S-027,P-004,1,0
6d601743-a5b1-4a9e-bd5b-796e042be5fa,2024-01-09,S-013,P-004,1,0
2a2641a7-4502-4684-aee8-55e668b6529e,2024-01-09,S-023,P-003,1,0
c6f4dce3-9873-4de0-a126-5b2fca743632,2024-01-09,S-016,P-005,3,0
23fc83da-3fc9-4ad8-94a0-2c08764173a1,2024-01-09,S-033,P-006,5,4000
033b5126-28c6-4076-bd4a-2e3642624401,2024-01-09,S-021,P-004,1,0
f6b24147-4b26-4614-a22e-16d6d409f063,2024-01-09,S-030,P-005,2,0
245a3e92-f5c2-4747-8199-3802b5a33899,2024-01-09,S-027,P-005,1,0
b8bc29e1-aee6-4363-89a0-47c1c1888797,2024-01-09,S-046,P-005,1,1050
458a6021-7ae7-41cd-a37b-33e27f8e6faa,2024-01-09,S-038,P-001,1,0
17d62583-da67-48c5-bfe8-eaea01041435,2024-01-09,S-040,P-004,1,1050
584dd82f-c6b0-4642-87be-34dafaeb7f2b,2024-01-09,S-018,P-001,2,0
4996f874-5bf4-45aa-adf1-3798625a00eb,2024-01-09,S-004,P-003,5,0
3da2e93b-6e1e-44c7-a7b0-99517ada5803,2024-01-09,S-026,P-007,4,0
e4670198-d139-46f2-ab53-b361f5f11ef6,2024-01-09,S-038,P-006,1,800
e6860398-fe48-4ca4-8c40-1003e95b4541,2024-01-09,S-008,P-007,2,0
af17587c-0b88-4251-9d92-6d496749a2b3,2024-01-09,S-040,P-006,3,0
5296097c-b319-4e81-91c6-e7d4e5c6e40c,2024-01-09,S-039,P-004,1,0
a9eabc97-4f27-405b-8f55-1d62d82d5e50,2024-01-09,S-010,P-005,4,0
c2eb5c07-4b80-4c14-b337-b73603e2675e,2024-01-09,S-042,P-005,1,0
28913a21-17ed-476a-8667-2b517701b041,2024-01-09,S-037,P-005,3,0
07469b1a-089a-433c-9f05-a89bd28e227c,2024-01-09,S-019,P-002,5,0
c2542a1b-c114-422f-b04a-126ecd82f5c2,2024-01-09,S-021,P-007,2,0
7f53c130-1c2d-4193-9459-a13a03e6ae71,2024-01-09,S-031,P-006,1,800
cd9e00ff-d4af-43c7-ae01-8a3f4e0938d2,2024-01-09,S-045,P-006,1,0
47fe3c00-a9d1-44eb-9a9f-94fb86b65f4d,2024-01-09,S-041,P-005,2,0
02d8cfc0-dd5f-462e-afcc-1eb8d4336115,2024-01-09,S-002,P-007,1,0
4cd4fd74-2fc3-4841-9126-f35b2b7f2eda,2024-01-09,S-010,P-007,1,900
fcce2ef1-72a6-4699-9915-11143e3d30e2,2024-01-09,S-030,P-003,2,4400
002889e5-fd70-496b-8e44-f6a90159e441,2024-01-09,S-015,P-002,4,3800
552bdaa6-6afc-4604-8ec1-9b7e5a1da900,2024-01-09,S-026,P-002,2,0
d0909d5b-624c-4536-8ba0-2bf5e9b07742,2024-01-09,S-002,P-002,2,0
27e99514-4926-4509-803f-93716c1b5c2b,2024-01-09,S-012,P-002,1,0
9e9368a8-1679-4c90-8842-3c27bba19422,2024-01-09,S-013,P-002,1,0
9415c05d-e576-4522-b0e7-8498d5cd12cc,2024-01-09,S-006,P-005,2,0
faa5826a-8888-4969-b513-03bf2e86532c,2024-01-09,S-003,P-006,2,1600
98bdbcd7-35e0-4051-8517-1c7b152b3f57,2024-01-09,S-011,P-006,1,0
d0d8eece-6f5b-494d-8de4-fb6ddb42b8f5,2024-01-09,S-046,P-001,2,0
408c31bb-4d65-44a6-b787-8fc9fd46040f,2024-01-09,S-030,P-004,1,0
51c0552d-bdef-4390-9d7b-5c7fcb692621,2024-01-09,S-026,P-002,3,0
5c637db5-2289-4387-b2a1-06a5821239ce,2024-01-09,S-036,P-001,1,0
66b4d5c3-c53a-4cdf-972d-79c1fbd32e1d,2024-01-09,S-019,P-006,3,0
78b9b25d-4e88-4075-9442-c281ce2224b2,2024-01-09,S-018,P-001,1,0
da19ffc4-3543-4cbb-8902-90d524123c05,2024-01-09,S-042,P-002,2,1900
001aed08-2af1-4193-afbb-bb3cebb2b31a,2024-01-09,S-024,P-007,1,0
16459ee2-0760-41f6-a657-2cd5271263ac,2024-01-09,S-047,P-004,1,1050
e9fadcb4-06dd-4b50-8c02-23fc77ffb719,2024-01-09,S-046,P-004,1,0
460b86fd-5364-4db9-9e3b-010a9c94dc3b,2024-01-09,S-012,P-007,1,0
ba0935a2-4b15-4037-ab7a-3460560a0aab,2024-01-09,S-036,P-006,3,0
183cebe4-3b1c-4f6f-890e-5ce95b319155,2024-01-09,S-032,P-003,4,0
7bbd2297-f801-45e4-8cde-1d5ec08a42db,2024-01-09,S-006,P-002,2,0
b1eb7bb7-6e32-4637-8a06-a53325818ac7,2024-01-09,S-009,P-005,2,0
449d8fa8-a1da-4e36-905f-84886d4d444e,2024-01-09,S-024,P-007,1,0
2f3fe451-ca5e-4709-be4e-eb926debb8ab,2024-01-09,S-010,P-003,1,0
df3ece73-a307-48c9-8d76-d60582a3cdcd,2024-01-09,S-038,P-007,3,0
4dd156cb-25d4-473f-9eef-f9ba06245a17,2024-01-09,S-021,P-006,2,1600
0cdef04c-4d75-4499-b616-fefb75691cd0,2024-01-09,S-034,P-001,1,0
0f05c6a1-7258-493b-90c4-de2f7af830e4,2024-01-09,S-042,P-003,1,0
5174689a-d0a0-47fc-804e-5eb9b7afc539,2024-01-09,S-024,P-003,1,0
3dfbe131-30c1-45dd-9755-3961f41ad85e,2024-01-09,S-019,P-006,1,0
08bcd7ff-a116-4353-a5ac-eb58266ea703,2024-01-09,S-014,P-004,1,0
e887e272-e2b9-4512-9c3b-8f7439c3ab42,2024-01-09,S-045,P-002,1,0
913b4a80-d317-4d5f-85da-0b7857574735,2024-01-09,S-014,P-003,2,4400
10a2a819-960b-4f81-a94d-e35014a6cb16,2024-01-09,S-024,P-004,5,0
631c03b1-9ae2-416e-aec5-610507c89f39,2024-01-09,S-040,P-003,1,0
b49c32e1-4831-4051-b0c3-3a180a07ed87,2024-01-09,S-033,P-005,1,0
058ec6de-0cd2-4dcc-b349-92c3fc44828f,2024-01-09,S-012,P-001,2,1400
bc08f7a8-3c95-4720-b513-1c2b0fcc3a79,2024-01-09,S-034,P-003,1,0
8c9fa311-1595-4a1f-aeee-670dc313ed8e,2024-01-09,S-048,P-005,1,0
efb6dac2-e37e-4602-a4f6-e5900f21bba7,2024-01-09,S-046,P-005,3,3150
653cd3f0-e3ee-4e31-bd46-8e54f6465b5e,2024-01-09,S-012,P-004,1,0
f08e6fb7-4ffa-4282-b861-af0eb11f3c59,2024-01-09,S-018,P-002,1,0
bfcab8c0-c0fe-4363-b48f-fdee9cbedb86,2024-01-09,S-029,P-005,2,2100
564edde5-4e20-4ab5-b839-6bf5123db648,2024-01-09,S-004,P-002,1,0
bf193ab5-4826-406f-9841-af034324d845,2024-01-09,S-037,P-004,3,3150
fb92c0fe-cf0c-49fa-bc33-d1d5351b6632,2024-01-09,S-031,P-007,1,0
5fb9c0cc-3824-4ed6-978b-7dad20bf0753,2024-01-09,S-019,P-006,3,0
a781310b-7d1f-46cf-9e29-1bcf56d7d514,2024-01-09,S-021,P-003,1,2200
6c0a534c-507f-4084-a5da-ad240969690e,2024-01-09,S-034,P-004,2,0
b7b85bc8-65cb-440e-ac08-26ae7bbe2970,2024-01-09,S-027,P-006,3,0
56d954d7-f2e5-4046-93c1-e0ec12898928,2024-01-09,S-049,P-005,1,0
6dfb7d71-4fea-4f10-82ee-14961042008b,2024-01-09,S-002,P-005,10,0
7028ce07-177e-4541-933f-011d314a7884,2024-01-09,S-033,P-003,1,0
cd6a0199-1f36-4261-9741-4f0f431c1cc3,2024-01-09,S-037,P-006,2,0
161d7dfc-29f8-4081-8456-11c2dde4dfd2,2024-01-09,S-031,P-002,1,0
5d4a9707-78ed-495c-b58c-d3d3ca9717c8,2024-01-09,S-040,P-005,3,0
87439165-db94-4e26-a399-866b210a010e,2024-01-09,S-017,P-003,1,0
d8458290-7b6c-4dd7-919a-426dd6162e46,2024-01-09,S-019,P-003,2,0
4466e379-379d-404d-8a0d-4aec1e6e1627,2024-01-09,S-024,P-006,2,1600
932b49ca-e635-4eaf-bcb9-1ddae659bfd6,2024-01-09,S-017,P-002,4,0
9ddceebf-9a42-4541-8bc9-1ccce1a4ba64,2024-01-09,S-016,P-004,1,0
6e926512-67ee-4b4c-8701-a4f22e870978,2024-01-09,S-020,P-004,1,0
2e78f4a2-2d12-4c46-9e42-f16fc2c966cd,2024-01-09,S-048,P-002,1,950
0132014b-df7a-4850-ab1f-e1d5f5b234ae,2024-01-09,S-029,P-003,1,0
c4f5e031-12e7-4a9c-82be-ddba9f1f93f6,2024-01-09,S-049,P-005,2,0
87642e09-2d3c-4676-b877-15674e19eade,2024-01-09,S-045,P-002,4,3800
7710a59a-8df8-4953-b2b5-3ceca7d7deb0,2024-01-09,S-002,P-001,2,0
38d9e9ec-2a05-4505-be9b-9373ae8c2e1c,2024-01-09,S-035,P-007,10,9000
58c501b7-4947-45f2-91a3-8f8835cd0c0f,2024-01-09,S-005,P-005,1,0
976f3118-1054-4c1b-815d-c4e656bbb8f4,2024-01-09,S-001,P-001,5,0
0b32286d-c9cf-4ab0-b223-a9ba6d6efbca,2024-01-09,S-042,P-003,1,2200
27672068-fa20-4ac8-bb82-bea1c2400c72,2024-01-09,S-017,P-001,2,0
0ae7b7d2-bcd0-4cd6-8845-a41c001b3fad,2024-01-09,S-017,P-007,1,0
a1d39686-3b9a-4b92-af86-37cb16e5fa21,2024-01-09,S-012,P-004,1,0
82129685-e4ec-4b05-944f-0ece04a309ca,2024-01-10,S-037,P-004,1,0
b430e0ce-2281-40ca-af4a-323427ecd4c4,2024-01-10,S-038,P-006,5,4000
06a6231b-c28e-4526-9ea3-dd4f5e8d1981,2024-01-10,S-049,P-004,5,0
0d2356ce-1db5-49af-ab13-d81ec5439712,2024-01-10,S-009,P-007,1,0
f8ad92a7-3906-4cf4-9f43-1a896161d369,2024-01-10,S-044,P-007,2,0
ecb98299-f2e7-4a21-b4ff-409966fe8004,2024-01-10,S-002,P-001,1,0
160714f5-d3f6-4451-9ad5-f124d2732ecd,2024-01-10,S-022,P-004,1,1050
2b60d69f-b643-4c29-8e53-8fcd85c32f8c,2024-01-10,S-046,P-004,2,0
0f294937-af19-4e02-80d2-30123ea81fd3,2024-01-10,S-023,P-003,2,0
4dff54f3-fab5-4949-a488-522aa0be54e0,2024-01-10,S-040,P-003,2,0
76a54ef2-dec4-4761-9362-ec87ba3b1e17,2024-01-10,S-026,P-002,1,0
5cefe4c5-b5b8-4190-9c1a-02b8787d8cf2,2024-01-10,S-033,P-006,1,800
2de80240-69b7-4a2d-ba09-ccbd659b4eb2,2024-01-10,S-021,P-004,1,0
1505436f-b8ed-4530-969b-166de85a2c8a,2024-01-10,S-046,P-007,10,9000
c6bf03e5-925b-4b17-b2f4-3b362590e53a,2024-01-10,S-028,P-002,3,2850
27672292-5e15-4103-b8a5-10cd825ae0a3,2024-01-10,S-006,P-002,1,0
063930fd-0594-4896-8b2d-bad031e711de,2024-01-10,S-043,P-002,3,0
9ea7035c-81f7-4796-8068-f256022707a0,2024-01-10,S-019,P-002,3,0
c30881f4-afd5-45e1-bb4b-b04c775e18c9,2024-01-10,S-007,P-002,1,950
1a6f4c03-94ee-4d15-ad91-1ebcd6a947d2,2024-01-10,S-048,P-004,1,0
49d91a5e-abf6-484f-980b-802ec3951fb1,2024-01-10,S-042,P-006,1,0
08a877fb-428e-49d4-bd08-a3728afdfdd1,2024-01-10,S-004,P-003,1,0
4026aeaf-5a8f-4d6d-8ee4-6af8dee7a54c,2024-01-10,S-049,P-003,5,0
b538f5ff-0852-444b-adae-38ffcc27cfb0,2024-01-10,S-022,P-004,1,1050
ba6689e9-b115-4926-8d8f-070a8a90e2a4,2024-01-10,S-020,P-004,1,0
c9c66294-0d41-469e-b8ce-f03808d7cee1,2024-01-10,S-042,P-002,2,1900
c5e1e9e2-73d9-40eb-bb42-f61c9abe3b21,2024-01-10,S-020,P-005,1,0
e3a8b1ea-a433-4956-98eb-8382ed5342e1,2024-01-10,S-020,P-005,1,1050
61120723-2e7e-4582-bfb2-9d8eb2a59f3f,2024-01-10,S-015,P-002,1,0
33319e3f-23fb-455b-a842-2e5fa7c25912,2024-01-10,S-032,P-005,1,0
b44b40de-9d94-440d-b6b9-6b38edf8108e,2024-01-10,S-036,P-006,1,0
25dc0430-1342-4ddc-b027-ea403f98a63b,2024-01-10,S-006,P-004,4,4200
0cfa3b23-c4a9-4f16-a1eb-4d488ffe0c8a,2024-01-10,S-022,P-003,1,0
e87888b2-7a8b-45de-90f8-6346ea99e4d1,2024-01-10,S-046,P-006,1,0
25213cae-7ade-4b4b-a9ef-2ca3fa6aafe6,2024-01-10,S-046,P-002,4,0
738a6fd9-138c-4b9e-9c9c-3f59e3b2f331,2024-01-10,S-048,P-004,1,0
0a7eb13c-2f57-4fa5-bafe-e5ba760ca71f,2024-01-10,S-007,P-004,1,0
edf94de5-058f-42df-bea1-fb5bce4f5471,2024-01-10,S-003,P-003,1,0
4c3ec5ca-60bd-4ebb-9f4d-9e36f88a4ebd,2024-01-10,S-021,P-002,1,950
de963b44-8398-4212-a524-a68f965ff193,2024-01-10,S-042,P-004,1,0
3846241d-60de-4024-b4ad-79611f2bcfcc,2024-01-10,S-012,P-001,1,0
82fc9e89-f80e-40bb-9364-d76d6403c2d2,2024-01-10,S-040,P-002,4,0
0790f1b4-2828-46b0-944f-1f6c92e54350,2024-01-10,S-010,P-007,1,900
957c7595-7418-4aa2-9208-c3dc308d447b,2024-01-10,S-043,P-004,1,0
97e4ff83-2427-4b3e-9333-2dd5b76f293e,2024-01-10,S-017,P-003,1,2200
7b0aaf7d-2d59-455e-b7f9-4cb41161f614,2024-01-10,S-003,P-001,1,0
832d48eb-c0d7-48af-8eb3-683f7a695956,2024-01-10,S-047,P-001,4,0
7c155012-387e-42d5-89ac-0db099a8bc40,2024-01-10,S-015,P-004,3,0
57f837d2-b1cd-4634-b680-7422ce82429a,2024-01-10,S-036,P-007,1,0
cbe1d114-23db-45d0-9410-06fd884ef7d0,2024-01-10,S-030,P-001,1,0
48b935ae-6c70-4320-af1e-ace92787c962,2024-01-10,S-018,P-003,2,0
78a98e02-322f-425d-a600-288bcfb34c6c,2024-01-10,S-006,P-005,1,1050
fe33da99-a2a7-4327-bc32-44f05d06127b,2024-01-10,S-033,P-005,3,3150
71e9436d-c56c-49bc-a332-65fa249dcc39,2024-01-10,S-027,P-002,1,0
a843ebf7-52a5-4b92-99e7-df8ce1642659,2024-01-10,S-016,P-002,4,0
a723fb98-c963-4102-9cfe-796b59e39739,2024-01-10,S-035,P-005,1,0
5bc1d882-ef93-40e4-b79f-b4bfa15ea38f,2024-01-10,S-006,P-007,1,0
f288a085-e4b6-4a40-9d64-8cb9f97834e6,2024-01-10,S-035,P-003,1,0
cbe42c6a-3564-425b-b38a-2e92928be0f1,2024-01-10,S-005,P-001,1,0
f3087630-8bc7-4a3b-b16f-32e170b57601,2024-01-10,S-003,P-003,2,0
0c4755b8-c781-4f92-bc88-9f465ba99da2,2024-01-10,S-016,P-004,4,0
3a869cd1-8df8-425f-a321-893bbc867bdf,2024-01-10,S-028,P-004,3,0
18ac668f-da38-4a93-a827-87f0067b455b,2024-01-10,S-023,P-005,1,1050
d6521144-7985-453c-a3f2-419eb5140ca4,2024-01-10,S-031,P-004,5,0
35d05c46-ffef-41cd-bce3-9e2b7ccec83a,2024-01-10,S-028,P-006,1,0
5ac74c7e-85c8-4a57-9b08-b6039af1cfa0,2024-01-10,S-014,P-007,10,0
55fae3d4-e6b9-4e65-864f-35cfc07b4b2f,2024-01-10,S-032,P-006,1,800
38d745b6-8f8e-40b0-a56a-6e161c9c1c72,2024-01-10,S-004,P-001,2,0
5e3fb51d-3fdb-4028-9679-6e6704cc0846,2024-01-10,S-033,P-001,2,0
00fa26f3-e6e0-4002-a1df-83fe1c5293ec,2024-01-10,S-045,P-005,2,2100
1c6d1831-53f2-41cb-8707-242a804de2ba,2024-01-10,S-018,P-007,3,0
4c64342d-acf5-4125-a71b-d5ae2ce60b1c,2024-01-10,S-015,P-004,1,1050
a12b66a3-002e-47be-ac2c-8fc7a0b78f9f,2024-01-10,S-008,P-002,24,0
caa6b12d-02ad-4004-8fcd-3240a415cdcd,2024-01-10,S-033,P-005,24,0
5b3e2ff9-a6e2-499c-8729-96ee34f8b511,2024-01-10,S-015,P-006,2,0
f1d274fa-6dcd-4828-9ee1-2b417ea021e6,2024-01-10,S-012,P-002,5,4750
34bcb44b-c2e8-40bb-bb03-e079a6bd9a3f,2024-01-10,S-038,P-003,2,0
dad61b1e-d9c8-488d-a38c-e6f3b2c13a55,2024-01-10,S-033,P-007,1,0
5b104d48-e02a-4105-874f-b5804c2c4a19,2024-01-10,S-007,P-005,3,0
5e5b6352-5db0-4782-b888-603ab4777e4f,2024-01-10,S-041,P-004,1,0
3d1483a1-9ddb-47a8-adaf-a99bc2a7394f,2024-01-10,S-032,P-006,1,0
929459a3-3afa-41d7-b37d-9059ff14a9b0,2024-01-10,S-041,P-004,1,0
6b36fb1a-a0e1-4bc6-aaae-391633fd1eeb,2024-01-10,S-016,P-003,4,0
58f08233-675f-4181-9659-2378358f9511,2024-01-10,S-017,P-001,1,0
f2053bfe-e34d-4d95-8a20-a7e41b87170c,2024-01-10,S-047,P-002,2,1900
9bd303bf-fe2d-4350-a429-a3b0b7c4b933,2024-01-10,S-007,P-006,2,0
59b24e28-0d6d-4df5-af57-5075b8e52710,2024-01-10,S-035,P-005,5,5250
5a3d3162-ce38-4652-ad45-b4e6e34265c8,2024-01-10,S-027,P-005,4,0
1d1b4454-92b4-4f10-b279-a680578802ae,2024-01-10,S-044,P-007,24,21600
fab99374-705b-4acd-b0af-aab3d9d4f3d5,2024-01-10,S-004,P-005,1,0
56c18157-1b19-4e50-9039-0c2d1c189d62,2024-01-10,S-039,P-003,5,0
f0eed2c9-30a5-4995-802f-33bd53fde095,2024-01-10,S-045,P-005,1,1050
a1f4737f-dffa-499d-bf73-9e06a11ee668,2024-01-10,S-044,P-004,4,0
5d2f1d2e-af9d-4330-bcf2-42314fa95db7,2024-01-10,S-018,P-001,24,0
7f694958-bb04-4e87-b8db-dc89b1e49d97,2024-01-10,S-018,P-002,2,0
4a8c9804-3906-43e0-af71-cdadd6a34b93,2024-01-10,S-038,P-007,1,0
17160498-cdb6-4138-9b15-6801eb455405,2024-01-10,S-032,P-006,1,0
68cb41df-2e55-4008-8d77-9caac38bb6b1,2024-01-10,S-006,P-003,1,0
e94ca763-c00b-4f85-b6ea-d2726c00de43,2024-01-10,S-033,P-001,4,0
ca4ff3ad-802f-4db6-b44b-8776d9320036,2024-01-10,S-007,P-006,4,0
69fe11bd-eff4-48e6-ac57-58001bcafbdc,2024-01-10,S-020,P-005,1,0
b0883acc-6a31-45b3-a4d2-685e6c970de6,2024-01-10,S-036,P-001,2,0
43a4aaf1-97c1-4baa-80d3-5a4bbfc5988a,2024-01-10,S-041,P-003,1,0
a876cf24-e376-471e-8f22-d7079632e270,2024-01-10,S-024,P-002,2,1900
746d24fe-9bef-40e6-954e-9e81f5504b54,2024-01-10,S-016,P-001,2,0
c8cb5eac-f569-4e4f-bc92-ac960b738190,2024-01-10,S-043,P-004,1,1050
92f7f59d-11ad-4a14-8880-5c94f2cb32c4,2024-01-10,S-006,P-003,2,0
eaade668-3dcc-41bf-8493-ba415da68526,2024-01-10,S-034,P-007,1,900
e566c64b-8e07-4dc4-a857-31b43b672b9f,2024-01-10,S-048,P-002,1,0
fa7f5269-f1d6-4ea0-beb3-bcfd54e4806d,2024-01-10,S-021,P-007,1,0
20b93bf7-bfc6-4cdb-85f2-c3d59532ac31,2024-01-10,S-003,P-003,1,2200
2b7ece1e-c463-4b7e-9898-4682025160cb,2024-01-10,S-043,P-004,3,3150
5164803c-f738-4217-a897-adf47399fdd2,2024-01-10,S-039,P-001,2,0
58b706df-90ea-4be5-811b-25e71a2c9ef3,2024-01-10,S-046,P-003,2,4400
7f3f2601-5eed-439a-b5dd-c221036d214f,2024-01-10,S-035,P-005,4,0
10e93ac6-6316-40d0-a13d-9dd4e8a99916,2024-01-10,S-042,P-003,2,0
d9238295-3c09-41c9-8672-1fc3e09f953f,2024-01-10,S-018,P-007,2,0
300dd9ed-be2a-4fd1-adb1-99787ff699fc,2024-01-10,S-031,P-007,2,0
2f32c9fe-4aca-451a-93aa-20e4ad603db7,2024-01-10,S-020,P-001,2,0
e58e5149-2ef9-464a-a65a-9eda2005f7e1,2024-01-10,S-044,P-002,1,0
85a14bc9-13d7-4246-bb1d-9a6746f3d3bf,2024-01-10,S-044,P-006,1,0
fb1a9f85-f5b4-441d-91cd-51efba807839,2024-01-10,S-040,P-007,2,0
2393800c-595d-4486-92c3-8eb1678cbc99,2024-01-10,S-046,P-006,1,0
7d849841-9c16-4879-a47b-028218142588,2024-01-10,S-028,P-002,1,0
fb8d1389-604f-42dd-87bb-90ce084b6ee7,2024-01-10,S-014,P-001,2,1400
3f912f88-b88b-4fcd-a2c6-5b1ea34196c1,2024-01-10,S-004,P-007,2,0
e5634abc-56c5-42c2-b677-8e46201bd08c,2024-01-10,S-049,P-003,1,0
9d99f9e0-acae-4454-b1f3-f92f6853cbc7,2024-01-10,S-042,P-007,1,0
ed016394-0318-4811-a1c4-a6fdd6be8bb2,2024-01-10,S-024,P-001,3,0
81d3f60c-b58a-497a-b057-43f6e952a2de,2024-01-10,S-050,P-004,4,0
e34aac44-9847-468c-a5d7-0bba299be6f3,2024-01-10,S-019,P-006,24,0
916c938b-aaa2-45b1-813a-c07d5053d9c4,2024-01-10,S-037,P-003,1,2200
f72dabf4-a63f-4768-9eff-3003bb59883e,2024-01-10,S-023,P-001,2,0
e592c762-dd1a-476d-9aea-1681edaf8bd9,2024-01-10,S-008,P-003,1,0
